{
    "dataset": "3_backdoor",
    "model": "AutoSAD",
    "auc": 0.7453196004561466,
    "total_runtime": 16.55094814300537,
    "total_memory_usage": 14.0,
    "Instances": 95329,
    "window_metric": {
        "window_size": 1000,
        "auc_scores": [
            0.25446898002103047,
            0.124038954382368,
            0.08200609962724503,
            0.06125031637560108,
            0.04887901434053732,
            0.0406654343807763,
            0.03481513451301976,
            0.030436423091435016,
            0.02703608535359181,
            0.024319163903125274,
            0.022098438498767248,
            0.02024935151870133,
            0.01868581576712225,
            0.017346426779442314,
            0.01618620828038253,
            0.015171462604225416,
            0.014276443867618394,
            0.013481143111804372,
            0.012769774682074853,
            0.012129717808631146,
            0.7184550641650423,
            0.7244946004404413,
            0.7078765342187391,
            0.6912968258169011,
            0.6676267575293231,
            0.6659185506168768,
            0.6690227088162666,
            0.6725857947307797,
            0.6770978959457687,
            0.675281810129392,
            0.6744597155005685,
            0.6773768186925707,
            0.6776638858833094,
            0.6826980402688394,
            0.683257072437825,
            0.67583155669785,
            0.67438387939284,
            0.6674943113657026,
            0.6525186217097374,
            0.643058338578086,
            0.6447120246558274,
            0.6460723219569395,
            0.6487007964014558,
            0.6511418585356236,
            0.6532501443998443,
            0.6567497583192395,
            0.661438253588332,
            0.6659824582530436,
            0.6702733411152135,
            0.6741060803271463,
            0.6779294644925472,
            0.6817749640705562,
            0.6857524422094609,
            0.689499180065218,
            0.6936052958175624,
            0.6975874881697665,
            0.7013407361034413,
            0.7050249967803477,
            0.70860132557926,
            0.7116653003796667,
            0.7145121281308741,
            0.7169669724813175,
            0.7192269687489754,
            0.7216168695371492,
            0.7241521666651444,
            0.7270819994204748,
            0.7297256011068485,
            0.732049275965051,
            0.7342742872503352,
            0.7366192793491474,
            0.7387360485299153,
            0.7408182046589318,
            0.7430551060158515,
            0.7453949642810842,
            0.7476226118218299,
            0.7498331461181037,
            0.7518316658814637,
            0.7537518795927985,
            0.751970810229019,
            0.7532059696357963,
            0.7543838761041263,
            0.7519362393097677,
            0.7466546467425798,
            0.7434514820876272,
            0.7412669251116796,
            0.7686974352543805,
            0.7507179804478755,
            0.735628783022999,
            0.722745174825544,
            0.7290708227553891,
            0.7537290635606836,
            0.757061066559001,
            0.760541661767319,
            0.765079345687885,
            0.7655304005376343
        ],
        "runtimes": [
            0.10840463638305664,
            0.3343174457550049,
            0.4901728630065918,
            0.6760149002075195,
            0.8220176696777344,
            0.9691557884216309,
            1.1176917552947998,
            1.2651877403259277,
            1.4141762256622314,
            1.5638165473937988,
            1.7160289287567139,
            1.8667213916778564,
            2.0165364742279053,
            2.1667397022247314,
            2.3155837059020996,
            2.4654955863952637,
            2.6154987812042236,
            2.762890338897705,
            2.9051835536956787,
            3.0452048778533936,
            3.1858723163604736,
            3.323077917098999,
            3.4606211185455322,
            3.6277685165405273,
            3.804673433303833,
            3.9536304473876953,
            4.104137659072876,
            4.356626749038696,
            4.53050422668457,
            4.772027015686035,
            4.927471876144409,
            5.081155061721802,
            5.23758864402771,
            5.392950057983398,
            5.549022197723389,
            5.70740008354187,
            5.865133047103882,
            6.013103485107422,
            6.165435075759888,
            6.374542236328125,
            6.525086164474487,
            6.682595252990723,
            6.833271265029907,
            6.984977960586548,
            7.137367010116577,
            7.295565128326416,
            7.45479154586792,
            7.6186301708221436,
            7.780304670333862,
            7.942104339599609,
            8.104843854904175,
            8.269206285476685,
            8.434178590774536,
            8.596413373947144,
            8.764731168746948,
            8.939042329788208,
            9.112994194030762,
            9.28817367553711,
            9.46444582939148,
            9.640071153640747,
            9.814934492111206,
            9.991401672363281,
            10.170958757400513,
            10.349324941635132,
            10.527692556381226,
            10.705123901367188,
            10.884277820587158,
            11.060209274291992,
            11.240221738815308,
            11.482059001922607,
            11.663614273071289,
            11.84746241569519,
            12.029651880264282,
            12.274854183197021,
            12.551612377166748,
            12.791300773620605,
            12.97646689414978,
            13.15957760810852,
            13.342196702957153,
            13.525377988815308,
            13.706426620483398,
            13.887202024459839,
            14.071087837219238,
            14.258885622024536,
            14.446108102798462,
            14.635284900665283,
            14.819278001785278,
            15.006784677505493,
            15.193134307861328,
            15.440184593200684,
            15.67163610458374,
            15.860018968582153,
            16.037599563598633,
            16.21432113647461,
            16.393381595611572
        ],