{
    "dataset": "48_chess",
    "model": "AutoSAD",
    "auc": 0.939381566446392,
    "total_runtime": 130.59428763389587,
    "total_memory_usage": 5.0,
    "Instances": 28056,
    "window_metric": {
        "window_size": 1000,
        "auc_scores": [
            0.994994994994995,
            0.9906526456351193,
            0.9931598264931598,
            0.9947877574847802,
            0.9886659327461971,
            0.9893887591727819,
            0.9778984989278056,
            0.9801100825619213,
            0.9802090282410495,
            0.9716944718445769,
            0.9722420761263662,
            0.9519471314209472,
            0.9529614378078818,
            0.9485309886339267,
            0.9371198628555004,
            0.9381949757254693,
            0.9394963919866781,
            0.9431044388842554,
            0.9350037649785722,
            0.9380555555555555,
            0.9393398474737846,
            0.9430906991305554,
            0.9443024553129871,
            0.9451940794212876,
            0.9365294331654688,
            0.9384885466794995,
            0.9380956590677062,
            0.939387319253619
        ],
        "runtimes": [
            2.2021985054016113,
            5.271796226501465,
            8.949989557266235,
            14.345598697662354,
            20.088449001312256,
            23.95035147666931,
            27.806972980499268,
            31.59338688850403,
            35.8430609703064,
            39.850377798080444,
            44.893287658691406,
            50.76931190490723,
            55.307621717453,
            60.98551416397095,
            65.60847568511963,
            69.89925646781921,
            74.81530237197876,
            78.81695556640625,
            83.03785872459412,
            87.3904287815094,
            94.25342535972595,
            99.75686955451965,
            105.021648645401,
            109.96104454994202,
            115.44308471679688,
            120.82196068763733,
            124.92515015602112,
            130.23079371452332
        ],
        "memory_usages": [
            5.0,
            5.0,
            5.0,
            5.0,
            5.0,
            5.0,
            5.0,
            5.0,
            5.0,
            5.0,
            5.0,
            5.0,
            5.0,
            5.0,
            5.0,
            5.0,
            5.0,
            5.0,
            5.0,
            5.0,
            5.0,
            5.0,
            5.0,
            5.0,
            5.0,
            5.0,
            5.0,
            5.0
        ]
    },
    "run_count": 6,
    "seed": 46
}