{
    "dataset": "1_ALOI",
    "model": "AutoSAD",
    "auc": 0.6724399656529989,
    "total_runtime": 23.04270577430725,
    "total_memory_usage": 155.26953125,
    "Instances": 49534,
    "window_metric": {
        "window_size": 1000,
        "auc_scores": [
            NaN,
            0.40991541049362745,
            0.3543323010076731,
            0.39892922604323233,
            0.49847633924909074,
            0.5041438980232468,
            0.5714441043736633,
            0.5695022418941247,
            0.6147486142601623,
            0.6320379470895372,
            0.6408594742913479,
            0.6308623356838255,
            0.6523783180734193,
            0.6533975643616159,
            0.6317048525071544,
            0.6256705199466128,
            0.6381374172072041,
            0.6534116332265592,
            0.6440819516735501,
            0.6419861072620981,
            0.6425873180100821,
            0.64320250032231,
            0.6447566727684991,
            0.6489479636968475,
            0.64556562457517,
            0.6418974273416189,
            0.6299458097011555,
            0.6397155054265921,
            0.6406248613052036,
            0.6432437664106747,
            0.6502069998931508,
            0.6487574055168099,
            0.6487288696282935,
            0.6459657708847165,
            0.6461581565382731,
            0.6537434025373507,
            0.6562932906612348,
            0.6576561255677273,
            0.657014690101174,
            0.6599442293427743,
            0.6640723209293842,
            0.6631204667339732,
            0.6641507112936794,
            0.6694975865015376,
            0.6737354255339133,
            0.6730662589239064,
            0.6665522311207077,
            0.6698070941043222,
            0.6697858410775758
        ],
        "runtimes": [
            0.1604158878326416,
            0.24754619598388672,
            0.3384058475494385,
            0.3764336109161377,
            0.44877171516418457,
            0.7644684314727783,
            0.7940232753753662,
            0.854499340057373,
            0.9727039337158203,
            1.0342686176300049,
            1.203585147857666,
            1.3223118782043457,
            1.3642864227294922,
            2.4037716388702393,
            6.560746669769287,
            9.353415727615356,
            9.565853357315063,
            9.605151414871216,
            9.683324337005615,
            9.990657091140747,
            10.486771583557129,
            10.964715003967285,
            12.061726093292236,
            12.17081880569458,
            12.509799718856812,
            12.601982593536377,
            12.82413625717163,
            12.883859872817993,
            12.933526277542114,
            13.004966259002686,
            13.171876192092896,
            13.701119422912598,
            15.42199182510376,
            17.84674072265625,
            17.898777961730957,
            18.026591062545776,
            18.383249521255493,
            18.54934287071228,
            19.303568840026855,
            19.458801746368408,
            20.3893940448761,
            22.396538734436035,
            22.448506116867065,
            22.487926959991455,
            22.52833580970764,
            22.608333349227905,
            22.764028549194336,
            22.831268548965454,
            22.951774835586548
        ],
        "memory_usages": [
            67.0,
            69.0,
            85.0,
            86.0,
            118.0,
            122.0,
            122.0,
            122.0,
            122.0,
            122.0,
            150.0,
            150.0,
            151.0,
            614.0,
            865.0,
            865.0,
            865.0,
            865.0,
            865.0,
            736.0390625,
            736.0390625,
            736.0390625,
            736.0390625,
            736.0390625,
            350.3515625,
            350.3515625,
            152.34375,
            152.34375,
            152.34375,
            152.34375,
            152.34375,
            378.34375,
            866.34375,
            866.34375,
            866.34375,
            866.34375,
            866.34375,
            154.3515625,
            184.3515625,
            184.3515625,
            609.20703125,
            611.20703125,
            612.20703125,
            612.20703125,
            612.20703125,
            612.20703125,
            612.20703125,
            153.00390625,
            154.92578125
        ]
    },
    "run_count": 7,
    "seed": 61
}