{
    "dataset": "34_smtp",
    "model": "AutoSAD",
    "auc": 0.9021932314333971,
    "total_runtime": 46.80345034599304,
    "total_memory_usage": 12.37890625,
    "Instances": 95156,
    "window_metric": {
        "window_size": 1000,
        "auc_scores": [
            NaN,
            NaN,
            NaN,
            NaN,
            NaN,
            NaN,
            NaN,
            NaN,
            NaN,
            NaN,
            NaN,
            NaN,
            NaN,
            NaN,
            0.9747788004090525,
            0.9766108039705337,
            0.975750687177072,
            0.9744473572794026,
            0.9756108430464568,
            0.9746989389256864,
            0.9748342380447971,
            0.9752930927716028,
            0.9748018110570859,
            0.9750313471078885,
            0.9754119449749002,
            0.9758221459906983,
            0.9760140178505257,
            0.9762610897285376,
            0.9758233038609773,
            0.975786319329973,
            0.9760975002535708,
            0.9752503327348572,
            0.9743917332894474,
            0.9744516649712907,
            0.9745775861364954,
            0.9748334669831918,
            0.9749866744945964,
            0.9753292566434251,
            0.9755315094795933,
            0.9756646969296396,
            0.9760214289199797,
            0.9756296316459229,
            0.9751630098836166,
            0.975268104786588,
            0.9755019021790906,
            0.9754832216016055,
            0.9755899933718859,
            0.9759364338408226,
            0.9759493966206088,
            0.9777628841229193,
            0.9780789071081124,
            0.9776613958140966,
            0.9773705269515325,
            0.9776137374036752,
            0.9777776262185364,
            0.8841189816882536,
            0.884658885476086,
            0.8856238033635186,
            0.8857305637982197,
            0.8863699874947895,
            0.8870868388683886,
            0.8879565832432403,
            0.8883989669882035,
            0.889144783881626,
            0.8895592528178372,
            0.8901739263705521,
            0.8901420196419674,
            0.8968053820112939,
            0.897424154779695,
            0.8974382983295051,
            0.8976687418221818,
            0.8981481525844461,
            0.898369167912241,
            0.897945560212553,
            0.898189138880827,
            0.898622387217627,
            0.898513949947114,
            0.8987749202952998,
            0.8982494228566663,
            0.8984692295784809,
            0.898888874220187,
            0.898836384103882,
            0.898944749702742,
            0.8993831614280628,
            0.8991574813151262,
            0.898915793176448,
            0.8990210371352481,
            0.8994774531889231,
            0.9025413060582219,
            0.9027483235152458,
            0.9031391301161555,
            0.9032851292088,
            0.9030404072998458,
            0.9025178248377141,
            0.9021947281597698
        ],
        "runtimes": [
            0.17986154556274414,
            0.4868800640106201,
            0.8136382102966309,
            1.1216814517974854,
            1.5670537948608398,
            2.021233081817627,
            2.467961549758911,
            3.0453903675079346,
            3.5012567043304443,
            3.9537668228149414,
            4.4033730030059814,
            4.8599467277526855,
            5.321652412414551,
            5.7762370109558105,
            6.229617118835449,
            6.685045957565308,
            7.150097131729126,
            7.607630491256714,
            8.175715923309326,
            8.767298460006714,
            9.312400102615356,
            9.935646057128906,
            10.3961341381073,
            10.987811088562012,
            11.450870990753174,
            11.985278367996216,
            12.498251914978027,
            12.955213785171509,
            13.414654731750488,
            13.87571668624878,
            14.33823013305664,
            14.798816442489624,
            15.262906551361084,
            15.729071140289307,
            16.19648551940918,
            16.669026851654053,
            17.140313148498535,
            17.60606622695923,
            18.125178813934326,
            18.75682759284973,
            19.28376340866089,
            19.751911878585815,
            20.218855142593384,
            20.683266639709473,
            21.14725089073181,
            21.617637872695923,
            22.0833842754364,
            22.552173137664795,
            23.018584728240967,
            23.490363597869873,
            23.958321809768677,
            24.42538857460022,
            25.024707317352295,
            25.593478679656982,
            26.139504194259644,
            26.620054960250854,
            27.09440279006958,
            27.570153951644897,
            28.04041886329651,
            28.506266593933105,
            28.981414794921875,
            29.45413041114807,
            29.931468725204468,
            30.414522886276245,
            30.8954598903656,
            31.373225927352905,
            31.846975803375244,
            32.32497572898865,
            32.811591148376465,
            33.30428409576416,
            33.795066118240356,
            34.27878522872925,
            34.947486877441406,
            35.440749645233154,
            35.930739879608154,
            36.41454839706421,
            36.908543825149536,
            37.40025496482849,
            37.89767360687256,
            38.39199161529541,
            38.88994765281677,
            39.46760153770447,
            40.0019326210022,
            40.49713134765625,
            40.98895740509033,
            41.60547995567322,
            42.164650440216064,
            42.77953243255615,
            43.338327407836914,
            43.989688873291016,
            44.48175096511841,
            44.97196555137634,
            45.46565008163452,
            45.96361994743347,
            46.55341410636902
        ],