{
    "dataset": "51_kddcup99_u2r",
    "model": "AutoSAD",
    "auc": 0.9512656490631626,
    "total_runtime": 123.69850468635559,
    "total_memory_usage": 78.76171875,
    "Instances": 60821,
    "window_metric": {
        "window_size": 1000,
        "auc_scores": [
            NaN,
            0.98024012006003,
            0.9681560520173391,
            0.9636159039759941,
            0.9614922984596919,
            0.9592432072012003,
            0.9844933542946978,
            0.9654202101050526,
            0.9439068698327957,
            0.9375725725725725,
            0.9288875652512016,
            0.9205054706681606,
            0.924525626204239,
            0.9307395368238147,
            0.9310467439159209,
            0.9309508947779871,
            0.9302983128887533,
            0.9326674883702437,
            0.9270078980055778,
            0.9271781173549446,
            0.9482583301423525,
            0.9502785953699588,
            0.9508854651363182,
            0.9463682083119475,
            0.9510396815570931,
            0.9488195687649557,
            0.9519380483875389,
            0.9516411711426047,
            0.9537482019919198,
            0.9538739883954597,
            0.9539532771954647,
            0.9540301986324357,
            0.9541867334788424,
            0.9543755234781313,
            0.954173016835134,
            0.9534448923373394,
            0.9531525545686371,
            0.9531683377368658,
            0.9532335834087184,
            0.9535677009710356,
            0.9535706005617727,
            0.9528359145553542,
            0.9520941419921719,
            0.9522370073132049,
            0.9524663144637433,
            0.9526006590321816,
            0.9533934794227685,
            0.9521334496191639,
            0.9517065979952324,
            0.9516758669540305,
            0.95000459262301,
            0.9501724393731641,
            0.9502522690693103,
            0.9506000137140374,
            0.9511448975109204,
            0.9505674393946323,
            0.9502189274178894,
            0.9504610380066346,
            0.950515506847156,
            0.9507404452709771
        ],
        "runtimes": [
            1.6035842895507812,
            4.2747673988342285,
            6.925528526306152,
            9.653473854064941,
            12.266858100891113,
            14.752066612243652,
            17.118673086166382,
            19.469907522201538,
            22.3581702709198,
            24.63587522506714,
            27.13994073867798,
            29.258857488632202,
            31.40968108177185,
            33.771193742752075,
            35.86709976196289,
            37.97189211845398,
            40.074055910110474,
            42.26260566711426,
            44.4208927154541,
            46.67308473587036,
            48.7380256652832,
            50.771286964416504,
            52.884347915649414,
            54.996774673461914,
            56.93901801109314,
            58.9409294128418,
            61.658087730407715,
            64.9744873046875,
            66.82893013954163,
            68.63289523124695,
            70.54013347625732,
            72.64328622817993,
            74.33003854751587,
            76.10594129562378,
            78.08704710006714,
            79.91645693778992,
            81.7276873588562,
            83.44069480895996,
            85.17933797836304,
            86.9518632888794,
            88.82689929008484,
            90.77726459503174,
            92.53338694572449,
            94.29607152938843,
            95.9800009727478,
            97.75468301773071,
            99.4562828540802,
            101.23924732208252,
            102.95951104164124,
            104.64317297935486,
            106.30946922302246,
            107.98005390167236,
            109.71403646469116,
            111.4112343788147,
            113.13071513175964,
            114.99580931663513,
            116.70231437683105,
            118.49498224258423,
            120.23026061058044,
            121.93056154251099
        ],
        "memory_usages": [
            13.0,
            30.0,
            30.0,
            38.0,
            70.0,
            70.0,
            42.8359375,
            73.8359375,
            39.94921875,
            70.94921875,
            73.94921875,
            31.890625,
            31.890625,
            31.890625,
            31.890625,
            31.890625,
            42.890625,
            32.3359375,
            72.3359375,
            87.3359375,
            72.96875,
            72.96875,
            72.96875,
            72.96875,
            72.96875,
            72.96875,
            583.96875,
            73.49609375,
            32.33984375,
            32.33984375,
            75.33984375,
            32.5234375,
            32.5234375,
            76.5234375,
            104.5234375,
            44.64453125,
            44.64453125,
            32.890625,
            32.890625,
            41.6484375,
            104.6484375,
            33.13671875,
            33.13671875,
            33.13671875,
            33.13671875,
            33.13671875,
            42.171875,
            49.171875,
            41.9453125,
            41.9453125,
            41.9453125,
            41.9453125,
            41.9453125,
            33.875,
            75.76171875,
            75.76171875,
            75.76171875,
            75.76171875,
            75.76171875,
            78.76171875
        ]
    },
    "run_count": 1,
    "seed": 2
}