{
    "dataset": "48_chess",
    "model": "AutoSAD",
    "auc": 0.929008711876456,
    "total_runtime": 115.43037104606628,
    "total_memory_usage": 39.0,
    "Instances": 28056,
    "window_metric": {
        "window_size": 1000,
        "auc_scores": [
            0.8678678678678678,
            0.9055249540978134,
            0.9290401512623735,
            0.9414560920690518,
            0.9503102481985589,
            0.953677451634423,
            0.9466476054324517,
            0.9581769660578767,
            0.9603254021199318,
            0.9548541121642292,
            0.9562318878247197,
            0.9377605903935957,
            0.9390971366995073,
            0.9480240968553213,
            0.9488736392052599,
            0.9495551674196823,
            0.9512749995794856,
            0.948149383745714,
            0.9367018787707887,
            0.9457032032032031,
            0.9460533841754053,
            0.9489816036519708,
            0.9513309173201243,
            0.9515881982726591,
            0.9369454680915139,
            0.9345863330125121,
            0.9260327608922553,
            0.9290095872872121
        ],
        "runtimes": [
            1.3014767169952393,
            3.4929075241088867,
            7.4699742794036865,
            11.784924507141113,
            16.485585689544678,
            20.094396591186523,
            23.438014268875122,
            28.317936420440674,
            33.135565519332886,
            37.79364252090454,
            42.441494941711426,
            46.67916536331177,
            50.971402406692505,
            55.289045095443726,
            58.92492365837097,
            62.61502695083618,
            67.0833728313446,
            71.5271520614624,
            76.56477117538452,
            81.0387716293335,
            85.31619668006897,
            90.15212225914001,
            94.63695478439331,
            98.44229507446289,
            102.31283497810364,
            106.506502866745,
            110.71440863609314,
            115.20598673820496
        ],
        "memory_usages": [
            2.0,
            34.0,
            39.0,
            39.0,
            39.0,
            39.0,
            39.0,
            39.0,
            39.0,
            39.0,
            39.0,
            39.0,
            39.0,
            39.0,
            39.0,
            39.0,
            39.0,
            39.0,
            39.0,
            39.0,
            39.0,
            39.0,
            39.0,
            39.0,
            39.0,
            39.0,
            39.0,
            39.0
        ]
    },
    "run_count": 10,
    "seed": 58
}