{
    "dataset": "51_kddcup99_u2r",
    "model": "AutoSAD",
    "auc": 0.9383567553544632,
    "total_runtime": 146.78322958946228,
    "total_memory_usage": 13.73828125,
    "Instances": 60821,
    "window_metric": {
        "window_size": 1000,
        "auc_scores": [
            NaN,
            0.9814907453726863,
            0.96432144048016,
            0.962240560140035,
            0.961992398479696,
            0.9564927487914652,
            0.9790624553380021,
            0.9629345922961482,
            0.8552070589107625,
            0.8639739739739739,
            0.85999635999636,
            0.8713707658935423,
            0.8621734104046244,
            0.8575398794053694,
            0.8652742549656387,
            0.8679376776375194,
            0.8653084716145093,
            0.8667345234781917,
            0.8668764208207363,
            0.86707435783226,
            0.9242018117592746,
            0.9382712430471294,
            0.9377221705212606,
            0.9258131301787006,
            0.9367867688815332,
            0.9361364292226483,
            0.9406119707993629,
            0.9405895936276971,
            0.9431922170948506,
            0.9449984331632197,
            0.9448061342592593,
            0.9445957842753401,
            0.9444842673933084,
            0.9441557092553127,
            0.9432383960067925,
            0.9425542107943157,
            0.9420899762248203,
            0.9420023884344756,
            0.9421126524910577,
            0.9425091531385478,
            0.9426948370413305,
            0.9421720670032867,
            0.9404470380587245,
            0.9403282171901107,
            0.9406336541897444,
            0.9407452283167723,
            0.9412833541184156,
            0.9409413105413106,
            0.9404965052829902,
            0.9403732748127732,
            0.9398406908838786,
            0.9396639530348201,
            0.9394637709795366,
            0.939266639801135,
            0.9389352337734169,
            0.9383540312204814,
            0.9381417637308236,
            0.9380227749495598,
            0.9380865664638012,
            0.9380273695011804
        ],
        "runtimes": [
            1.5842070579528809,
            5.567593574523926,
            8.96920108795166,
            11.051622152328491,
            13.167704582214355,
            15.21703577041626,
            17.91104555130005,
            19.832087516784668,
            21.916749715805054,
            25.024304628372192,
            26.94529366493225,
            28.901261568069458,
            30.9445219039917,
            33.13409495353699,
            35.51550912857056,
            38.49450469017029,
            41.01707720756531,
            43.362926721572876,
            45.666791915893555,
            47.59054112434387,
            50.35300016403198,
            55.33830642700195,
            57.25835967063904,
            59.3350772857666,
            61.31829643249512,
            63.53404998779297,
            66.0970811843872,
            67.98738837242126,
            70.11648058891296,
            72.34478425979614,
            74.68813276290894,
            77.40560340881348,
            85.298344373703,
            87.47887372970581,
            89.4824492931366,
            91.61872982978821,
            93.85148406028748,
            96.03002572059631,
            98.17433524131775,
            100.10883092880249,
            102.0070390701294,
            104.10006046295166,
            106.35437250137329,
            108.35723733901978,
            110.45670747756958,
            112.744943857193,
            115.71702742576599,
            117.68543887138367,
            119.88065361976624,
            122.04499101638794,
            124.67749834060669,
            126.97844791412354,
            129.6342897415161,
            131.66809582710266,
            133.68890619277954,
            135.7227280139923,
            137.79856181144714,
            140.47913312911987,
            142.94481992721558,
            144.94675087928772
        ],
        "memory_usages": [
            263.0,
            387.0,
            12.57421875,
            35.57421875,
            39.57421875,
            71.57421875,
            71.57421875,
            11.40625,
            35.40625,
            38.40625,
            11.6015625,
            11.6015625,
            11.6015625,
            11.6015625,
            260.6015625,
            291.6015625,
            36.83203125,
            38.83203125,
            13.125,
            15.125,
            519.125,
            12.234375,
            12.234375,
            12.234375,
            12.234375,
            13.234375,
            13.234375,
            13.234375,
            13.234375,
            133.234375,
            148.234375,
            532.234375,
            580.234375,
            133.0234375,
            133.0234375,
            133.0234375,
            133.0234375,
            133.0234375,
            133.0234375,
            133.0234375,
            133.0234375,
            133.0234375,
            133.0234375,
            133.0234375,
            133.0234375,
            133.0234375,
            133.0234375,
            133.0234375,
            133.0234375,
            40.6640625,
            68.6640625,
            41.09765625,
            12.7109375,
            13.7109375,
            24.7109375,
            24.7109375,
            13.45703125,
            14.76953125,
            28.76953125,
            13.73828125
        ]
    },
    "run_count": 5,
    "seed": 75
}