{
    "dataset": "34_smtp",
    "model": "AutoSAD",
    "auc": 0.9175728332247054,
    "total_runtime": 25.785576105117798,
    "total_memory_usage": 10.0,
    "Instances": 95156,
    "window_metric": {
        "window_size": 1000,
        "auc_scores": [
            NaN,
            NaN,
            NaN,
            NaN,
            NaN,
            NaN,
            NaN,
            NaN,
            NaN,
            NaN,
            NaN,
            NaN,
            NaN,
            NaN,
            0.9798030323240408,
            0.97738066024799,
            0.976375599440296,
            0.9744473572794027,
            0.9755905862715786,
            0.9739022672429386,
            0.9734414344411009,
            0.9737747130297273,
            0.972536316513347,
            0.9728057826194316,
            0.973868223347932,
            0.9740492133126629,
            0.9743676615387873,
            0.9747731008361323,
            0.9742831514721393,
            0.9743618450515003,
            0.9749495163714488,
            0.9740243499388125,
            0.9729170817056587,
            0.9734008120990996,
            0.9735322700508775,
            0.9736683313352018,
            0.9739824335076592,
            0.974413505727674,
            0.9746026045979875,
            0.9748358353995327,
            0.9753295550396999,
            0.9749423277146805,
            0.9743055878658168,
            0.9744301758351683,
            0.9747842185822891,
            0.9745838795658306,
            0.9746687463134917,
            0.9750552244404618,
            0.9750161853824124,
            0.9776278409090908,
            0.9779649007531774,
            0.9776096972145276,
            0.9772112807640043,
            0.9775083821132187,
            0.9777071511712497,
            0.9110095578383207,
            0.9112333479596314,
            0.9118171625700733,
            0.9115279355659177,
            0.9118205919132971,
            0.9123863878638786,
            0.9076288299982489,
            0.9077858764867484,
            0.9082963819805926,
            0.9084166585436343,
            0.9087668299770221,
            0.9083450434143997,
            0.9137705278975465,
            0.9141838223861203,
            0.9138322822410664,
            0.9139478533971379,
            0.9143002521609518,
            0.9144724002307956,
            0.9139975172003567,
            0.9141088577238371,
            0.9144015479590897,
            0.9141037892013965,
            0.9142497276839002,
            0.9135243448162333,
            0.9136173932015873,
            0.9139215019085164,
            0.9138071959006528,
            0.9138224032576401,
            0.9141505749727226,
            0.9138598605041315,
            0.913809748997156,
            0.9139518959748373,
            0.9143365819221773,
            0.9168322655576786,
            0.9170178948538402,
            0.9173698288813162,
            0.9174488057699974,
            0.9174181635653078,
            0.9173005569153275,
            0.917522375486996
        ],
        "runtimes": [
            0.1155860424041748,
            0.2522287368774414,
            0.39630889892578125,
            0.542001485824585,
            0.7734227180480957,
            1.0842204093933105,
            1.3905465602874756,
            1.6325762271881104,
            1.8726108074188232,
            2.15763783454895,
            2.4877045154571533,
            2.794189929962158,
            3.0420219898223877,
            3.290522336959839,
            3.5484232902526855,
            3.812349557876587,
            4.076049089431763,
            4.333910703659058,
            4.594255208969116,
            4.914518117904663,
            5.2218897342681885,
            5.478798151016235,
            5.729886531829834,
            5.980649948120117,
            6.228423595428467,
            6.539651155471802,
            6.798813104629517,
            7.0555737018585205,
            7.308047294616699,
            7.564116716384888,
            7.8192198276519775,
            8.13322639465332,
            8.39513874053955,
            8.661670923233032,
            8.919872999191284,
            9.250691652297974,
            9.4925217628479,
            9.831864356994629,
            10.132784605026245,
            10.385862350463867,
            10.652207851409912,
            10.917702913284302,
            11.182003259658813,
            11.446449518203735,
            11.714333057403564,
            11.976155996322632,
            12.243027925491333,
            12.50994873046875,
            12.782552719116211,
            13.044806957244873,
            13.311650037765503,
            13.576136112213135,
            13.846051216125488,
            14.114535331726074,
            14.382941007614136,
            14.655951499938965,
            14.931355476379395,
            15.202066659927368,
            15.473795175552368,
            15.745300769805908,
            16.021496772766113,
            16.2969970703125,
            16.57237672805786,
            16.8595929145813,
            17.135557889938354,
            17.412468671798706,
            17.69264316558838,
            17.977840900421143,
            18.25716519355774,
            18.543163776397705,
            18.82292079925537,
            19.109219789505005,
            19.389427423477173,
            19.67830777168274,
            19.964311122894287,
            20.24475884437561,
            20.52610468864441,
            20.810290575027466,
            21.09884524345398,
            21.379642724990845,
            21.66310691833496,
            21.941449642181396,
            22.279701471328735,
            22.5678493976593,
            22.8515784740448,
            23.136460065841675,
            23.42102861404419,
            23.704383611679077,
            23.988367080688477,
            24.272512197494507,
            24.54977822303772,
            24.8304705619812,
            25.11889958381653,
            25.41257357597351,
            25.696221113204956
        ],
        "memory_usages": [
            4.0,
            4.0,
            4.0,
            4.0,
            4.0,
            4.0,
            4.0,
            4.0,
            4.0,
            4.0,
            4.0,
            4.0,
            4.0,
            5.0,
            6.0,
            6.0,
            6.0,
            6.0,
            6.0,
            6.0,
            6.0,
            6.0,
            6.0,
            6.0,
            6.0,
            6.0,
            6.0,
            6.0,
            6.0,
            7.0,
            7.0,
            7.0,
            7.0,
            7.0,
            7.0,
            7.0,
            7.0,
            7.0,
            7.0,
            7.0,
            7.0,
            7.0,
            7.0,
            7.0,
            7.0,
            7.0,
            7.0,
            8.0,
            8.0,
            8.0,
            8.0,
            8.0,
            8.0,
            8.0,
            8.0,
            8.0,
            8.0,
            8.0,
            8.0,
            8.0,
            8.0,
            8.0,
            8.0,
            9.0,
            9.0,
            9.0,
            9.0,
            9.0,
            9.0,
            9.0,
            9.0,
            9.0,
            9.0,
            9.0,
            9.0,
            9.0,
            9.0,
            9.0,
            9.0,
            10.0,
            10.0,
            10.0,
            10.0,
            10.0,
            10.0,
            10.0,
            10.0,
            10.0,
            10.0,
            10.0,
            10.0,
            10.0,
            10.0,
            10.0,
            10.0
        ]
    },
    "run_count": 3,
    "seed": 80
}