{
    "dataset": "5_campaign",
    "model": "AutoSAD",
    "auc": 0.7081664216731517,
    "total_runtime": 54.89509201049805,
    "total_memory_usage": 8.5,
    "Instances": 41188,
    "window_metric": {
        "window_size": 1000,
        "auc_scores": [
            0.5547392841361026,
            0.5727329067220108,
            0.5842956858740139,
            0.6026997898196874,
            0.6240067288886186,
            0.6414472193420356,
            0.656334483419125,
            0.6712455369982615,
            0.6760461401413229,
            0.6852446754563895,
            0.6905887304493545,
            0.6962781850746205,
            0.7002875109348173,
            0.7026915058275058,
            0.7032805177939109,
            0.7047512185196291,
            0.7055068937796535,
            0.706145364229373,
            0.7074410129502343,
            0.7096753322428961,
            0.708500820041661,
            0.7092432885233282,
            0.7070343166646982,
            0.7059941207470108,
            0.7064050756952156,
            0.7080364673300168,
            0.7080923247413462,
            0.7092013627024271,
            0.7085868581703038,
            0.7086003018433669,
            0.7075450031715479,
            0.7058707418143995,
            0.7058196913659206,
            0.7052091845079795,
            0.7059735349972924,
            0.705197229411057,
            0.7053246166111562,
            0.7065974184757406,
            0.7066043707640822,
            0.7063912148372141,
            0.7079509175790265
        ],
        "runtimes": [
            0.48174357414245605,
            1.14613676071167,
            2.304783582687378,
            3.285066604614258,
            4.398492097854614,
            5.637824535369873,
            6.719579696655273,
            7.800183057785034,
            9.041533708572388,
            10.152127265930176,
            11.259190320968628,
            12.476916790008545,
            13.642098188400269,
            14.834466695785522,
            16.02958917617798,
            17.412969827651978,
            18.734522342681885,
            20.208776712417603,
            21.567668199539185,
            23.077890157699585,
            24.474772691726685,
            26.101585865020752,
            27.773786306381226,
            29.12346863746643,
            30.60577702522278,
            32.12119674682617,
            33.603046894073486,
            34.999881982803345,
            36.46819734573364,
            37.93789076805115,
            39.36862778663635,
            40.81020665168762,
            42.39863085746765,
            43.95784568786621,
            45.407880783081055,
            46.918110370635986,
            48.35893750190735,
            50.102694034576416,
            51.567506313323975,
            53.04938793182373,
            54.59111142158508
        ],
        "memory_usages": [
            5.0,
            5.0,
            5.0,
            5.0,
            5.0,
            5.0,
            5.0,
            5.0,
            5.0,
            5.0,
            5.0,
            5.0,
            5.0,
            5.0,
            6.0,
            6.0,
            6.0,
            6.0,
            6.0,
            6.0,
            6.0,
            6.0,
            7.0,
            7.0,
            5.7421875,
            6.7421875,
            6.7109375,
            7.7109375,
            7.2890625,
            7.140625,
            8.140625,
            7.5625,
            8.5625,
            8.4765625,
            7.828125,
            7.90234375,
            7.98046875,
            8.53515625,
            8.6484375,
            8.72265625,
            8.80078125
        ]
    },
    "run_count": 2,
    "seed": 91
}