{
    "dataset": "1_ALOI",
    "model": "AutoSAD",
    "auc": 0.621735107342939,
    "total_runtime": 10.692327499389648,
    "total_memory_usage": 269.609375,
    "Instances": 49534,
    "window_metric": {
        "window_size": 1000,
        "auc_scores": [
            NaN,
            0.45184490306441527,
            0.3434817701481286,
            0.5046671896487859,
            0.541105702765852,
            0.5173850181046883,
            0.5348422156365371,
            0.5590290886477706,
            0.5821121663284339,
            0.6076047076918079,
            0.6036536701016407,
            0.6149887725497056,
            0.6166399575855328,
            0.6173303168669858,
            0.5963753154438309,
            0.6086983598743952,
            0.6184539243665421,
            0.6238946091377154,
            0.612187208278919,
            0.6165558868097524,
            0.6281135673698139,
            0.6231498570186671,
            0.6270967026901872,
            0.6296178812295653,
            0.6311701968862586,
            0.6145971011592156,
            0.6093339055556412,
            0.5981234112615349,
            0.589732687126537,
            0.5905743098439656,
            0.5990756473634355,
            0.5988915081783419,
            0.5992830144054101,
            0.6033561903505487,
            0.5968324000568963,
            0.6045128943904572,
            0.6112185478492407,
            0.6043398087906189,
            0.6083237279832783,
            0.6148344476691701,
            0.6158424020874119,
            0.614110777620939,
            0.614582920461993,
            0.6198441379260405,
            0.6220837650315763,
            0.6198285043226559,
            0.6175068149680208,
            0.6196555364135548,
            0.6194762719774555
        ],
        "runtimes": [
            0.022837400436401367,
            0.2598695755004883,
            0.8769040107727051,
            0.9026100635528564,
            1.0917253494262695,
            2.7184431552886963,
            2.7737224102020264,
            2.9655067920684814,
            3.5470497608184814,
            3.576925754547119,
            3.6097912788391113,
            3.668550729751587,
            3.778961420059204,
            3.9763245582580566,
            4.518586874008179,
            4.551730155944824,
            4.592545986175537,
            4.644195318222046,
            4.6801135540008545,
            4.7189781665802,
            4.762498617172241,
            4.828583717346191,
            4.8790459632873535,
            4.928055763244629,
            5.386471509933472,
            6.497093439102173,
            6.693003416061401,
            7.300361633300781,
            7.599664688110352,
            7.665937662124634,
            7.744527578353882,
            7.829944372177124,
            7.901853561401367,
            7.9594995975494385,
            8.116370916366577,
            8.155815124511719,
            8.234509706497192,
            8.40408205986023,
            8.450496912002563,
            8.498419761657715,
            8.879921674728394,
            9.930995464324951,
            9.970771789550781,
            10.014928579330444,
            10.067646980285645,
            10.121563911437988,
            10.166234254837036,
            10.214431047439575,
            10.481318712234497
        ],
        "memory_usages": [
            2.0,
            132.0,
            133.0,
            133.0,
            133.0,
            137.0,
            137.0,
            137.0,
            137.0,
            137.0,
            137.0,
            137.0,
            134.609375,
            134.609375,
            134.609375,
            134.609375,
            134.609375,
            134.609375,
            134.609375,
            134.609375,
            134.609375,
            134.609375,
            135.609375,
            135.609375,
            268.609375,
            268.609375,
            268.609375,
            268.609375,
            268.609375,
            268.609375,
            268.609375,
            268.609375,
            268.609375,
            268.609375,
            268.609375,
            268.609375,
            268.609375,
            268.609375,
            268.609375,
            268.609375,
            269.609375,
            269.609375,
            269.609375,
            269.609375,
            269.609375,
            269.609375,
            269.609375,
            269.609375,
            269.609375
        ]
    },
    "run_count": 10,
    "seed": 88
}