{
    "dataset": "1_ALOI",
    "model": "AutoSAD",
    "auc": 0.7049512084579297,
    "total_runtime": 146.00528621673584,
    "total_memory_usage": 12.375,
    "Instances": 49534,
    "window_metric": {
        "window_size": 1000,
        "auc_scores": [
            NaN,
            0.48876992085570725,
            0.502199618122471,
            0.5013699009243372,
            0.525920368192853,
            0.539841238535469,
            0.5696350466847365,
            0.5991710262457284,
            0.6341634436590896,
            0.6503011572133424,
            0.6519284423236209,
            0.6526548331379927,
            0.6584520566030942,
            0.6718524789552316,
            0.681835084903442,
            0.6893145930325777,
            0.6935198778046476,
            0.702457577695415,
            0.6920584688657974,
            0.6823669106893165,
            0.6857087461849274,
            0.6814922210699033,
            0.6848894734009965,
            0.688738695656481,
            0.6947233800682076,
            0.6975101164414214,
            0.6952556447729376,
            0.6938726009473457,
            0.6858695039714472,
            0.683203759368817,
            0.6874185590409627,
            0.6848954119722145,
            0.6794954198295825,
            0.6813969061880484,
            0.6795124834435304,
            0.6850499066250245,
            0.6888039139690314,
            0.6922259004626137,
            0.6905309030028971,
            0.6936538847439724,
            0.6960753358098785,
            0.6988977224698542,
            0.7007837278273705,
            0.7029816004061056,
            0.7057519923173774,
            0.7038299258520173,
            0.7039429470328652,
            0.7042670528183053,
            0.7035615351997856
        ],
        "runtimes": [
            0.7903509140014648,
            3.665407180786133,
            6.3541364669799805,
            9.24203896522522,
            12.09091591835022,
            14.886607646942139,
            17.590697050094604,
            20.32273554801941,
            22.91015338897705,
            25.44457721710205,
            28.47756600379944,
            31.389721870422363,
            34.27561688423157,
            37.125999212265015,
            40.008049726486206,
            42.68655776977539,
            45.55450749397278,
            48.47511553764343,
            51.53209590911865,
            54.778316259384155,
            57.77643537521362,
            60.59633922576904,
            63.70396184921265,
            66.52526187896729,
            69.38868641853333,
            72.34066557884216,
            75.11659550666809,
            78.15822744369507,
            81.16678237915039,
            83.95498156547546,
            86.85630440711975,
            89.63865256309509,
            93.4050862789154,
            96.88716793060303,
            100.09658980369568,
            103.0797929763794,
            106.0458812713623,
            108.99213433265686,
            112.03624653816223,
            115.63791346549988,
            118.75830960273743,
            121.87332653999329,
            125.03957223892212,
            128.3213415145874,
            131.36719298362732,
            134.77736687660217,
            138.15505123138428,
            141.2621419429779,
            144.33669805526733
        ],
        "memory_usages": [
            3.0,
            5.0,
            5.0,
            5.0,
            5.0,
            6.0,
            6.0,
            6.0,
            6.0,
            6.0,
            6.0,
            6.0,
            7.0,
            7.0,
            7.0,
            7.0,
            7.0,
            7.0,
            7.0,
            8.0,
            8.0,
            8.0,
            8.0,
            8.0,
            8.0,
            9.0,
            7.50390625,
            7.9453125,
            8.140625,
            9.140625,
            8.296875,
            8.59765625,
            8.671875,
            8.72265625,
            8.82421875,
            8.89453125,
            8.9609375,
            9.03125,
            9.4765625,
            9.62890625,
            9.77734375,
            9.92578125,
            10.078125,
            10.30859375,
            10.453125,
            11.52734375,
            11.62109375,
            11.69140625,
            11.7578125
        ]
    },
    "run_count": 5,
    "seed": 52
}