{
    "dataset": "49_kddcup99_prob",
    "model": "AutoSAD",
    "auc": 0.8257428349429081,
    "total_runtime": 233.31676578521729,
    "total_memory_usage": 8.34765625,
    "Instances": 64759,
    "window_metric": {
        "window_size": 1000,
        "auc_scores": [
            0.929427145868353,
            0.9600280554217628,
            0.8809911003962743,
            0.8856494254983918,
            0.9011913810245571,
            0.8997984054840565,
            0.8990133610354678,
            0.8949470556091007,
            0.8947296349133019,
            0.8999800422746959,
            0.9033645716420798,
            0.8147213923726802,
            0.8045066330738246,
            0.8261775803518103,
            0.798403920416727,
            0.7947650627136833,
            0.8033015706975541,
            0.8119985327275687,
            0.8194549618897637,
            0.8181809621004322,
            0.8193948314222262,
            0.8143184419111744,
            0.8176157523920948,
            0.8197357160926602,
            0.8205171794826489,
            0.8212976236252539,
            0.8241838817429351,
            0.8223958829946582,
            0.8247363401271133,
            0.8268467665315239,
            0.8289015219783682,
            0.8307129267859079,
            0.8318005290737929,
            0.8289219076797352,
            0.8299565948630603,
            0.8304598138364382,
            0.8306925339931898,
            0.8300788231859835,
            0.8314954133362253,
            0.8255905991701282,
            0.8246883256342603,
            0.8244462991057601,
            0.8253176936830928,
            0.827057731247516,
            0.8276313809619484,
            0.8264045969591715,
            0.8266693404843569,
            0.8272390333314751,
            0.8285043975612318,
            0.8292919647590384,
            0.8291163032686565,
            0.8286890160678204,
            0.8290349979876687,
            0.8289368570505825,
            0.8274580345701911,
            0.82793533478175,
            0.8276094890159245,
            0.8271631460548899,
            0.8274676765877463,
            0.8248398233526442,
            0.8248055002169106,
            0.8250773573299688,
            0.8257765495802236,
            0.8249566379128199
        ],
        "runtimes": [
            2.788515329360962,
            6.879162311553955,
            11.510774850845337,
            15.814552068710327,
            20.479896783828735,
            24.966047048568726,
            29.08906126022339,
            34.01897597312927,
            39.01415944099426,
            43.26963806152344,
            48.028125524520874,
            52.9545624256134,
            57.35925841331482,
            61.51460075378418,
            66.14355826377869,
            70.35925793647766,
            75.29983758926392,
            79.80524826049805,
            83.70759081840515,
            88.33727383613586,
            92.58042883872986,
            96.80484437942505,
            100.97189259529114,
            104.9251754283905,
            108.59440541267395,
            112.31722784042358,
            116.25974631309509,
            119.68561482429504,
            123.30777788162231,
            127.25214052200317,
            130.64516854286194,
            134.1690764427185,
            137.67566108703613,
            140.96315693855286,
            144.2862868309021,
            147.59174370765686,
            150.7303352355957,
            154.0062506198883,
            157.16846537590027,
            160.1558907032013,
            163.24909496307373,
            166.25077438354492,
            169.12362718582153,
            172.2466058731079,
            175.21363615989685,
            177.9894323348999,
            181.00556445121765,
            184.06255412101746,
            187.1568624973297,
            190.32146382331848,
            193.3042471408844,
            196.30246448516846,
            199.17362594604492,
            202.05753803253174,
            204.8698468208313,
            207.9688069820404,
            210.90404152870178,
            213.76330590248108,
            216.62539291381836,
            219.58282852172852,
            222.39065170288086,
            225.24957513809204,
            228.2054169178009,
            230.9992253780365
        ],
        "memory_usages": [
            4.0,
            4.0,
            4.0,
            5.0,
            5.0,
            5.0,
            5.0,
            5.0,
            5.0,
            5.0,
            5.0,
            5.0,
            5.0,
            5.0,
            5.0,
            5.0,
            5.0,
            5.0,
            5.0,
            5.0,
            5.0,
            5.0,
            5.0,
            5.0,
            4.83984375,
            4.60546875,
            5.60546875,
            4.96875,
            5.96875,
            5.91015625,
            5.20703125,
            5.27734375,
            5.34765625,
            5.4140625,
            5.515625,
            5.5859375,
            5.65234375,
            5.72265625,
            5.828125,
            5.8984375,
            5.96484375,
            6.03125,
            6.16015625,
            6.39453125,
            6.546875,
            6.921875,
            7.0703125,
            7.04296875,
            7.28125,
            7.66796875,
            7.7421875,
            7.8203125,
            7.49609375,
            7.5625,
            7.6328125,
            7.74609375,
            7.8046875,
            7.87109375,
            7.92578125,
            8.19921875,
            8.0546875,
            8.109375,
            8.23828125,
            9.28125
        ]
    },
    "run_count": 6,
    "seed": 11
}