{
    "dataset": "50_bank",
    "model": "AutoSAD",
    "auc": 0.6951922135698732,
    "total_runtime": 117.77417230606079,
    "total_memory_usage": 534.53515625,
    "Instances": 41188,
    "window_metric": {
        "window_size": 1000,
        "auc_scores": [
            0.485058211277429,
            0.5540699936767353,
            0.5513105948768747,
            0.578722847300888,
            0.5778649810007457,
            0.5725561178510863,
            0.56671720621565,
            0.5576353548387097,
            0.560083434767488,
            0.556046504136358,
            0.549112094117647,
            0.5395155851632536,
            0.5466773560922524,
            0.5401270003910528,
            0.5401173613767656,
            0.5413791644506932,
            0.5392267397720225,
            0.5369702386500926,
            0.5304893739804066,
            0.5327633404575993,
            0.5293689266477872,
            0.5289423642699768,
            0.5274962258667474,
            0.5278210712868652,
            0.5468392324994658,
            0.545690846195849,
            0.5438169234027505,
            0.5657578636430071,
            0.5774313211469142,
            0.5794863429833731,
            0.5923022191469511,
            0.5898835431252144,
            0.5875174000061215,
            0.5839389447568243,
            0.5808217315327551,
            0.576967572910533,
            0.6001230843354144,
            0.6195539775903539,
            0.6416109550709728,
            0.6752965625567178,
            0.6928915563272107
        ],
        "runtimes": [
            1.5591158866882324,
            4.307369947433472,
            6.697507619857788,
            9.08426570892334,
            11.407471895217896,
            14.59531283378601,
            17.142786979675293,
            19.3521146774292,
            21.608996868133545,
            24.055903911590576,
            27.30325412750244,
            29.65451407432556,
            31.924735069274902,
            34.245973110198975,
            36.96394467353821,
            39.502238273620605,
            42.28216195106506,
            45.78222990036011,
            48.20195436477661,
            50.509214639663696,
            52.867098569869995,
            55.3927104473114,
            57.8013129234314,
            60.17933106422424,
            63.30034351348877,
            71.35979533195496,
            73.77829551696777,
            76.59660148620605,
            79.28443193435669,
            81.78021574020386,
            84.33128023147583,
            87.08554649353027,
            89.42133259773254,
            92.74937129020691,
            95.27533054351807,
            98.46306347846985,
            101.61836957931519,
            104.31784152984619,
            108.49890899658203,
            114.20653414726257,
            117.26151776313782
        ],
        "memory_usages": [
            5.0,
            22.0,
            148.0,
            148.0,
            261.0,
            293.0,
            293.0,
            293.0,
            293.0,
            293.0,
            276.53515625,
            276.53515625,
            276.53515625,
            276.53515625,
            276.53515625,
            276.53515625,
            276.53515625,
            276.53515625,
            276.53515625,
            276.53515625,
            276.53515625,
            276.53515625,
            276.53515625,
            276.53515625,
            526.53515625,
            526.53515625,
            526.53515625,
            526.53515625,
            526.53515625,
            526.53515625,
            526.53515625,
            526.53515625,
            526.53515625,
            526.53515625,
            526.53515625,
            526.53515625,
            526.53515625,
            526.53515625,
            526.53515625,
            534.53515625,
            534.53515625
        ]
    },
    "run_count": 8,
    "seed": 72
}