{
    "dataset": "51_kddcup99_u2r",
    "model": "AutoSAD",
    "auc": 0.950680279494968,
    "total_runtime": 436.6187183856964,
    "total_memory_usage": 513.05859375,
    "Instances": 60821,
    "window_metric": {
        "window_size": 1000,
        "auc_scores": [
            NaN,
            0.9699849924962481,
            0.94864954984995,
            0.9417354338584645,
            0.9415883176635327,
            0.9349891648608102,
            0.9736553761135724,
            0.9477238619309655,
            0.9095268107613788,
            0.9073873873873873,
            0.901393128665856,
            0.8920496531667899,
            0.896104816955684,
            0.9025530717570139,
            0.9036061624130731,
            0.9052993804528532,
            0.9063637655934706,
            0.9071758578187745,
            0.9008779793292554,
            0.9011272204930473,
            0.9368781372837339,
            0.9452931918932231,
            0.9460083410884775,
            0.9420258957090484,
            0.9496571781435592,
            0.9495413371197707,
            0.9529793375341482,
            0.953195142968711,
            0.955304536880998,
            0.9563441656469792,
            0.956375847000847,
            0.9564320447744498,
            0.9565271790213835,
            0.9565943444628622,
            0.9560123896204881,
            0.954946723764037,
            0.9547169169509918,
            0.9548492580225932,
            0.955134551954842,
            0.9555687250711343,
            0.9556626465736323,
            0.9547323402532112,
            0.9538629597037057,
            0.9540479209090433,
            0.9543896283723422,
            0.9546395569106707,
            0.9552296454658827,
            0.9534242688528403,
            0.952834384052725,
            0.9527297899781347,
            0.9508990212048464,
            0.9509987416378399,
            0.9509162800260547,
            0.9511677044085879,
            0.9508801685386166,
            0.9501514596099939,
            0.9497689897787518,
            0.9500273154845849,
            0.9502478205996171,
            0.950434017688268
        ],
        "runtimes": [
            3.612092971801758,
            11.260095119476318,
            19.34223246574402,
            26.07182502746582,
            34.0863983631134,
            43.733885049819946,
            53.93438935279846,
            62.29521298408508,
            72.1501636505127,
            79.91392707824707,
            89.2492322921753,
            98.73709416389465,
            106.11215662956238,
            115.792245388031,
            124.58011150360107,
            131.98316097259521,
            141.515234708786,
            154.2493658065796,
            162.37279534339905,
            169.04713439941406,
            175.9863166809082,
            183.59335494041443,
            194.64979600906372,
            204.15817523002625,
            211.7480731010437,
            221.42061614990234,
            228.36642932891846,
            239.1067395210266,
            247.14209651947021,
            256.2361493110657,
            265.9626657962799,
            273.6675274372101,
            282.8532123565674,
            291.21673464775085,
            298.91660928726196,
            306.23796033859253,
            316.1071774959564,
            322.6956944465637,
            329.9225220680237,
            336.38471698760986,
            343.08217763900757,
            351.48354983329773,
            357.69030690193176,
            363.41550397872925,
            369.8234529495239,
            374.27814197540283,
            378.0246868133545,
            381.78679513931274,
            385.44165563583374,
            389.1880819797516,
            393.04771876335144,
            396.569655418396,
            400.2179169654846,
            404.0866241455078,
            410.90747570991516,
            414.5326180458069,
            418.6762387752533,
            423.83370637893677,
            428.70002126693726,
            433.27925300598145
        ],
        "memory_usages": [
            264.0,
            264.0,
            264.0,
            264.0,
            319.0,
            323.0,
            264.12890625,
            264.12890625,
            264.12890625,
            264.12890625,
            264.12890625,
            264.12890625,
            264.12890625,
            264.12890625,
            264.12890625,
            264.12890625,
            264.12890625,
            323.12890625,
            264.578125,
            264.578125,
            264.578125,
            286.578125,
            264.609375,
            264.609375,
            264.609375,
            264.609375,
            264.609375,
            264.609375,
            264.609375,
            264.609375,
            264.609375,
            286.609375,
            264.09375,
            264.09375,
            264.09375,
            264.09375,
            268.09375,
            264.37109375,
            264.37109375,
            264.37109375,
            542.37109375,
            768.37109375,
            265.546875,
            265.546875,
            265.546875,
            265.546875,
            265.546875,
            265.546875,
            265.546875,
            265.546875,
            265.546875,
            265.546875,
            265.546875,
            265.546875,
            265.546875,
            265.546875,
            521.54296875,
            576.54296875,
            268.05859375,
            513.05859375
        ]
    },
    "run_count": 4,
    "seed": 41
}