{
    "dataset": "1_ALOI",
    "model": "AutoSAD",
    "auc": 0.8236167334647755,
    "total_runtime": 227.2924907207489,
    "total_memory_usage": 5.91796875,
    "Instances": 49534,
    "window_metric": {
        "window_size": 1000,
        "auc_scores": [
            NaN,
            0.4446434732914969,
            0.5114709929526884,
            0.5376853144917848,
            0.5893694872098711,
            0.6188602903836116,
            0.661697820413005,
            0.6887549622387725,
            0.7195630246090967,
            0.7349073117341833,
            0.7421664453438943,
            0.7514916632199751,
            0.759088435179449,
            0.7721513121182702,
            0.7792205775148413,
            0.7860945506566872,
            0.7897858293935913,
            0.7973083646053613,
            0.7898120611104675,
            0.7891784231305702,
            0.7928208729855029,
            0.7921371657749857,
            0.796040757377614,
            0.7985645706743477,
            0.8036609957179395,
            0.8059488704372044,
            0.8060415583648025,
            0.8058834437181576,
            0.8021074662279377,
            0.8010238855264319,
            0.8043703620025897,
            0.8040373071721035,
            0.802219105959629,
            0.8040805637200719,
            0.8014408246983087,
            0.8054761323965177,
            0.808193504061587,
            0.810626165365702,
            0.8096855357436467,
            0.8128255869627117,
            0.8144680479221391,
            0.8169064767288086,
            0.8181670027599197,
            0.8194222111024301,
            0.8215178022312589,
            0.8208411114828619,
            0.822504411537307,
            0.8233039750599686,
            0.8224859063238015
        ],
        "runtimes": [
            1.2607696056365967,
            6.529265880584717,
            11.43177080154419,
            16.400710582733154,
            21.459463119506836,
            26.796676874160767,
            32.49487614631653,
            37.52998065948486,
            41.76314973831177,
            46.336589097976685,
            51.60545992851257,
            56.67602896690369,
            61.56346654891968,
            66.6820695400238,
            71.62504363059998,
            76.58124160766602,
            80.66750884056091,
            85.33074522018433,
            89.72782874107361,
            94.40616726875305,
            98.57881689071655,
            102.91387128829956,
            107.31078386306763,
            111.70055985450745,
            115.89912724494934,
            120.30934715270996,
            124.91102623939514,
            129.07847380638123,
            133.23022031784058,
            137.32851934432983,
            141.63136529922485,
            145.80725145339966,
            150.83540558815002,
            155.442058801651,
            160.32595038414001,
            166.06953954696655,
            171.00418376922607,
            176.4970338344574,
            181.9059624671936,
            187.0524456501007,
            191.56567573547363,
            195.57844996452332,
            199.56106448173523,
            203.83286428451538,
            207.99573922157288,
            212.35849452018738,
            216.81463718414307,
            220.78094840049744,
            224.98636031150818
        ],
        "memory_usages": [
            5.0,
            5.0,
            5.0,
            5.0,
            5.0,
            5.0,
            5.0,
            5.0,
            5.0,
            5.0,
            5.0,
            5.0,
            5.0,
            5.0,
            5.0,
            5.0,
            5.0,
            5.0,
            5.0,
            5.0,
            5.0,
            5.0,
            5.0,
            5.0,
            5.0,
            5.0,
            5.0,
            5.0,
            5.0,
            5.0,
            5.0,
            5.0,
            6.0,
            6.0,
            6.0,
            6.0,
            6.0,
            6.0,
            6.0,
            6.0,
            6.0,
            6.0,
            6.0,
            6.0,
            5.2265625,
            5.28515625,
            5.34765625,
            5.41015625,
            5.8203125
        ]
    },
    "run_count": 1,
    "seed": 86
}