{
    "dataset": "48_chess",
    "model": "AutoSAD",
    "auc": 0.9415433486217316,
    "total_runtime": 89.3533570766449,
    "total_memory_usage": 4.0,
    "Instances": 28056,
    "window_metric": {
        "window_size": 1000,
        "auc_scores": [
            0.973973973973974,
            0.9784677015523285,
            0.9793126459793126,
            0.9789008422983905,
            0.9819355484387511,
            0.9811541027351568,
            0.9776125804145818,
            0.9780043365857727,
            0.978040916166333,
            0.9763691727066088,
            0.9764915335733129,
            0.9700008338892595,
            0.9697891009852218,
            0.9663631814607582,
            0.9616796095077272,
            0.9616130413653401,
            0.9577929723637955,
            0.9579723843944028,
            0.9507020213131874,
            0.9568043043043043,
            0.9566897044804575,
            0.9586120084322916,
            0.9586679749008934,
            0.9588050409845389,
            0.9529393128634867,
            0.9518691049085659,
            0.9401047162224592,
            0.9415560772226128
        ],
        "runtimes": [
            1.451150894165039,
            3.6569268703460693,
            6.474249839782715,
            9.322625875473022,
            12.435673475265503,
            15.48329472541809,
            18.678659677505493,
            21.9865300655365,
            25.21630859375,
            28.25018334388733,
            31.481149673461914,
            35.06936073303223,
            38.91383075714111,
            41.994879722595215,
            45.53012800216675,
            48.84372520446777,
            52.22618579864502,
            55.65392589569092,
            59.111051082611084,
            62.33968734741211,
            65.79738068580627,
            69.30353140830994,
            72.68332004547119,
            75.85399460792542,
            79.15587496757507,
            82.49648427963257,
            85.70790195465088,
            89.16313362121582
        ],
        "memory_usages": [
            3.0,
            3.0,
            3.0,
            3.0,
            3.0,
            3.0,
            3.0,
            3.0,
            3.0,
            4.0,
            4.0,
            4.0,
            4.0,
            4.0,
            4.0,
            4.0,
            4.0,
            4.0,
            4.0,
            4.0,
            4.0,
            4.0,
            4.0,
            4.0,
            4.0,
            4.0,
            4.0,
            4.0
        ]
    },
    "run_count": 3,
    "seed": 87
}