{
    "dataset": "32_shuttle",
    "model": "AutoSAD",
    "auc": 0.9873290971135801,
    "total_runtime": 36.324018239974976,
    "total_memory_usage": 6.5078125,
    "Instances": 49097,
    "window_metric": {
        "window_size": 1000,
        "auc_scores": [
            0.8082397121938905,
            0.9004040737228385,
            0.9235310530059605,
            0.9380168580852771,
            0.9476827256142966,
            0.9527294845829406,
            0.9578259027231525,
            0.962092002478519,
            0.9639082414870808,
            0.9656579348488807,
            0.9692106845138762,
            0.9702351717495987,
            0.97216293078609,
            0.9735003106496698,
            0.9735050918983331,
            0.9745536647298579,
            0.9757959616014409,
            0.9770194079288447,
            0.9778696731423127,
            0.9787127213581964,
            0.979621174701691,
            0.9806189017964517,
            0.9814563137343197,
            0.9817611397678597,
            0.9817092403035841,
            0.982297493170538,
            0.9826472614430504,
            0.9831272464984557,
            0.9831669125224434,
            0.9831836603838605,
            0.9834869293325966,
            0.9839269866434337,
            0.9844102874328677,
            0.9848375444148444,
            0.9851445065022632,
            0.9855657188531777,
            0.9859660048978778,
            0.9862251275217513,
            0.9864185730284144,
            0.9867814162332935,
            0.9868726779071573,
            0.9871466767782577,
            0.9873784985839427,
            0.9867753380080623,
            0.9865915222718008,
            0.9865536470714925,
            0.9868630525669008,
            0.987149143696213,
            0.9872965712576066
        ],
        "runtimes": [
            0.286480188369751,
            0.6643030643463135,
            1.374169111251831,
            2.0878896713256836,
            2.7293968200683594,
            3.365893602371216,
            4.010770320892334,
            4.68379545211792,
            5.341678857803345,
            5.9920430183410645,
            6.648427486419678,
            7.369868516921997,
            8.237314701080322,
            8.908029079437256,
            9.587835311889648,
            10.265836000442505,
            10.975268363952637,
            11.653242349624634,
            12.347400426864624,
            13.022705078125,
            13.705751657485962,
            14.702724933624268,
            15.418693542480469,
            16.12477135658264,
            17.188421487808228,
            17.90678858757019,
            18.708471536636353,
            19.497162580490112,
            20.21598482131958,
            20.966532230377197,
            21.69763493537903,
            22.661755323410034,
            23.40077042579651,
            24.275988817214966,
            25.020453214645386,
            25.765111207962036,
            26.518965482711792,
            27.398460626602173,
            28.22702121734619,
            28.96606707572937,
            29.735339641571045,
            30.517070293426514,
            31.367066621780396,
            32.1631805896759,
            32.95876121520996,
            33.751322984695435,
            34.607110023498535,
            35.415409326553345,
            36.218852281570435
        ],
        "memory_usages": [
            3.0,
            3.0,
            3.0,
            3.0,
            3.0,
            3.0,
            3.0,
            3.0,
            3.0,
            3.0,
            3.0,
            3.0,
            3.0,
            3.0,
            3.0,
            3.0,
            3.0,
            3.0,
            3.0,
            3.0,
            3.0,
            4.0,
            5.0,
            5.0,
            5.0,
            5.0,
            5.0,
            6.0,
            6.0,
            4.41015625,
            5.41015625,
            5.41015625,
            4.71484375,
            4.83984375,
            5.50390625,
            5.05078125,
            5.78125,
            5.19140625,
            6.06640625,
            5.328125,
            5.3984375,
            6.328125,
            5.53515625,
            6.31640625,
            6.39453125,
            6.47265625,
            6.72265625,
            6.8125,
            6.96875
        ]
    },
    "run_count": 4,
    "seed": 91
}