{
    "dataset": "34_smtp",
    "model": "AutoSAD",
    "auc": 0.9163621582602723,
    "total_runtime": 32.95662879943848,
    "total_memory_usage": 12.53515625,
    "Instances": 95156,
    "window_metric": {
        "window_size": 1000,
        "auc_scores": [
            NaN,
            NaN,
            NaN,
            NaN,
            NaN,
            NaN,
            NaN,
            NaN,
            NaN,
            NaN,
            NaN,
            NaN,
            NaN,
            NaN,
            0.9814703659241474,
            0.9763221078664877,
            0.9759272928166788,
            0.976530058033366,
            0.975967362284316,
            0.9760036331307657,
            0.9763003471013191,
            0.9756954284174915,
            0.9764783439469131,
            0.9758202359611456,
            0.977064298864507,
            0.9777490077074469,
            0.9765089834940869,
            0.9757276597482414,
            0.9744852194655549,
            0.9724561938428409,
            0.9716231293395174,
            0.9710520674223545,
            0.9709119020190383,
            0.9700023539104337,
            0.9699165380437889,
            0.9700478757612087,
            0.9695193548137905,
            0.9696899609630615,
            0.9700277022520905,
            0.9701359761630857,
            0.9703505029591987,
            0.9697620295200441,
            0.9692059208646004,
            0.9689917571175244,
            0.969417469561959,
            0.969229765580829,
            0.9691458245921277,
            0.9695178951003567,
            0.9697420837440435,
            0.972837558018566,
            0.97316437509807,
            0.972681498153278,
            0.9721201211686546,
            0.9724304886633076,
            0.9726409046268005,
            0.8807417597141581,
            0.8804142167617376,
            0.8810273393704183,
            0.8809617634590928,
            0.881848770320967,
            0.8832603526035261,
            0.8716884473584973,
            0.8727885143015436,
            0.8741037162089792,
            0.8750694733025856,
            0.8763646856654602,
            0.8771760427502293,
            0.8850701541580359,
            0.886632012754986,
            0.887952102324165,
            0.889307871743631,
            0.8907198732822943,
            0.892077107627546,
            0.8931575701381576,
            0.8943517930381357,
            0.8956167031067662,
            0.8966292275774261,
            0.897852826802538,
            0.8988930462906723,
            0.8999934890190797,
            0.9012106931430112,
            0.9022248827276594,
            0.903289433491303,
            0.904417329628168,
            0.9052147203163432,
            0.9059582641941408,
            0.906860749064591,
            0.9079049953374133,
            0.9111869169382938,
            0.9121203364084324,
            0.913085266204976,
            0.913894023413432,
            0.9146771359936897,
            0.9153946294916817,
            0.9162346004001263
        ],
        "runtimes": [
            0.30701375007629395,
            0.6981158256530762,
            1.0160646438598633,
            1.3259351253509521,
            1.7153818607330322,
            2.081143617630005,
            2.384765625,
            2.6854090690612793,
            2.9911141395568848,
            3.3524389266967773,
            3.715590238571167,
            4.016380071640015,
            4.310922861099243,
            4.609764337539673,
            4.916387557983398,
            5.219576835632324,
            5.531100273132324,
            5.834657192230225,
            6.1336846351623535,
            6.442062854766846,
            6.753178596496582,
            7.056435823440552,
            7.365278720855713,
            7.668073415756226,
            7.967814922332764,
            8.276037216186523,
            8.579434633255005,
            8.883618831634521,
            9.18563437461853,
            9.519498825073242,
            9.851582050323486,
            10.209769487380981,
            10.509022235870361,
            10.80539608001709,
            11.114293336868286,
            11.422483682632446,
            11.720047235488892,
            12.029257774353027,
            12.336202621459961,
            12.640565395355225,
            12.946414947509766,
            13.249385595321655,
            13.544211864471436,
            13.848387718200684,
            14.184749603271484,
            14.604979276657104,
            14.912523746490479,
            15.227734804153442,
            15.544473648071289,
            15.94301962852478,
            16.30110812187195,
            16.67413902282715,
            16.98625946044922,
            17.29907774925232,
            17.617093086242676,
            17.92637825012207,
            18.23684811592102,
            18.54867959022522,
            18.86104154586792,
            19.17567491531372,
            19.496751070022583,
            19.865180253982544,
            20.25318455696106,
            20.577653408050537,
            20.89992594718933,
            21.234347105026245,
            21.573378562927246,
            21.913970470428467,
            22.265305280685425,
            22.72864055633545,
            23.262677431106567,
            23.672516584396362,
            24.116262197494507,
            24.527162075042725,
            24.881434202194214,
            25.237895965576172,
            25.58818483352661,
            25.952777862548828,
            26.31305718421936,
            26.800652265548706,
            27.265978813171387,
            27.648528575897217,
            28.018470764160156,
            28.404645442962646,
            28.90903115272522,
            29.317919731140137,
            29.75029706954956,
            30.117870569229126,
            30.613770246505737,
            30.98400855064392,
            31.359383821487427,
            31.73372721672058,
            32.10809922218323,
            32.47823715209961,
            32.852057695388794
        ],