{
    "dataset": "5_campaign",
    "model": "AutoSAD",
    "auc": 0.7003132394621339,
    "total_runtime": 278.5259704589844,
    "total_memory_usage": 11.015625,
    "Instances": 41188,
    "window_metric": {
        "window_size": 1000,
        "auc_scores": [
            0.5340440418323759,
            0.5738907144778815,
            0.6038772762013369,
            0.606156228764677,
            0.616259589172975,
            0.6297340538758918,
            0.6418076794695542,
            0.6515961165854823,
            0.6568065817816786,
            0.6632018450616322,
            0.668249499596574,
            0.6724519927992227,
            0.6768464782148335,
            0.6790459673659673,
            0.6799861584386274,
            0.6807589770061796,
            0.6800526447025144,
            0.6824265278952907,
            0.684105243659028,
            0.6844869606620143,
            0.685193607423651,
            0.6868281257279618,
            0.6865349976695708,
            0.6880688031610654,
            0.6910464749502083,
            0.6924628839658826,
            0.6933382019945403,
            0.6945601136354413,
            0.6951927252961592,
            0.6963807151152089,
            0.6971804678475866,
            0.6974965922806498,
            0.6978803930211778,
            0.697528279696169,
            0.6979383017042544,
            0.698126474825026,
            0.6989710319671049,
            0.6997979727225048,
            0.6994502200671661,
            0.6989589755202106,
            0.7001548620311655
        ],
        "runtimes": [
            1.096101999282837,
            4.263856410980225,
            8.175210952758789,
            12.20229697227478,
            19.51775860786438,
            26.959977388381958,
            33.50094032287598,
            40.14990758895874,
            46.512200117111206,
            52.09639811515808,
            58.116832971572876,
            64.39892983436584,
            70.96693348884583,
            77.24470829963684,
            83.41442227363586,
            89.87960934638977,
            96.82694363594055,
            103.5817232131958,
            109.91856908798218,
            116.04771399497986,
            123.20974373817444,
            131.29570078849792,
            140.0036985874176,
            148.5513060092926,
            156.68016457557678,
            164.7680995464325,
            172.12933993339539,
            179.14186763763428,
            186.42485117912292,
            193.60526514053345,
            201.2641351222992,
            209.16847825050354,
            216.909903049469,
            224.7099049091339,
            232.35464477539062,
            240.28336906433105,
            247.8077416419983,
            255.1123206615448,
            262.34657096862793,
            269.84047508239746,
            277.2097899913788
        ],
        "memory_usages": [
            3.0,
            6.0,
            7.0,
            8.0,
            8.0,
            8.0,
            8.0,
            8.0,
            8.0,
            8.0,
            8.0,
            9.0,
            9.0,
            9.0,
            9.0,
            9.0,
            9.0,
            9.0,
            9.0,
            9.0,
            10.0,
            10.0,
            10.0,
            8.60546875,
            9.60546875,
            10.60546875,
            11.60546875,
            11.2734375,
            11.0,
            12.0,
            13.0,
            12.76953125,
            12.23828125,
            13.01953125,
            12.6484375,
            11.81640625,
            10.921875,
            11.0078125,
            11.125,
            11.26171875,
            11.3125
        ]
    },
    "run_count": 3,
    "seed": 79
}