{
    "dataset": "50_bank",
    "model": "AutoSAD",
    "auc": 0.7042454443471599,
    "total_runtime": 106.63108086585999,
    "total_memory_usage": 513.1875,
    "Instances": 41188,
    "window_metric": {
        "window_size": 1000,
        "auc_scores": [
            0.5239819732818285,
            0.5411924218103993,
            0.5402531268182671,
            0.5406795327083318,
            0.5477587982527788,
            0.5502558162077396,
            0.5356264522379828,
            0.5293927741935484,
            0.5232622543844396,
            0.5244047906669591,
            0.5187118431372549,
            0.5105108355950325,
            0.5154953459142517,
            0.5181255496573143,
            0.5212139391026162,
            0.530223102102485,
            0.5297115678933467,
            0.5298819086889689,
            0.5270306401902884,
            0.5311395145455867,
            0.5306989434575642,
            0.5302023484278036,
            0.5276675831109081,
            0.528487400576936,
            0.5404347764176378,
            0.5390241230291893,
            0.5365315673836398,
            0.5620824198507145,
            0.5721108867550816,
            0.5761395345214819,
            0.5915691047567634,
            0.589195236647954,
            0.5866245230445499,
            0.5835461810985235,
            0.582098987294542,
            0.5804403015639648,
            0.6030050736420881,
            0.6230792320504304,
            0.6507850691957249,
            0.6809472426441878,
            0.7017625415752966
        ],
        "runtimes": [
            1.500089406967163,
            3.939952850341797,
            6.79152512550354,
            9.98414421081543,
            12.343740463256836,
            15.694868326187134,
            22.455618381500244,
            24.805954217910767,
            27.3197238445282,
            29.62317681312561,
            31.813105583190918,
            34.16425538063049,
            36.57994508743286,
            39.13574981689453,
            41.36518454551697,
            43.972134590148926,
            46.19468903541565,
            48.41532063484192,
            50.683616161346436,
            52.868502616882324,
            55.21697020530701,
            58.197882652282715,
            60.541221380233765,
            62.8476288318634,
            65.78340768814087,
            68.24611973762512,
            70.84876799583435,
            73.17326068878174,
            75.58669400215149,
            78.17524242401123,
            81.25647497177124,
            83.53874444961548,
            86.49436473846436,
            89.02271509170532,
            91.62007999420166,
            94.09004998207092,
            96.43237495422363,
            98.70332622528076,
            101.23483753204346,
            103.88464498519897,
            106.19278931617737
        ],
        "memory_usages": [
            13.0,
            33.0,
            96.0,
            96.0,
            93.1875,
            513.1875,
            513.1875,
            513.1875,
            513.1875,
            513.1875,
            513.1875,
            513.1875,
            513.1875,
            513.1875,
            513.1875,
            513.1875,
            513.1875,
            513.1875,
            513.1875,
            513.1875,
            513.1875,
            513.1875,
            513.1875,
            513.1875,
            513.1875,
            513.1875,
            513.1875,
            513.1875,
            513.1875,
            513.1875,
            513.1875,
            513.1875,
            513.1875,
            513.1875,
            513.1875,
            513.1875,
            513.1875,
            513.1875,
            513.1875,
            513.1875,
            513.1875
        ]
    },
    "run_count": 4,
    "seed": 57
}