{
    "dataset": "32_shuttle",
    "model": "AutoSAD",
    "auc": 0.9874782919593742,
    "total_runtime": 38.62497639656067,
    "total_memory_usage": 8.421875,
    "Instances": 49097,
    "window_metric": {
        "window_size": 1000,
        "auc_scores": [
            0.8454777833880334,
            0.9222432963619621,
            0.9437547523853907,
            0.9545725907507508,
            0.9622148176352641,
            0.966466259246284,
            0.9705137164288122,
            0.9732798111741089,
            0.9740940762068265,
            0.9749064577708098,
            0.9773339315583714,
            0.9778837367576244,
            0.979266894331912,
            0.9798352433921448,
            0.9795305634940448,
            0.980161655699806,
            0.9809748546749633,
            0.9818025115338909,
            0.9822863653683497,
            0.9827524914768835,
            0.9833547009930232,
            0.9840284717142537,
            0.984493462870624,
            0.9846531456829302,
            0.9846465954125112,
            0.9850506322534093,
            0.9852063912033044,
            0.9854736805372294,
            0.9854869724811769,
            0.9853641143359722,
            0.9855106474412673,
            0.9857634657324594,
            0.986023279914071,
            0.9863439070416266,
            0.9864978802459127,
            0.9867149983121608,
            0.9869278926396574,
            0.987045002258111,
            0.9871194418387244,
            0.9873148126363417,
            0.9874507911967262,
            0.9876126341347019,
            0.9877239156777055,
            0.9873935866734745,
            0.9872404204874157,
            0.9872096591451233,
            0.9873675637650795,
            0.9874124588820089,
            0.9874657617047773
        ],
        "runtimes": [
            0.3749277591705322,
            1.1593925952911377,
            1.9463398456573486,
            2.7271463871002197,
            3.50620174407959,
            4.285125255584717,
            5.071165561676025,
            5.851438283920288,
            6.637003421783447,
            7.424399375915527,
            8.205066442489624,
            8.978032112121582,
            9.744364023208618,
            10.524128675460815,
            11.30017900466919,
            12.071115493774414,
            12.83482027053833,
            13.60235857963562,
            14.365665674209595,
            15.146212577819824,
            15.909783124923706,
            16.753910303115845,
            17.5212619304657,
            18.288878917694092,
            19.05898427963257,
            19.828256607055664,
            20.59728217124939,
            21.367063522338867,
            22.14420509338379,
            23.113583087921143,
            23.95202398300171,
            24.7741482257843,
            25.535693168640137,
            26.314303398132324,
            27.15531635284424,
            27.989474534988403,
            28.77532458305359,
            29.551056146621704,
            30.319920539855957,
            31.220439672470093,
            31.99183678627014,
            32.760592222213745,
            33.539854288101196,
            34.31940197944641,
            35.16177415847778,
            36.00554919242859,
            36.894002199172974,
            37.7374153137207,
            38.52064251899719
        ],
        "memory_usages": [
            4.0,
            4.0,
            4.0,
            4.0,
            4.0,
            5.0,
            5.0,
            5.0,
            5.0,
            5.0,
            5.0,
            6.0,
            6.0,
            6.0,
            6.0,
            6.0,
            6.0,
            7.0,
            7.0,
            7.0,
            7.0,
            7.0,
            5.578125,
            6.578125,
            6.578125,
            5.79296875,
            5.8515625,
            5.9375,
            6.4453125,
            7.05859375,
            7.19140625,
            7.29296875,
            7.8046875,
            7.63671875,
            8.15625,
            7.8125,
            8.44140625,
            7.953125,
            8.7109375,
            8.125,
            8.98828125,
            8.265625,
            9.265625,
            8.4453125,
            8.51171875,
            8.58203125,
            8.6484375,
            8.71875,
            8.7890625
        ]
    },
    "run_count": 2,
    "seed": 96
}