{
    "dataset": "8_celeba",
    "model": "AutoSAD",
    "auc": 0.804397572070462,
    "total_runtime": 761.0329370498657,
    "total_memory_usage": 28.8515625,
    "Instances": 202599,
    "window_metric": {
        "window_size": 1000,
        "auc_scores": [
            0.6877720207253888,
            0.6456251242297755,
            0.6897113188986863,
            0.6930377387032101,
            0.7132447885223197,
            0.7300580710142263,
            0.7408399373838177,
            0.7498036695937744,
            0.7510404286720077,
            0.7515951588114754,
            0.7560200350908851,
            0.7597986825717038,
            0.7657755597681587,
            0.7710408100126565,
            0.771446808602698,
            0.7765955085337437,
            0.78063469482669,
            0.7848948326695159,
            0.7828134761060084,
            0.7821323433045364,
            0.7859927298252753,
            0.7902187135675838,
            0.7923160338341028,
            0.7923704510652687,
            0.7899688333083125,
            0.7940665484121258,
            0.7935101320675886,
            0.7945063741689697,
            0.7967042103409526,
            0.7965624137966418,
            0.7943502370266029,
            0.7920987768373289,
            0.7933323637567458,
            0.7926890561691834,
            0.7905616956571974,
            0.7920939064478896,
            0.7921273204512825,
            0.7912267539353846,
            0.7926072253539928,
            0.7918033742416741,
            0.791733590613878,
            0.7939076830999783,
            0.795469911269353,
            0.795535188741323,
            0.7956541679114817,
            0.796579261562852,
            0.7957057092516079,
            0.7952960300933859,
            0.7948065815805176,
            0.7962269599196925,
            0.7961546136915276,
            0.7963053027915467,
            0.7974536621306844,
            0.7971340371442686,
            0.7973659999174747,
            0.7956726200080166,
            0.7970157681439777,
            0.7962958554940508,
            0.7979297386636018,
            0.7981602289842357,
            0.7990086700868642,
            0.7995345686284001,
            0.7971980637522732,
            0.7968940797998372,
            0.7981785929158025,
            0.797647529971427,
            0.7958535806785666,
            0.7962324609966411,
            0.7969032587712609,
            0.7973758276874287,
            0.7972451063892287,
            0.7970871529014129,
            0.7975854126898442,
            0.7979234537176378,
            0.7981114216015933,
            0.7990462235769141,
            0.7997182719384648,
            0.7979396115107791,
            0.7965914985978939,
            0.7972092445316094,
            0.797045994227643,
            0.7979055076911934,
            0.7976466048752774,
            0.7979502674114287,
            0.7987161649873109,
            0.7991503095141858,
            0.7998506807600474,
            0.7997952388857374,
            0.8000015618054939,
            0.8005581392045453,
            0.8007498876762952,
            0.7995194375196991,
            0.7989773819112659,
            0.7987966522105712,
            0.8001327162262435,
            0.8009027907889285,
            0.8016238307739296,
            0.8022547706566704,
            0.8013444956371797,
            0.8006573451237562,
            0.8006435304388876,
            0.7998086801863485,
            0.7993290025732153,
            0.7995613949677295,
            0.7997374113324655,
            0.799318294673521,
            0.8000097724282927,
            0.799831501994421,
            0.7998687997310494,
            0.8005895397915413,
            0.80029990801559,
            0.8001953851261814,
            0.8009941982386386,
            0.8012656387236923,
            0.8018926080995282,
            0.8021518154411035,
            0.8021334413070134,
            0.8022606469316278,
            0.802608353051379,
            0.8020685030572726,
            0.8020783254943585,
            0.8017833365643653,
            0.8021590564529364,
            0.8022688575598754,
            0.8029702471285227,
            0.8030474688539744,
            0.8019435474323195,
            0.8018232633319452,
            0.8005702741621238,
            0.8005448539183807,
            0.8006136723766012,
            0.8014275892741493,
            0.8014875238924642,
            0.8021209795927834,
            0.802474926069552,
            0.8029898437212948,
            0.8034629733566527,
            0.8032708481526172,
            0.8029473308307317,
            0.8019085347480178,
            0.801334592317251,
            0.8002394514424229,
            0.7995449799460987,
            0.7990433875947582,
            0.79879875328324,
            0.7987566217474442,
            0.7991881791134101,
            0.7988586651550179,
            0.799111750989682,
            0.7993619781461891,
            0.7992340864090617,
            0.7991531057766895,
            0.7996721924521822,
            0.7997877683244468,
            0.799762784264398,
            0.8002543081139559,
            0.7998614982778329,
            0.799782255527976,
            0.800163353034329,
            0.8003226960575274,
            0.8003980471335808,
            0.8000155491061504,
            0.7999460701274698,
            0.79964981822934,
            0.800123858896117,
            0.8007353893603663,
            0.8009748324490653,
            0.8011835440352427,
            0.8007338999126111,
            0.8008966301174453,
            0.801163374553613,
            0.8007007249933916,
            0.8010670402442447,
            0.8006003360119048,
            0.800573787750132,
            0.8009672199875933,
            0.8016140179588481,
            0.8017097342704647,
            0.8018575239436232,
            0.8021556539800386,
            0.8022553496532119,
            0.8025319180404882,
            0.8026315881867455,
            0.8030544609208381,
            0.8034076279405946,
            0.8037960620589548,
            0.8041111034710886,
            0.8037031928269525,
            0.804387687624563,
            0.804522012622285,
            0.8040068077725504,
            0.8038556085109275,
            0.8042246044832712,
            0.8043613522793046,
            0.8040744254540924,
            0.8041591295057762,
            0.8041732955235287,
            0.8043359740191023,
            0.8043355655456109,
            0.8044421431555843,
            0.8044918822313865,
            0.8044743662839391
        ],