{
    "dataset": "49_kddcup99_prob",
    "model": "AutoSAD",
    "auc": 0.8135520546852595,
    "total_runtime": 131.70609664916992,
    "total_memory_usage": 38.0,
    "Instances": 64759,
    "window_metric": {
        "window_size": 1000,
        "auc_scores": [
            0.8716748045572187,
            0.6633829869766122,
            0.6741993236276397,
            0.6857286481791236,
            0.7179673672378771,
            0.7293144762531139,
            0.705008606336524,
            0.6916732029581683,
            0.6754568589049013,
            0.6952339514059346,
            0.7069358458452257,
            0.7561096928648658,
            0.7320108569071156,
            0.740340453837506,
            0.7464346044433464,
            0.7519947728735056,
            0.7618514695559003,
            0.7702743232230658,
            0.7784416554330709,
            0.7733860028329049,
            0.7754051412929811,
            0.7760538954255348,
            0.7834672492266482,
            0.7880328285931119,
            0.7908081366686276,
            0.795049347688012,
            0.803190975464176,
            0.8043149639939895,
            0.8088095228199392,
            0.8110552726230468,
            0.8125309138589851,
            0.811998505771913,
            0.8114543978458169,
            0.8108434336882371,
            0.814219289715381,
            0.8147895377721592,
            0.815152430867768,
            0.8138759126765296,
            0.8134616968078284,
            0.8033646185735819,
            0.8016169210310222,
            0.8032653479605348,
            0.804689428647648,
            0.8065870774568588,
            0.8068803881908369,
            0.8047055264540246,
            0.8058307955826598,
            0.8067153172674493,
            0.8080147716942917,
            0.8082718833593956,
            0.8064289618020415,
            0.8075981966333667,
            0.8095642147576275,
            0.8086781593864996,
            0.8104709989607369,
            0.8122469565823563,
            0.8127195995986596,
            0.8124705453941186,
            0.8120807875052765,
            0.8131394922962005,
            0.8147266788924044,
            0.8149647859001354,
            0.8156087725506319,
            0.8132405098978353
        ],
        "runtimes": [
            1.8194491863250732,
            4.497767210006714,
            7.032000780105591,
            9.435288667678833,
            11.967609882354736,
            14.168845415115356,
            16.28156542778015,
            18.343741416931152,
            21.272886991500854,
            23.73197603225708,
            26.039212942123413,
            28.312747478485107,
            30.91245722770691,
            32.93213605880737,
            35.27994394302368,
            37.63866996765137,
            40.10647463798523,
            42.184775829315186,
            44.37960600852966,
            46.69627785682678,
            48.75185990333557,
            50.7843759059906,
            52.90606093406677,
            55.20809030532837,
            57.46820259094238,
            59.39959931373596,
            61.3291335105896,
            63.405407190322876,
            65.79493522644043,
            67.66909718513489,
            69.64073610305786,
            71.78253412246704,
            74.05397844314575,
            75.89773893356323,
            77.69933986663818,
            79.65579032897949,
            81.68952250480652,
            83.86300683021545,
            86.12642765045166,
            88.00433230400085,
            90.07243156433105,
            92.03244662284851,
            93.84758067131042,
            95.75859451293945,
            97.52007007598877,
            99.40583658218384,
            101.30308938026428,
            103.15876293182373,
            105.00521755218506,
            106.58925080299377,
            108.56894040107727,
            110.32756519317627,
            112.04365825653076,
            113.82740664482117,
            115.56160831451416,
            117.04903149604797,
            118.53181910514832,
            120.12697124481201,
            121.83468461036682,
            123.41274070739746,
            125.12994503974915,
            126.828134059906,
            128.43154311180115,
            130.17967820167542
        ],
        "memory_usages": [
            36.0,
            37.0,
            37.0,
            37.0,
            37.0,
            37.0,
            37.0,
            37.0,
            37.0,
            37.0,
            37.0,
            37.0,
            37.0,
            37.0,
            37.0,
            37.0,
            37.0,
            37.0,
            37.0,
            37.0,
            37.0,
            37.0,
            37.0,
            37.0,
            37.0,
            37.0,
            37.0,
            37.0,
            37.0,
            37.0,
            37.0,
            37.0,
            38.0,
            38.0,
            38.0,
            38.0,
            38.0,
            38.0,
            38.0,
            38.0,
            38.0,
            38.0,
            38.0,
            38.0,
            38.0,
            38.0,
            38.0,
            38.0,
            38.0,
            38.0,
            38.0,
            38.0,
            38.0,
            38.0,
            38.0,
            38.0,
            38.0,
            38.0,
            38.0,
            38.0,
            38.0,
            38.0,
            38.0,
            38.0
        ]
    },
    "run_count": 9,
    "seed": 84
}