{
    "dataset": "8_celeba",
    "model": "AutoSAD",
    "auc": 0.734193412986984,
    "total_runtime": 38.710591554641724,
    "total_memory_usage": 23.7109375,
    "Instances": 202599,
    "window_metric": {
        "window_size": 1000,
        "auc_scores": [
            0.6531458179126572,
            0.6802305704631287,
            0.7162089697469024,
            0.7015695874586404,
            0.7200156255548847,
            0.7315725354820375,
            0.7315394302053646,
            0.7372078815206808,
            0.7278310436205174,
            0.722126024590164,
            0.7227705048205932,
            0.7194393300142286,
            0.7262812635035979,
            0.7312958514976797,
            0.7276044425205489,
            0.7315546178441293,
            0.7324053136150639,
            0.7334484021802842,
            0.7299287065328096,
            0.7305582634954146,
            0.733939103547759,
            0.7363103246307976,
            0.7378260183375479,
            0.7361837845523066,
            0.7343570162090112,
            0.7385756348038135,
            0.7391643660149768,
            0.7391709336168535,
            0.7401585261565262,
            0.7390172268891501,
            0.7371867519721064,
            0.735940761936922,
            0.7373436116752793,
            0.7350880611152337,
            0.7330618547063947,
            0.734910135104319,
            0.7343644303506534,
            0.7318528062297188,
            0.7313738463351148,
            0.7297534570655283,
            0.7299882386348563,
            0.7320124156657097,
            0.7324537225640366,
            0.7316543997986975,
            0.7313225194984947,
            0.7330068469527503,
            0.7338933678875647,
            0.7345871537520439,
            0.734472188627782,
            0.7338120894976766,
            0.7318404396234068,
            0.7320110022804049,
            0.7328029345382306,
            0.7328437918445309,
            0.7340849243295896,
            0.7324634452923964,
            0.7333945761190427,
            0.7321501001726459,
            0.7341236455599215,
            0.734015039784041,
            0.7350569114349687,
            0.7351071123006352,
            0.7334743471274585,
            0.7329790439398582,
            0.7333948882698569,
            0.7328166659770321,
            0.7320071873047799,
            0.7330451543265604,
            0.7335190350309374,
            0.7334829517936472,
            0.7329456045122527,
            0.7320372273592104,
            0.7324478149763278,
            0.7324523138509996,
            0.7321235137524831,
            0.7334685535587047,
            0.7340967161612982,
            0.7329732856180882,
            0.7318812285039831,
            0.7327424026363919,
            0.7325935149728859,
            0.7326059922829862,
            0.7317586830882256,
            0.7315018888328996,
            0.731798418742049,
            0.7320196368841763,
            0.7325681117341497,
            0.7329599200085485,
            0.7326940108409528,
            0.7334033267045454,
            0.7333009146612091,
            0.7320910842356829,
            0.7318923809078612,
            0.731811118733275,
            0.7329793893000598,
            0.7334220668589977,
            0.7339819771103302,
            0.7344404629326344,
            0.7336265412538464,
            0.7325554689020222,
            0.7319100031566464,
            0.7309169495761694,
            0.7305171912994909,
            0.7298857876217185,
            0.7300402805782865,
            0.7292977836816795,
            0.729587406205536,
            0.729633241064022,
            0.7295056330580093,
            0.7300006956540913,
            0.7294413826840627,
            0.7294185462389277,
            0.7295010020951824,
            0.7295485924458487,
            0.7301316312983059,
            0.7303031847455782,
            0.7302060623869507,
            0.7297056700692861,
            0.7301985270596586,
            0.7302905979988449,
            0.7302376412706232,
            0.7295531705703473,
            0.7294360315734677,
            0.7295312593148174,
            0.7301302897933111,
            0.730099116370907,
            0.7286049522343528,
            0.7289097291422711,
            0.727598609139557,
            0.7275548219211393,
            0.7282051415645208,
            0.7291212052837549,
            0.7292440955924766,
            0.7300972187593804,
            0.730433534076614,
            0.730976326011219,
            0.7314937977829153,
            0.7311092287042937,
            0.7303419317501004,
            0.7294907100183882,
            0.7296359119452424,
            0.7295207233948551,
            0.7292576646420988,
            0.7290415786845075,
            0.7291562236557004,
            0.7292642830379431,
            0.7295202048078526,
            0.7290292656790258,
            0.729141055550891,
            0.7289799454042436,
            0.7291524397402075,
            0.7292530391554649,
            0.7296171512855804,
            0.7297482719838869,
            0.7293792123696626,
            0.7300676990790758,
            0.7299294067038644,
            0.7300547655029167,
            0.7306204598826164,
            0.7307641723793339,
            0.7306605398955685,
            0.7301281628681032,
            0.7302285162070259,
            0.7300679325861612,
            0.7304750223831828,
            0.7307900758351219,
            0.7310239439550037,
            0.731516149076758,
            0.7308549643095649,
            0.7311505091232299,
            0.7314921446244039,
            0.7312005922041163,
            0.7315531019590188,
            0.7305453782186194,
            0.7303219471447733,
            0.7304953591375918,
            0.7310603273749468,
            0.7312174288336677,
            0.7315500623057103,
            0.7318773499635157,
            0.7320025593117238,
            0.7324188201008096,
            0.7327833906553171,
            0.7332766802376269,
            0.7336451598024325,
            0.7340203702997267,
            0.7341614062263349,
            0.7337362220488751,
            0.7339126751742556,
            0.7336212583421448,
            0.7329395116150845,
            0.7329975300590807,
            0.733580280196453,
            0.733840968390047,
            0.7336291997941699,
            0.7339881930353013,
            0.7339262903339032,
            0.7340082159106351,
            0.7340566921395153,
            0.734254093402313,
            0.7341654842648421,
            0.7340747102151975
        ],