{
    "dataset": "1_ALOI",
    "model": "AutoSAD",
    "auc": 0.6234627165369422,
    "total_runtime": 8.265173435211182,
    "total_memory_usage": 8.36328125,
    "Instances": 49534,
    "window_metric": {
        "window_size": 1000,
        "auc_scores": [
            NaN,
            0.48304166397101633,
            0.5648133991366866,
            0.5908216638069408,
            0.6007927175719568,
            0.6009723150617307,
            0.6017234376116889,
            0.6088193017809309,
            0.617334440556222,
            0.6207425993695423,
            0.6104265102205292,
            0.6067588694582003,
            0.6022424433650533,
            0.601498911558039,
            0.5988762080053727,
            0.5927175315238408,
            0.5888264140437676,
            0.5884464278476631,
            0.5770104984711465,
            0.5669955277814595,
            0.569338213160701,
            0.5641743287540301,
            0.5645116670393919,
            0.5656755470026242,
            0.5696572985396914,
            0.5689719611795504,
            0.5679481387201726,
            0.5680478436811514,
            0.569283574560972,
            0.5725859667062764,
            0.5771286580076924,
            0.5796131332965189,
            0.5814080903372875,
            0.5839579446775064,
            0.5856245689615573,
            0.5897111689451842,
            0.5936363363238579,
            0.5973608073976318,
            0.6000821996756301,
            0.6034735661769671,
            0.6068002961214854,
            0.6098795819379196,
            0.6124598721021547,
            0.6148745958359209,
            0.6169633074993394,
            0.6174800655606194,
            0.6194132334690963,
            0.6216509311889831,
            0.6224580669289325
        ],
        "runtimes": [
            0.0765385627746582,
            0.22500896453857422,
            0.3803067207336426,
            0.53365159034729,
            0.6854367256164551,
            0.8349611759185791,
            0.9831976890563965,
            1.135004997253418,
            1.2844138145446777,
            1.4352669715881348,
            1.5828197002410889,
            1.7325894832611084,
            1.8803808689117432,
            2.0262999534606934,
            2.171800136566162,
            2.3133704662323,
            2.4591307640075684,
            2.606534004211426,
            2.7562153339385986,
            2.9054644107818604,
            3.056036949157715,
            3.2082550525665283,
            3.361351251602173,
            3.51603627204895,
            3.6710150241851807,
            3.824918270111084,
            3.980193853378296,
            4.142327785491943,
            4.317213773727417,
            4.49761438369751,
            4.674832582473755,
            4.860923528671265,
            5.0373876094818115,
            5.219280242919922,
            5.408171892166138,
            5.601816654205322,
            5.8023834228515625,
            6.00170636177063,
            6.197628974914551,
            6.405901193618774,
            6.618125677108765,
            6.818549633026123,
            7.018925666809082,
            7.215304136276245,
            7.39650821685791,
            7.575723886489868,
            7.7641754150390625,
            7.959588527679443,
            8.149984121322632
        ],
        "memory_usages": [
            1.0,
            2.0,
            2.0,
            3.0,
            3.0,
            3.0,
            3.0,
            3.0,
            4.0,
            4.0,
            4.0,
            4.0,
            4.0,
            4.0,
            4.0,
            5.0,
            5.0,
            5.0,
            5.0,
            5.0,
            6.0,
            6.0,
            6.0,
            6.0,
            4.98828125,
            5.98828125,
            5.98828125,
            5.39453125,
            6.39453125,
            6.1640625,
            6.12109375,
            6.19921875,
            6.2734375,
            6.09375,
            6.19140625,
            6.25390625,
            6.59765625,
            6.6640625,
            6.7734375,
            6.83984375,
            7.0078125,
            6.99609375,
            7.30859375,
            7.9140625,
            8.390625,
            8.359375,
            8.671875,
            7.7734375,
            7.84375
        ]
    },
    "run_count": 9,
    "seed": 7
}