{
    "dataset": "3_backdoor",
    "model": "AutoSAD",
    "auc": 0.839150874665854,
    "total_runtime": 142.96792340278625,
    "total_memory_usage": 10.0,
    "Instances": 95329,
    "window_metric": {
        "window_size": 1000,
        "auc_scores": [
            0.2000472113135475,
            0.09751148024560924,
            0.064467942378578,
            0.04815107516051219,
            0.038425549981656974,
            0.03196855956296146,
            0.027369428565556565,
            0.023927166137490043,
            0.02125403842690019,
            0.01911816882315181,
            0.017372376765517644,
            0.015918743030640434,
            0.014689591379753196,
            0.013636649556245698,
            0.012724560093584626,
            0.011926832045588592,
            0.011223225647996212,
            0.010598011139166816,
            0.010038778848566507,
            0.00953560713544101,
            0.7984568916504223,
            0.8080718648104283,
            0.8111484400124842,
            0.811364850461588,
            0.8126065894393096,
            0.8143629103601666,
            0.8145173422878388,
            0.8089763640905646,
            0.8104076202543702,
            0.809820181338768,
            0.8110902819025946,
            0.8128916121986812,
            0.8093387038152218,
            0.8103693177808092,
            0.8123335076491728,
            0.8118530067956335,
            0.8127595395266879,
            0.8126858802542997,
            0.8140717791683043,
            0.8161572413640648,
            0.8182824415672447,
            0.8202387125612071,
            0.82194794628889,
            0.8231571835316305,
            0.8246239222531233,
            0.8261455660488771,
            0.827473417480901,
            0.8289106855344345,
            0.8302820646434557,
            0.8315067928755984,
            0.831569547027533,
            0.8329395697794154,
            0.8341534542676977,
            0.8352957511454506,
            0.8365345041661161,
            0.8377527550279867,
            0.8388271226228875,
            0.8387443657577641,
            0.8397993593760785,
            0.8408100366652982,
            0.8416286397870988,
            0.8423857313071502,
            0.8430680265863049,
            0.8438752658727007,
            0.8445969178469477,
            0.8455396230820136,
            0.8463790979551179,
            0.8471526807971818,
            0.8478883065760265,
            0.848699377177394,
            0.8494156021452308,
            0.8500146183201406,
            0.8506622984079414,
            0.8500705958171082,
            0.8502693239623151,
            0.8507988209909677,
            0.8509105418268916,
            0.8516592915721768,
            0.8506110764523157,
            0.8492588279108014,
            0.8489667206598128,
            0.8493414807039908,
            0.8489297335802946,
            0.8485704640705399,
            0.8486749323800162,
            0.8642218784890774,
            0.8639082668896528,
            0.8620110135926965,
            0.8594561579160204,
            0.8560862706154464,
            0.8502090575349921,
            0.850212879403342,
            0.8487024101065449,
            0.845860959773717,
            0.8447895645161291
        ],
        "runtimes": [
            0.7298247814178467,
            1.4153013229370117,
            2.603691577911377,
            3.470237970352173,
            4.830082178115845,
            6.4612343311309814,
            7.948549747467041,
            9.24856185913086,
            10.740327835083008,
            12.228636980056763,
            13.526252508163452,
            14.826109647750854,
            16.266584634780884,
            17.695378065109253,
            19.169912576675415,
            20.63582468032837,
            21.999252796173096,
            23.671427965164185,
            25.1344256401062,
            26.49638319015503,
            27.97802209854126,
            29.65177059173584,
            31.386468648910522,
            33.285680055618286,
            35.101534366607666,
            36.75884008407593,
            38.78431010246277,
            40.356446981430054,
            42.013243198394775,
            43.61869955062866,
            45.20652365684509,
            46.789798736572266,
            48.336437940597534,
            50.090123414993286,
            51.51795721054077,
            53.324105739593506,
            55.21632146835327,
            56.63954782485962,
            58.1681866645813,
            59.70604348182678,
            61.10388660430908,
            62.474807262420654,
            63.90873670578003,
            65.31973218917847,
            66.88244414329529,
            68.39870882034302,
            69.77662324905396,
            71.18813729286194,
            72.55713820457458,
            74.1667149066925,
            75.65465569496155,
            77.1759467124939,
            78.67263221740723,
            80.1203682422638,
            81.65122652053833,
            83.01284265518188,
            84.57551789283752,
            86.04857659339905,
            87.60338091850281,
            89.04894089698792,
            90.44155168533325,
            91.81980919837952,
            93.34289240837097,
            94.97952675819397,
            96.49317669868469,
            98.09209442138672,
            99.48590135574341,
            101.14792990684509,
            102.53912162780762,
            104.08303594589233,
            105.48291826248169,
            106.94406175613403,
            108.73271870613098,
            110.27354025840759,
            111.72383522987366,
            113.21379971504211,
            114.83763265609741,
            116.40749835968018,
            117.94510245323181,
            119.5031943321228,
            121.39353942871094,
            122.96299409866333,
            124.40621137619019,
            125.98845505714417,
            127.8306622505188,
            129.29939436912537,
            130.9580385684967,
            132.38498067855835,
            133.82371497154236,
            135.25689792633057,
            136.67509174346924,
            138.11105632781982,
            139.53375887870789,
            140.9661135673523,
            142.45640778541565
        ],