{
    "dataset": "51_kddcup99_u2r",
    "model": "AutoSAD",
    "auc": 0.9296213432678953,
    "total_runtime": 172.93663549423218,
    "total_memory_usage": 19.24609375,
    "Instances": 60821,
    "window_metric": {
        "window_size": 1000,
        "auc_scores": [
            NaN,
            0.9789894947473737,
            0.9473157719239746,
            0.9544886221555389,
            0.962992598519704,
            0.9678279713285547,
            0.8959792291934638,
            0.9146604552276137,
            0.7611994710760142,
            0.7904054054054054,
            0.8059588514133968,
            0.8417945936926414,
            0.8381456647398844,
            0.8325361154509711,
            0.8480483321444965,
            0.8528610877122813,
            0.8527964232964198,
            0.847811220229812,
            0.8523833169279805,
            0.8570294233521203,
            0.8961347520355543,
            0.9062413051574382,
            0.9053341605487195,
            0.9039667621780472,
            0.9080933352473936,
            0.9066596990429201,
            0.9100139066968378,
            0.9108391576311147,
            0.9112152376675022,
            0.9117097577869301,
            0.9118792019182644,
            0.9119194172935835,
            0.9123436878649025,
            0.911939261736873,
            0.9118458798946413,
            0.9119808201448218,
            0.9132984334402353,
            0.9146832036929001,
            0.9161420900104191,
            0.9177124321872296,
            0.9190045811226537,
            0.9201060547099861,
            0.9186065721933528,
            0.9196565734812291,
            0.9208429280513797,
            0.9219335635173765,
            0.9227051012530436,
            0.9231203209488924,
            0.9235151671189967,
            0.9243785894544224,
            0.9252201147476009,
            0.9257505219245933,
            0.9261357617544214,
            0.926313469306567,
            0.9266313083450309,
            0.9269988059685931,
            0.9275716670931186,
            0.9280809027259002,
            0.9287761671329346,
            0.9293202693627598
        ],
        "runtimes": [
            1.3127434253692627,
            4.7572102546691895,
            7.102234125137329,
            10.35767912864685,
            12.577816486358643,
            14.822483539581299,
            17.073817253112793,
            19.63770365715027,
            22.106813430786133,
            24.63229990005493,
            27.212475776672363,
            29.7750244140625,
            32.31811213493347,
            34.830692768096924,
            37.33508348464966,
            39.846155643463135,
            42.40500283241272,
            44.99448037147522,
            47.734416484832764,
            50.34853196144104,
            52.936025857925415,
            55.75393199920654,
            58.356630086898804,
            61.00138831138611,
            63.7352569103241,
            66.7029640674591,
            69.75511860847473,
            72.89801263809204,
            76.31704115867615,
            79.29870367050171,
            82.15969347953796,
            85.11753153800964,
            88.05657935142517,
            90.86581778526306,
            94.22208523750305,
            97.02590489387512,
            100.08915591239929,
            103.03082227706909,
            105.80525922775269,
            108.57215595245361,
            111.23008131980896,
            113.9224374294281,
            117.23843932151794,
            120.44041323661804,
            123.36212277412415,
            126.53290343284607,
            129.4048707485199,
            132.4673879146576,
            135.61332726478577,
            138.52585911750793,
            142.0105917453766,
            145.1437590122223,
            148.07713055610657,
            151.19492363929749,
            154.42997193336487,
            157.6775357723236,
            161.16926097869873,
            164.3056182861328,
            167.59756016731262,
            170.45929098129272
        ],
        "memory_usages": [
            6.0,
            7.0,
            7.0,
            8.0,
            8.0,
            8.0,
            8.0,
            8.0,
            8.0,
            8.0,
            8.0,
            8.0,
            8.0,
            8.0,
            8.0,
            8.0,
            8.0,
            8.0,
            8.0,
            8.0,
            8.0,
            8.0,
            9.0,
            9.0,
            9.0,
            9.0,
            9.0,
            9.0,
            9.0,
            9.0,
            9.0,
            9.0,
            9.0,
            7.76171875,
            8.76171875,
            8.76171875,
            9.26953125,
            10.26953125,
            9.86328125,
            10.86328125,
            10.86328125,
            10.37890625,
            11.37890625,
            11.00390625,
            10.6171875,
            11.6171875,
            12.29296875,
            11.734375,
            12.5390625,
            13.2265625,
            14.2265625,
            15.2265625,
            16.2265625,
            17.2265625,
            16.3125,
            16.8046875,
            16.859375,
            16.9765625,
            17.12890625,
            17.24609375
        ]
    },
    "run_count": 7,
    "seed": 76
}