{
    "dataset": "48_chess",
    "model": "AutoSAD",
    "auc": 0.9493355426852875,
    "total_runtime": 66.06046986579895,
    "total_memory_usage": 15.0,
    "Instances": 28056,
    "window_metric": {
        "window_size": 1000,
        "auc_scores": [
            0.9269269269269269,
            0.9248873309964948,
            0.9319319319319319,
            0.9338670669668917,
            0.9490592473979182,
            0.9508839226150767,
            0.943531093638313,
            0.9507755816862646,
            0.9514305833518643,
            0.9554545324584351,
            0.9556860859507998,
            0.955626667778519,
            0.9560787407635468,
            0.9601570064791167,
            0.9516093434823001,
            0.9516145329618777,
            0.9492649408756791,
            0.9438606245945695,
            0.9459888259154476,
            0.9476926926926927,
            0.9477240228789323,
            0.9500973873329304,
            0.9513328954968784,
            0.9513929435315707,
            0.9501123642446704,
            0.9525790182868142,
            0.9472326627920904,
            0.9493466583517705
        ],
        "runtimes": [
            1.4800701141357422,
            4.015972137451172,
            6.532257080078125,
            9.031177282333374,
            11.593052864074707,
            14.18312954902649,
            16.51173162460327,
            18.776959657669067,
            21.334937810897827,
            23.575037002563477,
            25.816786527633667,
            28.12100338935852,
            30.457993268966675,
            32.76702618598938,
            35.252164363861084,
            37.44531536102295,
            39.709747314453125,
            42.23975920677185,
            44.77159023284912,
            47.20846152305603,
            49.39489150047302,
            51.67320251464844,
            53.887455224990845,
            56.26910376548767,
            58.839643716812134,
            61.166191816329956,
            63.49532723426819,
            65.86560726165771
        ],
        "memory_usages": [
            15.0,
            15.0,
            15.0,
            15.0,
            15.0,
            15.0,
            15.0,
            15.0,
            15.0,
            15.0,
            15.0,
            15.0,
            15.0,
            15.0,
            15.0,
            15.0,
            15.0,
            15.0,
            15.0,
            15.0,
            15.0,
            15.0,
            15.0,
            15.0,
            15.0,
            15.0,
            15.0,
            15.0
        ]
    },
    "run_count": 1,
    "seed": 82
}