{
    "dataset": "51_kddcup99_u2r",
    "model": "AutoSAD",
    "auc": 0.9281730476075488,
    "total_runtime": 220.47851872444153,
    "total_memory_usage": 578.45703125,
    "Instances": 60821,
    "window_metric": {
        "window_size": 1000,
        "auc_scores": [
            NaN,
            0.8929464732366182,
            0.8622874291430478,
            0.84896224056014,
            0.8419683936787358,
            0.8389731621936989,
            0.9439759897098757,
            0.9138319159579791,
            0.8964520075631187,
            0.8967367367367367,
            0.8950727587091223,
            0.886838216013921,
            0.8742597302504816,
            0.8806295799920525,
            0.882266361232569,
            0.8849605788634834,
            0.8852722746531125,
            0.8842320384875353,
            0.8815958306967588,
            0.8806697796328613,
            0.9240079975288685,
            0.9344201636252237,
            0.933339307666678,
            0.9263196439071781,
            0.9325924198658183,
            0.9332828744576364,
            0.9343079886035895,
            0.9339849610539079,
            0.9370033771868599,
            0.938944116776594,
            0.9383952762859012,
            0.937881918225802,
            0.937560722936211,
            0.9368016637286114,
            0.9361337905982161,
            0.9356110447618838,
            0.9348180064677527,
            0.9344944470288332,
            0.934592022949618,
            0.9348268528182668,
            0.9343733559231353,
            0.9335915259338651,
            0.9320870431350023,
            0.9318741596830618,
            0.932053742917124,
            0.9320750970564738,
            0.9323757467783123,
            0.9323522530379673,
            0.9314192858446633,
            0.9314273080696429,
            0.9310766676973199,
            0.9307187193079794,
            0.9299294601572975,
            0.9296207724574941,
            0.9296434599799204,
            0.9291636938309799,
            0.928323636188336,
            0.9280709953586451,
            0.9281758320288572,
            0.92785281437885
        ],
        "runtimes": [
            1.5264031887054443,
            4.546348810195923,
            9.471338987350464,
            13.070401906967163,
            16.497679233551025,
            19.838778734207153,
            22.989182710647583,
            26.406343460083008,
            29.647285223007202,
            33.71554613113403,
            37.674448013305664,
            41.2727689743042,
            45.19847083091736,
            48.58832359313965,
            52.134377002716064,
            55.435502767562866,
            58.89395999908447,
            63.008544921875,
            66.11621618270874,
            69.3294312953949,
            72.93005037307739,
            76.49411392211914,
            80.35871958732605,
            83.63637375831604,
            89.71393156051636,
            93.40736198425293,
            99.34839701652527,
            102.92823243141174,
            106.03316330909729,
            108.98044919967651,
            111.90499806404114,
            115.08748507499695,
            119.83047199249268,
            123.05719017982483,
            126.14033937454224,
            129.4965853691101,
            132.9772343635559,
            136.90104842185974,
            141.54550409317017,
            150.32844829559326,
            154.11085104942322,
            159.3259711265564,
            162.94336652755737,
            167.7635622024536,
            171.04723501205444,
            174.412456035614,
            177.71362948417664,
            180.5678255558014,
            183.81087279319763,
            187.0477123260498,
            190.31702065467834,
            193.42616295814514,
            196.40859985351562,
            199.79686617851257,
            202.71527242660522,
            205.48567533493042,
            208.40917563438416,
            211.65766406059265,
            214.65722942352295,
            218.00610160827637
        ],
        "memory_usages": [
            68.0,
            194.0,
            225.0,
            193.68359375,
            193.68359375,
            193.68359375,
            193.68359375,
            193.68359375,
            193.68359375,
            193.68359375,
            193.68359375,
            193.68359375,
            193.68359375,
            193.68359375,
            193.68359375,
            193.68359375,
            193.68359375,
            193.68359375,
            193.68359375,
            193.68359375,
            193.68359375,
            193.68359375,
            193.68359375,
            193.68359375,
            193.68359375,
            593.68359375,
            609.68359375,
            193.25,
            193.25,
            193.25,
            193.25,
            193.25,
            193.25,
            193.25,
            193.25,
            193.25,
            193.25,
            193.25,
            640.25,
            191.8203125,
            579.8203125,
            584.8203125,
            578.45703125,
            578.45703125,
            578.45703125,
            578.45703125,
            578.45703125,
            578.45703125,
            578.45703125,
            578.45703125,
            578.45703125,
            578.45703125,
            578.45703125,
            578.45703125,
            578.45703125,
            578.45703125,
            578.45703125,
            578.45703125,
            578.45703125,
            578.45703125
        ]
    },
    "run_count": 10,
    "seed": 71
}