{
    "dataset": "5_campaign",
    "model": "AutoSAD",
    "auc": 0.7003132394621339,
    "total_runtime": 225.45310831069946,
    "total_memory_usage": 11.671875,
    "Instances": 41188,
    "window_metric": {
        "window_size": 1000,
        "auc_scores": [
            0.5340440418323759,
            0.5738907144778815,
            0.6038772762013369,
            0.606156228764677,
            0.616259589172975,
            0.6297340538758918,
            0.6418076794695542,
            0.6515961165854823,
            0.6568065817816786,
            0.6632018450616322,
            0.668249499596574,
            0.6724519927992227,
            0.6768464782148335,
            0.6790459673659673,
            0.6799861584386274,
            0.6807589770061796,
            0.6800526447025144,
            0.6824265278952907,
            0.684105243659028,
            0.6844869606620143,
            0.685193607423651,
            0.6868281257279618,
            0.6865349976695708,
            0.6880688031610654,
            0.6910464749502083,
            0.6924628839658826,
            0.6933382019945403,
            0.6945601136354413,
            0.6951927252961592,
            0.6963807151152089,
            0.6971804678475866,
            0.6974965922806498,
            0.6978803930211778,
            0.697528279696169,
            0.6979383017042544,
            0.698126474825026,
            0.6989710319671049,
            0.6997979727225048,
            0.6994502200671661,
            0.6989589755202106,
            0.7001548620311655
        ],
        "runtimes": [
            1.1717944145202637,
            4.097426176071167,
            7.492372035980225,
            10.596148490905762,
            17.155231714248657,
            24.451349020004272,
            31.757739067077637,
            38.57343864440918,
            45.71509122848511,
            52.58625292778015,
            59.73589563369751,
            67.28320980072021,
            76.03377270698547,
            84.6701591014862,
            93.11063146591187,
            101.33245420455933,
            109.71169900894165,
            118.20275664329529,
            124.48597741127014,
            130.71874356269836,
            136.9458487033844,
            143.13702011108398,
            148.79734563827515,
            153.300799369812,
            157.6905436515808,
            162.06871843338013,
            166.4318768978119,
            170.84933638572693,
            175.21449184417725,
            179.54889059066772,
            183.8815040588379,
            188.2433648109436,
            192.5414080619812,
            196.7820975780487,
            201.04456686973572,
            205.32422161102295,
            209.40476441383362,
            213.2728066444397,
            217.10692501068115,
            220.89488673210144,
            224.7259349822998
        ],
        "memory_usages": [
            4.0,
            7.0,
            8.0,
            9.0,
            9.0,
            9.0,
            9.0,
            9.0,
            9.0,
            9.0,
            9.0,
            9.0,
            9.0,
            9.0,
            10.0,
            10.0,
            10.0,
            10.0,
            10.0,
            10.0,
            11.0,
            9.609375,
            10.609375,
            10.609375,
            9.98046875,
            9.87890625,
            10.22265625,
            10.671875,
            11.671875,
            11.671875,
            11.2109375,
            12.2109375,
            11.35546875,
            11.421875,
            11.5234375,
            11.59375,
            11.66015625,
            11.73046875,
            11.83984375,
            11.91015625,
            11.9765625
        ]
    },
    "run_count": 4,
    "seed": 79
}