{
    "dataset": "49_kddcup99_prob",
    "model": "AutoSAD",
    "auc": 0.8257428349429081,
    "total_runtime": 290.0557961463928,
    "total_memory_usage": 12.38671875,
    "Instances": 64759,
    "window_metric": {
        "window_size": 1000,
        "auc_scores": [
            0.929427145868353,
            0.9600280554217628,
            0.8809911003962743,
            0.8856494254983918,
            0.9011913810245571,
            0.8997984054840565,
            0.8990133610354678,
            0.8949470556091007,
            0.8947296349133019,
            0.8999800422746959,
            0.9033645716420798,
            0.8147213923726802,
            0.8045066330738246,
            0.8261775803518103,
            0.798403920416727,
            0.7947650627136833,
            0.8033015706975541,
            0.8119985327275687,
            0.8194549618897637,
            0.8181809621004322,
            0.8193948314222262,
            0.8143184419111744,
            0.8176157523920948,
            0.8197357160926602,
            0.8205171794826489,
            0.8212976236252539,
            0.8241838817429351,
            0.8223958829946582,
            0.8247363401271133,
            0.8268467665315239,
            0.8289015219783682,
            0.8307129267859079,
            0.8318005290737929,
            0.8289219076797352,
            0.8299565948630603,
            0.8304598138364382,
            0.8306925339931898,
            0.8300788231859835,
            0.8314954133362253,
            0.8255905991701282,
            0.8246883256342603,
            0.8244462991057601,
            0.8253176936830928,
            0.827057731247516,
            0.8276313809619484,
            0.8264045969591715,
            0.8266693404843569,
            0.8272390333314751,
            0.8285043975612318,
            0.8292919647590384,
            0.8291163032686565,
            0.8286890160678204,
            0.8290349979876687,
            0.8289368570505825,
            0.8274580345701911,
            0.82793533478175,
            0.8276094890159245,
            0.8271631460548899,
            0.8274676765877463,
            0.8248398233526442,
            0.8248055002169106,
            0.8250773573299688,
            0.8257765495802236,
            0.8249566379128199
        ],
        "runtimes": [
            2.5717594623565674,
            6.907879829406738,
            11.61728310585022,
            16.214288473129272,
            20.73870611190796,
            25.222003936767578,
            29.231385707855225,
            33.99467158317566,
            38.755152463912964,
            43.08898091316223,
            47.41404962539673,
            52.11319828033447,
            56.99579405784607,
            61.206058502197266,
            65.74490571022034,
            70.14110660552979,
            75.06719017028809,
            79.79610228538513,
            84.14270234107971,
            88.57952404022217,
            93.15188002586365,
            97.56278085708618,
            102.24903512001038,
            106.9756829738617,
            111.35366702079773,
            115.90801167488098,
            120.77149605751038,
            124.84267497062683,
            129.2654893398285,
            134.3356909751892,
            138.42174577713013,
            142.93364143371582,
            147.6754274368286,
            152.12463235855103,
            157.3783881664276,
            161.75458455085754,
            166.2048122882843,
            170.76772713661194,
            175.096538066864,
            179.10010409355164,
            183.9742591381073,
            188.18211245536804,
            192.16967868804932,
            197.004900932312,
            201.2226071357727,
            205.75292873382568,
            210.89179682731628,
            215.80069828033447,
            220.61939978599548,
            225.33259272575378,
            229.84952640533447,
            234.79453134536743,
            239.000084400177,
            243.56152820587158,
            247.94753313064575,
            252.50602269172668,
            256.7208185195923,
            260.7811689376831,
            265.595725774765,
            270.7086341381073,
            275.5000846385956,
            279.41874980926514,
            283.40618777275085,
            287.13254046440125
        ],
        "memory_usages": [
            4.0,
            4.0,
            4.0,
            4.0,
            4.0,
            4.0,
            4.0,
            5.0,
            5.0,
            5.0,
            5.0,
            5.0,
            5.0,
            5.0,
            5.0,
            5.0,
            5.0,
            5.0,
            5.0,
            6.0,
            6.0,
            6.0,
            6.0,
            6.0,
            6.0,
            6.0,
            4.59375,
            5.59375,
            6.59375,
            7.59375,
            6.94140625,
            7.01171875,
            7.05859375,
            7.125,
            8.06640625,
            8.13671875,
            8.70703125,
            8.75,
            8.82421875,
            8.99609375,
            9.1796875,
            9.32421875,
            9.47265625,
            10.28125,
            10.73828125,
            10.328125,
            10.44921875,
            10.57421875,
            11.0703125,
            11.29296875,
            10.4140625,
            10.484375,
            10.546875,
            10.62109375,
            10.671875,
            10.8046875,
            10.86328125,
            10.9296875,
            10.984375,
            11.05078125,
            11.23046875,
            11.28125,
            12.734375,
            12.8203125
        ]
    },
    "run_count": 5,
    "seed": 11
}