{
    "dataset": "48_chess",
    "model": "AutoSAD",
    "auc": 0.939381566446392,
    "total_runtime": 137.12704157829285,
    "total_memory_usage": 8.0,
    "Instances": 28056,
    "window_metric": {
        "window_size": 1000,
        "auc_scores": [
            0.994994994994995,
            0.9906526456351193,
            0.9931598264931598,
            0.9947877574847802,
            0.9886659327461971,
            0.9893887591727819,
            0.9778984989278056,
            0.9801100825619213,
            0.9802090282410495,
            0.9716944718445769,
            0.9722420761263662,
            0.9519471314209472,
            0.9529614378078818,
            0.9485309886339267,
            0.9371198628555004,
            0.9381949757254693,
            0.9394963919866781,
            0.9431044388842554,
            0.9350037649785722,
            0.9380555555555555,
            0.9393398474737846,
            0.9430906991305554,
            0.9443024553129871,
            0.9451940794212876,
            0.9365294331654688,
            0.9384885466794995,
            0.9380956590677062,
            0.939387319253619
        ],
        "runtimes": [
            1.9131932258605957,
            4.790593147277832,
            8.223672151565552,
            13.845418453216553,
            19.450424194335938,
            23.89966583251953,
            28.17627215385437,
            32.46844124794006,
            36.82283926010132,
            41.129289627075195,
            46.68392515182495,
            52.69463634490967,
            57.490511655807495,
            62.7811713218689,
            67.7322564125061,
            72.6066300868988,
            77.84013485908508,
            83.11957931518555,
            88.00863313674927,
            92.895925283432,
            99.89658451080322,
            105.23834776878357,
            110.26418399810791,
            115.90505957603455,
            121.05959820747375,
            126.300053358078,
            131.5509181022644,
            136.84521961212158
        ],
        "memory_usages": [
            6.0,
            6.0,
            6.0,
            6.0,
            6.0,
            6.0,
            6.0,
            6.0,
            6.0,
            6.0,
            6.0,
            6.0,
            6.0,
            6.0,
            6.0,
            6.0,
            6.0,
            6.0,
            6.0,
            6.0,
            6.0,
            6.0,
            7.0,
            8.0,
            8.0,
            8.0,
            8.0,
            8.0
        ]
    },
    "run_count": 4,
    "seed": 46
}