{
    "dataset": "48_chess",
    "model": "AutoSAD",
    "auc": 0.9418525521847081,
    "total_runtime": 70.07097744941711,
    "total_memory_usage": 3.0,
    "Instances": 28056,
    "window_metric": {
        "window_size": 1000,
        "auc_scores": [
            0.7777777777777778,
            0.8931730929727925,
            0.9009009009009008,
            0.903344174797765,
            0.9216373098478783,
            0.9216561040693796,
            0.934324517512509,
            0.9456050371111666,
            0.9457230746423542,
            0.9466483681434146,
            0.9469922418162205,
            0.9476838725817212,
            0.9481796490147782,
            0.9434295777851428,
            0.9357135158162715,
            0.9356929428237366,
            0.9382474642983297,
            0.9355648225372996,
            0.9375850218926531,
            0.9420920920920921,
            0.9424737845567208,
            0.9455345903773948,
            0.9472321350857342,
            0.9476641466799111,
            0.9438857662092602,
            0.945348989412897,
            0.9395201076820413,
            0.9418433913125223
        ],
        "runtimes": [
            1.5954992771148682,
            4.825077295303345,
            7.20139479637146,
            9.462723970413208,
            11.647294521331787,
            13.802659034729004,
            16.076961278915405,
            18.79425072669983,
            20.958620071411133,
            23.476706743240356,
            26.352718591690063,
            28.6641902923584,
            30.890637159347534,
            33.26591777801514,
            35.43110179901123,
            37.91139769554138,
            40.98819541931152,
            43.43136668205261,
            46.813204765319824,
            49.71035885810852,
            52.08736443519592,
            55.25449728965759,
            57.92563462257385,
            60.227391719818115,
            62.78016471862793,
            65.04628038406372,
            67.28006863594055,
            69.9251058101654
        ],
        "memory_usages": [
            2.0,
            3.0,
            3.0,
            3.0,
            3.0,
            3.0,
            3.0,
            3.0,
            3.0,
            3.0,
            3.0,
            3.0,
            3.0,
            3.0,
            3.0,
            3.0,
            3.0,
            3.0,
            3.0,
            3.0,
            3.0,
            3.0,
            3.0,
            3.0,
            3.0,
            3.0,
            3.0,
            3.0
        ]
    },
    "run_count": 2,
    "seed": 90
}