{
    "dataset": "34_smtp",
    "model": "AutoSAD",
    "auc": 0.9124694265150082,
    "total_runtime": 34.13778901100159,
    "total_memory_usage": 13.453125,
    "Instances": 95156,
    "window_metric": {
        "window_size": 1000,
        "auc_scores": [
            NaN,
            NaN,
            NaN,
            NaN,
            NaN,
            NaN,
            NaN,
            NaN,
            NaN,
            NaN,
            NaN,
            NaN,
            NaN,
            NaN,
            0.9484905073140366,
            0.9480539476786427,
            0.9477428440753337,
            0.946380077919523,
            0.9464370358666456,
            0.9438981491815834,
            0.943441177872016,
            0.9438094538381072,
            0.9420240871930957,
            0.9420455310729209,
            0.9433225463402363,
            0.9440165583665929,
            0.9436242072609078,
            0.9442552909107615,
            0.9430291470759283,
            0.9435522291355014,
            0.9437879779808394,
            0.9424770658591706,
            0.9423824826116707,
            0.9423270926684097,
            0.9423095768919814,
            0.942634437201769,
            0.9422928366717908,
            0.9432234432234432,
            0.9434998644201948,
            0.9437392373044852,
            0.9441812883841869,
            0.9436325714013515,
            0.9435430804713827,
            0.943431676312593,
            0.9438809534394829,
            0.9432684481612416,
            0.9431593605390055,
            0.9436070639650851,
            0.9435465526593605,
            0.950410381322023,
            0.9506989938019771,
            0.9503813673437981,
            0.9502255397855957,
            0.9503012466656787,
            0.9507208915320821,
            0.9014417150513622,
            0.9017225098727512,
            0.9024655454937472,
            0.9022419669351419,
            0.902642767819925,
            0.9034384583845838,
            0.8991167599271127,
            0.8994819061196715,
            0.9000822685033212,
            0.9002651243736002,
            0.9005356287729379,
            0.9002428286468123,
            0.9064388007258674,
            0.9067629123484683,
            0.906452870376348,
            0.9069760888250129,
            0.9072916821382558,
            0.9075853941031842,
            0.9071593294483066,
            0.9074520308772265,
            0.907746104570755,
            0.9074927010127863,
            0.9079038669991805,
            0.9075941888750955,
            0.9078122716036288,
            0.9081203615257739,
            0.9079889060849528,
            0.9081473834439038,
            0.9085061796786165,
            0.9082409049091393,
            0.9084635195749649,
            0.9087091654411954,
            0.9091232651512507,
            0.9115967929264546,
            0.9119110073728279,
            0.9122274742589133,
            0.9123960711826321,
            0.9122272417625757,
            0.9122145365542195,
            0.9123923344213962
        ],
        "runtimes": [
            0.16944599151611328,
            0.4367105960845947,
            0.725743293762207,
            1.025073766708374,
            1.320997953414917,
            1.614811658859253,
            1.9130146503448486,
            2.216505527496338,
            2.517420530319214,
            2.8138046264648438,
            3.1177868843078613,
            3.416159152984619,
            3.7199647426605225,
            4.025519847869873,
            4.384423494338989,
            4.81727933883667,
            5.253479719161987,
            5.627805471420288,
            5.936053991317749,
            6.248183488845825,
            6.555505990982056,
            6.860058307647705,
            7.227181673049927,
            7.596112489700317,
            7.910729169845581,
            8.219191312789917,
            8.528724670410156,
            8.905417680740356,
            9.198729753494263,
            9.508785724639893,
            9.822778463363647,
            10.142344951629639,
            10.46007752418518,
            10.772342681884766,
            11.093998670578003,
            11.518349647521973,
            11.889687061309814,
            12.21294379234314,
            12.554271459579468,
            12.871698379516602,
            13.190718650817871,
            13.513867855072021,
            13.834551572799683,
            14.14894413948059,
            14.562361717224121,
            14.943238496780396,
            15.264488935470581,
            15.589729309082031,
            15.919437408447266,
            16.238295078277588,
            16.626160144805908,
            17.046164989471436,
            17.36822509765625,
            17.748663425445557,
            18.15111804008484,
            18.62128520011902,
            19.0037841796875,
            19.334851026535034,
            19.667670249938965,
            19.992773294448853,
            20.377129793167114,
            20.705142736434937,
            21.078471183776855,
            21.49131965637207,
            21.937726736068726,
            22.389243841171265,
            22.72544026374817,
            23.244975566864014,
            23.581223011016846,
            23.922105312347412,
            24.253915071487427,
            24.59937071800232,
            24.99832558631897,
            25.42223358154297,
            25.908743858337402,
            26.30137848854065,
            26.875972270965576,
            27.338245630264282,
            27.844618320465088,
            28.18559765815735,
            28.52850317955017,
            28.872883796691895,
            29.27719020843506,
            29.677281618118286,
            30.034486293792725,
            30.49479365348816,
            30.85599184036255,
            31.298637866973877,
            31.643784284591675,
            32.05106472969055,
            32.39417886734009,
            32.743048906326294,
            33.0905237197876,
            33.49877166748047,
            33.99361228942871
        ],