{
    "dataset": "32_shuttle",
    "model": "AutoSAD",
    "auc": 0.986123079930937,
    "total_runtime": 31.602550506591797,
    "total_memory_usage": 6.046875,
    "Instances": 49097,
    "window_metric": {
        "window_size": 1000,
        "auc_scores": [
            0.721850542792224,
            0.839549059222914,
            0.8854445166670755,
            0.911038097285593,
            0.9271881071947419,
            0.9357909880750311,
            0.9439485241787465,
            0.9505346097228141,
            0.9536959589328101,
            0.9566486356685925,
            0.9613065264107084,
            0.9631624012841091,
            0.9655178690865895,
            0.9674335845977649,
            0.9682407434642715,
            0.9696345742903151,
            0.9711248874242673,
            0.9725330577429466,
            0.9736306164754958,
            0.9746074932234363,
            0.9756887854911314,
            0.9767933522607519,
            0.9776944261585155,
            0.9782895133992513,
            0.9787565109967055,
            0.9793271151404703,
            0.979796203395147,
            0.9804693799664261,
            0.9808039732166164,
            0.9810466979305934,
            0.9813552812417691,
            0.9817597625530394,
            0.9822272893662728,
            0.9826186563818481,
            0.983023065160449,
            0.9834385980736244,
            0.983821602621992,
            0.9840671910262202,
            0.9843553369193858,
            0.9846652982996204,
            0.9849142689320542,
            0.9852176720620643,
            0.9854357296830202,
            0.9853127834576862,
            0.9852761056240338,
            0.9853924086441854,
            0.9856911550808326,
            0.9859081945131694,
            0.9860977416450077
        ],
        "runtimes": [
            0.18033337593078613,
            0.4989762306213379,
            1.0927813053131104,
            1.7073345184326172,
            2.3308889865875244,
            2.9518980979919434,
            3.5734610557556152,
            4.256495237350464,
            4.936991214752197,
            5.824675798416138,
            6.510236978530884,
            7.281659126281738,
            7.954293489456177,
            8.580181121826172,
            9.208937168121338,
            9.836699962615967,
            10.463087797164917,
            11.079771995544434,
            11.702446222305298,
            12.40053915977478,
            13.023168325424194,
            13.641892910003662,
            14.324655055999756,
            15.004624605178833,
            15.630588054656982,
            16.25030541419983,
            16.875441551208496,
            17.49597144126892,
            18.187209606170654,
            18.873669862747192,
            19.496166944503784,
            20.122052669525146,
            20.810323476791382,
            21.488863468170166,
            22.116795301437378,
            22.737879276275635,
            23.36868190765381,
            23.995014190673828,
            24.614802837371826,
            25.23598027229309,
            25.863110542297363,
            26.49090814590454,
            27.17628765106201,
            27.790181159973145,
            28.57338857650757,
            29.277058601379395,
            30.1790030002594,
            30.87095618247986,
            31.51092767715454
        ],
        "memory_usages": [
            2.0,
            2.0,
            2.0,
            3.0,
            3.0,
            3.0,
            3.0,
            3.0,
            3.0,
            4.0,
            4.0,
            4.0,
            4.0,
            4.0,
            4.0,
            5.0,
            5.0,
            5.0,
            5.0,
            5.0,
            5.0,
            5.0,
            5.0,
            3.7421875,
            4.7421875,
            4.7421875,
            4.58203125,
            4.48828125,
            4.3984375,
            5.3984375,
            4.8046875,
            5.8046875,
            4.9609375,
            5.0390625,
            5.1484375,
            5.22265625,
            5.30078125,
            5.3828125,
            5.4921875,
            5.5703125,
            5.65234375,
            5.73046875,
            5.8046875,
            6.09375,
            6.34765625,
            6.3125,
            6.44921875,
            6.58984375,
            6.72265625
        ]
    },
    "run_count": 6,
    "seed": 56
}