{
    "dataset": "48_chess",
    "model": "AutoSAD",
    "auc": 0.939381566446392,
    "total_runtime": 139.3057565689087,
    "total_memory_usage": 5.0,
    "Instances": 28056,
    "window_metric": {
        "window_size": 1000,
        "auc_scores": [
            0.994994994994995,
            0.9906526456351193,
            0.9931598264931598,
            0.9947877574847802,
            0.9886659327461971,
            0.9893887591727819,
            0.9778984989278056,
            0.9801100825619213,
            0.9802090282410495,
            0.9716944718445769,
            0.9722420761263662,
            0.9519471314209472,
            0.9529614378078818,
            0.9485309886339267,
            0.9371198628555004,
            0.9381949757254693,
            0.9394963919866781,
            0.9431044388842554,
            0.9350037649785722,
            0.9380555555555555,
            0.9393398474737846,
            0.9430906991305554,
            0.9443024553129871,
            0.9451940794212876,
            0.9365294331654688,
            0.9384885466794995,
            0.9380956590677062,
            0.939387319253619
        ],
        "runtimes": [
            2.6523189544677734,
            6.156399726867676,
            9.970069885253906,
            15.964176893234253,
            22.532254219055176,
            27.138696670532227,
            31.669210195541382,
            36.44401407241821,
            41.22994661331177,
            45.24951672554016,
            50.54831099510193,
            56.89739632606506,
            62.01264047622681,
            67.94431805610657,
            73.03451466560364,
            78.10774421691895,
            83.57288002967834,
            88.06065082550049,
            92.98109745979309,
            97.48179316520691,
            104.28830981254578,
            109.72346997261047,
            114.17157864570618,
            118.70213007926941,
            123.81082725524902,
            128.94885182380676,
            133.38257837295532,
            139.0301501750946
        ],
        "memory_usages": [
            5.0,
            5.0,
            5.0,
            5.0,
            5.0,
            5.0,
            5.0,
            5.0,
            5.0,
            5.0,
            5.0,
            5.0,
            5.0,
            5.0,
            5.0,
            5.0,
            5.0,
            5.0,
            5.0,
            5.0,
            5.0,
            5.0,
            5.0,
            5.0,
            5.0,
            5.0,
            5.0,
            5.0
        ]
    },
    "run_count": 5,
    "seed": 46
}