{
    "dataset": "5_campaign",
    "model": "AutoSAD",
    "auc": 0.7188294744889101,
    "total_runtime": 38.18136286735535,
    "total_memory_usage": 742.734375,
    "Instances": 41188,
    "window_metric": {
        "window_size": 1000,
        "auc_scores": [
            0.5420947488584476,
            0.6068774261116876,
            0.6451298583133251,
            0.6591883563267434,
            0.6699709157976874,
            0.6802333294422204,
            0.6920856438096208,
            0.6976051839516961,
            0.6959270291623806,
            0.7004353740833204,
            0.703186701875931,
            0.7072007974481229,
            0.7099039640384125,
            0.7109249044289044,
            0.7122687383958798,
            0.7118693506936705,
            0.7121456377644066,
            0.715653553742066,
            0.7159183732496177,
            0.7158623396308125,
            0.7182616169106077,
            0.7187950069802662,
            0.7181866493291595,
            0.7193233527560097,
            0.7220955734589961,
            0.723643191588816,
            0.7236810467501056,
            0.7236240619514881,
            0.7233408780849877,
            0.724012690955266,
            0.7235914369247338,
            0.7231072887628687,
            0.7227509779976975,
            0.722718732231887,
            0.7217169747277382,
            0.7220700644064764,
            0.7220847842252032,
            0.720623102224276,
            0.719571519901359,
            0.7183349834389152,
            0.7187884744295071
        ],
        "runtimes": [
            0.4994494915008545,
            1.187995195388794,
            1.9941093921661377,
            2.7259681224823,
            3.3521041870117188,
            4.276780128479004,
            5.0848822593688965,
            5.9040303230285645,
            6.660818815231323,
            7.491350412368774,
            8.310052394866943,
            9.071056842803955,
            10.20179557800293,
            11.029391288757324,
            11.805925369262695,
            13.272729396820068,
            15.468619346618652,
            16.804701566696167,
            17.551626205444336,
            18.365223169326782,
            19.183115005493164,
            19.853919982910156,
            20.71349859237671,
            21.6082763671875,
            22.422898292541504,
            23.39469861984253,
            24.30046033859253,
            25.234894514083862,
            26.057077884674072,
            26.721120595932007,
            28.29745864868164,
            29.87918710708618,
            30.934631824493408,
            31.988369464874268,
            32.962236642837524,
            33.95368981361389,
            34.87410378456116,
            35.80355453491211,
            36.55968165397644,
            37.17320251464844,
            38.052387952804565
        ],
        "memory_usages": [
            130.0,
            147.0,
            274.0,
            275.0,
            275.0,
            263.5625,
            263.5625,
            263.5625,
            263.5625,
            263.5625,
            275.5625,
            275.5625,
            387.5625,
            387.5625,
            387.5625,
            707.2578125,
            1155.2578125,
            1155.2578125,
            1155.2578125,
            1155.2578125,
            1155.2578125,
            1155.2578125,
            293.08203125,
            293.08203125,
            293.08203125,
            389.08203125,
            389.08203125,
            389.08203125,
            389.08203125,
            389.08203125,
            646.4453125,
            772.4453125,
            772.4453125,
            772.4453125,
            772.4453125,
            758.8125,
            758.8125,
            742.734375,
            742.734375,
            742.734375,
            742.734375
        ]
    },
    "run_count": 1,
    "seed": 33
}