{
    "dataset": "34_smtp",
    "model": "AutoSAD",
    "auc": 0.9292310549516781,
    "total_runtime": 350.2734754085541,
    "total_memory_usage": 14.71875,
    "Instances": 95156,
    "window_metric": {
        "window_size": 1000,
        "auc_scores": [
            NaN,
            NaN,
            NaN,
            NaN,
            NaN,
            NaN,
            NaN,
            NaN,
            NaN,
            NaN,
            NaN,
            NaN,
            NaN,
            NaN,
            0.9955760081810502,
            0.9937064249317955,
            0.9936557820233572,
            0.993833153003665,
            0.9939513270213223,
            0.9941500436822396,
            0.9941648859550418,
            0.9941888738450343,
            0.994441674391211,
            0.9936119244077722,
            0.994139575305028,
            0.994365097689965,
            0.9937586685159501,
            0.9938693836714275,
            0.9940020305369095,
            0.9939900525006908,
            0.9938151792053554,
            0.993680270832775,
            0.9938523702696382,
            0.9935519667762356,
            0.9936198969383672,
            0.993797190971092,
            0.9935709264509351,
            0.9935690592774782,
            0.9937340144081025,
            0.9937460253946024,
            0.9937452509916278,
            0.9937326047457996,
            0.9938651122292308,
            0.9938925372358738,
            0.993769490190599,
            0.9939034240234605,
            0.9938355497990283,
            0.9938687474322868,
            0.9939822456561933,
            0.9947283130601793,
            0.9947164796798995,
            0.9948048918898122,
            0.9948144722935226,
            0.9947380242294013,
            0.9947552924487123,
            0.9223932112550246,
            0.9226215006581835,
            0.9230764984907287,
            0.9231192878338279,
            0.9234961233847435,
            0.9239786797867978,
            0.9201235185454119,
            0.9202656517696296,
            0.9206106048211311,
            0.9205960766609036,
            0.920838547306951,
            0.9206861139729609,
            0.926083588386325,
            0.9263608543120823,
            0.9261309734722613,
            0.9262656578038917,
            0.9265254827255612,
            0.9266713890591397,
            0.9264357560441907,
            0.9266364603508759,
            0.9269135818159289,
            0.9267579056868261,
            0.9269091647248159,
            0.9265090327789468,
            0.9266363367065389,
            0.9268260794946168,
            0.9266746565963825,
            0.9267508921895851,
            0.9270059983762867,
            0.9268805300307327,
            0.9269204250511098,
            0.92704662949481,
            0.9273651701050386,
            0.9288052152410924,
            0.9289263087695898,
            0.929145872265582,
            0.9292468558587945,
            0.9292345200960883,
            0.9291454719591359,
            0.9292134358218385
        ],
        "runtimes": [
            0.714383602142334,
            2.4749908447265625,
            4.480947732925415,
            6.301311016082764,
            9.594196557998657,
            13.32287311553955,
            16.992730617523193,
            20.827314853668213,
            25.088912963867188,
            28.835552215576172,
            32.60989952087402,
            36.14165019989014,
            40.24122214317322,
            43.999558210372925,
            47.92037892341614,
            52.0384578704834,
            56.13634157180786,
            60.77926325798035,
            64.68229007720947,
            68.3680784702301,
            71.84158730506897,
            75.337721824646,
            78.65069675445557,
            82.18847632408142,
            85.98524880409241,
            89.55260896682739,
            93.32690405845642,
            97.03393030166626,
            100.81104302406311,
            104.44484043121338,
            108.03224802017212,
            111.51416730880737,
            115.39962124824524,
            119.26104426383972,
            123.23217868804932,
            126.92617225646973,
            130.5981776714325,
            134.4813449382782,
            138.3592803478241,
            142.32371044158936,
            146.4225835800171,
            150.36330461502075,
            154.12088346481323,
            158.00113320350647,
            162.36731123924255,
            165.96735405921936,
            169.69263982772827,
            173.38183999061584,
            176.76989102363586,
            180.13684058189392,
            183.71916341781616,
            187.08980870246887,
            190.46695733070374,
            193.85947346687317,
            197.2624671459198,
            200.78789377212524,
            204.2232325077057,
            207.92879247665405,
            211.47462344169617,
            215.0173499584198,
            218.58475828170776,
            222.21415638923645,
            225.68434762954712,
            229.69378781318665,
            233.47397708892822,
            237.120765209198,
            240.78596019744873,
            244.6410608291626,
            248.56414031982422,
            252.53824877738953,
            256.41184663772583,
            260.16996932029724,
            263.8416304588318,
            267.7291376590729,
            271.54775166511536,
            275.5006699562073,
            279.2276473045349,
            283.05782985687256,
            287.0414710044861,
            291.32066893577576,
            295.4116213321686,
            299.18931913375854,
            302.90329122543335,
            306.80997610092163,
            311.05987310409546,
            315.1200044155121,
            319.0399389266968,
            322.98477435112,
            326.88212609291077,
            330.46175265312195,
            334.23396849632263,
            337.9552183151245,
            342.0551462173462,
            345.7606782913208,
            349.59855699539185
        ],