{
    "dataset": "5_campaign",
    "model": "AutoSAD",
    "auc": 0.6637467278505734,
    "total_runtime": 7.3987555503845215,
    "total_memory_usage": 5.98828125,
    "Instances": 41188,
    "window_metric": {
        "window_size": 1000,
        "auc_scores": [
            0.611186294005008,
            0.639340481955494,
            0.6671515651486294,
            0.6655269520694069,
            0.664815411587065,
            0.6581671484780026,
            0.6609971599427463,
            0.659267334949082,
            0.6572035500980764,
            0.661574787408332,
            0.6623625264425066,
            0.6608373811008942,
            0.661732384089796,
            0.6646071546231546,
            0.6638648347559383,
            0.6623278221492919,
            0.6613907127712211,
            0.6627661629532587,
            0.6629776238880315,
            0.6626000452205443,
            0.6604769298529037,
            0.6630599114682514,
            0.660782348713159,
            0.661238137839372,
            0.6637309853035392,
            0.6653054198261132,
            0.66473535845751,
            0.6651412076960979,
            0.6647445121552841,
            0.6649152670393423,
            0.6648293925938886,
            0.6628548589638386,
            0.6627104685094404,
            0.6620733813871092,
            0.66166432006518,
            0.6614675492225262,
            0.6620484996305972,
            0.6626622773738016,
            0.6618122857997333,
            0.661984507721185,
            0.663371259297358
        ],
        "runtimes": [
            0.15606379508972168,
            0.32314610481262207,
            0.49027132987976074,
            0.6587193012237549,
            0.8271183967590332,
            0.9936175346374512,
            1.1635596752166748,
            1.331106424331665,
            1.5010035037994385,
            1.6695775985717773,
            1.839371681213379,
            2.0127220153808594,
            2.187279224395752,
            2.3614962100982666,
            2.535329818725586,
            2.708516836166382,
            2.883704423904419,
            3.0570216178894043,
            3.2338383197784424,
            3.412114143371582,
            3.589235782623291,
            3.7635080814361572,
            3.9403810501098633,
            4.117801904678345,
            4.301239967346191,
            4.479465961456299,
            4.665575265884399,
            4.846070766448975,
            5.026825904846191,
            5.206448078155518,
            5.39303994178772,
            5.577146768569946,
            5.762686014175415,
            5.951606512069702,
            6.193361043930054,
            6.395257234573364,
            6.584656715393066,
            6.77238130569458,
            6.95886492729187,
            7.1485326290130615,
            7.340109586715698
        ],
        "memory_usages": [
            2.0,
            2.0,
            2.0,
            2.0,
            2.0,
            2.0,
            3.0,
            3.0,
            3.0,
            3.0,
            3.0,
            3.0,
            4.0,
            4.0,
            4.0,
            4.0,
            4.0,
            4.0,
            4.0,
            5.0,
            5.0,
            5.0,
            5.0,
            5.0,
            4.5390625,
            5.5390625,
            5.5390625,
            4.9765625,
            5.9765625,
            5.9765625,
            5.2109375,
            5.28125,
            5.35546875,
            5.42578125,
            5.79296875,
            5.87109375,
            5.94921875,
            6.0234375,
            6.13671875,
            6.28125,
            6.43359375
        ]
    },
    "run_count": 10,
    "seed": 13
}