{
    "dataset": "5_campaign",
    "model": "AutoSAD",
    "auc": 0.6855434622112442,
    "total_runtime": 18.94788646697998,
    "total_memory_usage": 6.0,
    "Instances": 41188,
    "window_metric": {
        "window_size": 1000,
        "auc_scores": [
            0.5023199292973929,
            0.5610371267150928,
            0.6050562522677919,
            0.6292640528453357,
            0.6416526312589306,
            0.6515208987097527,
            0.6636603197771921,
            0.6687248226248771,
            0.6740060519443494,
            0.6780847246060229,
            0.6867607088919232,
            0.6912719919431412,
            0.694631709536358,
            0.6953868531468531,
            0.6978214132845637,
            0.7006782267037979,
            0.7013862694013837,
            0.7054599986050081,
            0.7078072540951922,
            0.7072093122021,
            0.7076129421425539,
            0.7087250339242529,
            0.7080285626341734,
            0.7086879307238194,
            0.7106102921140673,
            0.7112194959389991,
            0.710298590948301,
            0.7103558810031365,
            0.7088713809282163,
            0.7076953865132912,
            0.7059041307198529,
            0.7039980329385225,
            0.7011929501343107,
            0.6990966074749613,
            0.6967288054063645,
            0.6958560848388758,
            0.6944950639387929,
            0.6923274440702779,
            0.6904693207717846,
            0.6873887051632844,
            0.686251250158856
        ],
        "runtimes": [
            0.3824183940887451,
            0.7816634178161621,
            1.188124179840088,
            1.6056370735168457,
            2.0252761840820312,
            2.4502055644989014,
            2.913951873779297,
            3.333770275115967,
            3.7651989459991455,
            4.228044033050537,
            4.803581476211548,
            5.304656267166138,
            5.739178419113159,
            6.165637969970703,
            6.607905149459839,
            7.0959718227386475,
            7.613945245742798,
            8.046287059783936,
            8.495999813079834,
            8.923145294189453,
            9.356587648391724,
            9.7852303981781,
            10.213510990142822,
            10.636493444442749,
            11.123964309692383,
            11.685773611068726,
            12.291944742202759,
            12.71398639678955,
            13.134368181228638,
            13.550509214401245,
            13.974515914916992,
            14.38948369026184,
            15.015536785125732,
            15.507016897201538,
            15.936505556106567,
            16.478719472885132,
            16.963848114013672,
            17.44295597076416,
            17.87690544128418,
            18.295526027679443,
            18.84786629676819
        ],
        "memory_usages": [
            3.0,
            3.0,
            3.0,
            4.0,
            4.0,
            4.0,
            4.0,
            4.0,
            4.0,
            4.0,
            4.0,
            4.0,
            4.0,
            5.0,
            5.0,
            5.0,
            5.0,
            5.0,
            5.0,
            5.0,
            5.0,
            5.0,
            5.0,
            5.0,
            5.0,
            5.0,
            5.0,
            5.0,
            5.0,
            5.0,
            6.0,
            6.0,
            6.0,
            6.0,
            6.0,
            6.0,
            6.0,
            6.0,
            6.0,
            6.0,
            6.0
        ]
    },
    "run_count": 7,
    "seed": 45
}