{
    "dataset": "50_bank",
    "model": "AutoSAD",
    "auc": 0.6944173793178927,
    "total_runtime": 112.993079662323,
    "total_memory_usage": 102.0,
    "Instances": 41188,
    "window_metric": {
        "window_size": 1000,
        "auc_scores": [
            0.5354364504533504,
            0.5618889537428864,
            0.5382383065892796,
            0.5377525893082592,
            0.5523456088639511,
            0.5449715391872425,
            0.5264310885390022,
            0.5183643870967742,
            0.5162223488424087,
            0.5164243208183261,
            0.511112031372549,
            0.5001760013158977,
            0.5015775714567257,
            0.4977348277893388,
            0.49711232911868614,
            0.4994602214097305,
            0.5010434572087727,
            0.5015851396131371,
            0.49968330544194195,
            0.5036878165878687,
            0.5021854981600109,
            0.5032687397907379,
            0.5019467528574493,
            0.5040694540554895,
            0.517252804757188,
            0.5175079028553408,
            0.5167672222850483,
            0.5432207794538848,
            0.5551970197771302,
            0.5577521094730471,
            0.5735263729765884,
            0.5719938913217315,
            0.5702807749108236,
            0.5667659157188988,
            0.5658259560038141,
            0.564886415554247,
            0.5910946192091756,
            0.6156510229671743,
            0.6403215665315436,
            0.6717847761762946,
            0.6920704997554451
        ],
        "runtimes": [
            2.2357120513916016,
            5.278073310852051,
            7.700870037078857,
            10.529141426086426,
            13.091794490814209,
            16.60689401626587,
            19.197471141815186,
            22.427027463912964,
            24.823882579803467,
            27.21207332611084,
            30.27292490005493,
            32.877049684524536,
            35.12559199333191,
            37.37735557556152,
            39.74176287651062,
            41.97265124320984,
            44.30221629142761,
            47.926525831222534,
            50.29889249801636,
            52.8175253868103,
            55.89747428894043,
            58.227627754211426,
            60.53122544288635,
            63.39481067657471,
            65.95646023750305,
            68.83118224143982,
            71.54771542549133,
            73.86261534690857,
            76.12129282951355,
            79.6250274181366,
            82.11373972892761,
            84.79828405380249,
            87.58529925346375,
            90.04478740692139,
            93.14134669303894,
            96.0024242401123,
            98.5144784450531,
            101.66253614425659,
            104.80079126358032,
            107.55481004714966,
            112.52782869338989
        ],
        "memory_usages": [
            73.0,
            73.0,
            73.0,
            101.0,
            101.0,
            101.0,
            101.0,
            101.0,
            101.0,
            101.0,
            101.0,
            101.0,
            101.0,
            101.0,
            101.0,
            101.0,
            101.0,
            101.0,
            101.0,
            101.0,
            101.0,
            101.0,
            101.0,
            101.0,
            101.0,
            101.0,
            101.0,
            101.0,
            101.0,
            102.0,
            102.0,
            102.0,
            102.0,
            102.0,
            102.0,
            102.0,
            102.0,
            102.0,
            102.0,
            102.0,
            102.0
        ]
    },
    "run_count": 10,
    "seed": 100
}