{
    "dataset": "1_ALOI",
    "model": "AutoSAD",
    "auc": 0.6724399656529989,
    "total_runtime": 25.515723943710327,
    "total_memory_usage": 152.84765625,
    "Instances": 49534,
    "window_metric": {
        "window_size": 1000,
        "auc_scores": [
            NaN,
            0.40991541049362745,
            0.3543323010076731,
            0.39892922604323233,
            0.49847633924909074,
            0.5041438980232468,
            0.5714441043736633,
            0.5695022418941247,
            0.6147486142601623,
            0.6320379470895372,
            0.6408594742913479,
            0.6308623356838255,
            0.6523783180734193,
            0.6533975643616159,
            0.6317048525071544,
            0.6256705199466128,
            0.6381374172072041,
            0.6534116332265592,
            0.6440819516735501,
            0.6419861072620981,
            0.6425873180100821,
            0.64320250032231,
            0.6447566727684991,
            0.6489479636968475,
            0.64556562457517,
            0.6418974273416189,
            0.6299458097011555,
            0.6397155054265921,
            0.6406248613052036,
            0.6432437664106747,
            0.6502069998931508,
            0.6487574055168099,
            0.6487288696282935,
            0.6459657708847165,
            0.6461581565382731,
            0.6537434025373507,
            0.6562932906612348,
            0.6576561255677273,
            0.657014690101174,
            0.6599442293427743,
            0.6640723209293842,
            0.6631204667339732,
            0.6641507112936794,
            0.6694975865015376,
            0.6737354255339133,
            0.6730662589239064,
            0.6665522311207077,
            0.6698070941043222,
            0.6697858410775758
        ],
        "runtimes": [
            0.18186712265014648,
            0.2939584255218506,
            0.3885664939880371,
            0.4293637275695801,
            0.504765510559082,
            0.9275336265563965,
            0.9726159572601318,
            1.036679744720459,
            1.196314811706543,
            1.263631820678711,
            1.532097578048706,
            1.7508578300476074,
            1.8206770420074463,
            2.816948890686035,
            7.090948104858398,
            10.477483987808228,
            10.726384162902832,
            10.771703720092773,
            10.853502035140991,
            11.162887334823608,
            11.74126648902893,
            12.102172613143921,
            13.29250955581665,
            13.4032621383667,
            13.71146559715271,
            13.779999017715454,
            13.955602407455444,
            13.991428852081299,
            14.037369966506958,
            14.109656810760498,
            14.30177640914917,
            14.953331708908081,
            16.909597873687744,
            19.431527376174927,
            19.49240469932556,
            19.587722063064575,
            19.994731426239014,
            20.17200517654419,
            21.081632375717163,
            21.263257265090942,
            22.168059825897217,
            24.73065447807312,
            24.787230730056763,
            24.846647024154663,
            24.923139572143555,
            25.01648759841919,
            25.207080602645874,
            25.285468339920044,
            25.41046643257141
        ],
        "memory_usages": [
            67.0,
            67.0,
            84.0,
            84.0,
            116.0,
            120.0,
            120.0,
            120.0,
            120.0,
            120.0,
            149.0,
            149.0,
            149.0,
            612.0,
            864.0,
            864.0,
            864.0,
            864.0,
            864.0,
            734.640625,
            734.640625,
            734.640625,
            734.640625,
            734.640625,
            349.28125,
            349.28125,
            151.3984375,
            151.3984375,
            151.3984375,
            151.3984375,
            151.3984375,
            377.3984375,
            865.3984375,
            865.3984375,
            865.3984375,
            865.3984375,
            865.3984375,
            153.390625,
            183.390625,
            183.390625,
            606.67578125,
            609.67578125,
            609.67578125,
            609.67578125,
            609.67578125,
            609.67578125,
            609.67578125,
            152.46484375,
            152.578125
        ]
    },
    "run_count": 8,
    "seed": 61
}