{
    "dataset": "32_shuttle",
    "model": "AutoSAD",
    "auc": 0.9867232050924108,
    "total_runtime": 9.137132406234741,
    "total_memory_usage": 8.9765625,
    "Instances": 49097,
    "window_metric": {
        "window_size": 1000,
        "auc_scores": [
            0.8344720398889169,
            0.9190426613889691,
            0.940142172974564,
            0.9524385637480075,
            0.9606136074809933,
            0.9648414139162252,
            0.9685409116661048,
            0.9707857343686761,
            0.9718570751825575,
            0.9732994095316898,
            0.9761795060593462,
            0.9756754285714285,
            0.9761663596341128,
            0.9774721725265924,
            0.9777287202432471,
            0.9782250867973238,
            0.9792233553708859,
            0.9802189986452164,
            0.9804281908871223,
            0.9810701337394746,
            0.9812854271670381,
            0.9820794486666088,
            0.9827297908125976,
            0.9833426503760709,
            0.982314360618142,
            0.9828254765321192,
            0.9832312310414093,
            0.9837698790678269,
            0.9836972208082796,
            0.9841352448272493,
            0.9844762694521514,
            0.9848013427897677,
            0.9851648618689581,
            0.985460336379624,
            0.985816932445117,
            0.9861288416694937,
            0.9864411669836858,
            0.9863840464535684,
            0.9863649181180808,
            0.9866144898523749,
            0.9865198074448067,
            0.9867789378012776,
            0.9867419409731518,
            0.9863216580972695,
            0.9864113419492042,
            0.9861421004023166,
            0.9864376062512125,
            0.986625057353611,
            0.9866984361061798
        ],
        "runtimes": [
            0.07535338401794434,
            0.16987037658691406,
            0.32444286346435547,
            0.48017406463623047,
            0.6381888389587402,
            0.8555631637573242,
            1.0267374515533447,
            1.241593599319458,
            1.4009201526641846,
            1.6258234977722168,
            1.7876970767974854,
            1.950885534286499,
            2.116011381149292,
            2.2794411182403564,
            2.445601463317871,
            2.6102447509765625,
            2.7722301483154297,
            2.9415628910064697,
            3.1094772815704346,
            3.359186887741089,
            3.5720040798187256,
            3.826033115386963,
            4.129220247268677,
            4.309452533721924,
            4.536977052688599,
            4.709638595581055,
            4.883387327194214,
            5.055984258651733,
            5.236560106277466,
            5.4698755741119385,
            5.703171253204346,
            5.880364418029785,
            6.053676605224609,
            6.228387117385864,
            6.407192945480347,
            6.587397813796997,
            6.767751932144165,
            6.947894096374512,
            7.123086452484131,
            7.300836086273193,
            7.481583595275879,
            7.664729833602905,
            7.936439275741577,
            8.128447532653809,
            8.356447219848633,
            8.53913426399231,
            8.72128939628601,
            8.907803535461426,
            9.093403577804565
        ],
        "memory_usages": [
            3.0,
            4.0,
            4.0,
            4.0,
            4.0,
            4.0,
            5.0,
            5.0,
            5.0,
            5.0,
            5.0,
            5.0,
            6.0,
            6.0,
            6.0,
            6.0,
            6.0,
            7.0,
            7.0,
            7.0,
            7.0,
            7.0,
            7.0,
            8.0,
            6.60546875,
            7.60546875,
            6.7265625,
            6.81640625,
            7.3203125,
            8.3203125,
            8.3203125,
            7.58203125,
            7.66015625,
            7.73828125,
            7.84765625,
            7.98046875,
            8.12890625,
            8.28515625,
            8.515625,
            8.66015625,
            8.8203125,
            8.97265625,
            9.12890625,
            8.99609375,
            9.0703125,
            9.140625,
            9.20703125,
            9.27734375,
            9.34765625
        ]
    },
    "run_count": 5,
    "seed": 43
}