{
    "dataset": "3_backdoor",
    "model": "AutoSAD",
    "auc": 0.839150874665854,
    "total_runtime": 144.50392198562622,
    "total_memory_usage": 12.0,
    "Instances": 95329,
    "window_metric": {
        "window_size": 1000,
        "auc_scores": [
            0.2000472113135475,
            0.09751148024560924,
            0.064467942378578,
            0.04815107516051219,
            0.038425549981656974,
            0.03196855956296146,
            0.027369428565556565,
            0.023927166137490043,
            0.02125403842690019,
            0.01911816882315181,
            0.017372376765517644,
            0.015918743030640434,
            0.014689591379753196,
            0.013636649556245698,
            0.012724560093584626,
            0.011926832045588592,
            0.011223225647996212,
            0.010598011139166816,
            0.010038778848566507,
            0.00953560713544101,
            0.7984568916504223,
            0.8080718648104283,
            0.8111484400124842,
            0.811364850461588,
            0.8126065894393096,
            0.8143629103601666,
            0.8145173422878388,
            0.8089763640905646,
            0.8104076202543702,
            0.809820181338768,
            0.8110902819025946,
            0.8128916121986812,
            0.8093387038152218,
            0.8103693177808092,
            0.8123335076491728,
            0.8118530067956335,
            0.8127595395266879,
            0.8126858802542997,
            0.8140717791683043,
            0.8161572413640648,
            0.8182824415672447,
            0.8202387125612071,
            0.82194794628889,
            0.8231571835316305,
            0.8246239222531233,
            0.8261455660488771,
            0.827473417480901,
            0.8289106855344345,
            0.8302820646434557,
            0.8315067928755984,
            0.831569547027533,
            0.8329395697794154,
            0.8341534542676977,
            0.8352957511454506,
            0.8365345041661161,
            0.8377527550279867,
            0.8388271226228875,
            0.8387443657577641,
            0.8397993593760785,
            0.8408100366652982,
            0.8416286397870988,
            0.8423857313071502,
            0.8430680265863049,
            0.8438752658727007,
            0.8445969178469477,
            0.8455396230820136,
            0.8463790979551179,
            0.8471526807971818,
            0.8478883065760265,
            0.848699377177394,
            0.8494156021452308,
            0.8500146183201406,
            0.8506622984079414,
            0.8500705958171082,
            0.8502693239623151,
            0.8507988209909677,
            0.8509105418268916,
            0.8516592915721768,
            0.8506110764523157,
            0.8492588279108014,
            0.8489667206598128,
            0.8493414807039908,
            0.8489297335802946,
            0.8485704640705399,
            0.8486749323800162,
            0.8642218784890774,
            0.8639082668896528,
            0.8620110135926965,
            0.8594561579160204,
            0.8560862706154464,
            0.8502090575349921,
            0.850212879403342,
            0.8487024101065449,
            0.845860959773717,
            0.8447895645161291
        ],
        "runtimes": [
            0.7947680950164795,
            1.3067736625671387,
            2.0841867923736572,
            2.8549842834472656,
            4.256088972091675,
            5.670271635055542,
            7.032102584838867,
            8.454788446426392,
            9.88435411453247,
            11.301909923553467,
            12.904445171356201,
            14.362868547439575,
            15.788299560546875,
            17.32832360267639,
            18.895020723342896,
            20.44071078300476,
            21.99879503250122,
            23.45745038986206,
            25.078033924102783,
            26.58811664581299,
            28.238489627838135,
            29.75304412841797,
            31.408130407333374,
            32.93752336502075,
            34.463924407958984,
            35.98158121109009,
            37.51555609703064,
            39.527032136917114,
            41.09399747848511,
            42.55752444267273,
            44.25711250305176,
            45.91917657852173,
            47.38648176193237,
            49.068684339523315,
            50.60902738571167,
            52.181933879852295,
            53.76954770088196,
            55.28660583496094,
            56.743441581726074,
            58.34331130981445,
            59.786166191101074,
            61.267987966537476,
            62.81926488876343,
            64.46707916259766,
            65.84902477264404,
            67.39176487922668,
            69.08030700683594,
            70.45952105522156,
            72.0586621761322,
            73.69771957397461,
            75.35805034637451,
            76.7583680152893,
            78.22077870368958,
            79.87720394134521,
            81.63803911209106,
            83.22960329055786,
            84.81688332557678,
            86.43036389350891,
            87.91789650917053,
            89.41744494438171,
            90.98978853225708,
            92.51001453399658,
            94.20872139930725,
            95.88037133216858,
            97.4424319267273,
            98.8791012763977,
            100.31081795692444,
            101.84988021850586,
            103.34061479568481,
            104.97933268547058,
            106.48484015464783,
            108.0318968296051,
            109.59552431106567,
            111.00972104072571,
            112.64757323265076,
            114.30467820167542,
            115.94689393043518,
            117.44372534751892,
            119.02880024909973,
            120.49117588996887,
            121.96062159538269,
            123.43999242782593,
            125.10891675949097,
            126.5825674533844,
            128.04327821731567,
            129.64946460723877,
            131.23656582832336,
            132.75595092773438,
            134.20466494560242,
            135.79833555221558,
            137.28630924224854,
            139.1284201145172,
            140.69427394866943,
            142.29737162590027,
            143.9647409915924
        ],