{
    "dataset": "48_chess",
    "model": "AutoSAD",
    "auc": 0.939381566446392,
    "total_runtime": 131.54384899139404,
    "total_memory_usage": 6.0,
    "Instances": 28056,
    "window_metric": {
        "window_size": 1000,
        "auc_scores": [
            0.994994994994995,
            0.9906526456351193,
            0.9931598264931598,
            0.9947877574847802,
            0.9886659327461971,
            0.9893887591727819,
            0.9778984989278056,
            0.9801100825619213,
            0.9802090282410495,
            0.9716944718445769,
            0.9722420761263662,
            0.9519471314209472,
            0.9529614378078818,
            0.9485309886339267,
            0.9371198628555004,
            0.9381949757254693,
            0.9394963919866781,
            0.9431044388842554,
            0.9350037649785722,
            0.9380555555555555,
            0.9393398474737846,
            0.9430906991305554,
            0.9443024553129871,
            0.9451940794212876,
            0.9365294331654688,
            0.9384885466794995,
            0.9380956590677062,
            0.939387319253619
        ],
        "runtimes": [
            2.231799364089966,
            5.838520050048828,
            10.385247230529785,
            16.584964990615845,
            22.886690616607666,
            27.664848804473877,
            31.879359483718872,
            36.58725953102112,
            40.810728549957275,
            45.32088232040405,
            51.59109330177307,
            57.99168634414673,
            62.82574987411499,
            68.23400473594666,
            74.22027230262756,
            78.72701573371887,
            83.99239993095398,
            88.38967728614807,
            92.88770365715027,
            97.35835599899292,
            103.56601691246033,
            107.93876028060913,
            112.11155128479004,
            116.11956191062927,
            120.61279797554016,
            124.9441728591919,
            127.82834720611572,
            131.35898399353027
        ],
        "memory_usages": [
            6.0,
            6.0,
            6.0,
            6.0,
            6.0,
            6.0,
            6.0,
            6.0,
            6.0,
            6.0,
            6.0,
            6.0,
            6.0,
            6.0,
            6.0,
            6.0,
            6.0,
            6.0,
            6.0,
            6.0,
            6.0,
            6.0,
            6.0,
            6.0,
            6.0,
            6.0,
            6.0,
            6.0
        ]
    },
    "run_count": 7,
    "seed": 46
}