{
    "dataset": "51_kddcup99_u2r",
    "model": "AutoSAD",
    "auc": 0.9290894654903395,
    "total_runtime": 165.89530301094055,
    "total_memory_usage": 33.0,
    "Instances": 60821,
    "window_metric": {
        "window_size": 1000,
        "auc_scores": [
            NaN,
            0.9939969984992496,
            0.995998666222074,
            0.9592398099524881,
            0.9673934786957391,
            0.9714952492082014,
            0.872683531037111,
            0.9004033266633317,
            0.7630037444852259,
            0.7922272272272272,
            0.8076878531423985,
            0.843892279087507,
            0.8408184971098266,
            0.8354090616276573,
            0.8508498208124748,
            0.8554709830942613,
            0.854202349335349,
            0.8488688322531908,
            0.8534643124985353,
            0.8580976157242249,
            0.8965371857500779,
            0.9063970014055912,
            0.9054697319592366,
            0.9033188676104285,
            0.9072722641787935,
            0.9057269227789795,
            0.9091307001087259,
            0.9099831289874603,
            0.9103702665941057,
            0.9108601218899534,
            0.9110522030443906,
            0.9111124657409738,
            0.91155824374582,
            0.9111710370238816,
            0.9110653960526878,
            0.9112183025753813,
            0.9125380398530659,
            0.9139374977565371,
            0.9154114916933738,
            0.9169935419251452,
            0.9182893240893486,
            0.9193936224860852,
            0.9179429198449063,
            0.9190064496364609,
            0.9202021391402281,
            0.9213036521789334,
            0.9220731397351387,
            0.9225009361009361,
            0.9228948235513553,
            0.923768308862252,
            0.9246195878944383,
            0.9251580900790399,
            0.9255496757744979,
            0.9257345140950238,
            0.9260617167965406,
            0.9264366625854599,
            0.9270108674154914,
            0.9275269252633765,
            0.9282293767410428,
            0.9287816729889369
        ],
        "runtimes": [
            1.5059986114501953,
            4.056414604187012,
            6.689932584762573,
            10.830308437347412,
            13.317995548248291,
            16.048569202423096,
            19.20063066482544,
            21.852046728134155,
            24.685946941375732,
            27.633347749710083,
            30.141374588012695,
            32.66121506690979,
            35.25426769256592,
            38.27064633369446,
            40.957727909088135,
            43.74004316329956,
            46.8755042552948,
            52.118425369262695,
            55.30302143096924,
            58.42986488342285,
            61.302939891815186,
            64.2631766796112,
            67.25293922424316,
            70.02873420715332,
            72.76485896110535,
            75.80716252326965,
            78.52493858337402,
            81.51892805099487,
            84.13119220733643,
            86.87697219848633,
            90.31856346130371,
            93.05553412437439,
            96.3013699054718,
            99.19525337219238,
            102.11632657051086,
            104.7070038318634,
            107.27762126922607,
            110.12384819984436,
            112.868412733078,
            115.87235403060913,
            118.55869150161743,
            121.0653908252716,
            123.38623237609863,
            125.81399083137512,
            128.35787510871887,
            130.70093059539795,
            133.1341996192932,
            135.70708847045898,
            138.0536732673645,
            140.36162114143372,
            142.7271237373352,
            144.97099566459656,
            147.31789088249207,
            149.53458881378174,
            151.79496693611145,
            154.36493062973022,
            156.63157272338867,
            158.84475874900818,
            160.9656023979187,
            163.42344760894775
        ],
        "memory_usages": [
            4.0,
            4.0,
            19.0,
            32.0,
            32.0,
            32.0,
            32.0,
            32.0,
            32.0,
            32.0,
            32.0,
            32.0,
            32.0,
            32.0,
            32.0,
            32.0,
            32.0,
            32.0,
            32.0,
            32.0,
            32.0,
            32.0,
            32.0,
            32.0,
            32.0,
            32.0,
            32.0,
            32.0,
            32.0,
            32.0,
            32.0,
            32.0,
            32.0,
            32.0,
            32.0,
            32.0,
            32.0,
            32.0,
            32.0,
            32.0,
            32.0,
            32.0,
            32.0,
            32.0,
            32.0,
            32.0,
            32.0,
            32.0,
            32.0,
            32.0,
            33.0,
            33.0,
            33.0,
            33.0,
            33.0,
            33.0,
            33.0,
            33.0,
            33.0,
            33.0
        ]
    },
    "run_count": 9,
    "seed": 38
}