{
    "dataset": "51_kddcup99_u2r",
    "model": "AutoSAD",
    "auc": 0.9292255112555702,
    "total_runtime": 148.40036344528198,
    "total_memory_usage": 13.08984375,
    "Instances": 60821,
    "window_metric": {
        "window_size": 1000,
        "auc_scores": [
            NaN,
            0.9939969984992496,
            0.9956652217405801,
            0.9962490622655664,
            0.996999399879976,
            0.9963327221203535,
            0.8550807488923824,
            0.8880690345172586,
            0.6962270912888198,
            0.737977977977978,
            0.7630026720935812,
            0.8085385330504637,
            0.8271198458574182,
            0.8233952596388086,
            0.8408431187895844,
            0.8462929183357271,
            0.8427425785827711,
            0.8348041827362729,
            0.8395117063910567,
            0.8446206563223044,
            0.8962831410557087,
            0.9098038179218876,
            0.9088992290812165,
            0.9044763907842535,
            0.9130735629547316,
            0.9122654013427892,
            0.9164617906556743,
            0.9172035883839941,
            0.9174286916570402,
            0.9168763554381671,
            0.9172092765842765,
            0.9174469625993977,
            0.9178780186360104,
            0.9176864897694285,
            0.9174762966608796,
            0.9163124147808416,
            0.9174480719460203,
            0.91868215752911,
            0.9200080206861172,
            0.9215020731656504,
            0.9226486914262785,
            0.9235019130505605,
            0.9221413375991877,
            0.9230326793546366,
            0.9241516102376273,
            0.9251682104159384,
            0.9254655027020606,
            0.9252736089307517,
            0.9254960843420493,
            0.9261851177943775,
            0.9268904961810641,
            0.9272828368084435,
            0.9274941272448508,
            0.9275050913568712,
            0.9271645061946097,
            0.9273505701328173,
            0.9278485904220142,
            0.9282554773695992,
            0.9289171744272544,
            0.9293859062096786
        ],
        "runtimes": [
            2.121609687805176,
            4.428252935409546,
            7.053388595581055,
            9.50347900390625,
            12.151418209075928,
            14.725094556808472,
            17.040712356567383,
            19.55977153778076,
            21.794115781784058,
            24.182220697402954,
            26.63225221633911,
            29.14452075958252,
            31.454167366027832,
            33.982755184173584,
            36.63861536979675,
            39.20346212387085,
            41.8779456615448,
            44.16164588928223,
            46.836889028549194,
            49.11617922782898,
            51.341068267822266,
            53.604820251464844,
            55.94338417053223,
            58.4521918296814,
            60.94792294502258,
            63.49999928474426,
            65.98777556419373,
            68.3358097076416,
            70.6693663597107,
            73.4766149520874,
            75.90586400032043,
            78.57942461967468,
            81.05879712104797,
            83.39086818695068,
            86.05493378639221,
            88.48261642456055,
            90.89185118675232,
            93.73473882675171,
            96.30338263511658,
            98.62537217140198,
            100.84664225578308,
            103.1386194229126,
            105.62093567848206,
            107.85949420928955,
            110.28244137763977,
            112.5357313156128,
            115.23438334465027,
            117.49948835372925,
            119.74303102493286,
            122.6532633304596,
            125.14739751815796,
            127.81277346611023,
            130.35453748703003,
            132.61351823806763,
            134.92585563659668,
            137.20854449272156,
            139.7909860610962,
            142.01716470718384,
            144.27166438102722,
            146.55191469192505
        ],
        "memory_usages": [
            19.0,
            19.0,
            4.9453125,
            4.9453125,
            4.9453125,
            4.9453125,
            4.9453125,
            4.9453125,
            4.9453125,
            4.9453125,
            4.9453125,
            4.9453125,
            4.9453125,
            4.9453125,
            4.9453125,
            4.9453125,
            4.9453125,
            4.9453125,
            4.9453125,
            4.9453125,
            4.9453125,
            4.9453125,
            4.9453125,
            4.9453125,
            4.9453125,
            4.9453125,
            4.9453125,
            4.9453125,
            4.9453125,
            5.9453125,
            4.58984375,
            5.3671875,
            6.3671875,
            6.3671875,
            6.94921875,
            7.94921875,
            8.94921875,
            8.94921875,
            8.94921875,
            8.94921875,
            8.94921875,
            7.32421875,
            8.32421875,
            9.32421875,
            10.32421875,
            9.3984375,
            9.4609375,
            9.5234375,
            9.58203125,
            9.76953125,
            9.9296875,
            10.1484375,
            10.2734375,
            10.39453125,
            10.30859375,
            11.171875,
            11.9375,
            12.06640625,
            11.96484375,
            12.08984375
        ]
    },
    "run_count": 8,
    "seed": 49
}