{
    "dataset": "1_ALOI",
    "model": "AutoSAD",
    "auc": 0.8216587561269034,
    "total_runtime": 14.322882413864136,
    "total_memory_usage": 6.26171875,
    "Instances": 49534,
    "window_metric": {
        "window_size": 1000,
        "auc_scores": [
            NaN,
            0.6797257445386125,
            0.6784148526891431,
            0.6805046706489946,
            0.679322726292154,
            0.692881952235746,
            0.7164758336698086,
            0.7418418261365549,
            0.7696571302935332,
            0.7764775647793336,
            0.7854159750330028,
            0.7872242056850691,
            0.7919103105747188,
            0.8028970371276343,
            0.8122313468399783,
            0.8169038748900884,
            0.8176376735215779,
            0.8240684254273916,
            0.8193376085225168,
            0.8107552136675635,
            0.8131982732765017,
            0.8127553238088384,
            0.8151799188989451,
            0.8162701291729544,
            0.8203672021538119,
            0.8225985446013659,
            0.8217716974504093,
            0.8171799324033961,
            0.8139860604734398,
            0.8110242262614737,
            0.8129158390658295,
            0.8091788914672927,
            0.8069502978483695,
            0.8075663227936785,
            0.8074111526217433,
            0.8115240115649005,
            0.8130959612522237,
            0.8147632408658444,
            0.8148266325109569,
            0.8169654978084945,
            0.8179728708443385,
            0.8194617674749126,
            0.820870297837607,
            0.8233494599451517,
            0.8248789953992575,
            0.8232472454738683,
            0.8240092378734034,
            0.8217575466050918,
            0.820672212614449
        ],
        "runtimes": [
            0.09078025817871094,
            0.38128209114074707,
            0.7832269668579102,
            1.0944643020629883,
            1.3881516456604004,
            1.6682825088500977,
            1.9617559909820557,
            2.2949774265289307,
            2.6061296463012695,
            2.863473653793335,
            3.132815361022949,
            3.3922221660614014,
            3.6544642448425293,
            3.911682605743408,
            4.1562793254852295,
            4.407937049865723,
            4.659044504165649,
            4.925735712051392,
            5.2055699825286865,
            5.489642381668091,
            5.7558434009552,
            6.088147163391113,
            6.423583745956421,
            6.789315938949585,
            7.161141872406006,
            7.431422472000122,
            7.7050697803497314,
            7.982558965682983,
            8.269579887390137,
            8.554140090942383,
            8.829040050506592,
            9.10802960395813,
            9.414768695831299,
            9.697486639022827,
            10.086975574493408,
            10.380118608474731,
            10.647907495498657,
            10.921724319458008,
            11.197194814682007,
            11.538994550704956,
            11.862115144729614,
            12.136705875396729,
            12.412723541259766,
            12.677893877029419,
            12.972115516662598,
            13.316497564315796,
            13.601665735244751,
            13.873415231704712,
            14.154515266418457
        ],
        "memory_usages": [
            3.0,
            3.0,
            3.0,
            3.0,
            3.0,
            3.0,
            3.0,
            3.0,
            3.0,
            3.0,
            3.0,
            3.0,
            3.0,
            4.0,
            4.0,
            4.0,
            4.0,
            4.0,
            4.0,
            5.0,
            5.0,
            3.87109375,
            4.87109375,
            4.87109375,
            4.25390625,
            5.25390625,
            5.25390625,
            4.48828125,
            4.55859375,
            4.62890625,
            4.96484375,
            5.96484375,
            5.10546875,
            5.44140625,
            5.76953125,
            5.90234375,
            6.03515625,
            6.16796875,
            5.8515625,
            6.671875,
            5.98828125,
            6.94140625,
            6.125,
            6.23828125,
            6.28125,
            6.34765625,
            6.41796875,
            6.48828125,
            6.5546875
        ]
    },
    "run_count": 3,
    "seed": 77
}