{
    "dataset": "50_bank",
    "model": "AutoSAD",
    "auc": 0.6962259096917421,
    "total_runtime": 120.6372435092926,
    "total_memory_usage": 135.09375,
    "Instances": 41188,
    "window_metric": {
        "window_size": 1000,
        "auc_scores": [
            0.5083695477225173,
            0.5583625176321806,
            0.5544121677830726,
            0.5565165319600908,
            0.5697460847331227,
            0.5674964178053071,
            0.5518897313734848,
            0.5379295483870968,
            0.5421260961098966,
            0.5384751911447124,
            0.533601505882353,
            0.5216796200345424,
            0.5213422481922619,
            0.5186856369015932,
            0.5179599098808014,
            0.5273109875143536,
            0.5260616605894053,
            0.5267459547191744,
            0.5225475630860744,
            0.5258302796669962,
            0.5229878999893992,
            0.5227711865079153,
            0.5193382965646967,
            0.5196641260390179,
            0.5325311739495768,
            0.5309005930031448,
            0.5301034273114944,
            0.5482565623309256,
            0.5583622354234131,
            0.5628016770623898,
            0.5803025099445425,
            0.5797086641635002,
            0.578324184647963,
            0.5762526270406353,
            0.5747795291525893,
            0.5709637124834583,
            0.5924092853940404,
            0.6143966124404432,
            0.6419905912740758,
            0.6730011831596276,
            0.6936464426681054
        ],
        "runtimes": [
            1.330972671508789,
            3.8524723052978516,
            7.131032943725586,
            11.556886672973633,
            14.891283988952637,
            17.57093834877014,
            20.581106185913086,
            23.726149797439575,
            26.64610981941223,
            29.417391538619995,
            32.29274797439575,
            35.01599097251892,
            38.80149507522583,
            42.180325984954834,
            44.81486701965332,
            47.64571738243103,
            51.08471870422363,
            54.048301219940186,
            56.85059356689453,
            59.80817723274231,
            62.359450578689575,
            65.05109810829163,
            67.93573117256165,
            70.59537696838379,
            73.35990142822266,
            76.16405153274536,
            79.1880190372467,
            81.88011932373047,
            84.57076168060303,
            87.42824935913086,
            90.51964449882507,
            93.56629204750061,
            96.33119797706604,
            99.30454111099243,
            102.22475004196167,
            105.238698720932,
            108.17750000953674,
            111.81062722206116,
            114.38689589500427,
            117.10697674751282,
            119.9390721321106
        ],
        "memory_usages": [
            6.0,
            7.0,
            133.0,
            133.0,
            133.0,
            134.0,
            134.0,
            134.0,
            134.0,
            134.0,
            134.0,
            134.0,
            134.0,
            134.0,
            134.0,
            134.0,
            134.0,
            134.0,
            134.0,
            134.0,
            134.0,
            134.0,
            134.0,
            134.0,
            134.0,
            134.0,
            134.0,
            134.0,
            134.0,
            134.0,
            134.0,
            134.0,
            134.0,
            134.0,
            134.0,
            134.0,
            134.0,
            134.0,
            134.0,
            134.0,
            135.39453125
        ]
    },
    "run_count": 7,
    "seed": 65
}