{
    "dataset": "50_bank",
    "model": "AutoSAD",
    "auc": 0.704507228094938,
    "total_runtime": 146.67385172843933,
    "total_memory_usage": 203.0,
    "Instances": 41188,
    "window_metric": {
        "window_size": 1000,
        "auc_scores": [
            0.5059820805837223,
            0.5327289751447055,
            0.5392673555845142,
            0.5417196574306371,
            0.5468084804147875,
            0.5436495102014571,
            0.5366614174128514,
            0.5289202580645163,
            0.5340733368938791,
            0.5365445397225413,
            0.5337076705882353,
            0.5251820667818077,
            0.5349475416608839,
            0.5300250568639786,
            0.5336870554499848,
            0.53514543486493,
            0.5336646838710195,
            0.5313864442653244,
            0.5283423745456723,
            0.5314439926523984,
            0.5285616787565813,
            0.5276991937392972,
            0.5275714631010029,
            0.5279331775134977,
            0.5469931198349037,
            0.5465218344547608,
            0.5437634006820341,
            0.5680968791587498,
            0.5818181180400859,
            0.585367005949314,
            0.5971111291352138,
            0.5940556609164231,
            0.591689219327671,
            0.588575457756632,
            0.5861527733359253,
            0.5818809965155319,
            0.6097173990725312,
            0.6307474361174271,
            0.6533518441161432,
            0.6850960829298682,
            0.7022045658407048
        ],
        "runtimes": [
            1.658207893371582,
            4.50400972366333,
            7.494475364685059,
            10.596998453140259,
            14.470909833908081,
            17.557416439056396,
            20.554908990859985,
            24.911346435546875,
            28.666241884231567,
            31.476497888565063,
            35.49022579193115,
            39.03691816329956,
            43.96000003814697,
            47.00038528442383,
            50.44706892967224,
            53.98558259010315,
            56.79069471359253,
            62.644506216049194,
            66.52086114883423,
            70.04358243942261,
            73.95547533035278,
            76.74479389190674,
            81.62346124649048,
            85.20894694328308,
            88.80160284042358,
            91.60703873634338,
            94.7287757396698,
            97.69876885414124,
            100.94735813140869,
            105.78090476989746,
            109.13818764686584,
            114.4009690284729,
            118.07452869415283,
            123.38285112380981,
            126.43735790252686,
            129.86583542823792,
            134.03222799301147,
            137.158611536026,
            139.89420080184937,
            143.06831288337708,
            146.13504004478455
        ],
        "memory_usages": [
            13.0,
            30.0,
            30.0,
            30.0,
            30.0,
            30.0,
            39.0,
            54.0,
            54.0,
            85.0,
            103.0,
            103.0,
            103.0,
            165.0,
            165.0,
            165.0,
            165.0,
            203.0,
            203.0,
            203.0,
            203.0,
            203.0,
            203.0,
            203.0,
            203.0,
            203.0,
            203.0,
            203.0,
            203.0,
            203.0,
            203.0,
            203.0,
            203.0,
            203.0,
            203.0,
            203.0,
            203.0,
            203.0,
            203.0,
            203.0,
            203.0
        ]
    },
    "run_count": 3,
    "seed": 2
}