{
    "dataset": "3_backdoor",
    "model": "AutoSAD",
    "auc": 0.7601380974805745,
    "total_runtime": 98.20610022544861,
    "total_memory_usage": 17.0546875,
    "Instances": 95329,
    "window_metric": {
        "window_size": 1000,
        "auc_scores": [
            0.708427219468229,
            0.3938534921913409,
            0.2603890759963762,
            0.19448447564295268,
            0.15520261831252397,
            0.12912252785503378,
            0.1105464196900167,
            0.09664295852915433,
            0.08584606896048552,
            0.07721919035929115,
            0.07016785346226884,
            0.06429655788346635,
            0.059331956085654086,
            0.055079074135567785,
            0.051395101549415165,
            0.04817304013950887,
            0.04533114053833438,
            0.042805869492802975,
            0.04054710375522696,
            0.03851476934816832,
            0.7602097547108511,
            0.7452467786006387,
            0.7356625098677331,
            0.7362562463783074,
            0.727620178023199,
            0.7287530104208289,
            0.7291317490017442,
            0.7201731144134322,
            0.7199572695565328,
            0.7188152893004598,
            0.7145072288782267,
            0.7135349310778909,
            0.7101630865070849,
            0.7070908794226662,
            0.7079818297541439,
            0.7059895696996203,
            0.7043203721180676,
            0.6999099802875303,
            0.6907549370988071,
            0.6903762997489438,
            0.6915695469923305,
            0.6932009465209532,
            0.6952987917762187,
            0.6968420373946684,
            0.6982829693218925,
            0.7005591901929863,
            0.7025832753134194,
            0.704307402035826,
            0.7063751228384655,
            0.7082447894768611,
            0.7090838734287092,
            0.7107860656107124,
            0.7124366608701412,
            0.7139808537706387,
            0.7157574011324972,
            0.717860787342225,
            0.7198149068299942,
            0.7204356823695781,
            0.7220815353363355,
            0.7239311386733143,
            0.7252865881153996,
            0.7265060983584618,
            0.7274612177252696,
            0.7289795543457066,
            0.7300700828710105,
            0.7313488599369802,
            0.7324972674466907,
            0.7336448596941934,
            0.7347253101384053,
            0.7358088046756284,
            0.7370107712421599,
            0.7378951891063986,
            0.7388188254366607,
            0.7384760999288096,
            0.7384777694817929,
            0.7391844739474933,
            0.7394706946814413,
            0.7398111818353972,
            0.7378771156383875,
            0.7355427722408701,
            0.7339143087155628,
            0.7338630712762628,
            0.7327365744602434,
            0.7298587141323147,
            0.7293009051630504,
            0.7660395822632491,
            0.7700359733138693,
            0.7714363294250686,
            0.7739464313721034,
            0.7776321956527985,
            0.7794404383582993,
            0.7802550376758215,
            0.7832157844268719,
            0.7849004298722447,
            0.779790997311828
        ],
        "runtimes": [
            0.4954094886779785,
            0.9711506366729736,
            1.9116344451904297,
            3.0229132175445557,
            3.968723773956299,
            5.164802074432373,
            6.108006238937378,
            7.060773134231567,
            8.014843940734863,
            9.090526103973389,
            10.029514789581299,
            10.969557285308838,
            11.980297803878784,
            12.99005675315857,
            14.079451560974121,
            15.032500267028809,
            16.107051849365234,
            17.059958934783936,
            18.002464771270752,
            19.11186170578003,
            20.29014825820923,
            21.409950733184814,
            22.455472469329834,
            23.549250841140747,
            24.657395839691162,
            25.623923778533936,
            26.699483394622803,
            27.72206425666809,
            28.74856996536255,
            29.929625272750854,
            30.958748817443848,
            31.928457498550415,
            33.01805901527405,
            33.999141693115234,
            35.04722261428833,
            36.247817277908325,
            37.378873348236084,
            38.49686002731323,
            39.60455060005188,
            40.584861040115356,
            41.68893098831177,
            42.733479022979736,
            43.703492879867554,
            44.66252088546753,
            45.618415117263794,
            46.57306361198425,
            47.534817934036255,
            48.49878668785095,
            49.46259546279907,
            50.42302083969116,
            51.65060234069824,
            52.63865542411804,
            53.60543775558472,
            54.72557330131531,
            55.750988245010376,
            56.70800757408142,
            57.796319246292114,
            59.03448009490967,
            60.022645711898804,
            60.999999046325684,
            61.97241425514221,
            62.95109820365906,
            63.991509199142456,
            65.02966165542603,
            66.00697159767151,
            66.98687648773193,
            67.95914220809937,
            68.93149399757385,
            69.90491819381714,
            71.01115345954895,
            71.99834847450256,
            72.98724961280823,
            73.97740912437439,
            75.03290057182312,
            76.06987690925598,
            77.27884531021118,
            78.34110879898071,
            79.50846290588379,
            80.49087023735046,
            81.4866189956665,
            82.49578356742859,
            83.62601280212402,
            84.68893313407898,
            85.77357077598572,
            86.78451657295227,
            87.91602516174316,
            88.91644287109375,
            89.925696849823,
            91.17100143432617,
            92.30673241615295,
            93.30328154563904,
            94.32154679298401,
            95.33892941474915,
            96.46674227714539,
            97.76728892326355
        ],