{
    "dataset": "5_campaign",
    "model": "AutoSAD",
    "auc": 0.6855434622112442,
    "total_runtime": 19.108198642730713,
    "total_memory_usage": 7.0,
    "Instances": 41188,
    "window_metric": {
        "window_size": 1000,
        "auc_scores": [
            0.5023199292973929,
            0.5610371267150928,
            0.6050562522677919,
            0.6292640528453357,
            0.6416526312589306,
            0.6515208987097527,
            0.6636603197771921,
            0.6687248226248771,
            0.6740060519443494,
            0.6780847246060229,
            0.6867607088919232,
            0.6912719919431412,
            0.694631709536358,
            0.6953868531468531,
            0.6978214132845637,
            0.7006782267037979,
            0.7013862694013837,
            0.7054599986050081,
            0.7078072540951922,
            0.7072093122021,
            0.7076129421425539,
            0.7087250339242529,
            0.7080285626341734,
            0.7086879307238194,
            0.7106102921140673,
            0.7112194959389991,
            0.710298590948301,
            0.7103558810031365,
            0.7088713809282163,
            0.7076953865132912,
            0.7059041307198529,
            0.7039980329385225,
            0.7011929501343107,
            0.6990966074749613,
            0.6967288054063645,
            0.6958560848388758,
            0.6944950639387929,
            0.6923274440702779,
            0.6904693207717846,
            0.6873887051632844,
            0.686251250158856
        ],
        "runtimes": [
            0.42806291580200195,
            0.8292455673217773,
            1.2253031730651855,
            1.6335430145263672,
            2.041900396347046,
            2.4985296726226807,
            3.05131459236145,
            3.56973934173584,
            4.092240333557129,
            4.504856824874878,
            4.968050718307495,
            5.536816596984863,
            6.017743825912476,
            6.431464195251465,
            6.851263523101807,
            7.262873649597168,
            7.689566612243652,
            8.195304155349731,
            8.74547266960144,
            9.179391622543335,
            9.68349575996399,
            10.158437490463257,
            10.62391710281372,
            11.096940994262695,
            11.570396184921265,
            11.984389066696167,
            12.395445108413696,
            12.866403341293335,
            13.267804622650146,
            13.745513200759888,
            14.205883026123047,
            14.69375729560852,
            15.239840507507324,
            15.659099817276001,
            16.074280977249146,
            16.56929850578308,
            16.980300426483154,
            17.391194343566895,
            17.85978937149048,
            18.40238928794861,
            18.928930521011353
        ],
        "memory_usages": [
            5.0,
            5.0,
            5.0,
            5.0,
            5.0,
            5.0,
            5.0,
            5.0,
            5.0,
            5.0,
            5.0,
            5.0,
            6.0,
            6.0,
            6.0,
            6.0,
            6.0,
            6.0,
            6.0,
            6.0,
            6.0,
            6.0,
            6.0,
            6.0,
            6.0,
            6.0,
            6.0,
            6.0,
            6.0,
            6.0,
            6.0,
            6.0,
            6.0,
            6.0,
            6.0,
            7.0,
            7.0,
            7.0,
            7.0,
            7.0,
            7.0
        ]
    },
    "run_count": 5,
    "seed": 45
}