{
    "dataset": "8_celeba",
    "model": "AutoSAD",
    "auc": 0.7651324327807031,
    "total_runtime": 905.0662786960602,
    "total_memory_usage": 31.4375,
    "Instances": 202599,
    "window_metric": {
        "window_size": 1000,
        "auc_scores": [
            0.6100370096225018,
            0.6450964023057045,
            0.6932430368868323,
            0.6867131556015758,
            0.6938769132426577,
            0.698498804727595,
            0.7001161429189114,
            0.7037593718943309,
            0.7003765556397137,
            0.6992336919398907,
            0.7012350107965041,
            0.7027606302935117,
            0.7104133427462984,
            0.716730473913655,
            0.7164175053608047,
            0.7197584101140352,
            0.7238353701669982,
            0.7267530600106058,
            0.7263279375663635,
            0.728151189219467,
            0.7327480772093083,
            0.7358383401504299,
            0.7376350877739986,
            0.7383064446404177,
            0.7377961141363686,
            0.7423905866906209,
            0.74387416987016,
            0.7446124496634156,
            0.7470379165979412,
            0.7470874708430187,
            0.7463613131302526,
            0.7460131154004427,
            0.7470739519223661,
            0.7457001192160942,
            0.7446340997542453,
            0.746764197180035,
            0.746985953212907,
            0.7457273263454568,
            0.7452392489945683,
            0.744603206236754,
            0.7445461077065054,
            0.7467235545284016,
            0.7478118345740751,
            0.7480776578143198,
            0.7484427859538675,
            0.7508210372745847,
            0.751181791672485,
            0.7514019618672968,
            0.7507655801063825,
            0.7503004366520907,
            0.7498631773121543,
            0.750103644137911,
            0.7518379990091463,
            0.7519456952754288,
            0.7529558530439893,
            0.7516629409801613,
            0.7524435379658774,
            0.7512455460401343,
            0.7535933237040603,
            0.753620524799849,
            0.7541173829114867,
            0.7545141162300499,
            0.7533750216239958,
            0.7527770344524374,
            0.7532884434667058,
            0.75326733864548,
            0.7526737191282785,
            0.7533373644937561,
            0.7537486011831113,
            0.7537473424385536,
            0.7534494650605567,
            0.7534321162839235,
            0.7536441671877736,
            0.7536945730570154,
            0.7539429081389729,
            0.7552024384450954,
            0.7557613228738567,
            0.7543998947265889,
            0.753753896527024,
            0.7547509710444957,
            0.7544164556730315,
            0.7549757378613542,
            0.7546584681099704,
            0.7545795787709323,
            0.7552576906837489,
            0.7556757212120317,
            0.7561968943481012,
            0.7564097237527677,
            0.7562323406487153,
            0.7568735738636364,
            0.7569133788232301,
            0.7560353113259113,
            0.7560098513241181,
            0.7560354088424358,
            0.7571900065323648,
            0.7576056327913594,
            0.7580015593504427,
            0.75871568705948,
            0.7583243704235627,
            0.7575036734393803,
            0.7577205167799932,
            0.7571982860089199,
            0.7567083821044251,
            0.7562584227653182,
            0.7564005167545144,
            0.755719990739793,
            0.7564282944957474,
            0.7568644632810462,
            0.756871762596258,
            0.7574350997121978,
            0.7573147777782363,
            0.7574249433535846,
            0.7578097108105287,
            0.7579845356268007,
            0.7587386018237082,
            0.7590622008912189,
            0.7589081097456062,
            0.7587946797722388,
            0.7592682117540506,
            0.7595024220870922,
            0.7596061978823148,
            0.7592137747924614,
            0.7596214106698919,
            0.7594545827920788,
            0.759842300312274,
            0.7598849422856062,
            0.758624209131886,
            0.7588225093552079,
            0.7576760136797871,
            0.7576804184558229,
            0.7580513510062067,
            0.7588763478104993,
            0.7587926122804437,
            0.7595453180462661,
            0.7599435060621706,
            0.7604404696342412,
            0.7607792460766353,
            0.7604528068137825,
            0.7601857735858376,
            0.7594818530584477,
            0.7597888622806607,
            0.7598588803362923,
            0.759405575463777,
            0.7592942470477262,
            0.7593123571747068,
            0.7594355495490389,
            0.7596236434604748,
            0.7591880431200129,
            0.7594691056833655,
            0.7597350017203026,
            0.7598515867892579,
            0.7598653913754561,
            0.760463045570285,
            0.7606622367101423,
            0.7605243216457087,
            0.76106773384303,
            0.761030869805364,
            0.7611836837525204,
            0.7616471078134109,
            0.7617091804117121,
            0.7615541755895173,
            0.7609610444013425,
            0.7610676231608611,
            0.7609178877907241,
            0.7611340385287755,
            0.7616710171113349,
            0.7620107555032657,
            0.7622995149432951,
            0.7616357602829983,
            0.7617989671647544,
            0.7623148916180459,
            0.7620471698672738,
            0.7623922343983577,
            0.7615508031867123,
            0.7613344264904535,
            0.761559718391506,
            0.7620897240781068,
            0.7621118680417923,
            0.7622520181163084,
            0.762478149342674,
            0.7626518984786131,
            0.7630534277862229,
            0.763246794070368,
            0.7636516730640829,
            0.7639387662241115,
            0.7642253560615268,
            0.7644745865973612,
            0.7640138897379127,
            0.7643792434732428,
            0.7641799755297825,
            0.7636120593203023,
            0.7637209170342789,
            0.7642975879397892,
            0.7645835953101752,
            0.7644331879067648,
            0.7647285569927598,
            0.7648138927061864,
            0.764848102556642,
            0.7648450795897548,
            0.7650349485717344,
            0.7649361040802405,
            0.7649561616778855
        ],