{
    "dataset": "50_bank",
    "model": "AutoSAD",
    "auc": 0.6944173793178927,
    "total_runtime": 86.71444392204285,
    "total_memory_usage": 103.0,
    "Instances": 41188,
    "window_metric": {
        "window_size": 1000,
        "auc_scores": [
            0.5354364504533504,
            0.5618889537428864,
            0.5382383065892796,
            0.5377525893082592,
            0.5523456088639511,
            0.5449715391872425,
            0.5264310885390022,
            0.5183643870967742,
            0.5162223488424087,
            0.5164243208183261,
            0.511112031372549,
            0.5001760013158977,
            0.5015775714567257,
            0.4977348277893388,
            0.49711232911868614,
            0.4994602214097305,
            0.5010434572087727,
            0.5015851396131371,
            0.49968330544194195,
            0.5036878165878687,
            0.5021854981600109,
            0.5032687397907379,
            0.5019467528574493,
            0.5040694540554895,
            0.517252804757188,
            0.5175079028553408,
            0.5167672222850483,
            0.5432207794538848,
            0.5551970197771302,
            0.5577521094730471,
            0.5735263729765884,
            0.5719938913217315,
            0.5702807749108236,
            0.5667659157188988,
            0.5658259560038141,
            0.564886415554247,
            0.5910946192091756,
            0.6156510229671743,
            0.6403215665315436,
            0.6717847761762946,
            0.6920704997554451
        ],
        "runtimes": [
            2.5113213062286377,
            5.657988548278809,
            7.630652189254761,
            10.337559700012207,
            12.726463794708252,
            15.409556150436401,
            17.71947407722473,
            19.957333087921143,
            22.163869380950928,
            24.347432374954224,
            26.71173930168152,
            28.932772159576416,
            30.930779933929443,
            32.90026116371155,
            35.014700174331665,
            36.99886131286621,
            38.990933418273926,
            41.46609282493591,
            43.49830722808838,
            45.58755397796631,
            48.01010704040527,
            49.853572607040405,
            51.705440282821655,
            53.937684774398804,
            55.89158868789673,
            57.71808695793152,
            59.58788561820984,
            61.407344579696655,
            63.18550419807434,
            65.3027331829071,
            67.06982946395874,
            69.09746885299683,
            70.90214824676514,
            72.64737224578857,
            74.50827169418335,
            76.18858051300049,
            77.93918466567993,
            79.84046459197998,
            81.92715430259705,
            83.67186641693115,
            86.39186406135559
        ],
        "memory_usages": [
            72.0,
            72.0,
            72.0,
            100.0,
            100.0,
            100.0,
            101.0,
            101.0,
            101.0,
            101.0,
            101.0,
            101.0,
            101.0,
            101.0,
            101.0,
            101.0,
            101.0,
            101.0,
            101.0,
            102.0,
            102.0,
            102.0,
            102.0,
            102.0,
            102.0,
            102.0,
            102.0,
            102.0,
            102.0,
            102.0,
            102.0,
            102.0,
            102.0,
            102.0,
            103.0,
            103.0,
            103.0,
            103.0,
            103.0,
            103.0,
            103.0
        ]
    },
    "run_count": 9,
    "seed": 100
}