{
    "dataset": "49_kddcup99_prob",
    "model": "AutoSAD",
    "auc": 0.8257428349429081,
    "total_runtime": 295.8809983730316,
    "total_memory_usage": 11.0625,
    "Instances": 64759,
    "window_metric": {
        "window_size": 1000,
        "auc_scores": [
            0.929427145868353,
            0.9600280554217628,
            0.8809911003962743,
            0.8856494254983918,
            0.9011913810245571,
            0.8997984054840565,
            0.8990133610354678,
            0.8949470556091007,
            0.8947296349133019,
            0.8999800422746959,
            0.9033645716420798,
            0.8147213923726802,
            0.8045066330738246,
            0.8261775803518103,
            0.798403920416727,
            0.7947650627136833,
            0.8033015706975541,
            0.8119985327275687,
            0.8194549618897637,
            0.8181809621004322,
            0.8193948314222262,
            0.8143184419111744,
            0.8176157523920948,
            0.8197357160926602,
            0.8205171794826489,
            0.8212976236252539,
            0.8241838817429351,
            0.8223958829946582,
            0.8247363401271133,
            0.8268467665315239,
            0.8289015219783682,
            0.8307129267859079,
            0.8318005290737929,
            0.8289219076797352,
            0.8299565948630603,
            0.8304598138364382,
            0.8306925339931898,
            0.8300788231859835,
            0.8314954133362253,
            0.8255905991701282,
            0.8246883256342603,
            0.8244462991057601,
            0.8253176936830928,
            0.827057731247516,
            0.8276313809619484,
            0.8264045969591715,
            0.8266693404843569,
            0.8272390333314751,
            0.8285043975612318,
            0.8292919647590384,
            0.8291163032686565,
            0.8286890160678204,
            0.8290349979876687,
            0.8289368570505825,
            0.8274580345701911,
            0.82793533478175,
            0.8276094890159245,
            0.8271631460548899,
            0.8274676765877463,
            0.8248398233526442,
            0.8248055002169106,
            0.8250773573299688,
            0.8257765495802236,
            0.8249566379128199
        ],
        "runtimes": [
            2.523531198501587,
            6.9743735790252686,
            11.569155216217041,
            15.793349266052246,
            20.21429443359375,
            24.85608720779419,
            29.149707555770874,
            33.9913694858551,
            38.647422075271606,
            42.78356313705444,
            47.377960205078125,
            52.39427971839905,
            56.96462965011597,
            62.29121804237366,
            66.65866422653198,
            71.11120343208313,
            75.86107587814331,
            81.05909967422485,
            85.28881573677063,
            89.96083116531372,
            94.30615615844727,
            98.95886635780334,
            103.54215741157532,
            107.89140439033508,
            112.56726789474487,
            116.90209531784058,
            121.86308121681213,
            126.09637069702148,
            130.29223775863647,
            134.9796257019043,
            139.29336500167847,
            143.89386510849,
            148.95144033432007,
            153.20366644859314,
            157.64337420463562,
            161.81649804115295,
            165.9731101989746,
            170.54642248153687,
            175.1386263370514,
            179.70995569229126,
            184.2565724849701,
            189.20052194595337,
            193.41153979301453,
            198.4841010570526,
            202.91781544685364,
            207.09247183799744,
            211.53837513923645,
            216.30435419082642,
            221.05271434783936,
            226.09417605400085,
            230.58613395690918,
            235.0398714542389,
            239.7115969657898,
            244.237154006958,
            248.84845113754272,
            254.2628152370453,
            259.0655515193939,
            264.182003736496,
            268.6296718120575,
            273.2122106552124,
            278.21803760528564,
            282.6052007675171,
            287.27270913124084,
            292.06541085243225
        ],
        "memory_usages": [
            5.0,
            5.0,
            5.0,
            5.0,
            5.0,
            5.0,
            5.0,
            5.0,
            5.0,
            5.0,
            5.0,
            5.0,
            5.0,
            5.0,
            5.0,
            5.0,
            5.0,
            5.0,
            5.0,
            5.0,
            5.0,
            5.0,
            5.0,
            5.0,
            3.47265625,
            4.47265625,
            4.47265625,
            3.8984375,
            3.96875,
            4.0390625,
            4.21875,
            4.2890625,
            4.34375,
            4.41015625,
            5.265625,
            5.3359375,
            5.4375,
            5.56640625,
            5.85546875,
            6.1796875,
            6.58984375,
            6.828125,
            6.96875,
            7.83984375,
            8.1484375,
            7.53515625,
            7.6015625,
            7.65625,
            7.703125,
            7.8125,
            7.875,
            7.9453125,
            7.984375,
            8.0234375,
            7.80859375,
            8.14453125,
            8.8828125,
            9.98828125,
            10.09375,
            10.9765625,
            11.1796875,
            11.2578125,
            11.41015625,
            11.49609375
        ]
    },
    "run_count": 4,
    "seed": 11
}