{
    "dataset": "32_shuttle",
    "model": "AutoSAD",
    "auc": 0.986123079930937,
    "total_runtime": 32.08474946022034,
    "total_memory_usage": 9.0390625,
    "Instances": 49097,
    "window_metric": {
        "window_size": 1000,
        "auc_scores": [
            0.721850542792224,
            0.839549059222914,
            0.8854445166670755,
            0.911038097285593,
            0.9271881071947419,
            0.9357909880750311,
            0.9439485241787465,
            0.9505346097228141,
            0.9536959589328101,
            0.9566486356685925,
            0.9613065264107084,
            0.9631624012841091,
            0.9655178690865895,
            0.9674335845977649,
            0.9682407434642715,
            0.9696345742903151,
            0.9711248874242673,
            0.9725330577429466,
            0.9736306164754958,
            0.9746074932234363,
            0.9756887854911314,
            0.9767933522607519,
            0.9776944261585155,
            0.9782895133992513,
            0.9787565109967055,
            0.9793271151404703,
            0.979796203395147,
            0.9804693799664261,
            0.9808039732166164,
            0.9810466979305934,
            0.9813552812417691,
            0.9817597625530394,
            0.9822272893662728,
            0.9826186563818481,
            0.983023065160449,
            0.9834385980736244,
            0.983821602621992,
            0.9840671910262202,
            0.9843553369193858,
            0.9846652982996204,
            0.9849142689320542,
            0.9852176720620643,
            0.9854357296830202,
            0.9853127834576862,
            0.9852761056240338,
            0.9853924086441854,
            0.9856911550808326,
            0.9859081945131694,
            0.9860977416450077
        ],
        "runtimes": [
            0.23869633674621582,
            0.5566010475158691,
            1.163588285446167,
            1.7892870903015137,
            2.408438205718994,
            3.1571903228759766,
            3.7678580284118652,
            4.495838165283203,
            5.300885438919067,
            5.980274677276611,
            6.587971925735474,
            7.208300590515137,
            7.82667350769043,
            8.445225954055786,
            9.059631109237671,
            9.806640386581421,
            10.485615968704224,
            11.099740505218506,
            11.71185302734375,
            12.459555625915527,
            13.20970368385315,
            13.885783195495605,
            14.505756139755249,
            15.127997159957886,
            15.7572340965271,
            16.386080503463745,
            17.014222621917725,
            17.649242877960205,
            18.27809453010559,
            18.904704093933105,
            19.531410217285156,
            20.16234254837036,
            20.859781742095947,
            21.487312078475952,
            22.18331265449524,
            22.822558164596558,
            23.569290161132812,
            24.22817611694336,
            24.936137437820435,
            25.569658041000366,
            26.323034048080444,
            27.033191680908203,
            27.681121349334717,
            28.321067810058594,
            28.96284008026123,
            29.594383001327515,
            30.408914804458618,
            31.29037070274353,
            31.9954731464386
        ],
        "memory_usages": [
            3.0,
            3.0,
            3.0,
            4.0,
            4.0,
            4.0,
            4.0,
            4.0,
            4.0,
            5.0,
            5.0,
            5.0,
            5.0,
            5.0,
            5.0,
            5.0,
            5.0,
            5.0,
            5.0,
            5.0,
            5.0,
            6.0,
            6.0,
            4.78515625,
            5.78515625,
            5.78515625,
            5.1796875,
            6.1796875,
            5.55078125,
            6.55078125,
            6.015625,
            7.015625,
            6.33203125,
            6.19140625,
            6.77734375,
            6.3984375,
            6.75,
            7.63671875,
            7.75,
            7.8203125,
            7.89453125,
            7.96484375,
            8.03125,
            8.14453125,
            8.21875,
            8.28515625,
            9.26953125,
            9.34375,
            9.41015625
        ]
    },
    "run_count": 8,
    "seed": 56
}