{
    "dataset": "49_kddcup99_prob",
    "model": "AutoSAD",
    "auc": 0.829773026420847,
    "total_runtime": 137.36382699012756,
    "total_memory_usage": 12.28515625,
    "Instances": 64759,
    "window_metric": {
        "window_size": 1000,
        "auc_scores": [
            0.8183249286266976,
            0.8174077212177039,
            0.6770269341357489,
            0.7182787448122229,
            0.7656833658799731,
            0.7812894762471608,
            0.7733779187021151,
            0.784040241209354,
            0.7685703425552781,
            0.7864338327513329,
            0.7910140575991287,
            0.7683488861289234,
            0.7409511765190397,
            0.745083866462825,
            0.7237526302917754,
            0.7280493512495709,
            0.7395726880588193,
            0.74957069349043,
            0.7589362696062991,
            0.7553351112431559,
            0.7625601495572433,
            0.7591450836558128,
            0.7639760573906977,
            0.7694171370749159,
            0.7745001665401055,
            0.7804785235342906,
            0.7910096566934925,
            0.7931886111620929,
            0.7974310177397875,
            0.8002555458629466,
            0.8027465446725114,
            0.8046731041060611,
            0.8062242737705505,
            0.8029284197994655,
            0.8059470984407977,
            0.8071044537012898,
            0.8078638605773242,
            0.8073609761914166,
            0.8086935023239816,
            0.8045868536592675,
            0.8021202366019289,
            0.8042719160050836,
            0.8061468105901436,
            0.8080440511946126,
            0.8081699434728782,
            0.8074632890430867,
            0.8098513498085486,
            0.8117613094157237,
            0.8137988756477968,
            0.8147486720586964,
            0.8154997369424886,
            0.8163680008672972,
            0.8180302510460471,
            0.8194018639435021,
            0.8206985726006097,
            0.8216841049830953,
            0.8228620385584341,
            0.8237247866529649,
            0.8249312602567018,
            0.8259657476707538,
            0.8271886904093487,
            0.828233799698646,
            0.8295319466500302,
            0.8295285042177261
        ],
        "runtimes": [
            1.5144615173339844,
            3.8667380809783936,
            5.946491718292236,
            8.600425004959106,
            10.572207927703857,
            12.566739797592163,
            14.555906057357788,
            16.525719165802002,
            18.52137804031372,
            20.49695920944214,
            22.46754217147827,
            24.43975043296814,
            26.61216711997986,
            28.640511512756348,
            30.66162943840027,
            32.67893648147583,
            34.706427574157715,
            36.737762689590454,
            38.74423694610596,
            40.74619746208191,
            42.80130052566528,
            44.89181160926819,
            47.306697845458984,
            49.311057567596436,
            51.31996417045593,
            53.3217499256134,
            55.317004442214966,
            57.68152952194214,
            59.74420666694641,
            61.76066756248474,
            63.785959005355835,
            65.93553161621094,
            68.3267068862915,
            70.34542512893677,
            72.45666217803955,
            74.48987340927124,
            76.52261519432068,
            78.60508346557617,
            80.61828255653381,
            82.66668558120728,
            84.72961401939392,
            86.82713556289673,
            89.07501673698425,
            91.11402177810669,
            93.16630983352661,
            95.92959833145142,
            97.99170207977295,
            100.23997950553894,
            102.65615510940552,
            104.94561338424683,
            107.0655632019043,
            109.19370245933533,
            111.67529344558716,
            113.99813723564148,
            116.08269929885864,
            118.45318675041199,
            120.66391897201538,
            122.89217734336853,
            124.98660445213318,
            127.20113158226013,
            129.38817191123962,
            131.49326872825623,
            133.57887864112854,
            135.69306468963623
        ],
        "memory_usages": [
            5.0,
            5.0,
            5.0,
            5.0,
            5.0,
            5.0,
            5.0,
            5.0,
            5.0,
            5.0,
            5.0,
            5.0,
            5.0,
            5.0,
            5.0,
            6.0,
            6.0,
            6.0,
            6.0,
            6.0,
            7.0,
            7.0,
            7.0,
            7.0,
            7.0,
            7.0,
            7.0,
            7.0,
            7.0,
            5.6328125,
            6.6328125,
            5.75390625,
            5.8125,
            5.87109375,
            6.65625,
            6.71484375,
            6.77734375,
            7.02734375,
            7.015625,
            7.90625,
            8.0546875,
            8.203125,
            8.34765625,
            8.58203125,
            7.65234375,
            8.078125,
            8.13671875,
            8.19921875,
            8.26171875,
            8.32421875,
            8.38671875,
            8.44921875,
            8.453125,
            8.46875,
            8.53125,
            8.62109375,
            9.12109375,
            9.60546875,
            9.70703125,
            9.80859375,
            10.90625,
            10.984375,
            11.125,
            11.19921875
        ]
    },
    "run_count": 2,
    "seed": 91
}