{
    "dataset": "49_kddcup99_prob",
    "model": "AutoSAD",
    "auc": 0.8116806896322067,
    "total_runtime": 148.25847792625427,
    "total_memory_usage": 47.58203125,
    "Instances": 64759,
    "window_metric": {
        "window_size": 1000,
        "auc_scores": [
            0.5400624349635796,
            0.6498685707790008,
            0.6633155621996903,
            0.5886401344548597,
            0.5611624650975264,
            0.5287650800008287,
            0.5050766504030433,
            0.47545766502868325,
            0.46743955812120225,
            0.4596188247549287,
            0.45440909433637866,
            0.7064252737343713,
            0.7366967159732198,
            0.7648100510579695,
            0.7742417772953527,
            0.7750015540610825,
            0.7771642928397251,
            0.7800751255190583,
            0.784215362519685,
            0.7779343159158439,
            0.7739053990243947,
            0.7751436712467794,
            0.7781639083378165,
            0.7814793972028478,
            0.7841152576972852,
            0.7852761593338967,
            0.7906092734209038,
            0.789082096129076,
            0.7934000088988963,
            0.7947098094795673,
            0.79635337971933,
            0.7978241126744321,
            0.7951911408338467,
            0.7962969851553263,
            0.7981109002781314,
            0.7994888330268858,
            0.8004843221652643,
            0.7993057418252831,
            0.7975224868547357,
            0.8042581158252731,
            0.8053664283009485,
            0.8063375484049452,
            0.8075094509073162,
            0.8087056267961481,
            0.8089521108709264,
            0.8068373981441589,
            0.8069159229749662,
            0.8072288530221639,
            0.8081934284852001,
            0.8088852407173657,
            0.8083511634339376,
            0.8076532518044128,
            0.8081650501619769,
            0.8087825305237156,
            0.8096125531075831,
            0.8102274819625659,
            0.8107366594279672,
            0.8114125731897098,
            0.8111755917931222,
            0.811750496907961,
            0.8124092126971728,
            0.813119915557482,
            0.8139129897864258,
            0.8126964037212828
        ],
        "runtimes": [
            1.2011444568634033,
            4.181782245635986,
            6.753998279571533,
            9.20741868019104,
            11.720184564590454,
            14.446772813796997,
            17.015111684799194,
            19.58548331260681,
            22.360597610473633,
            25.49739980697632,
            33.78422689437866,
            36.31273698806763,
            39.14668846130371,
            41.808369398117065,
            46.52596402168274,
            48.794718742370605,
            51.47144365310669,
            53.66564917564392,
            55.74885940551758,
            57.889188051223755,
            60.46808695793152,
            63.22303056716919,
            65.20757675170898,
            67.23595714569092,
            69.39692234992981,
            71.51586103439331,
            73.97306108474731,
            75.90253043174744,
            77.87374019622803,
            79.67885899543762,
            81.62168550491333,
            83.4424569606781,
            85.30325818061829,
            87.09775114059448,
            89.03857374191284,
            90.79162263870239,
            92.63278651237488,
            94.4878499507904,
            96.33345603942871,
            98.44517302513123,
            100.29538559913635,
            102.05641388893127,
            103.87846684455872,
            105.67445969581604,
            108.10871195793152,
            111.24144744873047,
            113.02693104743958,
            114.83715319633484,
            116.67624640464783,
            118.51740765571594,
            120.24986481666565,
            122.0041778087616,
            123.8147246837616,
            125.55798840522766,
            127.35290193557739,
            129.71289134025574,
            133.1178846359253,
            135.07396483421326,
            136.90911436080933,
            138.88379907608032,
            140.94426679611206,
            143.08689665794373,
            144.92028427124023,
            146.8426215648651
        ],
        "memory_usages": [
            12.0,
            19.0,
            11.3671875,
            11.3671875,
            11.3671875,
            19.3671875,
            11.76953125,
            11.76953125,
            11.76953125,
            498.76953125,
            498.76953125,
            10.6953125,
            10.6953125,
            242.6953125,
            242.6953125,
            51.37890625,
            11.140625,
            11.140625,
            11.140625,
            45.140625,
            299.140625,
            11.29296875,
            11.29296875,
            11.29296875,
            11.29296875,
            51.29296875,
            51.29296875,
            11.80078125,
            11.80078125,
            11.80078125,
            11.80078125,
            11.80078125,
            11.80078125,
            11.80078125,
            11.80078125,
            11.80078125,
            11.80078125,
            11.80078125,
            45.5625,
            52.5625,
            46.05859375,
            46.05859375,
            46.05859375,
            46.05859375,
            509.05859375,
            46.4375,
            46.4375,
            46.4375,
            46.4375,
            46.4375,
            46.4375,
            46.4375,
            46.4375,
            46.4375,
            46.4375,
            496.421875,
            501.421875,
            46.66796875,
            46.66796875,
            53.66796875,
            53.66796875,
            47.58203125,
            47.58203125,
            47.58203125
        ]
    },
    "run_count": 10,
    "seed": 80
}