{
    "dataset": "32_shuttle",
    "model": "AutoSAD",
    "auc": 0.9873966312267418,
    "total_runtime": 56.94224262237549,
    "total_memory_usage": 3.0,
    "Instances": 49097,
    "window_metric": {
        "window_size": 1000,
        "auc_scores": [
            0.7782125725826813,
            0.8969062246594922,
            0.9276410998552822,
            0.9434694833710346,
            0.953505258473286,
            0.9585376431348173,
            0.9633766200322134,
            0.9668327966790712,
            0.968434419535702,
            0.9701156318652072,
            0.973273344926993,
            0.9738905682182986,
            0.9750385654385018,
            0.976286800757536,
            0.9760852707831006,
            0.9767756163737824,
            0.9778669457180285,
            0.978907399579094,
            0.9795455254915699,
            0.9803066014258385,
            0.9811399106130702,
            0.9819565392578633,
            0.98267297778754,
            0.9830144979826132,
            0.9826197318186024,
            0.983083996854074,
            0.983392165603195,
            0.983881755378157,
            0.9838708573372557,
            0.9839130857719052,
            0.9841785569117766,
            0.9845066492846969,
            0.9849227548872181,
            0.9852652126611896,
            0.9855429064176756,
            0.9858694283932115,
            0.9862237729586097,
            0.9864164143058486,
            0.9865486314637948,
            0.9868328358338683,
            0.9868801754393981,
            0.9871092197148003,
            0.9872930447870018,
            0.986864402858904,
            0.986768380628055,
            0.986754974050294,
            0.9870031010083482,
            0.9872447756121905,
            0.9873696746786108
        ],
        "runtimes": [
            0.5131242275238037,
            1.8041753768920898,
            3.0174736976623535,
            4.097889423370361,
            5.425909519195557,
            6.51473069190979,
            7.58886194229126,
            8.795552492141724,
            9.990548133850098,
            11.136910676956177,
            12.540354013442993,
            13.777477741241455,
            14.931754350662231,
            16.022116899490356,
            17.237312078475952,
            18.38948965072632,
            19.600792407989502,
            20.829545736312866,
            21.91754150390625,
            23.212359189987183,
            24.31148076057434,
            25.74441957473755,
            26.998879194259644,
            28.09441375732422,
            29.254005908966064,
            30.42036008834839,
            31.55971622467041,
            32.81108069419861,
            33.98263335227966,
            35.273125648498535,
            36.37713956832886,
            37.48821568489075,
            38.5986065864563,
            39.700037479400635,
            40.80124878883362,
            41.90778708457947,
            43.02436375617981,
            44.13391733169556,
            45.242515563964844,
            46.35628533363342,
            47.59720587730408,
            48.72525191307068,
            49.9547381401062,
            51.057944536209106,
            52.26453948020935,
            53.37864422798157,
            54.49131536483765,
            55.60827445983887,
            56.72040104866028
        ],
        "memory_usages": [
            3.0,
            3.0,
            3.0,
            3.0,
            3.0,
            3.0,
            3.0,
            3.0,
            3.0,
            3.0,
            3.0,
            3.0,
            3.0,
            3.0,
            3.0,
            3.0,
            3.0,
            3.0,
            3.0,
            3.0,
            3.0,
            3.0,
            3.0,
            3.0,
            3.0,
            3.0,
            3.0,
            3.0,
            3.0,
            3.0,
            3.0,
            3.0,
            3.0,
            3.0,
            3.0,
            3.0,
            3.0,
            3.0,
            3.0,
            3.0,
            3.0,
            3.0,
            3.0,
            3.0,
            3.0,
            3.0,
            3.0,
            3.0,
            3.0
        ]
    },
    "run_count": 3,
    "seed": 25
}