{
    "dataset": "34_smtp",
    "model": "AutoSAD",
    "auc": 0.9124694265150082,
    "total_runtime": 33.24541091918945,
    "total_memory_usage": 13.453125,
    "Instances": 95156,
    "window_metric": {
        "window_size": 1000,
        "auc_scores": [
            NaN,
            NaN,
            NaN,
            NaN,
            NaN,
            NaN,
            NaN,
            NaN,
            NaN,
            NaN,
            NaN,
            NaN,
            NaN,
            NaN,
            0.9484905073140366,
            0.9480539476786427,
            0.9477428440753337,
            0.946380077919523,
            0.9464370358666456,
            0.9438981491815834,
            0.943441177872016,
            0.9438094538381072,
            0.9420240871930957,
            0.9420455310729209,
            0.9433225463402363,
            0.9440165583665929,
            0.9436242072609078,
            0.9442552909107615,
            0.9430291470759283,
            0.9435522291355014,
            0.9437879779808394,
            0.9424770658591706,
            0.9423824826116707,
            0.9423270926684097,
            0.9423095768919814,
            0.942634437201769,
            0.9422928366717908,
            0.9432234432234432,
            0.9434998644201948,
            0.9437392373044852,
            0.9441812883841869,
            0.9436325714013515,
            0.9435430804713827,
            0.943431676312593,
            0.9438809534394829,
            0.9432684481612416,
            0.9431593605390055,
            0.9436070639650851,
            0.9435465526593605,
            0.950410381322023,
            0.9506989938019771,
            0.9503813673437981,
            0.9502255397855957,
            0.9503012466656787,
            0.9507208915320821,
            0.9014417150513622,
            0.9017225098727512,
            0.9024655454937472,
            0.9022419669351419,
            0.902642767819925,
            0.9034384583845838,
            0.8991167599271127,
            0.8994819061196715,
            0.9000822685033212,
            0.9002651243736002,
            0.9005356287729379,
            0.9002428286468123,
            0.9064388007258674,
            0.9067629123484683,
            0.906452870376348,
            0.9069760888250129,
            0.9072916821382558,
            0.9075853941031842,
            0.9071593294483066,
            0.9074520308772265,
            0.907746104570755,
            0.9074927010127863,
            0.9079038669991805,
            0.9075941888750955,
            0.9078122716036288,
            0.9081203615257739,
            0.9079889060849528,
            0.9081473834439038,
            0.9085061796786165,
            0.9082409049091393,
            0.9084635195749649,
            0.9087091654411954,
            0.9091232651512507,
            0.9115967929264546,
            0.9119110073728279,
            0.9122274742589133,
            0.9123960711826321,
            0.9122272417625757,
            0.9122145365542195,
            0.9123923344213962
        ],
        "runtimes": [
            0.12346315383911133,
            0.3211939334869385,
            0.7064669132232666,
            1.0806725025177002,
            1.4461467266082764,
            1.7440769672393799,
            2.0427072048187256,
            2.3509342670440674,
            2.660660982131958,
            2.9652788639068604,
            3.272029399871826,
            3.5750186443328857,
            3.8849687576293945,
            4.191132545471191,
            4.520030975341797,
            4.82358193397522,
            5.151757717132568,
            5.466099977493286,
            5.779018878936768,
            6.089665412902832,
            6.395576477050781,
            6.707844495773315,
            7.013100862503052,
            7.31907844543457,
            7.633183240890503,
            7.94566011428833,
            8.367712497711182,
            8.711673974990845,
            9.02709150314331,
            9.342583894729614,
            9.690900564193726,
            10.03633975982666,
            10.348680019378662,
            10.664196491241455,
            10.991398572921753,
            11.314831018447876,
            11.681486129760742,
            12.067125082015991,
            12.39218020439148,
            12.709932327270508,
            13.034116744995117,
            13.35586404800415,
            13.674927949905396,
            13.991110801696777,
            14.312932252883911,
            14.639163970947266,
            14.954062938690186,
            15.372843742370605,
            15.762636661529541,
            16.12318992614746,
            16.551729679107666,
            16.88851571083069,
            17.320786237716675,
            17.692845106124878,
            18.091236114501953,
            18.429694175720215,
            18.75971746444702,
            19.09851312637329,
            19.424784421920776,
            19.807496070861816,
            20.34677791595459,
            20.682785272598267,
            21.016581535339355,
            21.357277154922485,
            21.694491624832153,
            22.093220233917236,
            22.488430738449097,
            22.824401378631592,
            23.16107201576233,
            23.5047550201416,
            23.8718581199646,
            24.26832938194275,
            24.610594034194946,
            24.954946994781494,
            25.360816955566406,
            25.763067722320557,
            26.177737712860107,
            26.59047293663025,
            26.94059109687805,
            27.287059545516968,
            27.63615918159485,
            27.986982345581055,
            28.342233896255493,
            28.688875675201416,
            29.141756057739258,
            29.524545431137085,
            29.873074769973755,
            30.224181652069092,
            30.575687170028687,
            30.920831441879272,
            31.349456071853638,
            31.758044004440308,
            32.26989817619324,
            32.62467646598816,
            33.14083671569824
        ],