{
    "dataset": "3_backdoor",
    "model": "HST",
    "auc": 0.6639546323356279,
    "total_runtime": 29.010433197021484,
    "total_memory_usage": 11.74609375,
    "Instances": 95329,
    "window_metric": {
        "window_size": 1000,
        "auc_scores": [
            0.5511920856670743,
            0.6803941463822842,
            0.710011825807924,
            0.7305409635380349,
            0.740225639841879,
            0.7485348029314229,
            0.7575447960798476,
            0.7588469169582057,
            0.761926041783041,
            0.7631968072124841,
            0.7621091354996934,
            0.7600559427184814,
            0.7565438962242298,
            0.7538410676434576,
            0.7514479271743478,
            0.7497629858789481,
            0.7475015019281266,
            0.7411274910498988,
            0.7411401476848457,
            0.7343634762310518,
            0.3050932525178688,
            0.2859244964264694,
            0.28617156897665036,
            0.2925335136815105,
            0.2956449022420689,
            0.3007243635845352,
            0.3132061706457411,
            0.30803721270454143,
            0.3083419311912621,
            0.31114364216068335,
            0.3104934605101157,
            0.3143225109304044,
            0.3162546111295923,
            0.3126068319803742,
            0.31855029359169756,
            0.3160833453481531,
            0.314643072611697,
            0.31514573296156784,
            0.3218111478752773,
            0.3271688287319413,
            0.329811161183258,
            0.3304382639506627,
            0.3299152161191723,
            0.327935943390893,
            0.32605753263617987,
            0.3244379102421619,
            0.32324766710428116,
            0.32270920197071995,
            0.3216567221491423,
            0.32057457189248595,
            0.31800842721275746,
            0.31631688313403966,
            0.31571605600699576,
            0.31400315155257136,
            0.3123228473495333,
            0.3109465607568329,
            0.3096854344628249,
            0.30707996995050896,
            0.30552024803278227,
            0.30440875319366034,
            0.3033468565567647,
            0.30232939846497153,
            0.30146045612381134,
            0.30049412109576323,
            0.29920545302076196,
            0.2985236736030266,
            0.2975335082714956,
            0.296743640887845,
            0.29587369714492484,
            0.2950792005487704,
            0.29427075575344336,
            0.29333402440011747,
            0.29236470658986635,
            0.29056667321852425,
            0.28870095549599956,
            0.28748656043012627,
            0.2860134733789243,
            0.2852105805296575,
            0.28478936475229155,
            0.2869142581537223,
            0.2863710558798028,
            0.28886324813928826,
            0.28900162169493626,
            0.28859086540578094,
            0.2890683920229297,
            0.48790603289348355,
            0.5414860629824676,
            0.5440392619095304,
            0.5513617108350455,
            0.5681297608764695,
            0.5745028926910647,
            0.5895934657512907,
            0.6011008026469304,
            0.6188610060128261,
            0.6452578575268818
        ],
        "runtimes": [
            0.3222949504852295,
            0.5929114818572998,
            0.8672053813934326,
            1.1500139236450195,
            1.4282848834991455,
            1.7006514072418213,
            1.984238624572754,
            2.2559022903442383,
            2.5334436893463135,
            2.8196256160736084,
            3.0918967723846436,
            3.4285292625427246,
            3.7582311630249023,
            4.047283887863159,
            4.38457727432251,
            4.6674416065216064,
            4.948179721832275,
            5.227190017700195,
            5.511600017547607,
            5.797680854797363,
            6.085311412811279,
            6.368158578872681,
            6.667255401611328,
            6.952517032623291,
            7.241343259811401,
            7.589768886566162,
            7.875165224075317,
            8.158642292022705,
            8.453498601913452,
            8.735377073287964,
            9.019842863082886,
            9.316618919372559,
            9.601653575897217,
            9.892181634902954,
            10.190781593322754,
            10.472967624664307,
            10.764498710632324,
            11.064283847808838,
            11.352699279785156,
            11.64954948425293,
            11.942994356155396,
            12.233420372009277,
            12.53038501739502,
            12.82754898071289,
            13.12133240699768,
            13.423008680343628,
            13.721389532089233,
            14.01853632926941,
            14.314125537872314,
            14.610394477844238,
            14.95077896118164,
            15.296409845352173,
            15.58815884590149,
            15.894141674041748,
            16.185297966003418,
            16.481629848480225,
            16.849912643432617,
            17.1407790184021,
            17.496795177459717,
            17.794251680374146,
            18.091675758361816,
            18.398491382598877,
            18.6962411403656,
            19.00626564025879,
            19.311720371246338,
            19.606738328933716,
            19.917399168014526,
            20.227158784866333,
            20.636141061782837,
            20.950634479522705,
            21.254084587097168,
            21.56514811515808,
            21.87398672103882,
            22.182555437088013,
            22.49427366256714,
            22.80305504798889,
            23.11272883415222,
            23.430350303649902,
            23.73831796646118,
            24.099114179611206,
            24.444382429122925,
            24.795698881149292,
            25.15095567703247,
            25.452535152435303,
            25.75769019126892,
            26.074005842208862,
            26.37474036216736,
            26.685218334197998,
            27.06686496734619,
            27.33087658882141,
            27.647992610931396,
            27.95989203453064,
            28.26103901863098,
            28.58466601371765,
            28.898069143295288
        ],