{
    "dataset": "49_kddcup99_prob",
    "model": "HST",
    "auc": 0.6796354348519571,
    "total_runtime": 19.313908576965332,
    "total_memory_usage": 10.1875,
    "Instances": 64759,
    "window_metric": {
        "window_size": 1000,
        "auc_scores": [
            0.9454094292803971,
            0.48609826897813346,
            0.44676493738198936,
            0.4762308743913212,
            0.5192909994015666,
            0.528134769720056,
            0.5358200697651343,
            0.547844880265969,
            0.5572498280260981,
            0.5704455778527032,
            0.5739114137369796,
            0.4368142942564561,
            0.47176003011539575,
            0.5475733730358012,
            0.5914060231371655,
            0.5954782490621133,
            0.5998128071196336,
            0.6064680896865218,
            0.6159202670866142,
            0.6167454903387765,
            0.6279934618184544,
            0.6271013669931003,
            0.6303122609033347,
            0.633193111922229,
            0.6348430223759581,
            0.6369401985492433,
            0.6456226671531643,
            0.6454636406534563,
            0.6548767138255546,
            0.6552307942032368,
            0.6556675795498391,
            0.6600018613793219,
            0.6607064418631153,
            0.6605200430310096,
            0.6609113464063175,
            0.6608102599485719,
            0.6604855739123672,
            0.6601153919609472,
            0.6596898536144132,
            0.6757634897938551,
            0.6760738432966795,
            0.6762075002576982,
            0.6765994526083761,
            0.6772238300768603,
            0.6774304726979673,
            0.676946840683628,
            0.6774142585028206,
            0.6778849545018272,
            0.6784411778044682,
            0.6789415377474098,
            0.6798202233597368,
            0.6797230114404045,
            0.6797625718205189,
            0.6796488459262754,
            0.6795702080331288,
            0.6795356229159648,
            0.6795127004597102,
            0.6797382951495964,
            0.6802513262610037,
            0.6789736850427501,
            0.6787779115707532,
            0.6789362156436574,
            0.679280841850765,
            0.6793928777442845
        ],
        "runtimes": [
            0.26096677780151367,
            0.5135502815246582,
            0.8253207206726074,
            1.16420578956604,
            1.8313112258911133,
            2.50412917137146,
            2.969625473022461,
            3.3175501823425293,
            3.753330945968628,
            4.220780372619629,
            4.860031604766846,
            5.212907314300537,
            5.583308696746826,
            6.130065202713013,
            6.591541290283203,
            6.973942995071411,
            7.252833366394043,
            7.546980381011963,
            7.87286901473999,
            8.16736626625061,
            8.453283786773682,
            8.74086618423462,
            9.028299331665039,
            9.314638614654541,
            9.598179817199707,
            9.919491052627563,
            10.189551591873169,
            10.469017744064331,
            10.747222185134888,
            11.023594856262207,
            11.294790267944336,
            11.561141014099121,
            11.82024073600769,
            12.082431554794312,
            12.342815399169922,
            12.596054077148438,
            12.846443891525269,
            13.095815896987915,
            13.340815782546997,
            13.58874225616455,
            13.835007905960083,
            14.084002256393433,
            14.330379247665405,
            14.572462558746338,
            14.812559604644775,
            15.052079677581787,
            15.292994260787964,
            15.527268648147583,
            15.7588369846344,
            15.993454456329346,
            16.230403661727905,
            16.473408937454224,
            16.721721172332764,
            16.956159591674805,
            17.189740419387817,
            17.42598247528076,
            17.66235899925232,
            17.888957738876343,
            18.106324434280396,
            18.321789026260376,
            18.532119512557983,
            18.740814447402954,
            18.946505308151245,
            19.15347957611084
        ],
        "memory_usages": [
            3.0,
            3.0,
            4.0,
            4.0,
            4.0,
            4.0,
            4.0,
            4.0,
            4.0,
            4.0,
            4.0,
            5.0,
            5.0,
            5.0,
            5.0,
            5.0,
            5.0,
            6.0,
            6.0,
            6.0,
            6.0,
            6.0,
            6.0,
            6.0,
            6.0,
            6.0,
            7.0,
            7.0,
            7.0,
            7.0,
            7.0,
            7.0,
            7.0,
            8.0,
            8.0,
            8.0,
            8.0,
            8.0,
            7.453125,
            8.453125,
            7.578125,
            7.63671875,
            7.69921875,
            7.8046875,
            7.8671875,
            7.9296875,
            7.9921875,
            8.0546875,
            8.11328125,
            8.22265625,
            8.28515625,
            8.38671875,
            8.8125,
            9.6328125,
            8.94921875,
            9.0703125,
            9.140625,
            9.2109375,
            9.27734375,
            9.34765625,
            9.41796875,
            9.48828125,
            9.61328125,
            9.6875
        ]
    },
    "run_count": 4,
    "seed": 27
}