{
    "dataset": "32_shuttle",
    "model": "HST",
    "auc": 0.9808082033310506,
    "total_runtime": 14.08009958267212,
    "total_memory_usage": 7.578125,
    "Instances": 49097,
    "window_metric": {
        "window_size": 1000,
        "auc_scores": [
            0.9788721282504419,
            0.9755528525680672,
            0.9743179560450344,
            0.9746297893553038,
            0.9748537285399981,
            0.9757897062853695,
            0.976922881082144,
            0.9774372401047282,
            0.9772938143912564,
            0.9777453873065645,
            0.9788317509158795,
            0.9771123980738361,
            0.9757508861642566,
            0.9759700503776452,
            0.9740859884358217,
            0.9741568794302081,
            0.97538508576224,
            0.9759770336280282,
            0.9769730512569842,
            0.9778424049999066,
            0.9787345975000472,
            0.9795674847196221,
            0.9800522730898418,
            0.9802478953380257,
            0.9788850550477455,
            0.9792354021103535,
            0.978748048091764,
            0.9791276946527534,
            0.9784287712687236,
            0.9776227757519529,
            0.9778666255864361,
            0.9782374884202856,
            0.978856544790548,
            0.9794319360339108,
            0.979433956921409,
            0.9798202447577158,
            0.9803253456960479,
            0.9805953452482226,
            0.9806076064074607,
            0.9809867550601757,
            0.9809379884106716,
            0.9810060126163391,
            0.9813574655181124,
            0.9802665534471962,
            0.9801077449024238,
            0.9799992888695893,
            0.9803026513567855,
            0.9806022209707039,
            0.9807688635681153
        ],
        "runtimes": [
            0.26056933403015137,
            0.5807502269744873,
            0.8934729099273682,
            1.1575605869293213,
            1.4272491931915283,
            1.806727409362793,
            2.138181447982788,
            2.4043569564819336,
            2.6735024452209473,
            2.942138671875,
            3.211763858795166,
            3.474886894226074,
            3.7459611892700195,
            4.013512849807739,
            4.283512115478516,
            4.5534443855285645,
            4.819218397140503,
            5.145298480987549,
            5.416659832000732,
            5.684292793273926,
            5.9584760665893555,
            6.240055084228516,
            6.507246255874634,
            6.785448312759399,
            7.0545196533203125,
            7.329967498779297,
            7.607361793518066,
            7.928364992141724,
            8.249218225479126,
            8.534348249435425,
            8.809348583221436,
            9.089983224868774,
            9.372067928314209,
            9.653035402297974,
            9.935072660446167,
            10.218940258026123,
            10.49358606338501,
            10.78107476234436,
            11.063369035720825,
            11.34752106666565,
            11.690623044967651,
            12.022859334945679,
            12.316113233566284,
            12.602318286895752,
            12.893005132675171,
            13.177372455596924,
            13.465967178344727,
            13.762784957885742,
            14.050294876098633
        ],
        "memory_usages": [
            2.0,
            3.0,
            3.0,
            3.0,
            3.0,
            3.0,
            3.0,
            3.0,
            3.0,
            3.0,
            3.0,
            3.0,
            4.0,
            4.0,
            4.0,
            4.0,
            4.0,
            4.0,
            4.0,
            5.0,
            5.0,
            5.0,
            5.0,
            5.0,
            5.0,
            6.0,
            6.0,
            6.0,
            6.0,
            6.0,
            6.0,
            6.0,
            5.62890625,
            5.2421875,
            5.87109375,
            6.87109375,
            6.87109375,
            6.87109375,
            6.2109375,
            7.2109375,
            8.2109375,
            7.3671875,
            7.44140625,
            7.55859375,
            7.63671875,
            7.7109375,
            7.7890625,
            7.87109375,
            7.94921875
        ]
    },
    "run_count": 7,
    "seed": 8
}