{
    "dataset": "50_bank",
    "model": "HST",
    "auc": 0.6643521403595838,
    "total_runtime": 11.69257640838623,
    "total_memory_usage": 4.31640625,
    "Instances": 41188,
    "window_metric": {
        "window_size": 1000,
        "auc_scores": [
            0.5728579859434518,
            0.5806216255654457,
            0.5772940820065494,
            0.5800038917806982,
            0.5697297489257431,
            0.5619371779503799,
            0.5571970985249692,
            0.5418562580645161,
            0.542616512134837,
            0.5421322160148976,
            0.538441537254902,
            0.5257983798009704,
            0.5331125631422573,
            0.5296188458545339,
            0.5308197154119657,
            0.5296566648249678,
            0.5242723158910585,
            0.5215273459704379,
            0.5145989595512368,
            0.5224979025032612,
            0.5171417069243156,
            0.5185868074884435,
            0.5189814274898404,
            0.5165310852213911,
            0.5371776548381763,
            0.5368265006008481,
            0.5333606415356831,
            0.5514108915333944,
            0.5587553791927825,
            0.5606370689368143,
            0.5717100063499707,
            0.5699064242138663,
            0.5691537515966677,
            0.5661141231391218,
            0.5643923975799794,
            0.5593206034267048,
            0.5801170832245933,
            0.5943042025074123,
            0.6138793620498079,
            0.6448832822241318,
            0.6629128831649652
        ],
        "runtimes": [
            0.22445368766784668,
            0.4483983516693115,
            0.7576260566711426,
            0.9665257930755615,
            1.2532541751861572,
            1.9275028705596924,
            2.1924850940704346,
            2.3926198482513428,
            2.743000030517578,
            2.9549648761749268,
            3.1557562351226807,
            3.441378116607666,
            3.801424980163574,
            4.171125888824463,
            4.757953882217407,
            5.253838777542114,
            5.501493215560913,
            5.740666151046753,
            6.074641466140747,
            6.313252925872803,
            6.55231785774231,
            6.832594871520996,
            7.139349699020386,
            7.400248289108276,
            7.658766269683838,
            7.915874719619751,
            8.18544054031372,
            8.44142746925354,
            8.698763370513916,
            8.956871032714844,
            9.211802005767822,
            9.447731256484985,
            9.695147275924683,
            9.945082426071167,
            10.194775819778442,
            10.444485902786255,
            10.69579792022705,
            10.947231769561768,
            11.192912817001343,
            11.43376874923706,
            11.668330192565918
        ],
        "memory_usages": [
            2.0,
            2.0,
            2.0,
            2.0,
            2.0,
            2.0,
            2.0,
            2.0,
            2.0,
            3.0,
            3.0,
            3.0,
            3.0,
            3.0,
            3.0,
            3.0,
            3.0,
            3.0,
            3.0,
            3.0,
            3.0,
            3.0,
            3.0,
            3.0,
            4.0,
            2.52734375,
            3.52734375,
            3.52734375,
            2.9609375,
            3.9609375,
            3.9609375,
            4.9609375,
            4.9609375,
            4.9609375,
            3.90234375,
            4.90234375,
            4.0234375,
            4.0859375,
            4.1796875,
            4.2421875,
            4.32421875
        ]
    },
    "run_count": 2,
    "seed": 29
}