{
    "dataset": "48_chess",
    "model": "HST",
    "auc": 0.5738329217226074,
    "total_runtime": 10.346621036529541,
    "total_memory_usage": 3.453125,
    "Instances": 28056,
    "window_metric": {
        "window_size": 1000,
        "auc_scores": [
            0.3833833833833834,
            0.6908696377900184,
            0.7089311533755978,
            0.712451004920357,
            0.757255804643715,
            0.7631754503002001,
            0.7437312365975697,
            0.7657826703360854,
            0.7667519086798606,
            0.7725407785449815,
            0.772504580837156,
            0.7720720063375585,
            0.7738271628694582,
            0.7684901773471363,
            0.7598251818242477,
            0.7593693914767287,
            0.7080978452843518,
            0.6871188953757761,
            0.646291883449898,
            0.6364889889889891,
            0.6367397521449,
            0.6219399903370967,
            0.6368443333148703,
            0.6364622115727295,
            0.6195656525742814,
            0.6176554379210781,
            0.5949589633322117,
            0.5737529972685301
        ],
        "runtimes": [
            0.34942030906677246,
            0.661921501159668,
            1.028301477432251,
            1.5465598106384277,
            2.191959857940674,
            2.837735414505005,
            3.248772382736206,
            3.6915950775146484,
            3.9445340633392334,
            4.319319009780884,
            4.773541450500488,
            5.291149377822876,
            5.699668884277344,
            6.067635536193848,
            6.441034555435181,
            6.818506479263306,
            7.113682270050049,
            7.406951189041138,
            7.708415746688843,
            8.044827699661255,
            8.33426284790039,
            8.61741828918457,
            8.904674530029297,
            9.189837217330933,
            9.467857122421265,
            9.75996208190918,
            10.0424485206604,
            10.329723119735718
        ],
        "memory_usages": [
            1.0,
            1.0,
            1.0,
            2.0,
            2.0,
            2.0,
            2.0,
            2.0,
            2.0,
            3.0,
            3.0,
            3.0,
            3.0,
            3.0,
            3.0,
            3.0,
            3.0,
            3.0,
            3.0,
            3.0,
            3.0,
            3.0,
            2.7578125,
            2.6015625,
            2.5,
            3.5,
            4.5,
            4.5
        ]
    },
    "run_count": 6,
    "seed": 50
}