{
    "dataset": "8_celeba",
    "model": "HST",
    "auc": 0.6748226622175734,
    "total_runtime": 80.97779774665833,
    "total_memory_usage": 25.06640625,
    "Instances": 202599,
    "window_metric": {
        "window_size": 1000,
        "auc_scores": [
            0.6013027387120651,
            0.6186285032796661,
            0.6665447404213912,
            0.6535402538355501,
            0.6700181114386164,
            0.6787454654875541,
            0.6779330032097106,
            0.6847555994442728,
            0.6768133478659795,
            0.6709618340163934,
            0.6671355276699287,
            0.6628209820990356,
            0.6695032835220359,
            0.6759319364365068,
            0.6746627211510228,
            0.6769409137859259,
            0.6768232429622739,
            0.675888584232812,
            0.671242883809913,
            0.6737371387817681,
            0.6774886599195775,
            0.6799354671151692,
            0.6828030651814985,
            0.6808455288301738,
            0.678120137979037,
            0.6830852816748123,
            0.6844297094787831,
            0.6865626101506178,
            0.6863084504743302,
            0.6878288554367044,
            0.6865154092598453,
            0.682212148772102,
            0.6824864750084372,
            0.6797497388685279,
            0.6775647709054619,
            0.6786792684509839,
            0.67766072862087,
            0.6757140557656036,
            0.6745352707569346,
            0.6729469077308692,
            0.672344857899062,
            0.674333940471132,
            0.675229401109734,
            0.6745983146578721,
            0.6724911496354317,
            0.6748243418130406,
            0.6768335749665273,
            0.6766004815362556,
            0.6772207514289824,
            0.6764252676730955,
            0.6747355927979393,
            0.6738741490574078,
            0.674907753686902,
            0.674190964164249,
            0.6756755666932847,
            0.6740599694751126,
            0.674386051238868,
            0.6725801675184577,
            0.6740874904872101,
            0.6742872265603876,
            0.6753689993068599,
            0.675066242682858,
            0.6732524641314211,
            0.6729349417554371,
            0.6737373690100344,
            0.6734053879551115,
            0.6723937725284397,
            0.6738756096282884,
            0.6741944121383052,
            0.6742953184495976,
            0.6740929015778748,
            0.6724015042432476,
            0.6723746145488627,
            0.6725612008193809,
            0.6719158352785426,
            0.6733985036814187,
            0.6743729556046913,
            0.6732974441256929,
            0.6725482673296128,
            0.6735051587322558,
            0.6734909124359454,
            0.6729734366466144,
            0.6735827365711999,
            0.6733189493864904,
            0.6735691908943539,
            0.6734458508680631,
            0.6738638330436278,
            0.6745187754162421,
            0.6742136281729159,
            0.6750879602272727,
            0.6745966253242737,
            0.673983867834696,
            0.6739028782538902,
            0.6736757529026691,
            0.6750394062738049,
            0.6752607812814688,
            0.6759468211622335,
            0.6762441629969308,
            0.6758105773030537,
            0.6743412386632359,
            0.6733882692192845,
            0.6728535089026013,
            0.6726978747680501,
            0.6722450836258932,
            0.6727905254846904,
            0.6723273658736818,
            0.6729600995944505,
            0.6736472789033974,
            0.673619817365041,
            0.6741103565406987,
            0.6727783220412586,
            0.6724918930762873,
            0.6730034005486271,
            0.673185967844687,
            0.6740188603050209,
            0.6739329076246399,
            0.6735152833581479,
            0.6730940524963327,
            0.6737992958045481,
            0.6736799300613505,
            0.6740064472412116,
            0.6735008944998851,
            0.672936455284388,
            0.6732334336862011,
            0.6734971680748252,
            0.6736938241836217,
            0.672761587500607,
            0.6728628231642164,
            0.6714412664701535,
            0.671365635472454,
            0.6722586039128767,
            0.6727855086672652,
            0.6727803412078155,
            0.673712755741714,
            0.6738832711679995,
            0.6746057305050519,
            0.6747770615764079,
            0.6741728686970028,
            0.673685969364313,
            0.6731195320596735,
            0.673341624492794,
            0.6724751023306854,
            0.6720738184000463,
            0.6723786320491247,
            0.6721607278777554,
            0.6723975488181283,
            0.6729639712028291,
            0.6722696416204126,
            0.6724545817365317,
            0.6727590664794066,
            0.6726168274432901,
            0.6726788958913164,
            0.6731286324977082,
            0.6731000494107939,
            0.6724831010941454,
            0.6731411488565315,
            0.6728892311998009,
            0.6728851308146484,
            0.6735549892994412,
            0.6736596205674594,
            0.6734943545266923,
            0.6728823068210097,
            0.6730526737032693,
            0.6728576836639126,
            0.6730172093141584,
            0.6732644001426336,
            0.6733473821732003,
            0.6736555578230118,
            0.673267615199707,
            0.673269630290955,
            0.673343312344086,
            0.6729497985212032,
            0.6730346528099955,
            0.6720786044803542,
            0.6718979283809464,
            0.6721365142062373,
            0.6727273443055777,
            0.6728193999640537,
            0.672995671754655,
            0.6731442984379328,
            0.6731631096844162,
            0.6735481296297066,
            0.6736438242291071,
            0.6741636263584485,
            0.6747440503255706,
            0.6750494746095608,
            0.6749040104946737,
            0.6744585406779602,
            0.6745485616233877,
            0.6741986498357275,
            0.6734811699324325,
            0.6736317436431807,
            0.6741999679091982,
            0.6743961023179419,
            0.6743267804473976,
            0.6747319339092713,
            0.6746331515051323,
            0.6748833574755885,
            0.6747710866783974,
            0.6747417823357543,
            0.6746048815802561,
            0.674675027591861
        ],