{
    "dataset": "34_smtp",
    "model": "HST",
    "auc": 0.8708229085633791,
    "total_runtime": 32.661478996276855,
    "total_memory_usage": 12.1796875,
    "Instances": 95156,
    "window_metric": {
        "window_size": 1000,
        "auc_scores": [
            NaN,
            NaN,
            NaN,
            NaN,
            NaN,
            NaN,
            NaN,
            NaN,
            NaN,
            NaN,
            NaN,
            NaN,
            NaN,
            NaN,
            0.9927748877328709,
            0.9851465854468293,
            0.9846941779007475,
            0.984552946358695,
            0.9849087027156233,
            0.983766371218215,
            0.9836932020188321,
            0.9836721699185883,
            0.9826256312096134,
            0.9830837857685734,
            0.9841025259859808,
            0.9841618014095502,
            0.9845316619199374,
            0.9845764719094241,
            0.9841450552483465,
            0.984061609703576,
            0.9841564393136071,
            0.9840264937338657,
            0.9837333587409377,
            0.9829950988222041,
            0.9828809074650269,
            0.9828643678890997,
            0.9829877714347514,
            0.9830181796300893,
            0.9829535877347912,
            0.9830422790833935,
            0.9833723710535305,
            0.9829518002599505,
            0.9828150028913069,
            0.9829702307877182,
            0.9831693669776629,
            0.983039869276985,
            0.9832305671598227,
            0.983368661097582,
            0.9831030440184076,
            0.9849139224551857,
            0.985152204613212,
            0.9848018140196984,
            0.9847194436056168,
            0.9849376667160641,
            0.9849308435181143,
            0.8524870031263957,
            0.8527480473892057,
            0.8539453212591634,
            0.854585841458245,
            0.8553230512713631,
            0.856180401804018,
            0.8589887710956563,
            0.8589630711810058,
            0.8596456491193333,
            0.8592839988804466,
            0.859482358383424,
            0.8596078795711484,
            0.8690227424576099,
            0.8701838203862793,
            0.8705305991299844,
            0.871060496297905,
            0.8717821689674816,
            0.8723224483604493,
            0.8716230358682037,
            0.8715986273313038,
            0.8723056302336781,
            0.8724293385910233,
            0.872782940076306,
            0.8717019211329868,
            0.8715758600423689,
            0.8721534614989871,
            0.8711550216035191,
            0.8707857627031298,
            0.8713927920107065,
            0.8705071385409788,
            0.8697199015385702,
            0.8698995582752713,
            0.8703565712681961,
            0.8730688246974636,
            0.8727827794450003,
            0.873006119233447,
            0.8722192019136675,
            0.8714294933849629,
            0.8708885814621687,
            0.8708879997192096
        ],
        "runtimes": [
            0.32134079933166504,
            0.6386206150054932,
            0.962090253829956,
            1.2803974151611328,
            1.6008737087249756,
            1.91658353805542,
            2.2698962688446045,
            2.6474609375,
            2.9707140922546387,
            3.28474760055542,
            3.6019480228424072,
            3.9176886081695557,
            4.240823745727539,
            4.560126304626465,
            4.936007738113403,
            5.320962190628052,
            5.697994709014893,
            6.013052463531494,
            6.331828832626343,
            6.65625262260437,
            6.9776692390441895,
            7.299244403839111,
            7.634749412536621,
            8.002455711364746,
            8.337051391601562,
            8.656021356582642,
            8.967338800430298,
            9.293574094772339,
            9.61996078491211,
            9.944502115249634,
            10.272868871688843,
            10.596036672592163,
            10.929066181182861,
            11.25274920463562,
            11.583556652069092,
            11.927320003509521,
            12.249875545501709,
            12.583164930343628,
            12.913580179214478,
            13.248464345932007,
            13.574449300765991,
            13.935479402542114,
            14.282410621643066,
            14.621756792068481,
            14.95134949684143,
            15.284878969192505,
            15.618802309036255,
            15.94782018661499,
            16.29007077217102,
            16.63334894180298,
            16.964351177215576,
            17.401469707489014,
            17.7411949634552,
            18.06707215309143,
            18.409358024597168,
            18.750073194503784,
            19.084755420684814,
            19.47293710708618,
            19.925864934921265,
            20.25678539276123,
            20.611546516418457,
            20.95475459098816,
            21.294270038604736,
            21.634624242782593,
            21.973562240600586,
            22.328155517578125,
            22.671993255615234,
            23.02637267112732,
            23.467905044555664,
            23.811901330947876,
            24.157182931900024,
            24.5046284198761,
            24.85395359992981,
            25.206019163131714,
            25.546729803085327,
            25.892279624938965,
            26.243882179260254,
            26.549994945526123,
            26.95162034034729,
            27.30222487449646,
            27.64343023300171,
            28.004924535751343,
            28.352293729782104,
            28.702284574508667,
            29.06003451347351,
            29.40853500366211,
            29.760449409484863,
            30.10952353477478,
            30.463108777999878,
            30.816352367401123,
            31.17170238494873,
            31.5309317111969,
            31.88788676261902,
            32.24489617347717,
            32.604729652404785
        ],