{
    "dataset": "1_ALOI",
    "model": "HST",
    "auc": 0.7156915363373575,
    "total_runtime": 15.78762149810791,
    "total_memory_usage": 8.5859375,
    "Instances": 49534,
    "window_metric": {
        "window_size": 1000,
        "auc_scores": [
            NaN,
            0.7411757887472774,
            0.6785304115317058,
            0.6633428562913259,
            0.6270997216829068,
            0.6502875137881433,
            0.6789358188713362,
            0.6621708252229637,
            0.6837263018661107,
            0.7091636253687352,
            0.7024465527860401,
            0.706510884635104,
            0.7269250734682459,
            0.7244358405294508,
            0.6994641583459222,
            0.6987833221438922,
            0.7103759722653122,
            0.7226531262484954,
            0.6996980355096775,
            0.6937128092096316,
            0.7003779963323047,
            0.6997952490743621,
            0.7090206842741065,
            0.7186975056501079,
            0.7209397374849884,
            0.7119809543180017,
            0.6942133455505467,
            0.6917679167245725,
            0.6841724826822059,
            0.6909309970577622,
            0.695214810760172,
            0.6952862097846424,
            0.6986703667067482,
            0.6995576711639445,
            0.6907836932276633,
            0.698277054057205,
            0.7053145648543058,
            0.7033074870376007,
            0.707249429834156,
            0.7118747296968386,
            0.7120958386360894,
            0.7168651842286821,
            0.7152484381636574,
            0.7139924107418192,
            0.7184614396598685,
            0.7179894320106663,
            0.715947564511882,
            0.7171293951830165,
            0.7152881926114151
        ],
        "runtimes": [
            0.3433198928833008,
            0.6463320255279541,
            0.9409358501434326,
            1.2849664688110352,
            1.6334445476531982,
            1.9222424030303955,
            2.2211289405822754,
            2.518118143081665,
            2.82039213180542,
            3.1145870685577393,
            3.415093183517456,
            3.7236359119415283,
            4.064270734786987,
            4.442986011505127,
            4.7379069328308105,
            5.0984947681427,
            5.40334677696228,
            5.707291841506958,
            6.013570547103882,
            6.305502891540527,
            6.583576679229736,
            6.859579563140869,
            7.168656826019287,
            7.478241205215454,
            7.796598434448242,
            8.239944458007812,
            8.692272901535034,
            8.990728855133057,
            9.302475214004517,
            9.607521533966064,
            9.908631324768066,
            10.208411693572998,
            10.572423458099365,
            10.92577862739563,
            11.22673773765564,
            11.535747528076172,
            11.842077732086182,
            12.145195484161377,
            12.465800762176514,
            12.78044581413269,
            13.094911098480225,
            13.406559944152832,
            13.721485376358032,
            14.035048723220825,
            14.34453821182251,
            14.664449453353882,
            14.980933427810669,
            15.292097568511963,
            15.613688230514526
        ],
        "memory_usages": [
            2.0,
            4.0,
            4.0,
            4.0,
            4.0,
            4.0,
            4.0,
            4.0,
            5.0,
            5.0,
            5.0,
            5.0,
            5.0,
            5.0,
            5.0,
            6.0,
            6.0,
            6.0,
            6.0,
            6.0,
            6.0,
            6.0,
            7.0,
            7.0,
            7.0,
            7.0,
            7.0,
            7.0,
            7.0,
            7.0,
            8.0,
            8.0,
            8.0,
            6.90625,
            8.90625,
            8.90625,
            8.90625,
            7.7421875,
            8.7421875,
            8.7421875,
            8.7421875,
            8.03515625,
            8.09765625,
            8.1953125,
            8.26171875,
            8.37109375,
            8.484375,
            8.59375,
            8.70703125
        ]
    },
    "run_count": 8,
    "seed": 82
}