{
    "dataset": "51_kddcup99_u2r",
    "model": "HST",
    "auc": 0.9530301905060541,
    "total_runtime": 17.487512826919556,
    "total_memory_usage": 9.85546875,
    "Instances": 60821,
    "window_metric": {
        "window_size": 1000,
        "auc_scores": [
            NaN,
            0.9639819909954976,
            0.9546515505168389,
            0.9642410602650662,
            0.9653930786157232,
            0.9651608601433572,
            0.9850173884045543,
            0.9554621060530265,
            0.9136235000432532,
            0.9134884884884885,
            0.9045988136897226,
            0.8982026650139449,
            0.8989579961464355,
            0.9045300733785995,
            0.9076392285993204,
            0.907851704613172,
            0.9073909063802345,
            0.906992167309451,
            0.90563479926879,
            0.9076819142440542,
            0.9390437421220909,
            0.946132221674936,
            0.9471342731419248,
            0.9424964152948804,
            0.9458114615242249,
            0.9459430297798878,
            0.9492740574815213,
            0.949409716411381,
            0.9513941011173445,
            0.9514450027854876,
            0.9521175321956572,
            0.952528962860419,
            0.9528775893389729,
            0.9535156900921762,
            0.9531292944415518,
            0.9505413515790576,
            0.9504876388556283,
            0.9506539671857964,
            0.9509570131492391,
            0.9516307261709915,
            0.9521545766641403,
            0.9521887904237325,
            0.9510965761842423,
            0.9514057156236946,
            0.9517955649072206,
            0.9522162658535976,
            0.9528354890432923,
            0.9526168730740159,
            0.9522441595351651,
            0.9526890749728595,
            0.9524716677862093,
            0.9527404844267,
            0.9528291357773644,
            0.9532441440281962,
            0.9535973502491781,
            0.9521570721973929,
            0.9519810930394399,
            0.9522538918871644,
            0.9526030043546216,
            0.9528238373069124
        ],
        "runtimes": [
            0.3589346408843994,
            0.6870517730712891,
            1.076049566268921,
            1.56282377243042,
            2.054996967315674,
            2.4666850566864014,
            2.9265995025634766,
            3.1410841941833496,
            3.4973325729370117,
            3.9126222133636475,
            4.141438722610474,
            4.3985207080841064,
            4.839873552322388,
            5.095705986022949,
            5.348949670791626,
            5.801562786102295,
            6.1669440269470215,
            6.442889213562012,
            6.689501762390137,
            7.007380485534668,
            7.329975605010986,
            7.617242336273193,
            7.899366617202759,
            8.183152914047241,
            8.466835737228394,
            8.750723123550415,
            9.072672128677368,
            9.351313829421997,
            9.629156827926636,
            9.905843257904053,
            10.182135820388794,
            10.458914041519165,
            10.734109163284302,
            11.007345914840698,
            11.273548603057861,
            11.537144660949707,
            11.796721935272217,
            12.054672718048096,
            12.30879282951355,
            12.558403968811035,
            12.805919408798218,
            13.05280065536499,
            13.294087886810303,
            13.540358066558838,
            13.784657716751099,
            14.029669284820557,
            14.274411678314209,
            14.515597820281982,
            14.756416082382202,
            14.99497652053833,
            15.23546290397644,
            15.467799425125122,
            15.697992086410522,
            15.929850578308105,
            16.16569209098816,
            16.40596580505371,
            16.64207625389099,
            16.871461153030396,
            17.095191955566406,
            17.317346334457397
        ],
        "memory_usages": [
            2.0,
            2.0,
            2.0,
            2.0,
            3.0,
            3.0,
            3.0,
            3.0,
            3.0,
            3.0,
            3.0,
            3.0,
            3.0,
            3.0,
            4.0,
            4.0,
            4.0,
            4.0,
            4.0,
            4.0,
            4.0,
            5.0,
            5.0,
            5.0,
            5.0,
            5.0,
            5.0,
            5.0,
            5.0,
            6.0,
            6.0,
            6.0,
            6.0,
            4.8671875,
            5.8671875,
            5.8671875,
            5.08203125,
            6.08203125,
            5.5390625,
            6.5390625,
            6.5390625,
            5.75,
            6.75,
            5.96875,
            6.375,
            6.4765625,
            6.609375,
            6.734375,
            6.859375,
            7.6875,
            7.21875,
            7.91796875,
            7.35546875,
            8.1484375,
            7.49609375,
            7.609375,
            7.671875,
            7.734375,
            7.796875,
            7.85546875
        ]
    },
    "run_count": 6,
    "seed": 10
}