{
    "dataset": "3_backdoor",
    "model": "HST",
    "auc": 0.5538719165085388,
    "total_runtime": 29.919134855270386,
    "total_memory_usage": 13.4609375,
    "Instances": 95329,
    "window_metric": {
        "window_size": 1000,
        "auc_scores": [
            0.6730723835275435,
            0.7907875605393362,
            0.8053548088161053,
            0.8220522833279097,
            0.8303682208088244,
            0.8373056834899983,
            0.84300159425013,
            0.8435994445570959,
            0.846001700870271,
            0.8473489486237666,
            0.8475313968158719,
            0.8475467000455944,
            0.8455300118657608,
            0.8438770390243403,
            0.8430444213000564,
            0.8426654844747754,
            0.8419387694904521,
            0.8393080255889331,
            0.8442217792610158,
            0.845164019193964,
            0.4081128167641326,
            0.37628333594022995,
            0.3809661192716169,
            0.38803064961894906,
            0.3895712860967505,
            0.401512885144402,
            0.41758601051573485,
            0.4148705236093518,
            0.4196269041717654,
            0.4244416552172752,
            0.4225487281955208,
            0.4306059566902603,
            0.43493963816604914,
            0.4341649885887623,
            0.4411825830417783,
            0.4388710667043586,
            0.43735904823821986,
            0.44031106745537324,
            0.4443427770662029,
            0.44806400195368945,
            0.4503518868964289,
            0.44893674596294203,
            0.4463906324816933,
            0.44288880133308517,
            0.4392228903749437,
            0.43636192551651437,
            0.43380933251410114,
            0.43172596507082467,
            0.42915406752040614,
            0.42654877310260964,
            0.4225152791754504,
            0.41964838267378984,
            0.41739782613440557,
            0.414826326320653,
            0.41191397249957606,
            0.40937158164400267,
            0.4068888551681943,
            0.40295285213100945,
            0.4004876250366627,
            0.3983116133779132,
            0.39653020711316495,
            0.3943156658370411,
            0.3926358492242364,
            0.3908740428697729,
            0.3888463410479602,
            0.38709925879653556,
            0.3853314152065523,
            0.3837210947221271,
            0.3818807158031575,
            0.3800964000321126,
            0.37840811869288055,
            0.37664529955739623,
            0.3747025961773567,
            0.37232945122730043,
            0.36987160180366946,
            0.36779795929827414,
            0.3653768252827634,
            0.3638051384240181,
            0.3636365495623728,
            0.3668179650800405,
            0.36806513330568014,
            0.3709439456710494,
            0.37186890929157873,
            0.37176244518770735,
            0.37400105630159,
            0.5226917128661697,
            0.5479931104331763,
            0.5500368412028084,
            0.5627089990380199,
            0.5721231418263706,
            0.6065319059321783,
            0.6169667979261566,
            0.6189797335926093,
            0.6054020521414146,
            0.5899621962365591
        ],
        "runtimes": [
            0.28039050102233887,
            0.5645015239715576,
            0.844310998916626,
            1.1268091201782227,
            1.4053075313568115,
            1.6850590705871582,
            1.9654338359832764,
            2.2480545043945312,
            2.5324692726135254,
            2.906954765319824,
            3.2398109436035156,
            3.520691156387329,
            3.802096128463745,
            4.085726737976074,
            4.4188618659973145,
            4.706127405166626,
            4.996734380722046,
            5.279501914978027,
            5.570715665817261,
            5.855490446090698,
            6.1384055614471436,
            6.4303154945373535,
            6.720369577407837,
            7.008031845092773,
            7.3001391887664795,
            7.635695695877075,
            7.927920579910278,
            8.22112512588501,
            8.51577615737915,
            8.80887746810913,
            9.097683668136597,
            9.39760708808899,
            9.689228773117065,
            9.983656167984009,
            10.279115438461304,
            10.582838535308838,
            10.873021364212036,
            11.170776844024658,
            11.47367811203003,
            11.769289016723633,
            12.069130897521973,
            12.415530443191528,
            12.750663995742798,
            13.05387544631958,
            13.356887817382812,
            13.659898042678833,
            13.961745977401733,
            14.271567106246948,
            14.574484825134277,
            14.878641128540039,
            15.185885667800903,
            15.488172054290771,
            15.795406341552734,
            16.102291345596313,
            16.41373896598816,
            16.774401664733887,
            17.085879802703857,
            17.404833793640137,
            17.71606945991516,
            18.02894401550293,
            18.341984510421753,
            18.65514326095581,
            18.968095302581787,
            19.28252100944519,
            19.59488844871521,
            19.911458015441895,
            20.221181869506836,
            20.538957595825195,
            20.935829401016235,
            21.338298797607422,
            21.657784461975098,
            21.998897790908813,
            22.36542320251465,
            22.7108952999115,
            23.031727075576782,
            23.352838277816772,
            23.727993488311768,
            24.096075296401978,
            24.413167238235474,
            24.733465433120728,
            25.055843830108643,
            25.382821321487427,
            25.707168579101562,
            26.040724754333496,
            26.361667156219482,
            26.74315357208252,
            27.116634845733643,
            27.442068576812744,
            27.77351999282837,
            28.10325813293457,
            28.42838978767395,
            28.754891872406006,
            29.0923433303833,
            29.414297103881836,
            29.797934532165527
        ],