{
    "dataset": "48_chess",
    "model": "HST",
    "auc": 0.5744262225763528,
    "total_runtime": 10.93715238571167,
    "total_memory_usage": 4.46875,
    "Instances": 28056,
    "window_metric": {
        "window_size": 1000,
        "auc_scores": [
            0.7017017017017018,
            0.6825237856785178,
            0.7049271493715937,
            0.7133683596030356,
            0.7743194555644516,
            0.7816044029352903,
            0.7579699785561115,
            0.77205821032441,
            0.7728485657104738,
            0.7983874426384183,
            0.7990409481358267,
            0.79260131754503,
            0.7935556496305418,
            0.7812242086314571,
            0.7773762902207554,
            0.7770688684556202,
            0.7309843400447427,
            0.7014641831155592,
            0.66257580311796,
            0.6358746246246247,
            0.6358853670162059,
            0.6243827982988092,
            0.6390331858932259,
            0.6385427171877252,
            0.6207284614889177,
            0.6172011549566891,
            0.5955179061318306,
            0.5743514579535027
        ],
        "runtimes": [
            0.3771364688873291,
            0.861314058303833,
            1.4541435241699219,
            1.9858191013336182,
            2.557528257369995,
            2.806201696395874,
            3.154130220413208,
            3.588855743408203,
            4.207772493362427,
            4.664853811264038,
            4.943305969238281,
            5.313333511352539,
            5.895473957061768,
            6.357955455780029,
            6.717228412628174,
            7.125187873840332,
            7.451418399810791,
            7.810832977294922,
            8.129219055175781,
            8.442529439926147,
            8.757301330566406,
            9.070151805877686,
            9.382246017456055,
            9.694485902786255,
            10.00135588645935,
            10.31017541885376,
            10.616501808166504,
            10.921190738677979
        ],
        "memory_usages": [
            3.0,
            3.0,
            3.0,
            3.0,
            3.0,
            3.0,
            3.0,
            3.0,
            3.0,
            3.0,
            3.0,
            3.0,
            4.0,
            4.0,
            4.0,
            4.0,
            4.0,
            4.0,
            5.0,
            5.0,
            5.0,
            5.0,
            5.0,
            5.0,
            4.4453125,
            5.4453125,
            5.4453125,
            4.6796875
        ]
    },
    "run_count": 7,
    "seed": 2
}