{
    "dataset": "1_ALOI",
    "model": "HST",
    "auc": 0.7021688821075145,
    "total_runtime": 15.266194105148315,
    "total_memory_usage": 8.73828125,
    "Instances": 49534,
    "window_metric": {
        "window_size": 1000,
        "auc_scores": [
            NaN,
            0.45901398503374957,
            0.5743470036481038,
            0.5819244925938069,
            0.5698162681810033,
            0.597988082556434,
            0.6260984146701931,
            0.6110407667629288,
            0.6397964194521902,
            0.6674037727503871,
            0.66100456226715,
            0.6628630655565791,
            0.6816189049976873,
            0.6822701276827781,
            0.6592820797234396,
            0.6634801163506655,
            0.6760366520993809,
            0.6902137182821863,
            0.6692884917151972,
            0.6625898804329178,
            0.6688580256825762,
            0.6689695105186938,
            0.6805968700462722,
            0.6897376066751232,
            0.6942035914026379,
            0.6849458178516367,
            0.667940917439746,
            0.6675214949030206,
            0.6615237188846063,
            0.667650252050834,
            0.6715644866692257,
            0.6722512292653359,
            0.6766873511895235,
            0.6782698969197396,
            0.6715613982483167,
            0.6805614749093397,
            0.6877137815044658,
            0.6839871302049125,
            0.6883450432290277,
            0.693257440107435,
            0.6935998655067903,
            0.6977169213894561,
            0.6971317023562242,
            0.6979956095964139,
            0.7031679932112274,
            0.7023302225107199,
            0.700801213540096,
            0.7015931094274569,
            0.6999022004767074
        ],
        "runtimes": [
            0.3399624824523926,
            0.6314342021942139,
            0.9157123565673828,
            1.2098438739776611,
            1.498537540435791,
            1.8028860092163086,
            2.0948476791381836,
            2.387254238128662,
            2.681741952896118,
            2.9768459796905518,
            3.2743594646453857,
            3.5744752883911133,
            3.8720264434814453,
            4.172286748886108,
            4.4761269092559814,
            4.819918394088745,
            5.119924306869507,
            5.419935941696167,
            5.720449447631836,
            6.02338171005249,
            6.3271589279174805,
            6.631127834320068,
            6.932354927062988,
            7.235628604888916,
            7.537020444869995,
            7.891160726547241,
            8.190131902694702,
            8.497237205505371,
            8.801813125610352,
            9.105888366699219,
            9.408199071884155,
            9.713183403015137,
            10.019627094268799,
            10.327921867370605,
            10.640236377716064,
            10.94817066192627,
            11.265219449996948,
            11.622815608978271,
            11.932422637939453,
            12.246860980987549,
            12.55994987487793,
            12.876638174057007,
            13.195804595947266,
            13.510499715805054,
            13.82330846786499,
            14.139439582824707,
            14.45869779586792,
            14.776963949203491,
            15.097322702407837
        ],
        "memory_usages": [
            2.0,
            4.0,
            4.0,
            4.0,
            4.0,
            4.0,
            4.0,
            4.0,
            5.0,
            5.0,
            5.0,
            5.0,
            5.0,
            5.0,
            5.0,
            6.0,
            6.0,
            6.0,
            6.0,
            6.0,
            6.0,
            6.0,
            7.0,
            7.0,
            7.0,
            7.0,
            7.0,
            7.0,
            7.0,
            8.0,
            8.0,
            8.0,
            8.0,
            8.0,
            8.0,
            8.0,
            9.0,
            9.0,
            7.6796875,
            8.6796875,
            7.80078125,
            7.9140625,
            8.0234375,
            8.21484375,
            8.0859375,
            8.4375,
            9.08984375,
            8.63671875,
            9.3359375
        ]
    },
    "run_count": 10,
    "seed": 55
}