{
    "dataset": "49_kddcup99_prob",
    "model": "HST",
    "auc": 0.683691360152059,
    "total_runtime": 16.309988498687744,
    "total_memory_usage": 11.99609375,
    "Instances": 64759,
    "window_metric": {
        "window_size": 1000,
        "auc_scores": [
            0.9608580805250941,
            0.48314155097027933,
            0.44737740054285663,
            0.478269898209196,
            0.5190184747526854,
            0.5294992116954348,
            0.5361495084674731,
            0.5492592288912165,
            0.5584243604692513,
            0.578446908190203,
            0.5822954982160858,
            0.4483845791414006,
            0.4833519469863291,
            0.5555782796140437,
            0.5957772165696144,
            0.6004378652744273,
            0.6041874145607035,
            0.610484389691445,
            0.6190766462992126,
            0.6201637759921451,
            0.6319525377689298,
            0.6310121690929945,
            0.6343628675490736,
            0.6367266163131075,
            0.6382021749515856,
            0.6398740932803183,
            0.6485567876180293,
            0.6480685005692507,
            0.6572564866064255,
            0.6573195088141173,
            0.6574887307652504,
            0.6617493220850627,
            0.662716909810591,
            0.6624710129326571,
            0.6627497947300766,
            0.662636559080838,
            0.6621331872435995,
            0.6616475733078487,
            0.661576942606299,
            0.678710439005956,
            0.6789191499653312,
            0.6789983189405921,
            0.6795045902055615,
            0.6808796320868321,
            0.6810628597666436,
            0.680719422654085,
            0.6812386687605574,
            0.6816392560895581,
            0.6823811042886174,
            0.6830419728426715,
            0.6838239829571076,
            0.6838104427910708,
            0.6837142407078818,
            0.6837326746571974,
            0.6836264844541776,
            0.6834699143730177,
            0.683344715036808,
            0.6835165043480709,
            0.6844728792672042,
            0.6831238637039969,
            0.6829325813149212,
            0.6830631048078388,
            0.6832904754715543,
            0.683323712246545
        ],
        "runtimes": [
            0.4440646171569824,
            0.9739120006561279,
            1.4089622497558594,
            1.6972413063049316,
            2.0876786708831787,
            2.3744757175445557,
            2.664189338684082,
            2.9463424682617188,
            3.2263023853302,
            3.504262685775757,
            3.7830352783203125,
            4.062189817428589,
            4.338836193084717,
            4.616385221481323,
            4.892941951751709,
            5.165030241012573,
            5.439453125,
            5.753070831298828,
            6.021805047988892,
            6.287219524383545,
            6.547847032546997,
            6.803088188171387,
            7.059553384780884,
            7.311757564544678,
            7.565995216369629,
            7.844285249710083,
            8.087278842926025,
            8.325265884399414,
            8.565834999084473,
            8.805544137954712,
            9.04563570022583,
            9.284303903579712,
            9.52189326286316,
            9.75467586517334,
            9.987780094146729,
            10.222892045974731,
            10.45256233215332,
            10.677956581115723,
            10.902435779571533,
            11.136688947677612,
            11.37214732170105,
            11.60882306098938,
            11.843348979949951,
            12.068993330001831,
            12.296792030334473,
            12.526330471038818,
            12.75122594833374,
            12.973777770996094,
            13.184847354888916,
            13.394817590713501,
            13.600507974624634,
            13.805724859237671,
            14.005846977233887,
            14.201781749725342,
            14.400777816772461,
            14.596943855285645,
            14.790632724761963,
            14.980246782302856,
            15.193484544754028,
            15.392674446105957,
            15.587148427963257,
            15.778794050216675,
            15.96970272064209,
            16.160417318344116
        ],
        "memory_usages": [
            3.0,
            3.0,
            3.0,
            3.0,
            4.0,
            4.0,
            4.0,
            4.0,
            4.0,
            4.0,
            4.0,
            5.0,
            5.0,
            5.0,
            5.0,
            5.0,
            5.0,
            5.0,
            5.0,
            6.0,
            6.0,
            6.0,
            6.0,
            6.0,
            7.0,
            7.0,
            7.0,
            7.0,
            7.0,
            7.0,
            7.0,
            7.0,
            6.52734375,
            7.52734375,
            6.9453125,
            7.9453125,
            7.9453125,
            7.9453125,
            7.26171875,
            8.26171875,
            7.40234375,
            7.46875,
            7.55859375,
            8.55859375,
            7.72265625,
            7.84375,
            7.96875,
            8.09375,
            8.2109375,
            8.4296875,
            8.18359375,
            8.67578125,
            8.3203125,
            8.921875,
            8.4609375,
            9.3203125,
            8.6484375,
            9.5703125,
            8.78515625,
            8.85546875,
            9.83984375,
            8.99609375,
            11.99609375,
            11.99609375
        ]
    },
    "run_count": 9,
    "seed": 81
}