{
    "dataset": "5_campaign",
    "model": "HST",
    "auc": 0.6663084127911146,
    "total_runtime": 9.086408138275146,
    "total_memory_usage": 6.33984375,
    "Instances": 41188,
    "window_metric": {
        "window_size": 1000,
        "auc_scores": [
            0.6204798202975401,
            0.6701100637995311,
            0.6759238529246657,
            0.6700775928823147,
            0.6665162800595872,
            0.6651940864239071,
            0.6681470081201069,
            0.6670796107303782,
            0.6645227927531383,
            0.6682890271493213,
            0.6693199281462058,
            0.6675097702336106,
            0.6687940681762449,
            0.669415682983683,
            0.6674427863021352,
            0.6666488838134749,
            0.6675266911277934,
            0.6696310852734336,
            0.6699696668022973,
            0.6692717079797612,
            0.6670512300895899,
            0.6701685005714925,
            0.6680581434529439,
            0.6693998603360846,
            0.6715355631428889,
            0.6720773443510883,
            0.6714542451591723,
            0.6708237198977023,
            0.6692837557529104,
            0.6696038158800011,
            0.6700620040225018,
            0.6686343412246714,
            0.6685786571500352,
            0.6675089938563978,
            0.6669731376185715,
            0.6662938514641059,
            0.6662831012008519,
            0.6667254748838434,
            0.6660076392319164,
            0.6654211458569105,
            0.6661764682101511
        ],
        "runtimes": [
            0.2209794521331787,
            0.4363861083984375,
            0.6572704315185547,
            0.8680071830749512,
            1.0972325801849365,
            1.322338581085205,
            1.5779497623443604,
            1.8209974765777588,
            2.058126211166382,
            2.2735676765441895,
            2.4528231620788574,
            2.6874420642852783,
            2.9065897464752197,
            3.129457712173462,
            3.3432693481445312,
            3.560518264770508,
            3.774138927459717,
            3.990915060043335,
            4.20505166053772,
            4.409114599227905,
            4.628465414047241,
            4.828426837921143,
            5.078221321105957,
            5.292781352996826,
            5.497588872909546,
            5.729923725128174,
            5.961328983306885,
            6.235426425933838,
            6.50030255317688,
            6.700998306274414,
            6.898399829864502,
            7.10662317276001,
            7.30607795715332,
            7.523453712463379,
            7.7175681591033936,
            7.967580556869507,
            8.190163135528564,
            8.445130825042725,
            8.643791437149048,
            8.8499014377594,
            9.055928707122803
        ],
        "memory_usages": [
            2.0,
            2.0,
            2.0,
            2.0,
            3.0,
            3.0,
            3.0,
            3.0,
            3.0,
            3.0,
            4.0,
            4.0,
            4.0,
            4.0,
            4.0,
            4.0,
            4.0,
            5.0,
            5.0,
            5.0,
            5.0,
            6.0,
            6.0,
            6.0,
            6.0,
            4.8984375,
            5.8984375,
            5.26171875,
            6.26171875,
            6.26171875,
            5.5,
            5.56640625,
            6.56640625,
            5.96484375,
            6.07421875,
            6.1484375,
            6.25,
            6.40625,
            6.6328125,
            6.78125,
            6.9375
        ]
    },
    "run_count": 4,
    "seed": 69
}