{
    "dataset": "50_bank",
    "model": "HST",
    "auc": 0.6596195797543524,
    "total_runtime": 11.5836181640625,
    "total_memory_usage": 6.27734375,
    "Instances": 41188,
    "window_metric": {
        "window_size": 1000,
        "auc_scores": [
            0.5581576264821074,
            0.5671238873486064,
            0.5733894661928554,
            0.559803696728356,
            0.5573535992045171,
            0.5527554347148016,
            0.549649390810281,
            0.5323930322580646,
            0.5347075591216216,
            0.5368344626699425,
            0.5372677019607843,
            0.5259301751788799,
            0.533491471760039,
            0.5292127043779562,
            0.5312726382212252,
            0.5282028809378038,
            0.52427887378633,
            0.5209228339721341,
            0.5148645616394061,
            0.5215764714406816,
            0.5164605323600826,
            0.5172424784273553,
            0.5179104394243785,
            0.5157691098241247,
            0.5356367697703068,
            0.5364202039558826,
            0.5337642378437848,
            0.5502529032721268,
            0.5584597431089249,
            0.5598410201852078,
            0.569279708653132,
            0.5672966650163721,
            0.566277882004564,
            0.5636092141890693,
            0.5609344703029734,
            0.5548469211818061,
            0.5749550626007937,
            0.5898667429020525,
            0.6068814997465576,
            0.6392646168335907,
            0.6584326366706382
        ],
        "runtimes": [
            0.37984299659729004,
            0.8864026069641113,
            1.2489738464355469,
            1.5556657314300537,
            1.854100227355957,
            2.1490654945373535,
            2.4427266120910645,
            2.7360475063323975,
            3.032498836517334,
            3.3282134532928467,
            3.6216185092926025,
            3.9099793434143066,
            4.206698179244995,
            4.495394706726074,
            4.785972595214844,
            5.0729827880859375,
            5.395879507064819,
            5.683056592941284,
            5.957791566848755,
            6.227060079574585,
            6.488376617431641,
            6.743594408035278,
            6.999279260635376,
            7.270145416259766,
            7.5463547706604,
            7.797364234924316,
            8.05223560333252,
            8.30884575843811,
            8.565274953842163,
            8.812015533447266,
            9.064951181411743,
            9.312937021255493,
            9.555691480636597,
            9.796962261199951,
            10.040079355239868,
            10.284797191619873,
            10.53704023361206,
            10.799952983856201,
            11.052680969238281,
            11.30605173110962,
            11.560190200805664
        ],
        "memory_usages": [
            2.0,
            2.0,
            2.0,
            3.0,
            3.0,
            3.0,
            3.0,
            3.0,
            3.0,
            3.0,
            4.0,
            4.0,
            4.0,
            4.0,
            4.0,
            5.0,
            5.0,
            5.0,
            5.0,
            5.0,
            5.0,
            5.0,
            5.0,
            6.0,
            6.0,
            6.0,
            6.0,
            6.0,
            6.0,
            6.0,
            5.5859375,
            6.5859375,
            6.5859375,
            5.94140625,
            5.8671875,
            6.43359375,
            5.98828125,
            6.9375,
            6.4375,
            7.3984375,
            6.578125
        ]
    },
    "run_count": 9,
    "seed": 89
}