{
    "dataset": "8_celeba",
    "model": "HST",
    "auc": 0.7333577971811842,
    "total_runtime": 72.16177248954773,
    "total_memory_usage": 25.07421875,
    "Instances": 202599,
    "window_metric": {
        "window_size": 1000,
        "auc_scores": [
            0.651961509992598,
            0.6794036970781158,
            0.7112017074409338,
            0.6925530350968023,
            0.7119855108491068,
            0.7199437051772848,
            0.7221856645552641,
            0.730423663010467,
            0.7273989642410694,
            0.7227616974043717,
            0.719859924030858,
            0.7173094641575531,
            0.7231240054571322,
            0.7274300660947828,
            0.7258151147260419,
            0.7284740525887689,
            0.7278234735472171,
            0.7302118988300992,
            0.7269518405354286,
            0.7296206019166828,
            0.7333959732468432,
            0.7362318433841588,
            0.7381530225490002,
            0.7360038349289789,
            0.7342001023014704,
            0.7374123435084066,
            0.7381360342039623,
            0.7386156234399076,
            0.7388875489328243,
            0.7377188068841563,
            0.7357345117485505,
            0.7323139207105774,
            0.7336759267456664,
            0.7316516225995355,
            0.7297499174671153,
            0.731371022912654,
            0.7309861897132349,
            0.7293258097131945,
            0.7277912744032669,
            0.726342071446378,
            0.7268787315149889,
            0.7292278165839301,
            0.7296352595388373,
            0.7283649028463869,
            0.7275184029672062,
            0.7301482611706365,
            0.7322003577266492,
            0.7323249622305648,
            0.7322329257073903,
            0.7313169926494418,
            0.7299498453108368,
            0.7297460730313511,
            0.7305912086362831,
            0.7307468353623074,
            0.7314921913460107,
            0.7302257206364879,
            0.7313249540783311,
            0.7293208680186523,
            0.7309554529641078,
            0.7308194501504915,
            0.7315280920836883,
            0.7317014726975248,
            0.7303248203881503,
            0.7300873911753845,
            0.7303983328416201,
            0.7301202772265608,
            0.7287755553277475,
            0.7300547875468215,
            0.7300638388437213,
            0.7303023635037076,
            0.7300156840050149,
            0.7290630017873829,
            0.7292945665179611,
            0.7291641333128728,
            0.7294038217767687,
            0.7309155411289685,
            0.7314445213766451,
            0.7299716950058517,
            0.7288029968252195,
            0.72917385789915,
            0.728985982841709,
            0.7288778523596771,
            0.7285311135257279,
            0.7285741932855281,
            0.7289142251120653,
            0.7288766761432063,
            0.7296103529316649,
            0.7301694691069727,
            0.7300984522774927,
            0.730789471590909,
            0.7307037220867099,
            0.7299222413648034,
            0.7298423510754233,
            0.7296818747400926,
            0.7307026994513213,
            0.7311019114207321,
            0.7315736812069714,
            0.7318418798752896,
            0.7314687534313278,
            0.7304600771370543,
            0.7302719345692599,
            0.7295045768946788,
            0.7291230297566532,
            0.7286147040615236,
            0.7286693292031634,
            0.7276851138180398,
            0.7284555929550067,
            0.728561016675688,
            0.7286110685475968,
            0.7289964126869128,
            0.7284278565525897,
            0.7281395850514386,
            0.7282662880405174,
            0.7286622896448202,
            0.7294395661162731,
            0.7292285860586526,
            0.7293323451774061,
            0.7288922811084588,
            0.7294288618106132,
            0.7295565556232424,
            0.7298961652565789,
            0.72944314577095,
            0.7294088220931003,
            0.7296945284174277,
            0.7301150185555827,
            0.7301582503148292,
            0.7290536526053002,
            0.7292972421467754,
            0.7283913876434933,
            0.7283046014325165,
            0.7289358423436442,
            0.7294874701776899,
            0.7294089494748099,
            0.7302353852479474,
            0.7307897085168923,
            0.7314172799342668,
            0.7318782802336274,
            0.7311667252659186,
            0.7308326835390907,
            0.7301126998506942,
            0.7303036685535138,
            0.7298228092549678,
            0.7296964249423489,
            0.729724568045468,
            0.7296874390379846,
            0.7297790252760648,
            0.7299803637968478,
            0.7294941089698955,
            0.7296262706579019,
            0.7296315976053607,
            0.7298066939579834,
            0.7299189103704367,
            0.7302148208732867,
            0.7303771083276348,
            0.7299078863891121,
            0.7304437463591498,
            0.730275525423804,
            0.7301786805439356,
            0.7308056071203519,
            0.730942414206416,
            0.7308619430792191,
            0.7302111528296221,
            0.7303414649349143,
            0.7302619085528265,
            0.7303646294601073,
            0.7305054747735287,
            0.7307745632212733,
            0.7309092382352022,
            0.7303124933881733,
            0.7306622245215744,
            0.7309219264192046,
            0.7306768958019167,
            0.7309330550377522,
            0.7300725931255156,
            0.7298403755369636,
            0.7300523402065024,
            0.7306829660586132,
            0.7306502763567002,
            0.7309092478277286,
            0.731056502023387,
            0.731150542365546,
            0.7315654189243261,
            0.7318777648140249,
            0.7323395272761748,
            0.7323918838647197,
            0.7329046491925164,
            0.7330276464658044,
            0.7326578340236182,
            0.7327041688364476,
            0.7324137157880396,
            0.7318329359990765,
            0.7319799867458101,
            0.7323655609568436,
            0.7327012160937723,
            0.7324656459649218,
            0.7329744197299664,
            0.7329151512151428,
            0.7331538443064469,
            0.7332871834691116,
            0.7333982911684381,
            0.7333874615106332,
            0.733252076839299
        ],