{
    "dataset": "3_backdoor",
    "model": "HST",
    "auc": 0.5343619486881166,
    "total_runtime": 27.399863958358765,
    "total_memory_usage": 12.3359375,
    "Instances": 95329,
    "window_metric": {
        "window_size": 1000,
        "auc_scores": [
            0.4722848129788193,
            0.5340746242115504,
            0.5263798504830601,
            0.5408808929798191,
            0.5430030626671998,
            0.5508523691782208,
            0.5569100320318028,
            0.5546112798030796,
            0.5554686627192492,
            0.5538259922600334,
            0.5456961343573133,
            0.5378612326865313,
            0.5275914396335324,
            0.5189211803996203,
            0.5099392710063759,
            0.5021052995205981,
            0.4951534976565105,
            0.49139664779064096,
            0.4990733352071238,
            0.504320278560023,
            0.21593161143599743,
            0.2097372432457152,
            0.21699758307967543,
            0.22618461716286953,
            0.23240201639453323,
            0.24147015095243923,
            0.2593087277924301,
            0.25753553012738717,
            0.26229549014309134,
            0.26722675439243515,
            0.2684433938297685,
            0.2739201842574551,
            0.2797730274191204,
            0.27954190898511977,
            0.28750349300335293,
            0.28614929956546625,
            0.28557203153428945,
            0.28706099918534383,
            0.2938377855965441,
            0.29784497124491693,
            0.2984316671936911,
            0.29734185765981114,
            0.2954027542680366,
            0.2925134730959421,
            0.2888694896886134,
            0.2857692340665843,
            0.2833558644358689,
            0.2813211645691916,
            0.2790422122901632,
            0.27660471353268995,
            0.27334587005778327,
            0.2706208787390732,
            0.2690308464797945,
            0.2663426541636821,
            0.2635801179702728,
            0.261132924174985,
            0.25879017890274364,
            0.2557449994713825,
            0.25333568369906656,
            0.25116540475288895,
            0.24934678541029498,
            0.247792381026803,
            0.24633477580697152,
            0.24462521223091643,
            0.24282022492224828,
            0.24145788185471484,
            0.23972063973061106,
            0.23832289451859118,
            0.23688836476524963,
            0.23536697243059204,
            0.23395850560509288,
            0.23236856823635615,
            0.2309559170964069,
            0.22897114817537856,
            0.2269883670460126,
            0.22536630013511383,
            0.2236417740513811,
            0.2223094080661077,
            0.22231095267590292,
            0.22623791333891186,
            0.22759922011148107,
            0.23092194134042288,
            0.2317804485498181,
            0.2333931895327349,
            0.23459001240492985,
            0.41801793682142596,
            0.4497639988128549,
            0.4469363057132553,
            0.4545100908419114,
            0.4687935474370762,
            0.4743448506503266,
            0.4930118609603994,
            0.5031158197744909,
            0.5167727984426747,
            0.5373511451612903
        ],
        "runtimes": [
            0.262096643447876,
            0.5221748352050781,
            0.7799460887908936,
            1.032196283340454,
            1.2962772846221924,
            1.5535647869110107,
            1.8132505416870117,
            2.073620319366455,
            2.3432047367095947,
            2.6011435985565186,
            2.8688604831695557,
            3.1807477474212646,
            3.450328826904297,
            3.714826822280884,
            3.9851841926574707,
            4.299858093261719,
            4.571101427078247,
            4.833258628845215,
            5.108129262924194,
            5.45980978012085,
            5.755577802658081,
            6.012921094894409,
            6.280909299850464,
            6.536149263381958,
            6.8491051197052,
            7.121860980987549,
            7.453830718994141,
            7.7707884311676025,
            8.028241872787476,
            8.302411079406738,
            8.563392162322998,
            8.827853441238403,
            9.094293355941772,
            9.418208599090576,
            9.724975824356079,
            9.986871242523193,
            10.256176710128784,
            10.520541667938232,
            10.779691219329834,
            11.052281856536865,
            11.314712047576904,
            11.574661016464233,
            11.845537424087524,
            12.111674308776855,
            12.381706476211548,
            12.654170274734497,
            12.913926839828491,
            13.178308486938477,
            13.450691938400269,
            13.721451997756958,
            13.989817142486572,
            14.267494440078735,
            14.54202938079834,
            14.78831434249878,
            15.10115385055542,
            15.438022375106812,
            15.760914087295532,
            16.030921459197998,
            16.314066648483276,
            16.594152450561523,
            16.877659797668457,
            17.165215969085693,
            17.448638439178467,
            17.74205470085144,
            18.078511476516724,
            18.41329574584961,
            18.685755014419556,
            18.975844144821167,
            19.26317572593689,
            19.54214906692505,
            19.83257222175598,
            20.173405647277832,
            20.500338792800903,
            20.787458896636963,
            21.069870948791504,
            21.358514308929443,
            21.636598348617554,
            21.975407600402832,
            22.299428462982178,
            22.641891956329346,
            23.013400077819824,
            23.313262224197388,
            23.60005283355713,
            23.89802050590515,
            24.19439172744751,
            24.483221292495728,
            24.775472164154053,
            25.081872701644897,
            25.384603261947632,
            25.686334371566772,
            26.033339500427246,
            26.381068468093872,
            26.67384433746338,
            26.98570466041565,
            27.284334421157837
        ],