{
    "dataset": "32_shuttle",
    "model": "HST",
    "auc": 0.9807111257768593,
    "total_runtime": 14.8475182056427,
    "total_memory_usage": 6.86328125,
    "Instances": 49097,
    "window_metric": {
        "window_size": 1000,
        "auc_scores": [
            0.9820436758394345,
            0.9775319891697247,
            0.9755137175304766,
            0.97557539072437,
            0.9752105214132919,
            0.9759910180358815,
            0.9769161504569803,
            0.9772546866213705,
            0.9769982103631972,
            0.9775568965392099,
            0.9788271763973386,
            0.9773249438202247,
            0.9764293570277167,
            0.9764653681759998,
            0.974523653776423,
            0.9746277796549467,
            0.975856394301621,
            0.9764985967906785,
            0.9774256048899577,
            0.9782715773149664,
            0.9792233289837635,
            0.9799703535873244,
            0.9804390839680622,
            0.9805414541731077,
            0.9791392903289324,
            0.9795811322408953,
            0.9791306311478893,
            0.979432378869292,
            0.9787566439934582,
            0.9778774999110326,
            0.9780856572317049,
            0.978386309113463,
            0.9789903879699248,
            0.9795172155432401,
            0.9794735707230334,
            0.9798193907982218,
            0.9803381454851599,
            0.9805889433869273,
            0.9806214117136096,
            0.9809747290552325,
            0.9808226335217666,
            0.9808863756069524,
            0.9812531037473572,
            0.9801788831480577,
            0.9800195133272331,
            0.9799484897471762,
            0.9802605706897969,
            0.9805178489204843,
            0.9806725475840918
        ],
        "runtimes": [
            0.27768659591674805,
            0.5484888553619385,
            0.8602259159088135,
            1.1671648025512695,
            1.4735345840454102,
            1.7998600006103516,
            2.1241321563720703,
            2.3982462882995605,
            2.6752188205718994,
            2.9524965286254883,
            3.236273765563965,
            3.5082294940948486,
            3.785417318344116,
            4.069328546524048,
            4.390429735183716,
            4.719669818878174,
            5.100341081619263,
            5.451930284500122,
            5.735974311828613,
            6.020644903182983,
            6.304131984710693,
            6.5864691734313965,
            6.8725690841674805,
            7.1596338748931885,
            7.448902606964111,
            7.732007741928101,
            8.024294137954712,
            8.31321907043457,
            8.661643266677856,
            8.95871353149414,
            9.249875545501709,
            9.54315447807312,
            9.835765600204468,
            10.134326219558716,
            10.424339532852173,
            10.72246527671814,
            11.019309520721436,
            11.30892300605774,
            11.654175996780396,
            11.992471933364868,
            12.286839485168457,
            12.587992668151855,
            12.885942459106445,
            13.178747653961182,
            13.477528810501099,
            13.776130199432373,
            14.168560028076172,
            14.516188621520996,
            14.819238662719727
        ],
        "memory_usages": [
            3.0,
            3.0,
            3.0,
            3.0,
            3.0,
            4.0,
            4.0,
            4.0,
            4.0,
            4.0,
            4.0,
            4.0,
            5.0,
            5.0,
            5.0,
            5.0,
            5.0,
            5.0,
            5.0,
            5.0,
            5.0,
            5.0,
            5.0,
            5.0,
            5.0,
            6.0,
            6.0,
            6.0,
            6.0,
            6.0,
            6.0,
            6.0,
            5.203125,
            5.265625,
            5.89453125,
            6.89453125,
            6.046875,
            7.046875,
            6.23828125,
            6.3125,
            6.390625,
            6.49609375,
            6.63671875,
            6.8671875,
            7.015625,
            7.16015625,
            7.3046875,
            7.453125,
            7.59765625
        ]
    },
    "run_count": 9,
    "seed": 61
}