{
    "dataset": "49_kddcup99_prob",
    "model": "HST",
    "auc": 0.6811815360396434,
    "total_runtime": 18.844398260116577,
    "total_memory_usage": 12.4140625,
    "Instances": 64759,
    "window_metric": {
        "window_size": 1000,
        "auc_scores": [
            0.9381520318044771,
            0.46787044817188583,
            0.4340797044323383,
            0.4638215721207072,
            0.5092860414585496,
            0.519341619837891,
            0.5275242042607806,
            0.5419342850448792,
            0.5510629511139905,
            0.564263342917657,
            0.5687816699396172,
            0.4353208664401795,
            0.4727975422260244,
            0.5487239948678014,
            0.5925240085889812,
            0.5960387823884703,
            0.5999330456107292,
            0.6062958807748837,
            0.6155315703937008,
            0.6162835230113711,
            0.6279131702765557,
            0.6276088162460757,
            0.6305050996675424,
            0.6329199595244118,
            0.6347321054712539,
            0.6366174311813536,
            0.6451809557005788,
            0.6449024734256222,
            0.6543470007427883,
            0.6545069566358995,
            0.6548344375817925,
            0.6589504582230191,
            0.6600779661162051,
            0.6600116384776541,
            0.6603325222077812,
            0.6601942151102441,
            0.659804145835329,
            0.6594919109011725,
            0.6596791891786201,
            0.677081116514036,
            0.6772489747809752,
            0.6773897247272259,
            0.6776496407062892,
            0.6781343995340047,
            0.6783225477509344,
            0.6777816686446478,
            0.6781260241063947,
            0.6786220817504504,
            0.6791323307106891,
            0.679699631008434,
            0.6805803379196353,
            0.6807065163508063,
            0.6807098781420763,
            0.6805551109200301,
            0.6805388186270274,
            0.6804311487028151,
            0.6803974675021378,
            0.6806452165465384,
            0.6815760682558317,
            0.6803728371586916,
            0.6801982028635297,
            0.6803932388908338,
            0.6806260140759754,
            0.680738166360119
        ],
        "runtimes": [
            0.47525477409362793,
            0.9604723453521729,
            1.32277250289917,
            1.6620609760284424,
            1.9525189399719238,
            2.185360908508301,
            2.4173929691314697,
            2.6673800945281982,
            3.119802951812744,
            3.6429789066314697,
            4.126578330993652,
            4.684629201889038,
            5.235681772232056,
            5.688979625701904,
            5.9675257205963135,
            6.230507135391235,
            6.592578172683716,
            6.8822338581085205,
            7.172019958496094,
            7.5132856369018555,
            7.804106712341309,
            8.089978456497192,
            8.378143548965454,
            8.659706115722656,
            8.944259405136108,
            9.265965938568115,
            9.54817819595337,
            9.82975172996521,
            10.10997986793518,
            10.389724254608154,
            10.665944337844849,
            10.94689679145813,
            11.218262195587158,
            11.484951496124268,
            11.749330043792725,
            12.011401653289795,
            12.276968479156494,
            12.539224863052368,
            12.807647466659546,
            13.067760944366455,
            13.32470154762268,
            13.58164358139038,
            13.835436582565308,
            14.086880922317505,
            14.335143804550171,
            14.587008714675903,
            14.834752559661865,
            15.08788537979126,
            15.333320140838623,
            15.581636667251587,
            15.826245069503784,
            16.072372913360596,
            16.3141987323761,
            16.562541007995605,
            16.79164147377014,
            17.01293444633484,
            17.228270530700684,
            17.437419414520264,
            17.643101453781128,
            17.847898483276367,
            18.062001943588257,
            18.27356195449829,
            18.479530811309814,
            18.685938596725464
        ],
        "memory_usages": [
            4.0,
            4.0,
            4.0,
            4.0,
            4.0,
            4.0,
            4.0,
            4.0,
            4.0,
            4.0,
            4.0,
            4.0,
            4.0,
            4.0,
            4.0,
            5.0,
            5.0,
            5.0,
            5.0,
            5.0,
            5.0,
            6.0,
            6.0,
            6.0,
            6.0,
            6.0,
            6.0,
            6.0,
            6.0,
            7.0,
            7.0,
            5.890625,
            6.890625,
            6.890625,
            6.328125,
            7.328125,
            7.328125,
            7.328125,
            6.91015625,
            6.71484375,
            7.71484375,
            7.71484375,
            7.24609375,
            7.03125,
            7.578125,
            7.171875,
            7.828125,
            7.3125,
            8.0703125,
            7.49609375,
            8.41015625,
            7.63671875,
            7.703125,
            7.7734375,
            7.84375,
            8.01171875,
            8.07421875,
            8.13671875,
            8.1953125,
            8.2578125,
            9.25390625,
            8.3828125,
            10.375,
            10.4140625
        ]
    },
    "run_count": 6,
    "seed": 70
}