{
    "dataset": "49_kddcup99_prob",
    "model": "HST",
    "auc": 0.6812615125280573,
    "total_runtime": 17.324439525604248,
    "total_memory_usage": 8.7109375,
    "Instances": 64759,
    "window_metric": {
        "window_size": 1000,
        "auc_scores": [
            0.9650871154513194,
            0.46818862056155375,
            0.43479899256312426,
            0.4646220293077491,
            0.5083544731647279,
            0.5186161796148558,
            0.526989215774164,
            0.5409244903196706,
            0.5498103505876996,
            0.5631414364982193,
            0.5674969227540427,
            0.4347148873921126,
            0.4720072437338212,
            0.5487896842402611,
            0.5904661507615,
            0.5940433430438793,
            0.5979542830488436,
            0.6045023625091623,
            0.6137524611023621,
            0.6146619336499379,
            0.6270180287781537,
            0.6265238253431499,
            0.6295226344194074,
            0.6319554045751871,
            0.6339559960416984,
            0.6359045421521492,
            0.6443997893873634,
            0.6441939699462753,
            0.6536706427420603,
            0.6539093153855229,
            0.6543961877665879,
            0.6589041325211733,
            0.6599407577259682,
            0.6597885146251307,
            0.6601899950535223,
            0.6601480928419236,
            0.6597198202775693,
            0.6594408486054373,
            0.6594161267704329,
            0.6762978200942487,
            0.6765962791475162,
            0.6768218257998669,
            0.6771732548007807,
            0.678007214485202,
            0.6783137037884133,
            0.6778716397559599,
            0.6782299568083605,
            0.6787718335760896,
            0.679324377860979,
            0.6799810468515465,
            0.6808990943914893,
            0.6809199871012016,
            0.680872131707396,
            0.6807961353455795,
            0.680785016377817,
            0.6806898955513472,
            0.6806499375134387,
            0.6809213849953931,
            0.6817243773556784,
            0.6804212648662894,
            0.6802785021596699,
            0.6804878758814917,
            0.6807654720897031,
            0.6808921629887494
        ],
        "runtimes": [
            0.19976520538330078,
            0.45241713523864746,
            0.6545169353485107,
            0.8790853023529053,
            1.0851235389709473,
            1.2583365440368652,
            1.4643149375915527,
            1.662754774093628,
            1.8406567573547363,
            2.175110101699829,
            2.839087724685669,
            3.445293664932251,
            3.7886922359466553,
            4.098430871963501,
            4.6149468421936035,
            5.295724153518677,
            5.701358795166016,
            6.084848403930664,
            6.3608574867248535,
            6.736055374145508,
            7.056940793991089,
            7.324378490447998,
            7.632615804672241,
            7.900104522705078,
            8.167790651321411,
            8.428470373153687,
            8.685511112213135,
            8.944499969482422,
            9.195106267929077,
            9.496797561645508,
            9.751872539520264,
            9.998473644256592,
            10.2554612159729,
            10.506940603256226,
            10.763769626617432,
            11.011810541152954,
            11.255732536315918,
            11.507049798965454,
            11.74691915512085,
            11.982827186584473,
            12.227404117584229,
            12.457633018493652,
            12.692628145217896,
            12.928411960601807,
            13.159603357315063,
            13.399159669876099,
            13.622416019439697,
            13.851925373077393,
            14.068299293518066,
            14.279515743255615,
            14.491961002349854,
            14.702020406723022,
            14.909646272659302,
            15.121922731399536,
            15.325589656829834,
            15.534642696380615,
            15.742161512374878,
            15.946407318115234,
            16.153858184814453,
            16.35845184326172,
            16.563659191131592,
            16.77035665512085,
            16.968170642852783,
            17.174338817596436
        ],
        "memory_usages": [
            2.0,
            3.0,
            3.0,
            3.0,
            3.0,
            3.0,
            3.0,
            3.0,
            3.0,
            3.0,
            3.0,
            3.0,
            3.0,
            3.0,
            3.0,
            3.0,
            4.0,
            4.0,
            4.0,
            4.0,
            4.0,
            4.0,
            4.0,
            4.0,
            4.0,
            4.0,
            5.0,
            5.0,
            5.0,
            5.0,
            5.0,
            5.0,
            5.0,
            5.0,
            6.0,
            6.0,
            6.0,
            6.0,
            5.42578125,
            6.42578125,
            6.96484375,
            7.96484375,
            7.3125,
            7.19140625,
            7.62109375,
            7.31640625,
            7.84375,
            7.44140625,
            8.1484375,
            7.69140625,
            8.26953125,
            7.81640625,
            8.27734375,
            8.34765625,
            8.41796875,
            8.5390625,
            8.609375,
            8.67578125,
            8.7421875,
            8.8125,
            9.2578125,
            9.90234375,
            9.453125,
            10.1328125
        ]
    },
    "run_count": 7,
    "seed": 14
}