{
    "dataset": "8_celeba",
    "model": "HST",
    "auc": 0.7686447952696387,
    "total_runtime": 78.23322606086731,
    "total_memory_usage": 23.859375,
    "Instances": 202599,
    "window_metric": {
        "window_size": 1000,
        "auc_scores": [
            0.6975277572168764,
            0.7243490359769429,
            0.7589482618407549,
            0.7454102296962455,
            0.7563819737916828,
            0.7641802771694612,
            0.7610272651814259,
            0.7676433591042658,
            0.7597592466013521,
            0.7557603312841529,
            0.7543080873310833,
            0.751943559930878,
            0.7583392822675591,
            0.7631026859794684,
            0.7589521949749743,
            0.7617326532341618,
            0.7647143287046988,
            0.7644844505527733,
            0.7604728957901873,
            0.762615035080538,
            0.7657252205475803,
            0.7676502129689413,
            0.7698375221135393,
            0.7707179348254205,
            0.7688724959170397,
            0.772161698149449,
            0.7728657852183712,
            0.7734699908354686,
            0.7744244796353013,
            0.7741350791405931,
            0.7726097842054362,
            0.7707055920150054,
            0.7712333018345462,
            0.7697406579720504,
            0.768870764811417,
            0.7698992944825094,
            0.7699810633187991,
            0.7675175728100888,
            0.766780645159542,
            0.7653101269394318,
            0.7652789391211521,
            0.7664042112735904,
            0.7676028919892194,
            0.7670226194575454,
            0.7667408684695919,
            0.7683939320239466,
            0.7690739561856729,
            0.7700698727682509,
            0.769754868882181,
            0.7683584865432092,
            0.7668385812466184,
            0.766419169030911,
            0.7668802558927189,
            0.7668015157357508,
            0.7678423519005614,
            0.7675629646190791,
            0.7681908482443061,
            0.7668474953831224,
            0.7683259560677362,
            0.7680632190628434,
            0.7688038720821035,
            0.7685653185728099,
            0.7673648044832174,
            0.7672772526284698,
            0.7673752095545459,
            0.7665869213058273,
            0.7655619321890648,
            0.7665002145574742,
            0.7667186511183334,
            0.7667979812299892,
            0.7667161665575138,
            0.7660393576153799,
            0.76627887380363,
            0.7659843522707666,
            0.7662000396846462,
            0.7669289525769931,
            0.7671973657109942,
            0.7660266449227303,
            0.7655814060321153,
            0.7665251483980339,
            0.7658590752906256,
            0.7658479162454442,
            0.7655213942287971,
            0.7654654291466645,
            0.765865659129367,
            0.7660762693546247,
            0.7661643432111764,
            0.7667919346906893,
            0.7664840156357016,
            0.7671120056818181,
            0.7673699494055303,
            0.7666108885401101,
            0.7661724425838722,
            0.766117013305176,
            0.7668573735402643,
            0.7671386759094653,
            0.7673702894061708,
            0.7678512307263045,
            0.7672601460256631,
            0.7663206665825234,
            0.7656038721529751,
            0.7649261085940238,
            0.7647625043542398,
            0.7643344872656161,
            0.7645745519016413,
            0.763982206004482,
            0.7644576335177532,
            0.7645664284046078,
            0.7647509137843004,
            0.7652029852235789,
            0.7647206527935867,
            0.7649216028957307,
            0.7649455923256829,
            0.7647145026875444,
            0.7650234480005373,
            0.7648530045762338,
            0.7647224080064728,
            0.7644029393279549,
            0.764822266205888,
            0.7651007458564909,
            0.7651959951278355,
            0.7649624412798008,
            0.7648112929759817,
            0.7649507089018125,
            0.7651464469817182,
            0.7654574980832839,
            0.7644929999897286,
            0.7645122190382938,
            0.7634542312470779,
            0.7633346058895666,
            0.7638393316114422,
            0.7644282173150756,
            0.7646064328288517,
            0.765018166034902,
            0.76505632723839,
            0.7656307165460265,
            0.7659702545022362,
            0.7657787033145483,
            0.765445938575213,
            0.7646949150336513,
            0.7649344945708619,
            0.7649639113902812,
            0.764786481543309,
            0.7650359245163811,
            0.7649042069015968,
            0.7650196824224637,
            0.7652373027561294,
            0.7646502037680474,
            0.7648058600433794,
            0.7649398353271181,
            0.7651070982203061,
            0.7651719536696618,
            0.7654356365799646,
            0.7655777811743381,
            0.765313501636288,
            0.7656417571318682,
            0.7657565947295473,
            0.7659199496732886,
            0.7664808919193398,
            0.7668111351832446,
            0.7665626181390701,
            0.7660763002683455,
            0.7662252739792803,
            0.7661683554773173,
            0.7663679931258888,
            0.7666544354928091,
            0.7669331370614701,
            0.7671707476728368,
            0.766748324267085,
            0.7668343461612523,
            0.7669135072028181,
            0.7666258270352917,
            0.7669447955594237,
            0.7663311269273201,
            0.7661587928833331,
            0.7662612175145616,
            0.7666335089470505,
            0.7666596855245322,
            0.7667252761700585,
            0.7668936041226068,
            0.7670451485365612,
            0.7673726378482663,
            0.7674888409184883,
            0.7677554378835698,
            0.7680189225265174,
            0.7683622228358322,
            0.7682697461420662,
            0.767870805119336,
            0.7682141438139972,
            0.7680325246988868,
            0.7676759502943128,
            0.7678852468853148,
            0.7683232406800912,
            0.7685760720746928,
            0.7682193034053889,
            0.7685298010967315,
            0.768457829569742,
            0.7687184833408589,
            0.768722651907779,
            0.76886549924091,
            0.7686356604148554,
            0.7684950844631514
        ],