{
    "dataset": "34_smtp",
    "model": "HST",
    "auc": 0.855986095634562,
    "total_runtime": 33.19491791725159,
    "total_memory_usage": 10.73046875,
    "Instances": 95156,
    "window_metric": {
        "window_size": 1000,
        "auc_scores": [
            NaN,
            NaN,
            NaN,
            NaN,
            NaN,
            NaN,
            NaN,
            NaN,
            NaN,
            NaN,
            NaN,
            NaN,
            NaN,
            NaN,
            0.9909852830020898,
            0.983606872891917,
            0.9830820853956193,
            0.9827054582155488,
            0.9830491307817899,
            0.981795859616443,
            0.9817286158830925,
            0.9816954773974831,
            0.9806512711197968,
            0.9811051499049164,
            0.9822843649586626,
            0.9822321909599674,
            0.9826047368476776,
            0.9826112035609642,
            0.9820208770736611,
            0.981893931453726,
            0.981945763524541,
            0.9818648337218963,
            0.9814228547175858,
            0.9807042395608276,
            0.9806044866926362,
            0.9805579153797906,
            0.9806760859321287,
            0.9806507660717105,
            0.9805351371554624,
            0.9806342934312724,
            0.9810126802880426,
            0.9805564439847296,
            0.980237751826176,
            0.9803784970542575,
            0.9806003137484042,
            0.9804661045908383,
            0.9806994180637394,
            0.9808738858357497,
            0.9806081620987921,
            0.9825556678137003,
            0.9828169131492233,
            0.982352743151739,
            0.9822186886607277,
            0.9824461877593361,
            0.9824335261166885,
            0.8369443501563198,
            0.8374009653356735,
            0.8381681759379043,
            0.8385410767274268,
            0.839323051271363,
            0.8397828618286183,
            0.8430254274412214,
            0.8433008620390514,
            0.8436788436788436,
            0.8434358203493074,
            0.8438328586722627,
            0.8437900071394167,
            0.8543298638009414,
            0.8554064951836329,
            0.8555130475236292,
            0.8559056904738652,
            0.8565633955055652,
            0.8569063099700921,
            0.8562176509992966,
            0.8564037864755981,
            0.8568723364950056,
            0.8569138667989152,
            0.8570719706133005,
            0.8560951444856012,
            0.8561771745706094,
            0.8565088650300087,
            0.8555132408055162,
            0.8553445553681198,
            0.8558328224152919,
            0.8549079016410873,
            0.8541553105919037,
            0.854326789072378,
            0.8546676236173439,
            0.8578869281780376,
            0.8577944500018525,
            0.8580444102451358,
            0.8571425464825487,
            0.8563375282349146,
            0.8559182008442411,
            0.8560545435400653
        ],
        "runtimes": [
            0.3423640727996826,
            0.6801559925079346,
            1.0814270973205566,
            1.4212312698364258,
            1.715623140335083,
            2.016057252883911,
            2.318166494369507,
            2.6173834800720215,
            2.921067237854004,
            3.2287445068359375,
            3.5346035957336426,
            3.874023675918579,
            4.192073106765747,
            4.478814601898193,
            4.767090797424316,
            5.042611122131348,
            5.34626030921936,
            5.7090537548065186,
            6.00986647605896,
            6.314549684524536,
            6.622286081314087,
            6.929261207580566,
            7.253057956695557,
            7.689863443374634,
            8.03434705734253,
            8.349368572235107,
            8.66823434829712,
            8.992357730865479,
            9.451099395751953,
            9.82442831993103,
            10.14187479019165,
            10.462737560272217,
            10.78764009475708,
            11.109277248382568,
            11.434916973114014,
            11.796371698379517,
            12.142066240310669,
            12.443089723587036,
            12.767269372940063,
            13.089601516723633,
            13.411197423934937,
            13.738570928573608,
            14.06650424003601,
            14.393615245819092,
            14.721494197845459,
            15.055373191833496,
            15.384372472763062,
            15.764832735061646,
            16.143526554107666,
            16.471224069595337,
            16.800411224365234,
            17.13431191444397,
            17.46538257598877,
            17.834731340408325,
            18.212339639663696,
            18.545336961746216,
            18.87701916694641,
            19.2058002948761,
            19.588593006134033,
            20.014742612838745,
            20.395256757736206,
            20.729907512664795,
            21.120877742767334,
            21.506304264068604,
            21.927650213241577,
            22.31823492050171,
            22.660691499710083,
            23.00893211364746,
            23.349524974822998,
            23.83017134666443,
            24.164861917495728,
            24.502126455307007,
            24.841978788375854,
            25.186150312423706,
            25.529590606689453,
            25.873936414718628,
            26.278366327285767,
            26.77503275871277,
            27.183489561080933,
            27.53006935119629,
            27.9053852558136,
            28.323042392730713,
            28.711557388305664,
            29.108978271484375,
            29.453283071517944,
            29.852145671844482,
            30.25779438018799,
            30.600059032440186,
            30.947270393371582,
            31.291339874267578,
            31.63227415084839,
            31.977604389190674,
            32.329219818115234,
            32.69223427772522,
            33.07779264450073
        ],