{
    "dataset": "32_shuttle",
    "model": "HST",
    "auc": 0.981234185574396,
    "total_runtime": 14.591151237487793,
    "total_memory_usage": 7.2734375,
    "Instances": 49097,
    "window_metric": {
        "window_size": 1000,
        "auc_scores": [
            0.9797241858116638,
            0.9764221608323369,
            0.9757107115700655,
            0.9755736776784115,
            0.9753693078599563,
            0.9764309943031133,
            0.9775478049968161,
            0.9778521547355112,
            0.9774747211777527,
            0.9779418925229124,
            0.9792104600574998,
            0.9776430947030499,
            0.9768337350241447,
            0.9769053678765784,
            0.9750384986715486,
            0.9751932224432882,
            0.9764071710741773,
            0.9770483266885515,
            0.9779725506401733,
            0.9787988235354448,
            0.9797099368882529,
            0.9804731183128975,
            0.9809318039711468,
            0.9810751185046639,
            0.9796931553593262,
            0.9801205340904824,
            0.9796614593586752,
            0.9799471855238144,
            0.9793278809530295,
            0.9784671547210977,
            0.9787191424839146,
            0.9790123954259131,
            0.9796039080558538,
            0.9801038898140506,
            0.9800596838163291,
            0.9804018142531009,
            0.9808955380110196,
            0.9811297759548085,
            0.9811708372048554,
            0.9815215001740586,
            0.9813853099279894,
            0.9814445326738008,
            0.9817865801747403,
            0.9807189980726363,
            0.9805226737848662,
            0.9804498374030544,
            0.980761331990561,
            0.9810377181339512,
            0.9811960393376948
        ],
        "runtimes": [
            0.32558107376098633,
            0.5867798328399658,
            0.9195327758789062,
            1.198608160018921,
            1.4761543273925781,
            1.7521097660064697,
            2.037064552307129,
            2.314969539642334,
            2.5957398414611816,
            2.8771724700927734,
            3.157402515411377,
            3.4410274028778076,
            3.721557140350342,
            4.007289171218872,
            4.255685329437256,
            4.608868360519409,
            4.9157257080078125,
            5.2800633907318115,
            5.565595626831055,
            5.846224308013916,
            6.126243591308594,
            6.409308671951294,
            6.700644254684448,
            7.051543951034546,
            7.393081426620483,
            7.682633876800537,
            7.981446027755737,
            8.273567914962769,
            8.568067789077759,
            8.861466407775879,
            9.158822774887085,
            9.451698780059814,
            9.744861125946045,
            10.042677879333496,
            10.33777642250061,
            10.635448455810547,
            10.928598642349243,
            11.223164081573486,
            11.517834424972534,
            11.810052394866943,
            12.103833436965942,
            12.444002389907837,
            12.704810857772827,
            12.989591121673584,
            13.282541036605835,
            13.563547849655151,
            13.961918592453003,
            14.27575135231018,
            14.562455654144287
        ],
        "memory_usages": [
            2.0,
            2.0,
            2.0,
            2.0,
            2.0,
            3.0,
            3.0,
            3.0,
            3.0,
            3.0,
            3.0,
            3.0,
            4.0,
            4.0,
            4.0,
            4.0,
            4.0,
            4.0,
            5.0,
            5.0,
            5.0,
            5.0,
            5.0,
            5.0,
            6.0,
            6.0,
            4.66015625,
            5.66015625,
            5.66015625,
            4.8671875,
            5.015625,
            5.6328125,
            5.5859375,
            6.5859375,
            6.5859375,
            6.27734375,
            5.92578125,
            6.92578125,
            6.7890625,
            6.19140625,
            7.08203125,
            6.34765625,
            6.421875,
            6.91796875,
            6.98828125,
            7.0546875,
            7.125,
            7.5625,
            7.640625
        ]
    },
    "run_count": 4,
    "seed": 74
}