{
    "dataset": "1_ALOI",
    "model": "HST",
    "auc": 0.7360325850244027,
    "total_runtime": 12.430155515670776,
    "total_memory_usage": 9.62109375,
    "Instances": 49534,
    "window_metric": {
        "window_size": 1000,
        "auc_scores": [
            NaN,
            0.6285811714217938,
            0.6377261397657534,
            0.6398310136202426,
            0.6151829418359813,
            0.6398542885554278,
            0.6642251280376956,
            0.6468088248993659,
            0.6703909457444261,
            0.6967012797815014,
            0.6890540100221211,
            0.6976363069601595,
            0.7162006830261808,
            0.7145652262540865,
            0.692730676042626,
            0.7043047531575091,
            0.7183177798278362,
            0.7303461898735888,
            0.7076138936723478,
            0.7023608961879566,
            0.7101578366367811,
            0.7097387684706875,
            0.7213683791291657,
            0.7302346463534809,
            0.7353634918778151,
            0.7238770869154049,
            0.7059398881471527,
            0.7056327449435713,
            0.698841013213972,
            0.7048719711354595,
            0.7082504008640028,
            0.7082039346929629,
            0.7121103511278685,
            0.7135376069718529,
            0.7054150228994864,
            0.7138475157888456,
            0.7201164397341681,
            0.717581027170375,
            0.72238983043173,
            0.7284590087409392,
            0.7282067972803677,
            0.7303925149048665,
            0.7305353964242508,
            0.7320421650285365,
            0.7368398310271886,
            0.7362449268142505,
            0.7345793273239403,
            0.7354447306869599,
            0.7335706937993857
        ],
        "runtimes": [
            0.20182108879089355,
            0.4008011817932129,
            0.597815752029419,
            0.7931809425354004,
            0.9852063655853271,
            1.2779514789581299,
            1.5304710865020752,
            1.7765908241271973,
            1.9687657356262207,
            2.226017951965332,
            2.4860472679138184,
            2.7433981895446777,
            2.952070951461792,
            3.159496307373047,
            3.3693604469299316,
            3.5771453380584717,
            3.787944793701172,
            4.014561891555786,
            4.23767614364624,
            4.509533882141113,
            4.7341578006744385,
            5.052058935165405,
            5.272282600402832,
            5.4950995445251465,
            5.7695629596710205,
            5.997942686080933,
            6.227365493774414,
            6.45770001411438,
            6.7249274253845215,
            7.077982425689697,
            7.4186623096466064,
            7.731206178665161,
            7.970755338668823,
            8.25931191444397,
            8.551922798156738,
            8.795716047286987,
            9.03700065612793,
            9.280776500701904,
            9.525307655334473,
            9.812289714813232,
            10.104186773300171,
            10.352827310562134,
            10.605072498321533,
            10.85654616355896,
            11.107417821884155,
            11.359900712966919,
            11.616141557693481,
            11.958293437957764,
            12.295381307601929
        ],
        "memory_usages": [
            2.0,
            3.0,
            3.0,
            4.0,
            4.0,
            4.0,
            4.0,
            4.0,
            4.0,
            4.0,
            5.0,
            5.0,
            5.0,
            5.0,
            5.0,
            5.0,
            5.0,
            6.0,
            6.0,
            6.0,
            6.0,
            6.0,
            6.0,
            6.0,
            7.0,
            7.0,
            7.0,
            7.0,
            7.0,
            7.0,
            6.30078125,
            7.30078125,
            6.42578125,
            6.5078125,
            7.09765625,
            7.0546875,
            8.0546875,
            8.0546875,
            7.93359375,
            7.56640625,
            8.56640625,
            8.3671875,
            7.83984375,
            8.2890625,
            8.359375,
            8.4296875,
            8.5,
            8.56640625,
            8.62109375
        ]
    },
    "run_count": 2,
    "seed": 7
}