{
    "dataset": "50_bank",
    "model": "HST",
    "auc": 0.6667328428273824,
    "total_runtime": 13.825647830963135,
    "total_memory_usage": 3.72265625,
    "Instances": 41188,
    "window_metric": {
        "window_size": 1000,
        "auc_scores": [
            0.5935672514619883,
            0.589747799017462,
            0.5817108179977784,
            0.5739090852230477,
            0.5653389680031251,
            0.5589552947860712,
            0.5525213566510714,
            0.5381357419354839,
            0.5383601590446144,
            0.5402057461736985,
            0.5369369098039215,
            0.5244643885187927,
            0.5311044830346039,
            0.5255575006216239,
            0.5239151767268633,
            0.5242074759956948,
            0.5198658697389807,
            0.5178361563023766,
            0.5105417186588059,
            0.5175347918473816,
            0.511416791604198,
            0.5123479600665054,
            0.5135605593723336,
            0.5113057168143491,
            0.5330777652515084,
            0.5334137711394399,
            0.5310046548167353,
            0.5467043213817755,
            0.5550499066779827,
            0.5560249145447491,
            0.5688064516979167,
            0.566699623717544,
            0.5652947615374093,
            0.5618971972803545,
            0.5603772771956137,
            0.5551747338097971,
            0.5760313545995356,
            0.5928142157445977,
            0.6120240683176548,
            0.645166762758962,
            0.665425528883748
        ],
        "runtimes": [
            0.7237355709075928,
            1.2590796947479248,
            1.5945007801055908,
            2.194732427597046,
            2.86399245262146,
            3.3277673721313477,
            3.762735366821289,
            4.2513813972473145,
            4.599602222442627,
            4.907381534576416,
            5.20894193649292,
            5.574920177459717,
            5.885869026184082,
            6.188910961151123,
            6.4873902797698975,
            6.835883140563965,
            7.131918907165527,
            7.424699068069458,
            7.769907712936401,
            8.05701208114624,
            8.346087455749512,
            8.63034987449646,
            8.917984962463379,
            9.195077419281006,
            9.517871141433716,
            9.796427249908447,
            10.072890281677246,
            10.351810693740845,
            10.630678653717041,
            10.906519174575806,
            11.178804397583008,
            11.445155382156372,
            11.711155414581299,
            11.975138902664185,
            12.232108354568481,
            12.492470026016235,
            12.752092361450195,
            13.017720222473145,
            13.278701066970825,
            13.546217679977417,
            13.803054809570312
        ],
        "memory_usages": [
            2.0,
            2.0,
            2.0,
            2.0,
            2.0,
            2.0,
            2.0,
            2.0,
            2.0,
            2.0,
            2.0,
            2.0,
            2.0,
            2.0,
            2.0,
            2.0,
            2.0,
            2.0,
            3.0,
            3.0,
            3.0,
            3.0,
            3.0,
            3.0,
            3.0,
            4.0,
            4.0,
            2.8125,
            3.8125,
            3.8125,
            3.02734375,
            4.02734375,
            3.1484375,
            3.2109375,
            3.5703125,
            3.63671875,
            3.70703125,
            3.77734375,
            3.8828125,
            3.953125,
            4.0234375
        ]
    },
    "run_count": 7,
    "seed": 8
}