{
    "dataset": "1_ALOI",
    "model": "HST",
    "auc": 0.6856773176907601,
    "total_runtime": 14.866496324539185,
    "total_memory_usage": 8.46484375,
    "Instances": 49534,
    "window_metric": {
        "window_size": 1000,
        "auc_scores": [
            NaN,
            0.42951413599016625,
            0.5615088606964821,
            0.5625739767787424,
            0.5578740417657942,
            0.5810421001910854,
            0.6135633021071402,
            0.6006503004718314,
            0.6341423778644171,
            0.6598224448412049,
            0.6493364927717994,
            0.641265582163902,
            0.6620464149434829,
            0.6635347948947273,
            0.6443109326599671,
            0.6490960712980948,
            0.6658186205115876,
            0.67895739659322,
            0.6598066656921149,
            0.6470258699582471,
            0.6540301713931744,
            0.6557406629798209,
            0.6668629953480931,
            0.6764206406899287,
            0.6823792884399723,
            0.6743818747073153,
            0.6577081601717458,
            0.6539357660047315,
            0.6483163078837307,
            0.6538395439587305,
            0.6580236118521194,
            0.655249661519254,
            0.656030090249016,
            0.6582983005651504,
            0.6522682403113962,
            0.6608837293143899,
            0.6684605915600662,
            0.6642281393894407,
            0.6694508267864607,
            0.6750217793025165,
            0.6756013573981071,
            0.6797900905074481,
            0.6797366070503893,
            0.6818542813239177,
            0.6875307840388221,
            0.6871506539726631,
            0.6839476075427376,
            0.6854359131065246,
            0.6839497859865719
        ],
        "runtimes": [
            0.278200626373291,
            0.6026649475097656,
            0.9390473365783691,
            1.2108781337738037,
            1.5451993942260742,
            1.8711442947387695,
            2.140838384628296,
            2.4134726524353027,
            2.689627170562744,
            2.961740016937256,
            3.237462043762207,
            3.51077938079834,
            3.7869315147399902,
            4.065638065338135,
            4.3735339641571045,
            4.695804119110107,
            4.966025352478027,
            5.298437595367432,
            5.571771860122681,
            5.845633506774902,
            6.128932237625122,
            6.4056031703948975,
            6.686304330825806,
            6.972402572631836,
            7.301865816116333,
            7.592564582824707,
            7.92484712600708,
            8.291201114654541,
            8.574122428894043,
            8.920660972595215,
            9.228583574295044,
            9.512921333312988,
            9.794493913650513,
            10.075935363769531,
            10.36164903640747,
            10.649399995803833,
            10.97739577293396,
            11.317436456680298,
            11.601764678955078,
            11.891230344772339,
            12.177903413772583,
            12.459599494934082,
            12.75487995147705,
            13.042762279510498,
            13.337341547012329,
            13.713216304779053,
            14.04732370376587,
            14.340439558029175,
            14.69306755065918
        ],
        "memory_usages": [
            2.0,
            4.0,
            4.0,
            4.0,
            4.0,
            4.0,
            4.0,
            4.0,
            5.0,
            5.0,
            5.0,
            5.0,
            5.0,
            5.0,
            5.0,
            6.0,
            6.0,
            6.0,
            6.0,
            6.0,
            6.0,
            6.0,
            7.0,
            7.0,
            7.0,
            7.0,
            7.0,
            7.0,
            7.0,
            6.30859375,
            7.30859375,
            8.30859375,
            8.30859375,
            7.2109375,
            8.2109375,
            8.2109375,
            8.2109375,
            7.9765625,
            7.7265625,
            8.7265625,
            8.53125,
            7.91015625,
            8.75390625,
            8.07421875,
            9.05859375,
            8.19921875,
            8.26171875,
            8.3203125,
            8.38671875
        ]
    },
    "run_count": 6,
    "seed": 49
}