{
    "dataset": "50_bank",
    "model": "HST",
    "auc": 0.6649611057069966,
    "total_runtime": 14.605076313018799,
    "total_memory_usage": 2.87890625,
    "Instances": 41188,
    "window_metric": {
        "window_size": 1000,
        "auc_scores": [
            0.5342829550941575,
            0.5680784571234009,
            0.5729182194567198,
            0.5668285925421437,
            0.561512127561348,
            0.5564350420697934,
            0.5490656375842763,
            0.5359504516129032,
            0.5418118960527623,
            0.5443352896937348,
            0.540392031372549,
            0.5294344724072704,
            0.5332649908263783,
            0.5268114563464317,
            0.5258322082256173,
            0.523850527181523,
            0.520955315754721,
            0.5179093030949391,
            0.5127185138306365,
            0.517052723008215,
            0.5112602032317175,
            0.5125867873766701,
            0.5137841341345323,
            0.5140544779094552,
            0.5349993539775721,
            0.5354312267798017,
            0.5323743220268443,
            0.5484409640222467,
            0.5541875078770306,
            0.5531841702821761,
            0.5615666978570721,
            0.559860571683059,
            0.5587410050515568,
            0.5563478410901502,
            0.5542025762679579,
            0.5506858575911981,
            0.569698271535543,
            0.58623423338521,
            0.6076866791002747,
            0.6422660962445115,
            0.6631427872148405
        ],
        "runtimes": [
            0.26627230644226074,
            0.5375070571899414,
            0.796004056930542,
            1.1527149677276611,
            1.7775368690490723,
            2.3190104961395264,
            2.587489128112793,
            3.003650426864624,
            3.44555926322937,
            3.8755037784576416,
            4.562062978744507,
            4.935507774353027,
            5.384615898132324,
            5.747544765472412,
            6.175840139389038,
            6.5865349769592285,
            7.054150581359863,
            7.390380144119263,
            7.809887170791626,
            8.242902040481567,
            8.605229377746582,
            8.915798902511597,
            9.228582382202148,
            9.532956600189209,
            9.840596437454224,
            10.147918701171875,
            10.458252668380737,
            10.761779546737671,
            11.06904911994934,
            11.37225866317749,
            11.677851438522339,
            11.975967168807983,
            12.271765947341919,
            12.568785429000854,
            12.853484869003296,
            13.139683485031128,
            13.424108505249023,
            13.716971158981323,
            14.00186562538147,
            14.296555757522583,
            14.58125376701355
        ],
        "memory_usages": [
            2.0,
            2.0,
            2.0,
            2.0,
            2.0,
            2.0,
            2.0,
            2.0,
            2.0,
            2.0,
            2.0,
            2.0,
            2.0,
            2.0,
            2.0,
            2.0,
            2.0,
            2.0,
            2.0,
            2.0,
            2.0,
            2.0,
            2.0,
            2.0,
            2.0,
            2.0,
            2.0,
            1.453125,
            2.453125,
            2.453125,
            3.453125,
            3.453125,
            3.453125,
            3.453125,
            3.453125,
            2.5234375,
            2.5859375,
            2.6484375,
            2.7421875,
            2.84375,
            2.96484375
        ]
    },
    "run_count": 3,
    "seed": 80
}