{
    "dataset": "48_chess",
    "model": "HST",
    "auc": 0.6216583882037519,
    "total_runtime": 11.006343364715576,
    "total_memory_usage": 5.8828125,
    "Instances": 28056,
    "window_metric": {
        "window_size": 1000,
        "auc_scores": [
            0.2992992992992993,
            0.6077449507594725,
            0.6212879546212879,
            0.6251355183053957,
            0.7190252201761409,
            0.7211474316210807,
            0.7417298070050036,
            0.778980068384622,
            0.7798532354903268,
            0.8066932567082673,
            0.8064872451300178,
            0.8037754336224149,
            0.8049184113300493,
            0.7638209242326763,
            0.7605155237102925,
            0.7597230442041851,
            0.7165859279070158,
            0.6873023816143082,
            0.6410178147010792,
            0.6648911411411411,
            0.665442087702574,
            0.6640830316384254,
            0.6793820571455701,
            0.6790666065105135,
            0.6717614988398021,
            0.6673532242540905,
            0.6435392201036896,
            0.6215603405929792
        ],
        "runtimes": [
            0.2666163444519043,
            0.667299747467041,
            0.9841699600219727,
            1.6192972660064697,
            2.196279764175415,
            2.6458802223205566,
            3.1507246494293213,
            3.721912384033203,
            4.198709964752197,
            4.484806060791016,
            4.870162487030029,
            5.481214761734009,
            5.932173013687134,
            6.309816598892212,
            6.80753231048584,
            7.2379865646362305,
            7.542754650115967,
            7.90478515625,
            8.215543031692505,
            8.525179862976074,
            8.836127996444702,
            9.15207552909851,
            9.4611074924469,
            9.771436214447021,
            10.079484701156616,
            10.383559942245483,
            10.687196493148804,
            10.990200757980347
        ],
        "memory_usages": [
            3.0,
            3.0,
            3.0,
            4.0,
            4.0,
            4.0,
            4.0,
            5.0,
            5.0,
            5.0,
            5.0,
            5.0,
            5.0,
            5.0,
            5.0,
            6.0,
            6.0,
            6.0,
            6.0,
            6.0,
            6.0,
            7.0,
            5.5234375,
            6.5234375,
            6.5234375,
            6.13671875,
            6.0,
            7.0
        ]
    },
    "run_count": 3,
    "seed": 62
}