{
    "dataset": "32_shuttle",
    "model": "HST",
    "auc": 0.9797237369305809,
    "total_runtime": 13.512733697891235,
    "total_memory_usage": 7.74609375,
    "Instances": 49097,
    "window_metric": {
        "window_size": 1000,
        "auc_scores": [
            0.9769628881595557,
            0.9747075963111091,
            0.9740358789766734,
            0.9748704723124664,
            0.9744481830527199,
            0.9753015646090798,
            0.9762013873281642,
            0.9763768405330965,
            0.9759675544443068,
            0.9766549685954572,
            0.9781766188672175,
            0.9764419390048155,
            0.9755783428841089,
            0.9756847018137449,
            0.9737885608186604,
            0.9737053135337536,
            0.9749146471262484,
            0.9755702339593748,
            0.9764949176079865,
            0.977377543737719,
            0.9783971025337006,
            0.9791548370299656,
            0.9796245369738458,
            0.9797878282506485,
            0.9782728683316446,
            0.9786985893365352,
            0.9782307929229317,
            0.9785560096658994,
            0.977883566931788,
            0.9770076369985096,
            0.9772540811643367,
            0.9775158106883158,
            0.9781307600429645,
            0.9786472595208601,
            0.9785565968007991,
            0.9788874440304561,
            0.97940400155978,
            0.9796507173576576,
            0.9796717212830237,
            0.9800211717629702,
            0.9798242835501,
            0.9798726214668934,
            0.9802653237134962,
            0.9791935993510759,
            0.9790704711649632,
            0.9789542323043152,
            0.9792472325024145,
            0.9795189950366485,
            0.979681969256367
        ],
        "runtimes": [
            0.25269603729248047,
            0.5007221698760986,
            0.7498977184295654,
            1.0054657459259033,
            1.3222019672393799,
            1.549166202545166,
            1.818221092224121,
            2.068495035171509,
            2.321183204650879,
            2.5800347328186035,
            2.828272819519043,
            3.0899746417999268,
            3.3452491760253906,
            3.6465606689453125,
            3.954421043395996,
            4.208507299423218,
            4.464307069778442,
            4.723084211349487,
            5.030913591384888,
            5.346216201782227,
            5.650407314300537,
            5.944404125213623,
            6.231356382369995,
            6.476952314376831,
            6.746607780456543,
            7.0039074420928955,
            7.26667046546936,
            7.53612494468689,
            7.794377326965332,
            8.057751893997192,
            8.383696556091309,
            8.65799856185913,
            8.926487445831299,
            9.223254203796387,
            9.552720546722412,
            9.839603424072266,
            10.116807460784912,
            10.384605884552002,
            10.658392667770386,
            10.93211579322815,
            11.18102741241455,
            11.503360748291016,
            11.832748174667358,
            12.10854959487915,
            12.378661155700684,
            12.652663469314575,
            12.931766748428345,
            13.203854084014893,
            13.482645273208618
        ],
        "memory_usages": [
            3.0,
            3.0,
            3.0,
            4.0,
            4.0,
            4.0,
            4.0,
            4.0,
            4.0,
            4.0,
            5.0,
            5.0,
            5.0,
            5.0,
            5.0,
            5.0,
            5.0,
            6.0,
            6.0,
            6.0,
            6.0,
            6.0,
            6.0,
            6.0,
            7.0,
            7.0,
            7.0,
            7.0,
            7.0,
            7.0,
            6.984375,
            6.23046875,
            6.29296875,
            6.35546875,
            6.984375,
            7.984375,
            7.984375,
            7.984375,
            7.32421875,
            7.40234375,
            7.48046875,
            7.55859375,
            7.60546875,
            7.7265625,
            7.80859375,
            7.94921875,
            8.09375,
            8.24609375,
            8.390625
        ]
    },
    "run_count": 6,
    "seed": 70
}