{
    "dataset": "50_bank",
    "model": "HST",
    "auc": 0.6717701838960951,
    "total_runtime": 12.289865493774414,
    "total_memory_usage": 4.34375,
    "Instances": 41188,
    "window_metric": {
        "window_size": 1000,
        "auc_scores": [
            0.5511830033800096,
            0.5645398608881755,
            0.5652219908732009,
            0.5631754150653611,
            0.5605135125537128,
            0.5584336811717159,
            0.55485636955509,
            0.5353463225806452,
            0.534300205248907,
            0.5366320431762174,
            0.5334594509803922,
            0.5209615305534995,
            0.5251277757471032,
            0.517193739705659,
            0.514741704411194,
            0.5133653352447182,
            0.510172005656665,
            0.5083842089198145,
            0.5021990763452759,
            0.5103046477867884,
            0.5055377866622244,
            0.5071941335986365,
            0.5075970352975189,
            0.5057572175356768,
            0.5277214643776795,
            0.5282232564102165,
            0.52669982194087,
            0.5456194630132489,
            0.5549035605565813,
            0.557259674516781,
            0.5708078177461293,
            0.5687023294712339,
            0.5670752165331956,
            0.5644176082539445,
            0.5629930908945571,
            0.559981849394793,
            0.580415714773252,
            0.5976720589338744,
            0.6181951224194393,
            0.6508458800783028,
            0.670298299493582
        ],
        "runtimes": [
            0.20884132385253906,
            0.4068481922149658,
            0.6830840110778809,
            1.162968635559082,
            1.4262988567352295,
            1.8610649108886719,
            2.2922680377960205,
            2.489098310470581,
            2.8119938373565674,
            3.0995333194732666,
            3.494666814804077,
            3.850236415863037,
            4.404940843582153,
            4.946140766143799,
            5.320744276046753,
            5.567518949508667,
            5.878636360168457,
            6.213084936141968,
            6.612844944000244,
            6.890170574188232,
            7.1456029415130615,
            7.465364694595337,
            7.720080852508545,
            7.972867250442505,
            8.229452133178711,
            8.484495401382446,
            8.739472150802612,
            9.000088453292847,
            9.26122760772705,
            9.516010284423828,
            9.772218704223633,
            10.025693416595459,
            10.278677701950073,
            10.532275676727295,
            10.784907102584839,
            11.036640882492065,
            11.290462017059326,
            11.53705883026123,
            11.778208494186401,
            12.023123741149902,
            12.264229774475098
        ],
        "memory_usages": [
            2.0,
            2.0,
            2.0,
            2.0,
            2.0,
            2.0,
            2.0,
            2.0,
            2.0,
            2.0,
            2.0,
            2.0,
            2.0,
            2.0,
            2.0,
            2.0,
            2.0,
            2.0,
            2.0,
            2.0,
            2.0,
            2.0,
            2.0,
            2.0,
            2.0,
            1.5546875,
            1.5,
            2.5,
            2.21484375,
            1.9375,
            2.9375,
            2.72265625,
            2.171875,
            3.00390625,
            2.61328125,
            2.6796875,
            2.75,
            3.109375,
            4.109375,
            3.28125,
            3.34375
        ]
    },
    "run_count": 6,
    "seed": 96
}