{
    "dataset": "50_bank",
    "model": "HST",
    "auc": 0.6560301574358519,
    "total_runtime": 12.512917041778564,
    "total_memory_usage": 7.18359375,
    "Instances": 41188,
    "window_metric": {
        "window_size": 1000,
        "auc_scores": [
            0.5744406888781587,
            0.5656889926552848,
            0.5754042864218427,
            0.5740214372253456,
            0.5630498242125076,
            0.5566975284056283,
            0.5523830993080703,
            0.5378508387096774,
            0.5390126238945747,
            0.5403321228430786,
            0.5392951215686275,
            0.5284069413603092,
            0.5330715542489196,
            0.524867456448784,
            0.5227315530425942,
            0.519340040027277,
            0.5165569729891571,
            0.5126578312944716,
            0.5069147439610965,
            0.5130963706599474,
            0.5086922447866976,
            0.5097994155038894,
            0.5102950179748438,
            0.5088962707322596,
            0.5293401415315662,
            0.5300311587719941,
            0.5276174098418817,
            0.5435497229423243,
            0.55169128856976,
            0.5534503371398789,
            0.5631795217742412,
            0.5614320063268943,
            0.5608658749216848,
            0.5577856880697698,
            0.5556585484894807,
            0.5490852866812155,
            0.5691789211651577,
            0.5838167159897307,
            0.6021246671001454,
            0.6355117251468922,
            0.6549936590307976
        ],
        "runtimes": [
            0.16848278045654297,
            0.3477911949157715,
            0.6390159130096436,
            0.8401772975921631,
            1.0533349514007568,
            1.3252723217010498,
            1.8106541633605957,
            2.2698025703430176,
            2.5314719676971436,
            2.7931442260742188,
            3.3692142963409424,
            3.9059031009674072,
            4.3250439167022705,
            4.737160682678223,
            4.9712793827056885,
            5.214604377746582,
            5.467114210128784,
            5.879130125045776,
            6.135474681854248,
            6.524787902832031,
            6.84566068649292,
            7.207295894622803,
            7.565366268157959,
            7.901614427566528,
            8.365158081054688,
            8.627344131469727,
            8.889784812927246,
            9.153558254241943,
            9.423588752746582,
            9.683436393737793,
            9.948291063308716,
            10.204015493392944,
            10.451621532440186,
            10.662290334701538,
            10.920256853103638,
            11.175152063369751,
            11.437596082687378,
            11.699023008346558,
            11.963375091552734,
            12.225449800491333,
            12.487963199615479
        ],
        "memory_usages": [
            3.0,
            3.0,
            3.0,
            3.0,
            3.0,
            3.0,
            4.0,
            4.0,
            4.0,
            4.0,
            4.0,
            4.0,
            4.0,
            4.0,
            4.0,
            4.0,
            5.0,
            5.0,
            5.0,
            5.0,
            5.0,
            5.0,
            5.0,
            6.0,
            6.0,
            6.0,
            5.265625,
            6.265625,
            5.63671875,
            6.63671875,
            6.63671875,
            7.63671875,
            7.63671875,
            7.63671875,
            6.59375,
            6.453125,
            6.95703125,
            6.578125,
            7.265625,
            6.73828125,
            7.5078125
        ]
    },
    "run_count": 5,
    "seed": 38
}