{
    "dataset": "48_chess",
    "model": "HST",
    "auc": 0.6185253897088069,
    "total_runtime": 11.071856021881104,
    "total_memory_usage": 4.29296875,
    "Instances": 28056,
    "window_metric": {
        "window_size": 1000,
        "auc_scores": [
            0.847847847847848,
            0.7254214655316309,
            0.7420754087420753,
            0.7495621716287215,
            0.8088971176941554,
            0.8142094729819881,
            0.8368834882058613,
            0.8120465349011761,
            0.8136998739900675,
            0.8375934582779374,
            0.8375394731712389,
            0.8109833639092728,
            0.8118698044950738,
            0.8155141377315943,
            0.7941626332565146,
            0.7941861416246855,
            0.7547160686952279,
            0.7266944676118988,
            0.6906241187935955,
            0.6903716216216217,
            0.6909044327931363,
            0.6876293171620529,
            0.7021251552868751,
            0.7020573783544006,
            0.6788602035611893,
            0.6668850818094321,
            0.6411309180920659,
            0.6184965396526544
        ],
        "runtimes": [
            0.388871431350708,
            0.8552634716033936,
            1.5124680995941162,
            2.0420758724212646,
            2.694395065307617,
            3.2728939056396484,
            3.7531979084014893,
            4.263723134994507,
            4.637619972229004,
            4.893689870834351,
            5.208631753921509,
            5.6172614097595215,
            6.111877202987671,
            6.4797821044921875,
            6.914429426193237,
            7.290440559387207,
            7.619079351425171,
            7.9640586376190186,
            8.27799916267395,
            8.590757846832275,
            8.90563416481018,
            9.2163987159729,
            9.528120994567871,
            9.835481405258179,
            10.141479015350342,
            10.449256896972656,
            10.754443168640137,
            11.055834293365479
        ],
        "memory_usages": [
            3.0,
            3.0,
            3.0,
            3.0,
            3.0,
            3.0,
            3.0,
            3.0,
            3.0,
            3.0,
            3.0,
            3.0,
            3.0,
            4.0,
            4.0,
            4.0,
            4.0,
            4.0,
            4.0,
            5.0,
            5.0,
            3.87109375,
            4.87109375,
            4.87109375,
            4.26953125,
            5.26953125,
            5.26953125,
            4.5078125
        ]
    },
    "run_count": 4,
    "seed": 63
}