{
    "dataset": "34_smtp",
    "model": "HST",
    "auc": 0.8637424748929491,
    "total_runtime": 29.66819477081299,
    "total_memory_usage": 13.3359375,
    "Instances": 95156,
    "window_metric": {
        "window_size": 1000,
        "auc_scores": [
            NaN,
            NaN,
            NaN,
            NaN,
            NaN,
            NaN,
            NaN,
            NaN,
            NaN,
            NaN,
            NaN,
            NaN,
            NaN,
            NaN,
            0.9885287448312658,
            0.9794881418075263,
            0.9790201556846638,
            0.9787153970175041,
            0.9788802865118238,
            0.9776739496057053,
            0.9776638285238848,
            0.9777665823511096,
            0.9766088524952231,
            0.9772184292132597,
            0.9785765743101851,
            0.97864234587855,
            0.9790579242146722,
            0.9791222141683086,
            0.9784058313865807,
            0.9783041609894141,
            0.978499506689657,
            0.9783387374833633,
            0.9778455795099219,
            0.9768202873452094,
            0.9766518852438935,
            0.9765702535112861,
            0.9767131964990614,
            0.9766361291001948,
            0.9765098826685037,
            0.9766543290151553,
            0.9770566256073502,
            0.976352661771611,
            0.9760802520421932,
            0.9762781664295782,
            0.9765371448895213,
            0.9762878143037322,
            0.9765386042042918,
            0.9767060035367459,
            0.976287685694455,
            0.978878241037132,
            0.9791736132904441,
            0.9785835545552477,
            0.9784144741808848,
            0.978682341064019,
            0.9786597010039284,
            0.8466043769539974,
            0.8468584466871435,
            0.847919275549806,
            0.8484584993641373,
            0.8493245518966236,
            0.8501687576875769,
            0.8510874807487848,
            0.8512113657175826,
            0.8517667465035885,
            0.8515235103356323,
            0.8518220978166713,
            0.8518358144326817,
            0.8617879125935554,
            0.8630233896405236,
            0.8633295862965888,
            0.8638229602280485,
            0.8645234982097675,
            0.8650635420117297,
            0.8644450131668562,
            0.8645329067469306,
            0.8652053710149835,
            0.8652631824166647,
            0.8655326759418511,
            0.8643736089939607,
            0.864333579543274,
            0.8648852143317382,
            0.8637697352175433,
            0.8634595635616765,
            0.8640536408505564,
            0.8630806697132775,
            0.862209750761985,
            0.8624353183126043,
            0.8629258309654553,
            0.8658926229815294,
            0.8656559593938721,
            0.8659433512879704,
            0.8650646950092422,
            0.8642820264601485,
            0.8637480046823454,
            0.863807869151662
        ],
        "runtimes": [
            0.2827889919281006,
            0.5611710548400879,
            0.8294248580932617,
            1.1179592609405518,
            1.398956537246704,
            1.6811635494232178,
            1.959165096282959,
            2.2465128898620605,
            2.5259103775024414,
            2.8027913570404053,
            3.087364912033081,
            3.3759379386901855,
            3.65513277053833,
            3.9385738372802734,
            4.230522632598877,
            4.5202062129974365,
            4.853275775909424,
            5.151102542877197,
            5.433977365493774,
            5.724430561065674,
            6.015623569488525,
            6.349914312362671,
            6.700983047485352,
            6.990219831466675,
            7.2931742668151855,
            7.584503889083862,
            7.883066415786743,
            8.232715606689453,
            8.530391216278076,
            8.832081079483032,
            9.183349370956421,
            9.531553268432617,
            9.82560420036316,
            10.117132186889648,
            10.420013189315796,
            10.72343111038208,
            11.022482872009277,
            11.327817678451538,
            11.631731986999512,
            11.9417142868042,
            12.244616031646729,
            12.556404113769531,
            12.881264925003052,
            13.275053977966309,
            13.575417518615723,
            13.888739585876465,
            14.195407152175903,
            14.49972915649414,
            14.815962553024292,
            15.124724864959717,
            15.445753335952759,
            15.758715629577637,
            16.080137729644775,
            16.38628649711609,
            16.700419664382935,
            17.021418571472168,
            17.324788331985474,
            17.645310640335083,
            17.96490788459778,
            18.27637004852295,
            18.59887957572937,
            18.912822723388672,
            19.281911373138428,
            19.674420833587646,
            20.08868098258972,
            20.407596111297607,
            20.714592456817627,
            21.02792239189148,
            21.336365938186646,
            21.64252209663391,
            21.956237077713013,
            22.236032724380493,
            22.607352018356323,
            22.921737670898438,
            23.233217477798462,
            23.555570125579834,
            23.873148202896118,
            24.190995693206787,
            24.502825260162354,
            24.817851066589355,
            25.138569116592407,
            25.453920602798462,
            25.76781940460205,
            26.083611249923706,
            26.402321338653564,
            26.718767881393433,
            27.043314456939697,
            27.362056493759155,
            27.67754626274109,
            27.99831771850586,
            28.32199454307556,
            28.644047260284424,
            28.973122358322144,
            29.301127910614014,
            29.613579511642456
        ],