{
    "dataset": "32_shuttle",
    "model": "HST",
    "auc": 0.9808326390713205,
    "total_runtime": 15.467735767364502,
    "total_memory_usage": 6.17578125,
    "Instances": 49097,
    "window_metric": {
        "window_size": 1000,
        "auc_scores": [
            0.9767104266599343,
            0.974788342335656,
            0.9737630000735853,
            0.9744841804488351,
            0.973926067069434,
            0.9747143398055846,
            0.9760585810203395,
            0.97658782355954,
            0.9761831852584448,
            0.9768591858287606,
            0.9782143128999958,
            0.9767604494382023,
            0.9759248597202762,
            0.9760337897014022,
            0.9742747399517555,
            0.974380231201739,
            0.9755040322580645,
            0.9761533036093757,
            0.9771866309710859,
            0.9780249974208938,
            0.9789894098816513,
            0.9797874074808762,
            0.980274687926266,
            0.9803767488846723,
            0.9790789155671011,
            0.9794801582859132,
            0.9790299378767726,
            0.9793463884521122,
            0.9786749817133239,
            0.977850747945916,
            0.978039474462677,
            0.9783430007341026,
            0.9789494307196563,
            0.9794677360529558,
            0.9794264620879535,
            0.9797746040847606,
            0.9802846489306662,
            0.9805746535179642,
            0.980629050583798,
            0.9810019655212565,
            0.9808754241818122,
            0.9809282806966957,
            0.9813180315585344,
            0.9802683558761386,
            0.9801026780648712,
            0.980055646384415,
            0.98034093780939,
            0.9806202845587773,
            0.9807941430246666
        ],
        "runtimes": [
            0.28789281845092773,
            0.5765917301177979,
            1.0384509563446045,
            1.3463094234466553,
            1.6275291442871094,
            1.907696008682251,
            2.1930243968963623,
            2.474928379058838,
            2.7582476139068604,
            3.0447921752929688,
            3.35624361038208,
            3.7438738346099854,
            4.061628580093384,
            4.404499530792236,
            4.694793701171875,
            4.979714870452881,
            5.34994912147522,
            5.779865503311157,
            6.112247705459595,
            6.415673017501831,
            6.704360723495483,
            7.053074359893799,
            7.391661643981934,
            7.7227702140808105,
            8.020786762237549,
            8.309746265411377,
            8.597246408462524,
            8.883988618850708,
            9.178505659103394,
            9.471441507339478,
            9.77174162864685,
            10.0840425491333,
            10.424991130828857,
            10.731147050857544,
            11.029992818832397,
            11.331880331039429,
            11.630228281021118,
            11.932660102844238,
            12.233709573745728,
            12.610878944396973,
            13.003467321395874,
            13.302593231201172,
            13.601603507995605,
            13.901051759719849,
            14.205644130706787,
            14.51374340057373,
            14.821280717849731,
            15.128151416778564,
            15.438869953155518
        ],
        "memory_usages": [
            2.0,
            2.0,
            2.0,
            2.0,
            2.0,
            2.0,
            2.0,
            2.0,
            3.0,
            3.0,
            3.0,
            3.0,
            3.0,
            3.0,
            3.0,
            3.0,
            3.0,
            4.0,
            4.0,
            4.0,
            4.0,
            4.0,
            4.0,
            5.0,
            5.0,
            5.0,
            5.0,
            3.87890625,
            4.87890625,
            4.12109375,
            4.08984375,
            4.81640625,
            4.60546875,
            5.60546875,
            5.60546875,
            5.49609375,
            4.9453125,
            5.79296875,
            5.46875,
            6.46875,
            5.609375,
            5.6796875,
            6.07421875,
            6.1953125,
            6.265625,
            6.33203125,
            6.3984375,
            6.47265625,
            6.54296875
        ]
    },
    "run_count": 3,
    "seed": 34
}