{
    "dataset": "3_backdoor",
    "model": "HST",
    "auc": 0.5296346740721247,
    "total_runtime": 28.296451330184937,
    "total_memory_usage": 12.62109375,
    "Instances": 95329,
    "window_metric": {
        "window_size": 1000,
        "auc_scores": [
            0.5764715981029636,
            0.7265557171100117,
            0.7464159503177754,
            0.7586764394444185,
            0.7632677793395686,
            0.7693647783428612,
            0.773883657908567,
            0.7756565083585943,
            0.7764267588389395,
            0.7760947007684593,
            0.7747405418198692,
            0.7734234518843099,
            0.7711342123136028,
            0.7715385774408681,
            0.7726109372248666,
            0.7732916751428802,
            0.772712223347247,
            0.7669983708485344,
            0.7719941546351008,
            0.7705388405675537,
            0.20528046824236515,
            0.19868051789704577,
            0.20592754931838897,
            0.21487094559954867,
            0.216298137752491,
            0.22579720181607493,
            0.2429311106192274,
            0.2432408033202472,
            0.2474464014878635,
            0.2509229240557102,
            0.247000145659721,
            0.2524043996020771,
            0.2581939965324294,
            0.2584532035568425,
            0.26628285285837694,
            0.26329076785765054,
            0.2600177635546251,
            0.2618197001014618,
            0.26744529685100904,
            0.27022515252428503,
            0.2702275603590714,
            0.268561964284849,
            0.2662007542446633,
            0.26326737426206764,
            0.2604941141206153,
            0.25784554645911106,
            0.2555088739704737,
            0.2533918345212837,
            0.2511886179212601,
            0.24900063731097738,
            0.24642141486826624,
            0.24428388992821654,
            0.24260463597910295,
            0.24044741218731122,
            0.2384979204643287,
            0.236680597017882,
            0.23496424307467145,
            0.23290094246266912,
            0.23118839997908222,
            0.22964701238976976,
            0.22837488715860443,
            0.22715318064003098,
            0.2259497078672793,
            0.22476268666401006,
            0.22349296211639474,
            0.22242916016474967,
            0.22125863072472274,
            0.22016378897362673,
            0.21904712527312392,
            0.21803182106419228,
            0.2170071106182428,
            0.21591862890364566,
            0.2148902424781043,
            0.21356131243152937,
            0.2122568039528584,
            0.21120811853845617,
            0.21009642161336897,
            0.20926044162030796,
            0.20949414323227902,
            0.2136915179317821,
            0.21544026803170124,
            0.2191215328342362,
            0.21958121139847936,
            0.2187536132248094,
            0.22024008032817402,
            0.4018195814453632,
            0.4179021354860546,
            0.4097686833324984,
            0.41652943467205583,
            0.4306509750200613,
            0.4682671630609892,
            0.4849113281528792,
            0.4955023481049619,
            0.5076212270216693,
            0.5295868951612903
        ],
        "runtimes": [
            0.3210020065307617,
            0.60829758644104,
            0.9076230525970459,
            1.171168327331543,
            1.434443473815918,
            1.7044613361358643,
            1.9771583080291748,
            2.238163471221924,
            2.510932445526123,
            2.7770578861236572,
            3.0471434593200684,
            3.3134586811065674,
            3.5831265449523926,
            3.859262704849243,
            4.1532957553863525,
            4.468838691711426,
            4.739644289016724,
            5.013723611831665,
            5.286701917648315,
            5.565874814987183,
            5.846627712249756,
            6.1229236125946045,
            6.397764682769775,
            6.668601036071777,
            6.948831558227539,
            7.224823474884033,
            7.55778694152832,
            7.833497524261475,
            8.110687971115112,
            8.391075372695923,
            8.671377420425415,
            8.950653314590454,
            9.245046854019165,
            9.527625799179077,
            9.811909675598145,
            10.09733271598816,
            10.382088661193848,
            10.665282011032104,
            10.956575870513916,
            11.29239559173584,
            11.619437217712402,
            11.90418791770935,
            12.187597513198853,
            12.46464490890503,
            12.757827281951904,
            13.051391839981079,
            13.331274032592773,
            13.620275020599365,
            13.909658908843994,
            14.24842643737793,
            14.587042093276978,
            14.879810333251953,
            15.164849042892456,
            15.456379175186157,
            15.736466646194458,
            16.023037910461426,
            16.313151359558105,
            16.6012704372406,
            16.93675923347473,
            17.2426118850708,
            17.538915634155273,
            17.922242879867554,
            18.240918397903442,
            18.56899666786194,
            18.91381859779358,
            19.21260666847229,
            19.50138282775879,
            19.797170162200928,
            20.09157967567444,
            20.387916803359985,
            20.691540002822876,
            20.993082523345947,
            21.312865495681763,
            21.618434190750122,
            21.961686849594116,
            22.25893521308899,
            22.564992666244507,
            22.864121675491333,
            23.165311574935913,
            23.460638523101807,
            23.76883816719055,
            24.07602620124817,
            24.380534648895264,
            24.697310209274292,
            25.010780334472656,
            25.3263521194458,
            25.642098665237427,
            25.956671476364136,
            26.273494482040405,
            26.5837984085083,
            26.91042399406433,
            27.219773054122925,
            27.53153944015503,
            27.853978633880615,
            28.173259019851685
        ],