{
    "dataset": "3_backdoor",
    "model": "HST",
    "auc": 0.5621981537140404,
    "total_runtime": 30.232402563095093,
    "total_memory_usage": 10.296875,
    "Instances": 95329,
    "window_metric": {
        "window_size": 1000,
        "auc_scores": [
            0.6621172128157257,
            0.7927697988472683,
            0.8215271198279379,
            0.8371220925727922,
            0.8433010853301126,
            0.8464843843771755,
            0.8551992225461613,
            0.8578050765017363,
            0.8597010025102657,
            0.8622802753902284,
            0.8673534613370505,
            0.871193427584405,
            0.8732900619131136,
            0.8767435294668364,
            0.8800244062577207,
            0.8820469319945394,
            0.8829615735150174,
            0.8793950425136909,
            0.881642129702918,
            0.8801389935955335,
            0.40065322449642626,
            0.36198629020677453,
            0.3691131707428302,
            0.3747998386476641,
            0.37515618950916507,
            0.38314984953210296,
            0.39953948776812265,
            0.3957297969214553,
            0.4026385771182435,
            0.40509871918613244,
            0.40064662088902503,
            0.4055948885655912,
            0.4102686099891153,
            0.4087865016270567,
            0.4173729215851335,
            0.4133872100939403,
            0.4112652418425018,
            0.4115433354125685,
            0.41710732245779375,
            0.4223981337601024,
            0.4263364035419601,
            0.4265613622003146,
            0.42523485781595627,
            0.422682762413613,
            0.41998008813323867,
            0.4178889498574879,
            0.416396651268309,
            0.4152097710792726,
            0.41357873995677413,
            0.41168789665544847,
            0.4081611844353597,
            0.40597974834026995,
            0.40457305842437635,
            0.40224408679296014,
            0.399868325125797,
            0.3977533381632866,
            0.39581578743265927,
            0.39216163201466353,
            0.3901040519849144,
            0.3885407295605952,
            0.3870916172055331,
            0.3853136689432706,
            0.38401671862772363,
            0.3826650309472457,
            0.3808620083695133,
            0.3795010455551928,
            0.3780374483573056,
            0.37696700480008316,
            0.3756831373422858,
            0.37441911142769047,
            0.3731761765874454,
            0.37187752717827083,
            0.37049276096789435,
            0.3681457673898374,
            0.36559864973031875,
            0.36384385492476584,
            0.3616614409458835,
            0.36045156622227476,
            0.3605018479842263,
            0.36348273549495375,
            0.3645866418719526,
            0.36778092058142287,
            0.3680966958993268,
            0.36684533393995583,
            0.368156682609128,
            0.5038939760590517,
            0.5413851130470552,
            0.5438012982915151,
            0.5513807488739212,
            0.5611213532388518,
            0.591568960301642,
            0.6047071266917676,
            0.6079945412966044,
            0.5983967717656509,
            0.5913103575268817
        ],
        "runtimes": [
            0.28719615936279297,
            0.5734050273895264,
            0.851426362991333,
            1.1348557472229004,
            1.4197993278503418,
            1.7040379047393799,
            1.98903226852417,
            2.278289556503296,
            2.567791223526001,
            2.857687473297119,
            3.191908359527588,
            3.525935411453247,
            3.8090384006500244,
            4.15474796295166,
            4.527737379074097,
            4.807781934738159,
            5.089996099472046,
            5.369008302688599,
            5.652017116546631,
            5.9328179359436035,
            6.220433473587036,
            6.607433319091797,
            6.947382211685181,
            7.26552152633667,
            7.5499067306518555,
            7.8345746994018555,
            8.11560344696045,
            8.403165817260742,
            8.696395635604858,
            8.987995147705078,
            9.278823614120483,
            9.608814001083374,
            9.994436979293823,
            10.256305932998657,
            10.596675395965576,
            10.88797664642334,
            11.189586162567139,
            11.532150983810425,
            11.871927738189697,
            12.17363166809082,
            12.4738187789917,
            12.774296283721924,
            13.118476390838623,
            13.462577819824219,
            13.764936208724976,
            14.06197214126587,
            14.368224620819092,
            14.674321174621582,
            14.976922512054443,
            15.288432359695435,
            15.635311603546143,
            15.941546201705933,
            16.24363350868225,
            16.551213264465332,
            16.903470754623413,
            17.27146339416504,
            17.583442211151123,
            17.89498805999756,
            18.202904224395752,
            18.508119106292725,
            18.82193946838379,
            19.134843111038208,
            19.453359127044678,
            19.762508153915405,
            20.087860107421875,
            20.395175457000732,
            20.718806505203247,
            21.033833503723145,
            21.35220503807068,
            21.674189567565918,
            22.049871921539307,
            22.4065158367157,
            22.73553228378296,
            23.057811498641968,
            23.379862785339355,
            23.795353889465332,
            24.204856872558594,
            24.524235725402832,
            24.846019506454468,
            25.16811466217041,
            25.494375944137573,
            25.81531262397766,
            26.137240171432495,
            26.46895432472229,
            26.793140411376953,
            27.123913526535034,
            27.447678327560425,
            27.778858423233032,
            28.10535955429077,
            28.43546199798584,
            28.764294862747192,
            29.103075981140137,
            29.435678005218506,
            29.76978325843811,
            30.10522699356079
        ],