{
    "dataset": "48_chess",
    "model": "HST",
    "auc": 0.6627870869192358,
    "total_runtime": 8.94783616065979,
    "total_memory_usage": 5.6875,
    "Instances": 28056,
    "window_metric": {
        "window_size": 1000,
        "auc_scores": [
            0.6046046046046045,
            0.7124019362376899,
            0.7322878433989546,
            0.7384705195563339,
            0.8039431545236189,
            0.809081054036024,
            0.8247891350964974,
            0.8439871570344425,
            0.8454525239048254,
            0.8667781732927335,
            0.8673961352029214,
            0.8431871247498333,
            0.843547952586207,
            0.8394192839828696,
            0.823949987424999,
            0.8237510284798706,
            0.7814755008326185,
            0.7554702993235103,
            0.7062944863980465,
            0.7164527027027027,
            0.7168839370829362,
            0.7126889520083022,
            0.7248573734560331,
            0.72430788829154,
            0.702629027400861,
            0.7121324350336862,
            0.6856246185785742,
            0.6627237110917803
        ],
        "runtimes": [
            0.3541707992553711,
            0.7384440898895264,
            1.0968477725982666,
            1.4307935237884521,
            1.727905511856079,
            2.1198976039886475,
            2.446065664291382,
            2.774813413619995,
            3.1080121994018555,
            3.463149309158325,
            3.781627655029297,
            4.097191572189331,
            4.413367033004761,
            4.766637563705444,
            5.075252532958984,
            5.3801798820495605,
            5.714082479476929,
            6.026414394378662,
            6.3309783935546875,
            6.6291468143463135,
            6.918708086013794,
            7.2083070278167725,
            7.498459339141846,
            7.786947250366211,
            8.07643723487854,
            8.36766505241394,
            8.65277624130249,
            8.933083057403564
        ],
        "memory_usages": [
            2.0,
            3.0,
            3.0,
            3.0,
            3.0,
            3.0,
            4.0,
            4.0,
            4.0,
            4.0,
            4.0,
            5.0,
            5.0,
            5.0,
            5.0,
            5.0,
            5.0,
            6.0,
            6.0,
            6.0,
            6.0,
            6.0,
            6.0,
            5.51953125,
            6.51953125,
            6.51953125,
            6.51953125,
            6.109375
        ]
    },
    "run_count": 9,
    "seed": 46
}