{
    "dataset": "32_shuttle",
    "model": "HST",
    "auc": 0.9807468296985602,
    "total_runtime": 15.960170269012451,
    "total_memory_usage": 7.640625,
    "Instances": 49097,
    "window_metric": {
        "window_size": 1000,
        "auc_scores": [
            0.9770102246907346,
            0.9748364463502797,
            0.9739592275994016,
            0.9739916797357798,
            0.9740050517513082,
            0.9752522196389835,
            0.9764344718039482,
            0.9768849906339206,
            0.976577743769421,
            0.977045559571853,
            0.978373140183742,
            0.9767506902086678,
            0.9758639212998068,
            0.9759483049007791,
            0.974061780346207,
            0.9742262183158696,
            0.975523400401179,
            0.9761715572945805,
            0.9771689376105267,
            0.9780225653690293,
            0.9789822684902184,
            0.9797966903879294,
            0.9802394368982341,
            0.9804031318234562,
            0.9791260766355068,
            0.9795662948451436,
            0.9789884892384373,
            0.9793161214288157,
            0.9786696705617712,
            0.977827791812107,
            0.9780708354250955,
            0.9783919137272626,
            0.9790064876476906,
            0.9795500333078917,
            0.9794443494310945,
            0.9798165750398904,
            0.9802810059137651,
            0.980539069146088,
            0.9805765568212617,
            0.9809278894518674,
            0.9808199736829477,
            0.9808657614525972,
            0.981222536330649,
            0.9801375632414632,
            0.9800247703110074,
            0.9799722991497286,
            0.9802633660678697,
            0.9805394944489877,
            0.9807077475023145
        ],
        "runtimes": [
            0.24083733558654785,
            0.6025733947753906,
            1.1681978702545166,
            1.5183842182159424,
            2.028792142868042,
            2.4764671325683594,
            2.783947706222534,
            3.051305055618286,
            3.316574811935425,
            3.5730135440826416,
            3.876610517501831,
            4.173908472061157,
            4.4290595054626465,
            4.820848226547241,
            5.300097942352295,
            5.602383613586426,
            5.881488561630249,
            6.164579153060913,
            6.446615934371948,
            6.783594369888306,
            7.114879846572876,
            7.45213508605957,
            7.795228719711304,
            8.086365222930908,
            8.377786636352539,
            8.690032482147217,
            9.027322053909302,
            9.326933145523071,
            9.629945993423462,
            9.927229881286621,
            10.232726573944092,
            10.524454116821289,
            10.871991157531738,
            11.202696323394775,
            11.493192195892334,
            11.785630941390991,
            12.07903528213501,
            12.374128341674805,
            12.667249202728271,
            12.96113920211792,
            13.256590127944946,
            13.554199695587158,
            13.899507761001587,
            14.24027681350708,
            14.53427791595459,
            14.830341100692749,
            15.12876009941101,
            15.483292579650879,
            15.932686805725098
        ],
        "memory_usages": [
            2.0,
            2.0,
            2.0,
            2.0,
            2.0,
            2.0,
            2.0,
            3.0,
            3.0,
            3.0,
            3.0,
            3.0,
            3.0,
            4.0,
            5.0,
            5.0,
            5.0,
            5.0,
            5.0,
            5.0,
            5.0,
            6.0,
            6.0,
            6.0,
            6.0,
            6.0,
            6.0,
            5.5859375,
            5.33203125,
            6.33203125,
            6.03125,
            6.03125,
            7.03125,
            7.03125,
            6.328125,
            7.328125,
            7.328125,
            6.53515625,
            7.2421875,
            8.2421875,
            8.2421875,
            7.47265625,
            8.47265625,
            7.66015625,
            7.73046875,
            7.796875,
            7.8671875,
            7.96484375,
            8.27734375
        ]
    },
    "run_count": 1,
    "seed": 87
}