{
    "dataset": "49_kddcup99_prob",
    "model": "HST",
    "auc": 0.6857113582316883,
    "total_runtime": 14.357415199279785,
    "total_memory_usage": 8.1640625,
    "Instances": 64759,
    "window_metric": {
        "window_size": 1000,
        "auc_scores": [
            0.9537340910910109,
            0.4687845345952414,
            0.436447812751,
            0.4693042712294204,
            0.5133691921502284,
            0.5249477380623828,
            0.5321894556055393,
            0.5471751789723419,
            0.5559412724813668,
            0.568716884688284,
            0.572713292886099,
            0.44271063833354585,
            0.4820773564168356,
            0.5574648602071756,
            0.5979848190652128,
            0.6024171473667229,
            0.6061955382213848,
            0.612883694710245,
            0.6198110437795274,
            0.621033253546204,
            0.6334230877663329,
            0.6330115424035021,
            0.6364130545246415,
            0.6386050739040873,
            0.6401617893089256,
            0.6417357432094397,
            0.6503957233339686,
            0.6497713156280435,
            0.6590188998015102,
            0.6589849447881687,
            0.659232313968082,
            0.6635364322391925,
            0.6647371669000403,
            0.6644638963856595,
            0.6646880698517726,
            0.6645603458963549,
            0.6640304096975671,
            0.6636508417322406,
            0.663851867905152,
            0.6807704713305424,
            0.6809281990831152,
            0.6810286626337181,
            0.6815052931739569,
            0.6828353867518359,
            0.6830716815051143,
            0.682571717993118,
            0.682789680121198,
            0.683223901677364,
            0.683703036166495,
            0.6844386190986322,
            0.6852697801667473,
            0.6853424031279057,
            0.6852459639218932,
            0.6853128485969384,
            0.6853428594114058,
            0.6852043847521233,
            0.6851040975585989,
            0.6853714550859791,
            0.6865204024065232,
            0.6851613226271808,
            0.6849700146695674,
            0.6851088019710294,
            0.6852797620410508,
            0.6853013753317287
        ],
        "runtimes": [
            0.3735964298248291,
            0.6803545951843262,
            0.9860565662384033,
            1.294445514678955,
            1.5947682857513428,
            1.899125099182129,
            2.199901819229126,
            2.5005950927734375,
            2.7945666313171387,
            3.1347224712371826,
            3.3838884830474854,
            3.634854555130005,
            3.883979558944702,
            4.181794881820679,
            4.434497833251953,
            4.674742221832275,
            4.910434722900391,
            5.147984743118286,
            5.383535623550415,
            5.621889114379883,
            5.852570056915283,
            6.130324125289917,
            6.3603925704956055,
            6.5855255126953125,
            6.808043003082275,
            7.023273229598999,
            7.240444898605347,
            7.456631183624268,
            7.664268493652344,
            7.878880023956299,
            8.085809230804443,
            8.29646110534668,
            8.50836992263794,
            8.71460247039795,
            8.92851448059082,
            9.128756999969482,
            9.336429595947266,
            9.542217016220093,
            9.741259574890137,
            9.95296859741211,
            10.14655351638794,
            10.338737964630127,
            10.526455640792847,
            10.705708026885986,
            10.893091201782227,
            11.07347846031189,
            11.255139350891113,
            11.44270372390747,
            11.632181406021118,
            11.819913625717163,
            12.00489354133606,
            12.187480211257935,
            12.370586156845093,
            12.549951076507568,
            12.72401762008667,
            12.893941640853882,
            13.059585094451904,
            13.249969482421875,
            13.440011262893677,
            13.600571393966675,
            13.75951623916626,
            13.915775537490845,
            14.072959184646606,
            14.231773853302002
        ],
        "memory_usages": [
            2.0,
            2.0,
            2.0,
            2.0,
            2.0,
            2.0,
            3.0,
            3.0,
            3.0,
            3.0,
            3.0,
            3.0,
            3.0,
            4.0,
            4.0,
            4.0,
            4.0,
            4.0,
            4.0,
            4.0,
            5.0,
            5.0,
            5.0,
            5.0,
            5.0,
            5.0,
            5.0,
            5.0,
            6.0,
            4.8828125,
            5.8828125,
            5.8828125,
            6.8828125,
            6.8828125,
            6.8828125,
            5.8125,
            6.8125,
            6.8125,
            6.16015625,
            6.09375,
            7.09375,
            6.4921875,
            6.27734375,
            7.27734375,
            6.7421875,
            6.5078125,
            6.9296875,
            7.0,
            7.06640625,
            7.18359375,
            7.25390625,
            7.3203125,
            7.38671875,
            7.45703125,
            7.52734375,
            7.6484375,
            7.71875,
            7.7890625,
            7.85546875,
            7.92578125,
            8.3359375,
            9.015625,
            8.53125,
            9.24609375
        ]
    },
    "run_count": 10,
    "seed": 59
}