{
    "dataset": "51_kddcup99_u2r",
    "model": "HST",
    "auc": 0.9423832974163827,
    "total_runtime": 17.49561858177185,
    "total_memory_usage": 7.671875,
    "Instances": 60821,
    "window_metric": {
        "window_size": 1000,
        "auc_scores": [
            NaN,
            0.8369184592296147,
            0.8322774258086029,
            0.838209552388097,
            0.838367673534707,
            0.8444740790131688,
            0.9341384402839312,
            0.8840514007003502,
            0.9015991299941917,
            0.8939089089089088,
            0.8843554298099752,
            0.8594431598769995,
            0.8598766859344895,
            0.870963004647558,
            0.871721988884555,
            0.8744704962639307,
            0.8750806110490879,
            0.8766697149218718,
            0.8742771391408282,
            0.8745625352848716,
            0.9222310306004405,
            0.9332353824529367,
            0.9337025930904537,
            0.9319798958869424,
            0.9388585618369306,
            0.9392229120325798,
            0.9423302263749851,
            0.9426002058138749,
            0.9451957358969743,
            0.9456926289034132,
            0.9459506080599831,
            0.946226729498187,
            0.9463656899029337,
            0.9465530198384509,
            0.9456085320942658,
            0.9433394833853729,
            0.9429643978135922,
            0.9430959897578437,
            0.9434893681755141,
            0.9441140013262108,
            0.9438241785188818,
            0.9435045470353106,
            0.9421574639651074,
            0.942614103618421,
            0.9429825488463207,
            0.9432683845558496,
            0.9437677771839181,
            0.9438405488691203,
            0.9435025588491764,
            0.9435411778050949,
            0.9435805413613196,
            0.9436129146723797,
            0.9430173502652996,
            0.9430899397540861,
            0.9433814580015507,
            0.9422110757174831,
            0.9415392796177015,
            0.941632359086111,
            0.9419330917216815,
            0.942121325657381
        ],
        "runtimes": [
            0.3004629611968994,
            0.5411281585693359,
            0.778616189956665,
            1.0434823036193848,
            1.2546446323394775,
            1.5676310062408447,
            1.917067050933838,
            2.1454927921295166,
            2.441657304763794,
            2.6718742847442627,
            2.9247965812683105,
            3.151581287384033,
            3.4005415439605713,
            3.6245999336242676,
            3.933129072189331,
            4.20472264289856,
            4.7999091148376465,
            5.0796144008636475,
            5.553099870681763,
            5.943659782409668,
            6.338866233825684,
            6.825639247894287,
            7.216197729110718,
            7.511215686798096,
            7.804752349853516,
            8.102717876434326,
            8.398400783538818,
            8.730462074279785,
            9.020752191543579,
            9.305375814437866,
            9.597503423690796,
            9.883550882339478,
            10.16958498954773,
            10.455862760543823,
            10.744980573654175,
            11.03208613395691,
            11.314586877822876,
            11.598251104354858,
            11.87388563156128,
            12.146995306015015,
            12.41717529296875,
            12.687534809112549,
            12.957727909088135,
            13.226772785186768,
            13.496825695037842,
            13.76395058631897,
            14.02236008644104,
            14.281606674194336,
            14.539698123931885,
            14.79284143447876,
            15.048640251159668,
            15.302513837814331,
            15.560908794403076,
            15.813080549240112,
            16.066977500915527,
            16.31593680381775,
            16.56696057319641,
            16.81819176673889,
            17.06783390045166,
            17.310725927352905
        ],
        "memory_usages": [
            3.0,
            3.0,
            3.0,
            3.0,
            3.0,
            3.0,
            3.0,
            3.0,
            3.0,
            3.0,
            3.0,
            4.0,
            4.0,
            4.0,
            4.0,
            4.0,
            4.0,
            4.0,
            4.0,
            4.0,
            4.0,
            4.0,
            4.0,
            4.0,
            4.0,
            4.0,
            4.0,
            5.0,
            5.0,
            5.0,
            5.0,
            5.0,
            5.0,
            4.8203125,
            5.8203125,
            5.8203125,
            5.8203125,
            5.8203125,
            5.2578125,
            6.2578125,
            5.3828125,
            5.4453125,
            5.50390625,
            5.60546875,
            5.66796875,
            5.7265625,
            5.79296875,
            5.85546875,
            5.9140625,
            6.02734375,
            6.08984375,
            6.15234375,
            6.921875,
            7.05078125,
            7.17578125,
            7.40234375,
            7.53125,
            7.66015625,
            7.78515625,
            7.91015625
        ]
    },
    "run_count": 2,
    "seed": 19
}