{
    "dataset": "8_celeba",
    "model": "HST",
    "auc": 0.7153667467782341,
    "total_runtime": 75.97969317436218,
    "total_memory_usage": 25.9609375,
    "Instances": 202599,
    "window_metric": {
        "window_size": 1000,
        "auc_scores": [
            0.6402072538860104,
            0.6589942357384219,
            0.6960165630293582,
            0.6822219239430798,
            0.7017109982598814,
            0.7133686621307611,
            0.7095638012819906,
            0.7174611177344324,
            0.7114340930130403,
            0.7043647540983606,
            0.7036736152274743,
            0.6995277599651882,
            0.7062973210178325,
            0.7126394599915623,
            0.710314162928739,
            0.7118186345834059,
            0.7111133344536895,
            0.711797438421664,
            0.71045695304785,
            0.7113343777603034,
            0.7153415135041921,
            0.717013673837424,
            0.719681873473048,
            0.7170296207916169,
            0.7151931544450814,
            0.7196774922915962,
            0.7209150337621095,
            0.721697610747679,
            0.7214697317330504,
            0.720560880420613,
            0.7192586121800134,
            0.717650655083515,
            0.7189072954868909,
            0.7167589760357631,
            0.7142746626810715,
            0.7164613614277344,
            0.7149851937470646,
            0.7127107628343489,
            0.7122762208020696,
            0.7102657577829065,
            0.7100080013965597,
            0.7117178674695049,
            0.7128859062057218,
            0.7121132008438029,
            0.7121607675962728,
            0.7138076535970311,
            0.7152249755628752,
            0.714916300748888,
            0.7151167122867608,
            0.7142278262821555,
            0.7117144407762034,
            0.7118420618345103,
            0.7127683492664424,
            0.7121096049931382,
            0.7132958499337889,
            0.7122817910692008,
            0.7126580846368092,
            0.7113563752705161,
            0.7134532721408565,
            0.7136161717808545,
            0.7148330545278095,
            0.7141974412461933,
            0.7131018148090877,
            0.7127356776609172,
            0.7131560512106866,
            0.7124980237244208,
            0.7118043445667326,
            0.7129539258500757,
            0.7129390177695707,
            0.7127644709793842,
            0.712796139485367,
            0.7115060136960121,
            0.7113977007097056,
            0.7113178035657334,
            0.7114622630395981,
            0.7129504671047422,
            0.7131579119700765,
            0.7118395705301641,
            0.711368959232451,
            0.7122779622456359,
            0.7119819150656274,
            0.7116201025780564,
            0.711588570949792,
            0.7110873533766762,
            0.7114180217629803,
            0.7113752940805417,
            0.711511844125886,
            0.7119580027045267,
            0.7120380520685259,
            0.7124858579545454,
            0.7125708072676851,
            0.7115886037281098,
            0.7114126970088186,
            0.7111823084775055,
            0.7122926864427224,
            0.7123678667224068,
            0.7128810276010249,
            0.7132717909524331,
            0.7131680158031933,
            0.7122176062408141,
            0.7123728869664628,
            0.7116427486529825,
            0.7115494910869906,
            0.7109038598915423,
            0.7110083365339563,
            0.710056940666827,
            0.7106122172765954,
            0.7108270866139053,
            0.7109270234445018,
            0.711449171317962,
            0.7109982257882882,
            0.7106718203894883,
            0.7107767166146838,
            0.7107255935649709,
            0.711480423710947,
            0.7112868721446863,
            0.7110486485479874,
            0.7104484826633173,
            0.7106153337003726,
            0.7108463333633712,
            0.7113138189148469,
            0.7109127282695796,
            0.7107526598020116,
            0.7109578044738672,
            0.7111311131005407,
            0.7112622572875957,
            0.710012369833832,
            0.710338969467098,
            0.7092939777608196,
            0.7090951589260233,
            0.7096477731842527,
            0.7101568916857727,
            0.7100976935592541,
            0.7109015248051231,
            0.7110703787056769,
            0.7116544049302405,
            0.7122068011878087,
            0.7116824637596015,
            0.7113171661252607,
            0.7106726586839249,
            0.7108979072764783,
            0.710677127159623,
            0.710350511965661,
            0.7103880432356022,
            0.7102854568145083,
            0.710526806011252,
            0.7107732452824101,
            0.7100857405923998,
            0.7102653162540933,
            0.7104573665545841,
            0.7106665159273698,
            0.7108275675362521,
            0.7113428592480173,
            0.7115818862564582,
            0.7113147203253063,
            0.7118685081697009,
            0.7119453850590542,
            0.7118835270421633,
            0.7125584939420142,
            0.7124984633478553,
            0.71242502474865,
            0.7118656387248115,
            0.7117320637247275,
            0.7113824315001258,
            0.7115094969800868,
            0.7117375422273826,
            0.7121835015997873,
            0.7126375593551406,
            0.711907820599553,
            0.7121249193767176,
            0.7122343963467848,
            0.7117807202687216,
            0.7121346525757434,
            0.7115989845596846,
            0.7114611537143126,
            0.7116962966177688,
            0.7123096808126737,
            0.7123270152568525,
            0.7127876368419914,
            0.71286539399501,
            0.7128501514700534,
            0.7133003885482214,
            0.7135838500503664,
            0.713997074314392,
            0.7142820290199994,
            0.7147114485372902,
            0.7149583277676572,
            0.7143543718684222,
            0.7142999518779884,
            0.7137628826348675,
            0.7134519046179055,
            0.7137067207705485,
            0.7142716454399242,
            0.7146678982154059,
            0.7144719403326458,
            0.7149827586058894,
            0.7148206832160202,
            0.715112429074885,
            0.7152606048596402,
            0.7155615746200905,
            0.7153614716571142,
            0.7152545667722826
        ],