{
    "dataset": "5_campaign",
    "model": "HST",
    "auc": 0.6980694053026157,
    "total_runtime": 11.233833312988281,
    "total_memory_usage": 6.6875,
    "Instances": 41188,
    "window_metric": {
        "window_size": 1000,
        "auc_scores": [
            0.6496814700250404,
            0.6967636630923557,
            0.7047288079327774,
            0.7004823085067715,
            0.6967883744261697,
            0.6944910080958038,
            0.6977535341093786,
            0.6960810310747659,
            0.6964058130765425,
            0.6983389081760025,
            0.6999434540896019,
            0.6989969509494833,
            0.701453330801095,
            0.7019644568764568,
            0.6999480463733998,
            0.700136310624191,
            0.7007163580007343,
            0.7015150371037541,
            0.7019521115030829,
            0.7004578081653988,
            0.6981009985837491,
            0.699348703560127,
            0.697364215497188,
            0.6978289817293802,
            0.7002636727265896,
            0.7016855036202025,
            0.7004034315349859,
            0.7013147788091829,
            0.7008320825871368,
            0.7014700564038497,
            0.7007343669767389,
            0.7002389062513722,
            0.7005321586624691,
            0.6997424559350798,
            0.6996803266817779,
            0.6990325109272003,
            0.6995484073054272,
            0.6988055624530788,
            0.6977389999637446,
            0.6974351036827047,
            0.6980448206325247
        ],
        "runtimes": [
            0.26214051246643066,
            0.5229380130767822,
            0.7863831520080566,
            1.0421087741851807,
            1.300959825515747,
            1.566629409790039,
            1.823230504989624,
            2.0840866565704346,
            2.350074052810669,
            2.6128599643707275,
            2.875330686569214,
            3.1389048099517822,
            3.4058823585510254,
            3.6755807399749756,
            3.9371085166931152,
            4.206424951553345,
            4.502215385437012,
            4.783020496368408,
            5.050919771194458,
            5.319400310516357,
            5.593221426010132,
            5.865359544754028,
            6.135417699813843,
            6.405321836471558,
            6.678364276885986,
            6.949151992797852,
            7.220274925231934,
            7.498931407928467,
            7.7808403968811035,
            8.05177116394043,
            8.32698106765747,
            8.605085372924805,
            8.87612795829773,
            9.156114101409912,
            9.437520027160645,
            9.716496467590332,
            9.992333889007568,
            10.27173638343811,
            10.55957818031311,
            10.86718463897705,
            11.200445175170898
        ],
        "memory_usages": [
            2.0,
            2.0,
            2.0,
            3.0,
            3.0,
            3.0,
            3.0,
            3.0,
            3.0,
            4.0,
            4.0,
            4.0,
            4.0,
            4.0,
            4.0,
            4.0,
            5.0,
            5.0,
            5.0,
            5.0,
            5.0,
            6.0,
            6.0,
            4.78125,
            5.78125,
            5.78125,
            4.98828125,
            5.07421875,
            5.578125,
            6.578125,
            6.578125,
            5.8359375,
            6.8359375,
            6.20703125,
            6.1015625,
            6.44921875,
            6.25390625,
            6.7578125,
            6.44140625,
            7.13671875,
            6.59765625
        ]
    },
    "run_count": 10,
    "seed": 37
}