{
    "dataset": "51_kddcup99_u2r",
    "model": "HST",
    "auc": 0.9326005247551901,
    "total_runtime": 14.790915250778198,
    "total_memory_usage": 11.55859375,
    "Instances": 60821,
    "window_metric": {
        "window_size": 1000,
        "auc_scores": [
            NaN,
            0.7333666833416708,
            0.7555851950650216,
            0.7651912978244562,
            0.7719543908781756,
            0.757792965494249,
            0.8843551998475537,
            0.8408735617808905,
            0.8666011690703049,
            0.8642292292292292,
            0.8583376765194946,
            0.833972968463207,
            0.838466281310212,
            0.8531230948837369,
            0.8545553283236967,
            0.8583424740272988,
            0.8527002101087988,
            0.8524368812373265,
            0.846065791323912,
            0.8466866405552977,
            0.9084305152430182,
            0.9226067107966218,
            0.9228178173002908,
            0.9217627508385078,
            0.9318109718691381,
            0.9328345757581176,
            0.936234387800785,
            0.9366305758384492,
            0.9395255618922767,
            0.9401749696580813,
            0.9405603018884269,
            0.9408660367200828,
            0.9411680889955352,
            0.941283979486235,
            0.9395152717924857,
            0.9373392085303512,
            0.9368183071491025,
            0.9369069930659015,
            0.937411214054239,
            0.9381570720700401,
            0.9377837843862857,
            0.937043594722023,
            0.9354445458401239,
            0.9354445888484231,
            0.935893491251691,
            0.9361118349603035,
            0.9361882297048519,
            0.9359069713355428,
            0.9351876144659984,
            0.935175844374093,
            0.9349578263002003,
            0.935076494813572,
            0.9342927580024193,
            0.9340121317619154,
            0.934143892723118,
            0.9327211444187187,
            0.9319481295449573,
            0.9320698896812758,
            0.9323960135569986,
            0.9322896671092843
        ],
        "runtimes": [
            0.3279695510864258,
            0.7184734344482422,
            1.0563387870788574,
            1.3392810821533203,
            1.6166152954101562,
            1.8922913074493408,
            2.164341688156128,
            2.4393744468688965,
            2.7156383991241455,
            2.9898521900177,
            3.260676383972168,
            3.5324788093566895,
            3.8020007610321045,
            4.075189590454102,
            4.344388008117676,
            4.609947204589844,
            4.875838041305542,
            5.1361963748931885,
            5.431392669677734,
            5.6830034255981445,
            5.934913635253906,
            6.185104608535767,
            6.42940354347229,
            6.675400018692017,
            6.919664621353149,
            7.197397232055664,
            7.440402507781982,
            7.6789164543151855,
            7.921442747116089,
            8.163557291030884,
            8.403186798095703,
            8.640496015548706,
            8.87802791595459,
            9.117255449295044,
            9.347919464111328,
            9.575453042984009,
            9.807200908660889,
            10.042393922805786,
            10.281058073043823,
            10.522948026657104,
            10.759638786315918,
            10.992117881774902,
            11.22568154335022,
            11.45957326889038,
            11.68769907951355,
            11.910980463027954,
            12.128306150436401,
            12.339216709136963,
            12.548418045043945,
            12.748954057693481,
            12.94875693321228,
            13.141546964645386,
            13.329048156738281,
            13.514682054519653,
            13.696194171905518,
            13.877570629119873,
            14.09217643737793,
            14.283544778823853,
            14.464507818222046,
            14.647520780563354
        ],
        "memory_usages": [
            2.0,
            3.0,
            3.0,
            3.0,
            4.0,
            4.0,
            4.0,
            4.0,
            4.0,
            4.0,
            4.0,
            5.0,
            5.0,
            5.0,
            5.0,
            5.0,
            5.0,
            5.0,
            6.0,
            6.0,
            6.0,
            6.0,
            6.0,
            6.0,
            6.0,
            7.0,
            7.0,
            7.0,
            7.0,
            7.0,
            7.0,
            7.0,
            7.0,
            7.0,
            6.3828125,
            7.3828125,
            6.78515625,
            7.78515625,
            7.78515625,
            7.0703125,
            8.0703125,
            7.2109375,
            8.2109375,
            7.6875,
            8.375,
            7.82421875,
            8.61328125,
            7.96875,
            8.8515625,
            8.14453125,
            8.97265625,
            9.83203125,
            9.078125,
            10.04296875,
            9.203125,
            9.3125,
            9.375,
            9.4375,
            9.5,
            9.55859375
        ]
    },
    "run_count": 9,
    "seed": 58
}