{
    "dataset": "1_ALOI",
    "model": "HST",
    "auc": 0.6980000941134781,
    "total_runtime": 13.299600839614868,
    "total_memory_usage": 6.671875,
    "Instances": 49534,
    "window_metric": {
        "window_size": 1000,
        "auc_scores": [
            NaN,
            0.5578890901641113,
            0.6060674614744597,
            0.568322877238995,
            0.5483148674803492,
            0.5798544598000335,
            0.6139130995458066,
            0.5982248504995334,
            0.6296134975450381,
            0.653086271866422,
            0.648744482300326,
            0.6459823879960075,
            0.6695836614745722,
            0.6706317507395716,
            0.6484351469502312,
            0.6536374957810803,
            0.6723015164496641,
            0.6871984712787359,
            0.6673631325817153,
            0.6652368419693712,
            0.6768919616617523,
            0.6771339828028898,
            0.6892792691722687,
            0.6978300507436539,
            0.7005833522648491,
            0.6893221453570504,
            0.6706724395982554,
            0.6687373917194761,
            0.6621654295573229,
            0.6683879294518336,
            0.6723046954962565,
            0.67272243604532,
            0.6751512994247876,
            0.6768234482366767,
            0.6714967127824341,
            0.6802178170096568,
            0.6869766631760106,
            0.6834267079649157,
            0.6881834879858366,
            0.6928758285506844,
            0.6929768336386699,
            0.6933035172681064,
            0.6932099307245575,
            0.6950639764676565,
            0.6992652662607423,
            0.6988856936340715,
            0.6975619900872768,
            0.6973079250849694,
            0.6961612800458253
        ],
        "runtimes": [
            0.29109740257263184,
            0.6061949729919434,
            0.9023683071136475,
            1.1391377449035645,
            1.3827011585235596,
            1.6770222187042236,
            1.9633142948150635,
            2.2067601680755615,
            2.444413900375366,
            2.687871217727661,
            2.887181520462036,
            3.1800665855407715,
            3.4223406314849854,
            3.7118752002716064,
            4.026218891143799,
            4.316636085510254,
            4.596262693405151,
            4.876723051071167,
            5.1068115234375,
            5.345999717712402,
            5.591865539550781,
            5.871413946151733,
            6.15610146522522,
            6.435963869094849,
            6.677195310592651,
            6.914838075637817,
            7.150223016738892,
            7.4727442264556885,
            7.848927974700928,
            8.260156154632568,
            8.557158708572388,
            8.805880069732666,
            9.054566144943237,
            9.307074308395386,
            9.54589033126831,
            9.791058540344238,
            10.039140462875366,
            10.331775665283203,
            10.584572315216064,
            10.909223079681396,
            11.199319839477539,
            11.44643759727478,
            11.692765951156616,
            11.930155515670776,
            12.188746213912964,
            12.42958664894104,
            12.67660665512085,
            12.92069149017334,
            13.160809993743896
        ],
        "memory_usages": [
            2.0,
            2.0,
            2.0,
            2.0,
            2.0,
            2.0,
            2.0,
            3.0,
            3.0,
            3.0,
            3.0,
            3.0,
            3.0,
            3.0,
            4.0,
            4.0,
            4.0,
            4.0,
            4.0,
            4.0,
            4.0,
            5.0,
            5.0,
            5.0,
            5.0,
            5.0,
            5.0,
            6.0,
            6.0,
            6.0,
            6.0,
            6.0,
            6.0,
            6.0,
            7.0,
            5.4609375,
            6.4609375,
            6.4609375,
            5.9765625,
            6.9765625,
            6.9765625,
            6.18359375,
            7.18359375,
            6.46484375,
            6.43359375,
            6.7109375,
            6.57421875,
            6.953125,
            6.71484375
        ]
    },
    "run_count": 4,
    "seed": 14
}