{
    "dataset": "34_smtp",
    "model": "HST",
    "auc": 0.8672644702815213,
    "total_runtime": 28.451990604400635,
    "total_memory_usage": 11.6796875,
    "Instances": 95156,
    "window_metric": {
        "window_size": 1000,
        "auc_scores": [
            NaN,
            NaN,
            NaN,
            NaN,
            NaN,
            NaN,
            NaN,
            NaN,
            NaN,
            NaN,
            NaN,
            NaN,
            NaN,
            NaN,
            0.9935640923035881,
            0.9849156285635926,
            0.9844904021627399,
            0.9842493082610946,
            0.9845926970275208,
            0.9834276895366604,
            0.9835136036594082,
            0.9835497199394048,
            0.9825955138523111,
            0.9830100278676591,
            0.9841282546797635,
            0.9841480577453794,
            0.9844893119183492,
            0.9845330828679646,
            0.983997200619018,
            0.983873426646721,
            0.9839535827239951,
            0.9838076479888523,
            0.9834410269291735,
            0.9821123824095636,
            0.9819968803848069,
            0.9820346801533929,
            0.9821129230365158,
            0.9821494385149416,
            0.9820393401294237,
            0.9821437503126094,
            0.9824887940829969,
            0.9820790603670612,
            0.9819276708031186,
            0.9820754655702139,
            0.9822754380727973,
            0.9821327609023864,
            0.9823336434561054,
            0.9824814975796512,
            0.9822850260424261,
            0.9842337047855313,
            0.9844755217323081,
            0.984057594644506,
            0.9839715763249283,
            0.9841874444279787,
            0.9841897188272952,
            0.8494377847253238,
            0.8497200526546731,
            0.8507591203104786,
            0.8513268334039847,
            0.8521610671112964,
            0.853059778597786,
            0.8548669044046062,
            0.8549684138587319,
            0.8555559608191187,
            0.8553051381457027,
            0.8555716676463042,
            0.8556427659349732,
            0.8653959421842682,
            0.8665971055301103,
            0.8669197435982099,
            0.8673494127518816,
            0.8680594051531292,
            0.8686280189721094,
            0.8679421898330147,
            0.867977916978473,
            0.8686395307828441,
            0.8687382932846629,
            0.8689857723406448,
            0.8679021849574636,
            0.8678266561283637,
            0.8683696461781336,
            0.8673084131099349,
            0.866960579080601,
            0.867506803457187,
            0.8666035754997953,
            0.8657582609051409,
            0.8659929845818602,
            0.8665116521549616,
            0.8694050428983554,
            0.8691174836056463,
            0.8693836796013338,
            0.8685730854264072,
            0.8678007242479653,
            0.867288141605477,
            0.8673124846442737
        ],
        "runtimes": [
            0.2702016830444336,
            0.5855376720428467,
            0.9091026782989502,
            1.1763033866882324,
            1.4440891742706299,
            1.7180712223052979,
            1.9844613075256348,
            2.258274793624878,
            2.5308825969696045,
            2.844033718109131,
            3.1669628620147705,
            3.4357335567474365,
            3.706843137741089,
            3.9791781902313232,
            4.253538370132446,
            4.523536205291748,
            4.796149253845215,
            5.074632167816162,
            5.404056549072266,
            5.67692494392395,
            5.991268873214722,
            6.274529218673706,
            6.548561096191406,
            6.821998119354248,
            7.101927757263184,
            7.386552333831787,
            7.670981407165527,
            7.958245277404785,
            8.24646782875061,
            8.53635311126709,
            8.824089050292969,
            9.15873670578003,
            9.49341368675232,
            9.85193419456482,
            10.186256408691406,
            10.472139358520508,
            10.756174325942993,
            11.044881820678711,
            11.333166599273682,
            11.618528127670288,
            11.901467084884644,
            12.188697814941406,
            12.473344087600708,
            12.758966207504272,
            13.05269455909729,
            13.461957454681396,
            13.806501865386963,
            14.091409921646118,
            14.370359420776367,
            14.653556823730469,
            14.93734097480774,
            15.222891569137573,
            15.554426193237305,
            15.879494905471802,
            16.16145896911621,
            16.44714856147766,
            16.726963758468628,
            17.003124475479126,
            17.336799383163452,
            17.66387152671814,
            17.941648960113525,
            18.224256992340088,
            18.50886368751526,
            18.795150995254517,
            19.083635330200195,
            19.426900148391724,
            19.76520347595215,
            20.0582058429718,
            20.347984790802002,
            20.643478870391846,
            20.94445252418518,
            21.234822988510132,
            21.52307915687561,
            21.82489538192749,
            22.16232395172119,
            22.515575170516968,
            22.81698226928711,
            23.116501092910767,
            23.418959856033325,
            23.72223472595215,
            24.022687911987305,
            24.327284574508667,
            24.63617205619812,
            24.94095516204834,
            25.248576641082764,
            25.55172348022461,
            25.860761880874634,
            26.172861576080322,
            26.482104301452637,
            26.78936243057251,
            27.100600242614746,
            27.413146257400513,
            27.778499603271484,
            28.087517738342285,
            28.39783263206482
        ],