{
    "dataset": "32_shuttle",
    "model": "HST",
    "auc": 0.9818337046845258,
    "total_runtime": 13.073662996292114,
    "total_memory_usage": 8.47265625,
    "Instances": 49097,
    "window_metric": {
        "window_size": 1000,
        "auc_scores": [
            0.9724185811663721,
            0.9730359818029384,
            0.9735828693369962,
            0.9748169396262649,
            0.974706653615129,
            0.9757958006840667,
            0.977423142113346,
            0.9779393461294632,
            0.9774873153846695,
            0.9781577533896584,
            0.9793777044553615,
            0.9779367447833065,
            0.9773415696419525,
            0.9774179398312761,
            0.9756501433873781,
            0.9757469553036364,
            0.9767817412395611,
            0.9775029140948759,
            0.9783681634465164,
            0.9791900256764346,
            0.9800611837426584,
            0.9807926734772312,
            0.9813185013651724,
            0.9813773678849697,
            0.9800303492397078,
            0.9804097028734602,
            0.9800596087725293,
            0.9803367529438141,
            0.9796982162900945,
            0.9789018062245078,
            0.9791091818833089,
            0.9794335712348743,
            0.9800045164339419,
            0.9805030451151295,
            0.9805341324496748,
            0.9808875556452701,
            0.9813828051965308,
            0.9816724168406532,
            0.9817311033695768,
            0.9821008698210816,
            0.9819975414520705,
            0.9820728323484581,
            0.9824011564020843,
            0.9813258417135338,
            0.9811345046723363,
            0.9810366345979656,
            0.9813702403327661,
            0.9816526266388819,
            0.9817977374497473
        ],
        "runtimes": [
            0.23863744735717773,
            0.4855811595916748,
            0.8135354518890381,
            1.1560542583465576,
            1.4522807598114014,
            1.759798526763916,
            2.06250262260437,
            2.299428701400757,
            2.543255090713501,
            2.8012449741363525,
            3.0531270503997803,
            3.2877042293548584,
            3.534871816635132,
            3.8008689880371094,
            4.039436101913452,
            4.283220291137695,
            4.5348851680755615,
            4.789225339889526,
            5.037987232208252,
            5.346607208251953,
            5.596449375152588,
            5.858686923980713,
            6.112345933914185,
            6.3566575050354,
            6.61775541305542,
            6.87736439704895,
            7.1311211585998535,
            7.383538484573364,
            7.64409875869751,
            7.902505397796631,
            8.165351629257202,
            8.42765498161316,
            8.690704345703125,
            8.953153371810913,
            9.207066297531128,
            9.466878414154053,
            9.734470129013062,
            10.003462314605713,
            10.266648530960083,
            10.586557626724243,
            10.903124332427979,
            11.1610267162323,
            11.425265550613403,
            11.693171501159668,
            11.971781969070435,
            12.241547346115112,
            12.503375053405762,
            12.779662370681763,
            13.04500412940979
        ],
        "memory_usages": [
            3.0,
            4.0,
            4.0,
            4.0,
            4.0,
            4.0,
            4.0,
            5.0,
            5.0,
            5.0,
            5.0,
            5.0,
            5.0,
            5.0,
            6.0,
            6.0,
            6.0,
            6.0,
            6.0,
            6.0,
            7.0,
            7.0,
            7.0,
            7.0,
            7.0,
            7.0,
            7.0,
            7.0,
            8.0,
            8.0,
            6.87109375,
            7.87109375,
            7.87109375,
            7.62890625,
            7.41796875,
            8.41796875,
            8.41796875,
            7.625,
            7.7265625,
            7.796875,
            7.8671875,
            7.9375,
            8.00390625,
            8.453125,
            8.53125,
            8.60546875,
            8.6796875,
            8.76171875,
            8.83984375
        ]
    },
    "run_count": 8,
    "seed": 92
}