{
    "dataset": "3_backdoor",
    "model": "HST",
    "auc": 0.6420894703066062,
    "total_runtime": 25.740445613861084,
    "total_memory_usage": 14.109375,
    "Instances": 95329,
    "window_metric": {
        "window_size": 1000,
        "auc_scores": [
            0.6494989162857573,
            0.7835228401970731,
            0.8125505708891485,
            0.8270652224443309,
            0.833849273904674,
            0.8386517100538753,
            0.8454135214724646,
            0.8487958131309372,
            0.8508227332939655,
            0.8523663912354209,
            0.8544760612673523,
            0.8570865045876103,
            0.8588147790967209,
            0.8608365430610636,
            0.8623680895005317,
            0.8639340633752091,
            0.864290710679883,
            0.8579921077672894,
            0.8569307095958536,
            0.8515219430461775,
            0.46671443510396365,
            0.4208590649242186,
            0.4201165633989948,
            0.4235212415134919,
            0.42395897018295114,
            0.4286532203733661,
            0.4418530585228559,
            0.43397114797313396,
            0.43448287393016194,
            0.43664393775643795,
            0.4336226734271274,
            0.4366744665393215,
            0.43933479199100955,
            0.43516736969623054,
            0.43990157841638655,
            0.4361863416948891,
            0.4337027393432214,
            0.43376005558970515,
            0.43998888963848953,
            0.44577726365203374,
            0.4494881427159597,
            0.4505590569015441,
            0.45094164525364455,
            0.44964329525893754,
            0.44837985054398877,
            0.4474607724093308,
            0.44697418372808123,
            0.4464425352654675,
            0.44586819387928156,
            0.44522761470790584,
            0.44258717629447253,
            0.4414640378133108,
            0.44110321141213826,
            0.4399666419530776,
            0.4388176923951503,
            0.43775372692015335,
            0.43683684020281344,
            0.4340500035983032,
            0.432712158115819,
            0.4318422363023028,
            0.43121208118158555,
            0.43045367311741844,
            0.42984537324915684,
            0.42901840254671963,
            0.42796584997445486,
            0.42747895930136653,
            0.426655319884804,
            0.42607838147007066,
            0.4250511900949658,
            0.42433943410730945,
            0.42372552472332736,
            0.42298671938884974,
            0.42207487504888486,
            0.4200015975847547,
            0.41766019683573014,
            0.41637183366826924,
            0.41465394656487914,
            0.4140648300350925,
            0.41392344323769714,
            0.4160586569652069,
            0.4154963180664355,
            0.4172395332745925,
            0.41680985523332575,
            0.4170189116405002,
            0.41759074768722965,
            0.5573355187667647,
            0.5843768412053403,
            0.5939030221613548,
            0.6032004267400195,
            0.6139623000088763,
            0.6411558242446269,
            0.6518309348631739,
            0.6553473984446005,
            0.6567632946366693,
            0.6604360537634408
        ],
        "runtimes": [
            0.2492847442626953,
            0.5433042049407959,
            0.8381266593933105,
            1.0832109451293945,
            1.3284175395965576,
            1.5759549140930176,
            1.8205149173736572,
            2.074162006378174,
            2.3234591484069824,
            2.66868257522583,
            2.997114896774292,
            3.2897756099700928,
            3.5355770587921143,
            3.7780346870422363,
            4.023204565048218,
            4.276929140090942,
            4.525521993637085,
            4.815203428268433,
            5.065161466598511,
            5.369099140167236,
            5.646865367889404,
            5.89116358757019,
            6.137885570526123,
            6.383435964584351,
            6.651751756668091,
            6.909630537033081,
            7.16132926940918,
            7.415163516998291,
            7.664552927017212,
            7.8726420402526855,
            8.194572925567627,
            8.486303567886353,
            8.735489130020142,
            8.981473922729492,
            9.234786987304688,
            9.484435796737671,
            9.73738145828247,
            10.036350965499878,
            10.283781051635742,
            10.544721364974976,
            10.79224419593811,
            11.041289806365967,
            11.290807008743286,
            11.541355848312378,
            11.790693998336792,
            12.038665056228638,
            12.310852527618408,
            12.533884048461914,
            12.923331499099731,
            13.224787712097168,
            13.474897623062134,
            13.720051527023315,
            13.965725898742676,
            14.212806463241577,
            14.460303544998169,
            14.708173274993896,
            14.957733631134033,
            15.204489469528198,
            15.457152843475342,
            15.708608627319336,
            15.961146593093872,
            16.29627823829651,
            16.602530241012573,
            16.85369372367859,
            17.104878902435303,
            17.35761070251465,
            17.612756967544556,
            17.871001482009888,
            18.127272129058838,
            18.381746768951416,
            18.73491621017456,
            19.19516897201538,
            19.41942000389099,
            19.68014883995056,
            19.943861961364746,
            20.209911823272705,
            20.52634334564209,
            20.842792987823486,
            21.11418104171753,
            21.38717293739319,
            21.668798208236694,
            21.937544345855713,
            22.261234521865845,
            22.520089149475098,
            22.784640312194824,
            23.112316608428955,
            23.392839193344116,
            23.676544189453125,
            23.952582120895386,
            24.231988191604614,
            24.510589361190796,
            24.790297746658325,
            25.071151971817017,
            25.35578989982605,
            25.632492303848267
        ],