{
    "dataset": "51_kddcup99_u2r",
    "model": "HST",
    "auc": 0.9381909597570909,
    "total_runtime": 16.39954924583435,
    "total_memory_usage": 7.515625,
    "Instances": 60821,
    "window_metric": {
        "window_size": 1000,
        "auc_scores": [
            NaN,
            0.8529264632316158,
            0.8429476492164055,
            0.8512128032008003,
            0.8475695139027806,
            0.8619769961660276,
            0.9381401553046543,
            0.8882097298649325,
            0.891033008316959,
            0.8866816816816817,
            0.8783907874816965,
            0.8565290457915188,
            0.8578944123314065,
            0.8673101177562389,
            0.868325722622452,
            0.8710424835215003,
            0.8724958567654338,
            0.8713880163810583,
            0.8690684396165835,
            0.869568160556489,
            0.9177860896565787,
            0.9296274582827762,
            0.930340422109629,
            0.9264056491422491,
            0.9333323459213173,
            0.9338341765137026,
            0.9373256428373467,
            0.9377748833672442,
            0.9398283488132304,
            0.940470616836283,
            0.9408904096404096,
            0.9412188231208808,
            0.9415365218805921,
            0.9419342160654617,
            0.9410622598739515,
            0.9381119818841824,
            0.937849090488575,
            0.9381797692759244,
            0.9387302943033701,
            0.939475821905756,
            0.9394470328592448,
            0.9392802073483193,
            0.9379331116914692,
            0.938356225851086,
            0.9388768935526685,
            0.9392926970464872,
            0.9398740542787576,
            0.9395024361881505,
            0.9391443685904031,
            0.9393445097504437,
            0.9392879639115693,
            0.9394206816487314,
            0.9389191726412627,
            0.9390596184597497,
            0.939209573899356,
            0.9377999444096512,
            0.93716057674836,
            0.9373989904051135,
            0.9377945892004904,
            0.937943461469373
        ],
        "runtimes": [
            0.4232804775238037,
            0.673882246017456,
            1.1163699626922607,
            1.4007034301757812,
            1.7483327388763428,
            2.2589359283447266,
            2.6166603565216064,
            2.890984058380127,
            3.2284507751464844,
            3.5254557132720947,
            3.7971315383911133,
            4.084886312484741,
            4.381064414978027,
            4.821329116821289,
            5.103749513626099,
            5.428369760513306,
            5.705819606781006,
            5.986868619918823,
            6.2658915519714355,
            6.580195903778076,
            6.8587422370910645,
            7.1353373527526855,
            7.413128137588501,
            7.687016248703003,
            7.965007305145264,
            8.271518230438232,
            8.534623384475708,
            8.796685457229614,
            9.056270360946655,
            9.318429470062256,
            9.576543092727661,
            9.841636657714844,
            10.097453832626343,
            10.34981369972229,
            10.637548923492432,
            10.887000322341919,
            11.1329026222229,
            11.378845691680908,
            11.626737356185913,
            11.872204542160034,
            12.122615814208984,
            12.365831136703491,
            12.60978388786316,
            12.849323511123657,
            13.08996844291687,
            13.330889225006104,
            13.572726726531982,
            13.803171873092651,
            14.025301694869995,
            14.243160486221313,
            14.45699429512024,
            14.65662169456482,
            14.858815908432007,
            15.06438946723938,
            15.268040418624878,
            15.471388816833496,
            15.67024850845337,
            15.871191024780273,
            16.065125942230225,
            16.254439115524292
        ],
        "memory_usages": [
            2.0,
            3.0,
            4.0,
            4.0,
            4.0,
            4.0,
            4.0,
            4.0,
            4.0,
            4.0,
            4.0,
            4.0,
            4.0,
            4.0,
            4.0,
            4.0,
            4.0,
            4.0,
            4.0,
            4.0,
            4.0,
            5.0,
            5.0,
            5.0,
            5.0,
            5.0,
            5.0,
            6.0,
            6.0,
            6.0,
            6.0,
            6.0,
            6.0,
            7.0,
            5.75,
            6.75,
            6.75,
            6.75,
            6.1796875,
            6.09375,
            7.09375,
            6.515625,
            6.27734375,
            6.71484375,
            7.4453125,
            6.8515625,
            7.69140625,
            6.99609375,
            7.93359375,
            7.1796875,
            7.25,
            7.3203125,
            7.38671875,
            7.45703125,
            7.52734375,
            7.64453125,
            7.71484375,
            7.78515625,
            7.85546875,
            7.921875
        ]
    },
    "run_count": 7,
    "seed": 66
}