{
    "dataset": "49_kddcup99_prob",
    "model": "HST",
    "auc": 0.66958842340558,
    "total_runtime": 18.587972164154053,
    "total_memory_usage": 7.390625,
    "Instances": 64759,
    "window_metric": {
        "window_size": 1000,
        "auc_scores": [
            0.9506790469329492,
            0.45588947054473694,
            0.4251017623952573,
            0.4565566792485959,
            0.5011119241626429,
            0.512052570782511,
            0.5207991623871248,
            0.5339914661215547,
            0.5422287070610601,
            0.555444331659849,
            0.5586226160648807,
            0.42278483412436535,
            0.4601701314053377,
            0.535851727843807,
            0.576198246432524,
            0.580333073596471,
            0.5843837517549694,
            0.5903528064178172,
            0.5968377549606301,
            0.5980586318044309,
            0.61098756480906,
            0.6107558377818577,
            0.6141266092160467,
            0.6168907665064509,
            0.6190552249351305,
            0.6212941562547201,
            0.6301663425586094,
            0.6299828508250509,
            0.6398807902310096,
            0.6401994020622302,
            0.6407897849028958,
            0.6452475357863081,
            0.6464945554634681,
            0.6463650106985027,
            0.6467404144699063,
            0.6467344314053066,
            0.6463901620402557,
            0.6461150307087781,
            0.6461867157958375,
            0.663779170436864,
            0.6639681788588675,
            0.6642173614370643,
            0.6646085862846197,
            0.6652820660407477,
            0.665541675894075,
            0.6651954860495898,
            0.6656702249708425,
            0.6662852881974093,
            0.6669487137530928,
            0.6676371137419386,
            0.6687638070793946,
            0.6689792761209751,
            0.6689327985037775,
            0.6688796958573076,
            0.6689662727641719,
            0.6688528912177156,
            0.66882841498684,
            0.669103420729138,
            0.6700074616162243,
            0.6687398371460178,
            0.6685610388093879,
            0.6687062543348569,
            0.6689960790435856,
            0.6691625515181536
        ],
        "runtimes": [
            0.24276423454284668,
            0.4935472011566162,
            0.7980544567108154,
            1.1587944030761719,
            1.5496189594268799,
            1.9837040901184082,
            2.225825548171997,
            2.467355966567993,
            3.0249640941619873,
            3.4986443519592285,
            3.7998759746551514,
            4.11119818687439,
            4.531418085098267,
            4.797016143798828,
            5.334216594696045,
            5.678504943847656,
            5.934991121292114,
            6.480475902557373,
            6.870278835296631,
            7.316595077514648,
            7.630731582641602,
            7.914299249649048,
            8.195847034454346,
            8.477910995483398,
            8.757031917572021,
            9.038920164108276,
            9.358193159103394,
            9.634801864624023,
            9.910927534103394,
            10.187247276306152,
            10.459284543991089,
            10.733697652816772,
            11.005326509475708,
            11.275791645050049,
            11.539385795593262,
            11.797840356826782,
            12.055800914764404,
            12.312078475952148,
            12.566092014312744,
            12.815252780914307,
            13.062024354934692,
            13.306292295455933,
            13.544706583023071,
            13.78616452217102,
            14.027889490127563,
            14.270309686660767,
            14.513152599334717,
            14.751418113708496,
            14.98556637763977,
            15.219027280807495,
            15.45401382446289,
            15.68312692642212,
            15.908912181854248,
            16.13764786720276,
            16.368266105651855,
            16.608811855316162,
            16.855695486068726,
            17.08771514892578,
            17.319456577301025,
            17.549243211746216,
            17.77810311317444,
            18.000320196151733,
            18.217951774597168,
            18.428210973739624
        ],
        "memory_usages": [
            3.0,
            4.0,
            4.0,
            4.0,
            4.0,
            4.0,
            4.0,
            4.0,
            4.0,
            4.0,
            4.0,
            4.0,
            4.0,
            4.0,
            4.0,
            4.0,
            4.0,
            4.0,
            4.0,
            4.0,
            4.0,
            4.0,
            4.0,
            4.0,
            5.0,
            5.0,
            5.0,
            5.0,
            5.0,
            5.0,
            5.0,
            6.0,
            6.0,
            6.0,
            6.0,
            4.86328125,
            5.86328125,
            5.86328125,
            5.625,
            6.625,
            6.625,
            6.625,
            6.34765625,
            6.0,
            6.6796875,
            6.140625,
            6.9296875,
            6.28125,
            6.34765625,
            6.46484375,
            6.53515625,
            6.60546875,
            6.66796875,
            6.73828125,
            6.80859375,
            6.9296875,
            7.0,
            7.0703125,
            7.13671875,
            7.20703125,
            7.5625,
            8.296875,
            7.7578125,
            8.52734375
        ]
    },
    "run_count": 5,
    "seed": 85
}