{
    "dataset": "48_chess",
    "model": "HST",
    "auc": 0.6226084623993933,
    "total_runtime": 10.71322512626648,
    "total_memory_usage": 2.94921875,
    "Instances": 28056,
    "window_metric": {
        "window_size": 1000,
        "auc_scores": [
            0.5985985985985987,
            0.7082290101819395,
            0.7280613947280614,
            0.7350512884663497,
            0.7986389111289031,
            0.804077718478986,
            0.8257612580414582,
            0.8301434409140189,
            0.8304425172337114,
            0.8533116038369715,
            0.8543748619251212,
            0.8190564543028686,
            0.8200238608374384,
            0.7633270296791634,
            0.7624094728251665,
            0.7625426428203684,
            0.7258162183983449,
            0.6988156797331109,
            0.6676500026339356,
            0.6807244744744745,
            0.6816551477597713,
            0.6800354884207652,
            0.6927960737147785,
            0.6928330135957962,
            0.6751298150820495,
            0.6720438883541868,
            0.6461114976815281,
            0.6225652778936301
        ],
        "runtimes": [
            0.5692846775054932,
            1.22281813621521,
            1.5643641948699951,
            2.0840094089508057,
            2.5004661083221436,
            3.0574045181274414,
            3.6185555458068848,
            3.993535280227661,
            4.362902641296387,
            4.715448379516602,
            5.201651096343994,
            5.686131954193115,
            6.087340831756592,
            6.48221492767334,
            6.908454179763794,
            7.267628908157349,
            7.575991868972778,
            7.8785223960876465,
            8.175891399383545,
            8.465400218963623,
            8.756189346313477,
            9.040075540542603,
            9.315990447998047,
            9.594692707061768,
            9.872032880783081,
            10.146919250488281,
            10.421694278717041,
            10.698042154312134
        ],
        "memory_usages": [
            1.0,
            1.0,
            1.0,
            1.0,
            1.0,
            1.0,
            1.0,
            1.0,
            1.0,
            1.0,
            1.0,
            1.0,
            1.0,
            1.0,
            1.0,
            1.0,
            1.0,
            1.0,
            2.0,
            2.0,
            2.0,
            2.0,
            0.98828125,
            1.98828125,
            1.98828125,
            1.578125,
            2.578125,
            1.94921875
        ]
    },
    "run_count": 8,
    "seed": 84
}