{
    "dataset": "1_ALOI",
    "model": "HST",
    "auc": 0.7189295246352523,
    "total_runtime": 17.245759963989258,
    "total_memory_usage": 5.7265625,
    "Instances": 49534,
    "window_metric": {
        "window_size": 1000,
        "auc_scores": [
            NaN,
            0.5817678344223761,
            0.6242935354605642,
            0.5966116772611348,
            0.5934759746415452,
            0.6227673984519487,
            0.6489797192347295,
            0.626393420753721,
            0.6525199381550754,
            0.6714090637341933,
            0.6673085935273149,
            0.6816234435533047,
            0.7020636717873626,
            0.7073097870170065,
            0.6806097050536285,
            0.6860364421310651,
            0.7004193702097291,
            0.7097588630706569,
            0.6891348322325144,
            0.6840367667773462,
            0.6952222900669036,
            0.6952235452173611,
            0.7059913509239883,
            0.7166732816525156,
            0.7174091462255224,
            0.7064998298583719,
            0.688701201209013,
            0.6867894982359921,
            0.6801407696707332,
            0.6876024183436851,
            0.6924040970873367,
            0.6907163391293485,
            0.6946744358636322,
            0.6948108487671807,
            0.6868695889528708,
            0.6950880721658903,
            0.7024927218626771,
            0.6982664399246259,
            0.701381378690584,
            0.7062569806781994,
            0.7074763706633932,
            0.7121449522989249,
            0.7118868796669378,
            0.7133238420788086,
            0.7170369193175805,
            0.7170740959361812,
            0.7169549631952077,
            0.718942283729941,
            0.7171200870686919
        ],
        "runtimes": [
            0.2713751792907715,
            0.7765161991119385,
            1.3233051300048828,
            1.7331361770629883,
            2.086757183074951,
            2.3112246990203857,
            2.692265033721924,
            2.9822616577148438,
            3.2737185955047607,
            3.624025821685791,
            4.059169054031372,
            4.398107528686523,
            4.796412944793701,
            5.224863529205322,
            5.607079982757568,
            5.9063029289245605,
            6.212528228759766,
            6.513458490371704,
            6.911463737487793,
            7.285552740097046,
            7.624006748199463,
            7.935625076293945,
            8.251553773880005,
            8.57273554801941,
            8.93499207496643,
            9.254952907562256,
            9.577848434448242,
            9.899060249328613,
            10.269882678985596,
            10.58509635925293,
            10.951667070388794,
            11.313990831375122,
            11.62529468536377,
            11.939821481704712,
            12.25458574295044,
            12.613693952560425,
            12.928144931793213,
            13.243881464004517,
            13.5618155002594,
            13.924736261367798,
            14.316199541091919,
            14.631059169769287,
            14.949474096298218,
            15.270100355148315,
            15.750129699707031,
            16.118247270584106,
            16.434555292129517,
            16.754199028015137,
            17.073030471801758
        ],
        "memory_usages": [
            3.0,
            3.0,
            3.0,
            3.0,
            3.0,
            3.0,
            3.0,
            3.0,
            3.0,
            3.0,
            3.0,
            3.0,
            3.0,
            3.0,
            3.0,
            3.0,
            3.0,
            3.0,
            4.0,
            4.0,
            4.0,
            4.0,
            4.0,
            4.0,
            4.0,
            4.0,
            4.0,
            5.0,
            5.0,
            5.0,
            5.0,
            5.0,
            5.0,
            6.0,
            6.0,
            6.0,
            6.0,
            6.0,
            4.9609375,
            5.9609375,
            5.08203125,
            5.14453125,
            5.20703125,
            5.30859375,
            5.3984375,
            5.4609375,
            5.8984375,
            6.01953125,
            6.14453125
        ]
    },
    "run_count": 1,
    "seed": 91
}