{
    "dataset": "48_chess",
    "model": "HST",
    "auc": 0.6028445406411085,
    "total_runtime": 9.924448728561401,
    "total_memory_usage": 2.82421875,
    "Instances": 28056,
    "window_metric": {
        "window_size": 1000,
        "auc_scores": [
            0.6856856856856857,
            0.7643131363712234,
            0.7816705594483372,
            0.7872571094987908,
            0.8390712570056045,
            0.8429786524349567,
            0.793180843459614,
            0.7815132182470187,
            0.782215921725595,
            0.7967863218538691,
            0.7978713726917128,
            0.7811144929953303,
            0.7824911483990148,
            0.8105589456651006,
            0.8087419353183015,
            0.808892802324966,
            0.7604708078922137,
            0.7229765545361877,
            0.6823380671870497,
            0.6702477477477478,
            0.6703908484270734,
            0.6653602248033295,
            0.6796560346260059,
            0.6787699330446848,
            0.6562393924149348,
            0.6501382098171319,
            0.6252780455253207,
            0.6028028350088908
        ],
        "runtimes": [
            0.2275388240814209,
            0.49727892875671387,
            0.9040017127990723,
            1.3065910339355469,
            1.5593156814575195,
            2.0025436878204346,
            2.244969606399536,
            2.697777032852173,
            3.1720197200775146,
            3.5134329795837402,
            3.990776300430298,
            4.246957540512085,
            4.5553789138793945,
            5.029042959213257,
            5.506166219711304,
            6.0231311321258545,
            6.313198804855347,
            6.572964906692505,
            6.967205047607422,
            7.33232855796814,
            7.757159233093262,
            8.094698667526245,
            8.401562213897705,
            8.71082067489624,
            9.011810541152954,
            9.314716577529907,
            9.61362099647522,
            9.906644344329834
        ],
        "memory_usages": [
            1.0,
            1.0,
            1.0,
            1.0,
            1.0,
            1.0,
            1.0,
            1.0,
            1.0,
            2.0,
            2.0,
            2.0,
            2.0,
            2.0,
            3.0,
            3.0,
            3.0,
            3.0,
            3.0,
            3.0,
            3.0,
            2.40234375,
            3.40234375,
            3.40234375,
            2.80078125,
            3.80078125,
            3.80078125,
            3.0390625
        ]
    },
    "run_count": 5,
    "seed": 61
}