{
    "dataset": "51_kddcup99_u2r",
    "model": "HST",
    "auc": 0.9452596935955488,
    "total_runtime": 14.833205699920654,
    "total_memory_usage": 9.7109375,
    "Instances": 60821,
    "window_metric": {
        "window_size": 1000,
        "auc_scores": [
            NaN,
            0.9494747373686844,
            0.9403134378126042,
            0.9469867466866716,
            0.9471894378875776,
            0.9469911651941991,
            0.9759182506788624,
            0.928073411705853,
            0.8421322557125026,
            0.8484434434434435,
            0.8476989386080296,
            0.846779576172201,
            0.849783429672447,
            0.8608632660264242,
            0.8658905824725938,
            0.8686386325117819,
            0.8712650213922654,
            0.8709776947238678,
            0.8706943272633526,
            0.8725737208430191,
            0.9216946766364347,
            0.933677002366679,
            0.9341483702707982,
            0.9320148517370115,
            0.9390965534510177,
            0.940100994365461,
            0.943678448845588,
            0.9441874829344772,
            0.9464008143552021,
            0.9465800367584882,
            0.9470108630264881,
            0.9472980523627076,
            0.9476582411474432,
            0.9479977920733901,
            0.9470799511927238,
            0.9444167253382998,
            0.9442125606095761,
            0.9446513365479664,
            0.9451933518732224,
            0.9458060277278373,
            0.9461110615720719,
            0.9461098308823666,
            0.9446387243180421,
            0.9449742316402987,
            0.9455190838842238,
            0.946008630536276,
            0.9464922145020488,
            0.9462371533228676,
            0.9458966604505301,
            0.946127558511374,
            0.9458128001544933,
            0.9460046061319601,
            0.9456954317932738,
            0.9459250753145606,
            0.9462102738647961,
            0.9447176175357141,
            0.944371321852507,
            0.9446427562796764,
            0.94502338653924,
            0.9450957131250799
        ],
        "runtimes": [
            0.2872891426086426,
            0.5746502876281738,
            0.8576502799987793,
            1.140514612197876,
            1.4199018478393555,
            1.6999719142913818,
            1.9777393341064453,
            2.2565529346466064,
            2.533381462097168,
            2.809526205062866,
            3.116893768310547,
            3.5241284370422363,
            3.791463613510132,
            4.050279378890991,
            4.349622488021851,
            4.6047022342681885,
            4.856593132019043,
            5.104424238204956,
            5.3696675300598145,
            5.652893543243408,
            5.905689716339111,
            6.157826900482178,
            6.405486106872559,
            6.6541454792022705,
            6.9014856815338135,
            7.1461920738220215,
            7.42975926399231,
            7.670897006988525,
            7.913660287857056,
            8.160157680511475,
            8.411038398742676,
            8.655323266983032,
            8.897526264190674,
            9.139779329299927,
            9.381263017654419,
            9.61851978302002,
            9.847991228103638,
            10.074526071548462,
            10.29582929611206,
            10.508278369903564,
            10.719731092453003,
            10.930613040924072,
            11.149797201156616,
            11.364184141159058,
            11.573333740234375,
            11.78447675704956,
            12.021600484848022,
            12.230185985565186,
            12.438342094421387,
            12.646923065185547,
            12.852747440338135,
            13.058547735214233,
            13.259339570999146,
            13.46286654472351,
            13.664257287979126,
            13.868160724639893,
            14.068571090698242,
            14.270373821258545,
            14.47233772277832,
            14.676613330841064
        ],
        "memory_usages": [
            4.0,
            4.0,
            4.0,
            4.0,
            4.0,
            4.0,
            5.0,
            5.0,
            5.0,
            5.0,
            5.0,
            5.0,
            5.0,
            5.0,
            5.0,
            5.0,
            5.0,
            5.0,
            6.0,
            6.0,
            6.0,
            6.0,
            6.0,
            6.0,
            6.0,
            6.0,
            7.0,
            7.0,
            7.0,
            7.0,
            8.0,
            8.0,
            8.0,
            8.0,
            8.0,
            8.0,
            8.0,
            8.0,
            7.29296875,
            8.29296875,
            7.41796875,
            7.48046875,
            7.5390625,
            8.5390625,
            7.70703125,
            7.765625,
            8.7421875,
            8.26171875,
            8.9921875,
            8.4453125,
            9.33984375,
            8.5859375,
            8.65234375,
            8.72265625,
            8.79296875,
            8.91015625,
            8.98046875,
            9.05078125,
            9.12109375,
            9.1875
        ]
    },
    "run_count": 10,
    "seed": 71
}