{
    "dataset": "34_smtp",
    "model": "HST",
    "auc": 0.8687088703403907,
    "total_runtime": 31.385488033294678,
    "total_memory_usage": 12.55859375,
    "Instances": 95156,
    "window_metric": {
        "window_size": 1000,
        "auc_scores": [
            NaN,
            NaN,
            NaN,
            NaN,
            NaN,
            NaN,
            NaN,
            NaN,
            NaN,
            NaN,
            NaN,
            NaN,
            NaN,
            NaN,
            0.9907629718554088,
            0.9798586351410521,
            0.9794277071606794,
            0.9790874606018877,
            0.9795568627927611,
            0.9782974317922033,
            0.9783675608710154,
            0.9783648379636918,
            0.9769033333221787,
            0.9775294951432026,
            0.9789825159232026,
            0.9791233741245287,
            0.9796693523626007,
            0.9798368572041123,
            0.9792239603355315,
            0.9792021991214948,
            0.9794331080395755,
            0.9792476172611232,
            0.9787918684117071,
            0.9775516809442544,
            0.977421580877249,
            0.9774416241236672,
            0.9776112196893033,
            0.9776515407932246,
            0.9776091783863804,
            0.9777743638845025,
            0.9781719890415543,
            0.9775639498880578,
            0.9773763550923557,
            0.9775707855096752,
            0.9778327860731275,
            0.977670222614336,
            0.9778976716468736,
            0.9780769391072396,
            0.9777458282541367,
            0.9802761883802817,
            0.9805698846697003,
            0.9799685961064943,
            0.979876000301978,
            0.9801457376259632,
            0.9801362669140113,
            0.847947119249665,
            0.8482372970601141,
            0.8496310478654592,
            0.8503250529885544,
            0.8512233430596081,
            0.8522023780237803,
            0.8563526171194026,
            0.8564446491176995,
            0.857229120387015,
            0.8569149236349458,
            0.8572642792702514,
            0.857351027583808,
            0.866859040797825,
            0.8680419906617425,
            0.8682907549383759,
            0.8688259750582923,
            0.8696170248649,
            0.8702134385932248,
            0.8695341464199158,
            0.869542659943454,
            0.8703184835956007,
            0.8703685534946211,
            0.870800328504099,
            0.8696147298069696,
            0.8695432266610439,
            0.8702234388727509,
            0.8691067783013252,
            0.8687489064521505,
            0.869479159266397,
            0.8686533620598346,
            0.8677465015267778,
            0.8678374361013719,
            0.8683770788100623,
            0.8708231238994418,
            0.8705479604312549,
            0.8708094243523506,
            0.8700742995904462,
            0.8692926033487505,
            0.8687361214572027,
            0.8687462707521674
        ],
        "runtimes": [
            0.2926664352416992,
            0.5767107009887695,
            0.8650541305541992,
            1.155003309249878,
            1.446265697479248,
            1.7356159687042236,
            2.0229179859161377,
            2.312828302383423,
            2.6519508361816406,
            3.0169765949249268,
            3.2806384563446045,
            3.6321754455566406,
            3.919069766998291,
            4.2084739208221436,
            4.5004589557647705,
            4.793872117996216,
            5.200856924057007,
            5.5484938621521,
            5.840670585632324,
            6.124704122543335,
            6.495244741439819,
            6.933054208755493,
            7.240699768066406,
            7.53794002532959,
            7.839255094528198,
            8.144720077514648,
            8.449036359786987,
            8.81584882736206,
            9.123395442962646,
            9.430607557296753,
            9.792609453201294,
            10.146063566207886,
            10.454854488372803,
            10.76718258857727,
            11.07454252243042,
            11.383857488632202,
            11.689757585525513,
            12.00493836402893,
            12.465678453445435,
            12.80882716178894,
            13.121765851974487,
            13.436870813369751,
            13.746028661727905,
            14.058941841125488,
            14.366457462310791,
            14.676819086074829,
            14.989080905914307,
            15.299256801605225,
            15.619568347930908,
            15.940059423446655,
            16.255834579467773,
            16.57362985610962,
            16.901970148086548,
            17.219574451446533,
            17.537506818771362,
            17.852490663528442,
            18.177555084228516,
            18.490094423294067,
            18.819916009902954,
            19.139086484909058,
            19.459969997406006,
            19.77721405029297,
            20.159302234649658,
            20.557842254638672,
            20.877502918243408,
            21.198052406311035,
            21.516451358795166,
            21.84594964981079,
            22.162569761276245,
            22.571073532104492,
            22.90618872642517,
            23.230838775634766,
            23.55736541748047,
            23.884412050247192,
            24.207777976989746,
            24.535632610321045,
            24.872039079666138,
            25.26971459388733,
            25.67084836959839,
            26.049971342086792,
            26.44326090812683,
            26.82340908050537,
            27.154899835586548,
            27.490992307662964,
            27.820685863494873,
            28.157778024673462,
            28.50005865097046,
            28.835091829299927,
            29.18018412590027,
            29.523591995239258,
            29.86361813545227,
            30.21317148208618,
            30.563433170318604,
            30.912525415420532,
            31.315232753753662
        ],