{
    "dataset": "49_kddcup99_prob",
    "model": "HST",
    "auc": 0.6815649981164316,
    "total_runtime": 17.195849418640137,
    "total_memory_usage": 9.203125,
    "Instances": 64759,
    "window_metric": {
        "window_size": 1000,
        "auc_scores": [
            0.9475306171456015,
            0.4753489642111728,
            0.4377386918802495,
            0.4691576016420241,
            0.5133445646521964,
            0.5248349870544698,
            0.5320905241649279,
            0.5486179761510018,
            0.5578272330161205,
            0.576908938451387,
            0.5794184593455346,
            0.4414813931638857,
            0.4778064179201331,
            0.5522363043778006,
            0.5913456524631181,
            0.5948337154641845,
            0.5985489867361266,
            0.6050405503248536,
            0.6144379363779527,
            0.6150211763733183,
            0.6279316223170494,
            0.6274956074569977,
            0.6302863082996151,
            0.632778706949514,
            0.6343000457547678,
            0.6360039104829747,
            0.6446620754721086,
            0.6442271770100929,
            0.6536820697582608,
            0.6537661906093264,
            0.6540140112734502,
            0.6585099156504012,
            0.6598163219661994,
            0.6596314340857645,
            0.6599268324364561,
            0.6597418485330605,
            0.6592986954085052,
            0.6589468961811076,
            0.6593732413168875,
            0.6772112948991963,
            0.6773266422913881,
            0.6773685207867473,
            0.677545076401926,
            0.6779844330776216,
            0.6780550201082592,
            0.6775505752305272,
            0.6778356959851083,
            0.6782830849014063,
            0.6787929221834408,
            0.6792304535155096,
            0.6801910610393764,
            0.6804637077022984,
            0.6804569700894141,
            0.6803394508690758,
            0.6806333528933133,
            0.6805290376549593,
            0.680449517044627,
            0.6808036190681546,
            0.6821116764391898,
            0.6808196622417068,
            0.680604784438382,
            0.6807515761293464,
            0.6809603049082611,
            0.6810665292234103
        ],
        "runtimes": [
            0.27890801429748535,
            0.6082432270050049,
            0.932701587677002,
            1.4086709022521973,
            1.740074872970581,
            1.9883019924163818,
            2.248363733291626,
            2.605830669403076,
            2.87593412399292,
            3.1319472789764404,
            3.496737003326416,
            3.946690082550049,
            4.38590669631958,
            4.792550325393677,
            5.117534160614014,
            5.402435779571533,
            5.683887004852295,
            5.965479612350464,
            6.283804416656494,
            6.5631279945373535,
            6.839229583740234,
            7.118142127990723,
            7.3937952518463135,
            7.669386863708496,
            7.979844570159912,
            8.245230436325073,
            8.509899139404297,
            8.77051854133606,
            9.035446643829346,
            9.294712781906128,
            9.556138753890991,
            9.817531824111938,
            10.074185848236084,
            10.368040323257446,
            10.621033430099487,
            10.871842622756958,
            11.117119550704956,
            11.367785453796387,
            11.613784313201904,
            11.864086866378784,
            12.108539342880249,
            12.355672121047974,
            12.597773313522339,
            12.842660665512085,
            13.087992668151855,
            13.328413248062134,
            13.565162181854248,
            13.790353536605835,
            14.005878210067749,
            14.21859622001648,
            14.429850816726685,
            14.63914680480957,
            14.849733591079712,
            15.062035322189331,
            15.271012306213379,
            15.47641134262085,
            15.684321165084839,
            15.886847019195557,
            16.08039879798889,
            16.269134998321533,
            16.45379066467285,
            16.64180874824524,
            16.868972778320312,
            17.054702520370483
        ],
        "memory_usages": [
            4.0,
            4.0,
            4.0,
            4.0,
            4.0,
            4.0,
            4.0,
            4.0,
            5.0,
            5.0,
            5.0,
            5.0,
            5.0,
            5.0,
            5.0,
            5.0,
            5.0,
            5.0,
            5.0,
            5.0,
            6.0,
            6.0,
            6.0,
            6.0,
            6.0,
            6.0,
            6.0,
            6.0,
            6.0,
            6.0,
            7.0,
            7.0,
            7.0,
            5.8515625,
            6.8515625,
            6.8515625,
            6.8515625,
            6.609375,
            6.421875,
            7.421875,
            7.1640625,
            6.60546875,
            7.3828125,
            6.7734375,
            7.69140625,
            6.8984375,
            6.9609375,
            7.0234375,
            7.08203125,
            7.57421875,
            7.64453125,
            7.71484375,
            7.78125,
            7.8515625,
            7.921875,
            8.0390625,
            8.109375,
            8.22265625,
            8.34765625,
            8.4765625,
            9.3203125,
            8.45703125,
            8.58203125,
            8.65625
        ]
    },
    "run_count": 8,
    "seed": 52
}