{
    "dataset": "50_bank",
    "model": "HST",
    "auc": 0.6418620776928214,
    "total_runtime": 13.965564012527466,
    "total_memory_usage": 6.38671875,
    "Instances": 41188,
    "window_metric": {
        "window_size": 1000,
        "auc_scores": [
            0.5577284189065936,
            0.5766574249720318,
            0.5834106722959814,
            0.5704018495224461,
            0.5667118860754998,
            0.5568990718444775,
            0.5507801000883132,
            0.5361174193548387,
            0.5417150548986487,
            0.5417338817089594,
            0.5387275294117647,
            0.5249508594456781,
            0.5253986547388403,
            0.5117831091871831,
            0.504687670443596,
            0.49583918675784033,
            0.49203863160033356,
            0.49008701946011746,
            0.4847009390710647,
            0.48999277942910024,
            0.48584952473258325,
            0.48717454676088817,
            0.4886397488887486,
            0.4888646799190801,
            0.5136250031006627,
            0.514758902190849,
            0.5109947990989759,
            0.5228617839898869,
            0.531741035648697,
            0.5306846388067219,
            0.5388199179913342,
            0.5379504901547323,
            0.53695345627081,
            0.5349120155108612,
            0.5328723416044723,
            0.5277371872039478,
            0.548905841179344,
            0.5661817509944331,
            0.5843761360983086,
            0.6185404409458787,
            0.6410385164046877
        ],
        "runtimes": [
            0.17754006385803223,
            0.35540223121643066,
            0.5581481456756592,
            0.7873332500457764,
            0.9824004173278809,
            1.1620137691497803,
            1.454125165939331,
            1.848374843597412,
            2.0959670543670654,
            2.4400382041931152,
            2.954087495803833,
            3.3677892684936523,
            3.7390878200531006,
            4.18891167640686,
            4.659327507019043,
            4.97941517829895,
            5.485433578491211,
            5.994139194488525,
            6.4496376514434814,
            6.816614627838135,
            7.263804197311401,
            7.780011892318726,
            8.12915325164795,
            8.531984567642212,
            8.928844690322876,
            9.344718217849731,
            9.641608238220215,
            9.951119422912598,
            10.26917815208435,
            10.583383560180664,
            10.890364646911621,
            11.200826406478882,
            11.505484104156494,
            11.81220030784607,
            12.11385440826416,
            12.41727614402771,
            12.723212718963623,
            13.025984525680542,
            13.32723093032837,
            13.634311437606812,
            13.941961765289307
        ],
        "memory_usages": [
            2.0,
            2.0,
            2.0,
            2.0,
            2.0,
            3.0,
            3.0,
            3.0,
            3.0,
            3.0,
            3.0,
            3.0,
            3.0,
            3.0,
            3.0,
            4.0,
            4.0,
            4.0,
            5.0,
            5.0,
            5.0,
            5.0,
            5.0,
            5.0,
            3.625,
            4.625,
            4.625,
            3.83984375,
            4.83984375,
            4.1875,
            5.1875,
            4.375,
            5.375,
            4.4609375,
            6.4609375,
            5.36328125,
            6.36328125,
            5.29296875,
            6.01953125,
            5.4609375,
            6.38671875
        ]
    },
    "run_count": 1,
    "seed": 23
}