{
    "dataset": "5_campaign",
    "model": "HST",
    "auc": 0.707358568137131,
    "total_runtime": 10.786901950836182,
    "total_memory_usage": 6.38671875,
    "Instances": 41188,
    "window_metric": {
        "window_size": 1000,
        "auc_scores": [
            0.6378562748563854,
            0.6929647565240785,
            0.7141545506380698,
            0.7127369269425876,
            0.7178394592567822,
            0.7088883548145656,
            0.7102643540486171,
            0.7089086308209848,
            0.7084962666663133,
            0.7118439889218287,
            0.712475157620614,
            0.7135103277635083,
            0.7128751726351303,
            0.7136871981351981,
            0.7121454663327645,
            0.7105933530937263,
            0.70972756720665,
            0.7115705183608239,
            0.7112633900682247,
            0.7115881956633936,
            0.708815104610073,
            0.7089551073688827,
            0.7076692661096393,
            0.7062395393913964,
            0.7077677246025622,
            0.7087644841694514,
            0.7074053440980823,
            0.708486292046004,
            0.7082646683367149,
            0.7080561409239127,
            0.7082680431913793,
            0.7079385664063759,
            0.7084314996700898,
            0.7074830659336,
            0.7075559717846804,
            0.7081562296609099,
            0.7081953491702895,
            0.708298289279586,
            0.706832825894053,
            0.7068746391228353,
            0.7070515142498609
        ],
        "runtimes": [
            0.2543034553527832,
            0.5039455890655518,
            0.7461514472961426,
            1.0007600784301758,
            1.2519402503967285,
            1.505908727645874,
            1.7567849159240723,
            2.008009910583496,
            2.2634243965148926,
            2.5189368724823,
            2.7764196395874023,
            3.028989791870117,
            3.2845542430877686,
            3.540323257446289,
            3.7945475578308105,
            4.054543972015381,
            4.306976318359375,
            4.5854151248931885,
            4.877549171447754,
            5.1309592723846436,
            5.393229007720947,
            5.651155710220337,
            5.911352634429932,
            6.177976131439209,
            6.443136692047119,
            6.706963062286377,
            6.970227003097534,
            7.236226320266724,
            7.508426189422607,
            7.7741639614105225,
            8.040252685546875,
            8.312578678131104,
            8.579784870147705,
            8.843379735946655,
            9.159886598587036,
            9.420909881591797,
            9.685826301574707,
            9.956516981124878,
            10.219996690750122,
            10.481294870376587,
            10.754169464111328
        ],
        "memory_usages": [
            2.0,
            2.0,
            2.0,
            2.0,
            3.0,
            3.0,
            3.0,
            3.0,
            3.0,
            3.0,
            4.0,
            4.0,
            4.0,
            4.0,
            4.0,
            4.0,
            5.0,
            5.0,
            5.0,
            5.0,
            5.0,
            5.0,
            6.0,
            4.58984375,
            5.58984375,
            5.58984375,
            4.796875,
            4.88671875,
            5.38671875,
            6.38671875,
            5.57421875,
            5.6484375,
            5.7421875,
            5.8984375,
            6.125,
            6.28125,
            6.06640625,
            6.453125,
            6.6796875,
            6.33203125,
            6.98828125
        ]
    },
    "run_count": 7,
    "seed": 28
}