{
    "dataset": "50_bank",
    "model": "HST",
    "auc": 0.6508725476274941,
    "total_runtime": 11.15222692489624,
    "total_memory_usage": 7.76953125,
    "Instances": 41188,
    "window_metric": {
        "window_size": 1000,
        "auc_scores": [
            0.5606523955147809,
            0.5722189795223503,
            0.5772676344856438,
            0.5731759015379483,
            0.568113214247665,
            0.5620000403086878,
            0.5542840484608064,
            0.536421935483871,
            0.5370078761551074,
            0.5371487007363299,
            0.5343034980392157,
            0.5241276009540258,
            0.5250648220120827,
            0.518054626132899,
            0.5165404944898807,
            0.5138568697474728,
            0.5112439917983703,
            0.5102880726130878,
            0.5042920628028509,
            0.5077570691773801,
            0.5020034427230828,
            0.5044586556368043,
            0.5053795680384103,
            0.5045157302757699,
            0.5267971607480482,
            0.5283090779512869,
            0.5243707536061887,
            0.539595785543769,
            0.5492373207130303,
            0.5509336762916526,
            0.561426318492785,
            0.5598413532486781,
            0.5586278252005247,
            0.5556248706118948,
            0.5534443541398393,
            0.5486302828780536,
            0.5672102837947256,
            0.5834188932421598,
            0.5979668915326007,
            0.6297220920470259,
            0.6498728564503379
        ],
        "runtimes": [
            0.18868398666381836,
            0.5841164588928223,
            1.000615119934082,
            1.3542253971099854,
            1.7143890857696533,
            1.9397468566894531,
            2.4020895957946777,
            2.7427878379821777,
            3.0408785343170166,
            3.399559259414673,
            3.6531238555908203,
            3.909842014312744,
            4.163402795791626,
            4.450470924377441,
            4.815831899642944,
            5.176418304443359,
            5.5721330642700195,
            5.825730800628662,
            6.076784610748291,
            6.324087142944336,
            6.571563243865967,
            6.818951606750488,
            7.086361408233643,
            7.362379312515259,
            7.602118492126465,
            7.837782382965088,
            8.06699824333191,
            8.299530267715454,
            8.529816627502441,
            8.754378318786621,
            8.974093914031982,
            9.19120454788208,
            9.40285873413086,
            9.612634181976318,
            9.82986855506897,
            10.04193639755249,
            10.260282754898071,
            10.479045152664185,
            10.694560050964355,
            10.912599086761475,
            11.128252506256104
        ],
        "memory_usages": [
            3.0,
            3.0,
            3.0,
            3.0,
            3.0,
            3.0,
            4.0,
            4.0,
            4.0,
            4.0,
            4.0,
            5.0,
            5.0,
            5.0,
            5.0,
            5.0,
            5.0,
            5.0,
            5.0,
            5.0,
            5.0,
            6.0,
            6.0,
            6.0,
            6.0,
            4.86328125,
            5.86328125,
            5.86328125,
            5.29296875,
            6.29296875,
            6.29296875,
            5.58984375,
            6.58984375,
            5.87109375,
            6.46484375,
            6.10546875,
            6.71484375,
            6.53515625,
            7.53515625,
            7.41796875,
            6.76953125
        ]
    },
    "run_count": 8,
    "seed": 36
}