{
    "dataset": "51_kddcup99_u2r",
    "model": "HST",
    "auc": 0.9421059942364949,
    "total_runtime": 18.61114764213562,
    "total_memory_usage": 8.9765625,
    "Instances": 60821,
    "window_metric": {
        "window_size": 1000,
        "auc_scores": [
            NaN,
            0.9384692346173087,
            0.9319773257752585,
            0.940735183795949,
            0.938987797559512,
            0.939489914985831,
            0.9672478681339622,
            0.9214138319159579,
            0.8999678691036715,
            0.8946796796796797,
            0.8870275233911599,
            0.8745858263211842,
            0.8796747591522158,
            0.8850093420114079,
            0.8863457597314018,
            0.887919941661162,
            0.8895853991720465,
            0.8876656991769711,
            0.8857154784503972,
            0.8876624457949911,
            0.9263401614714807,
            0.9353113324283089,
            0.9364631946598652,
            0.9311790262130805,
            0.9360917827318855,
            0.9368195713187579,
            0.9403746090288077,
            0.9410665107648584,
            0.9417322311619668,
            0.9420506660299838,
            0.9427378099253099,
            0.9432325605242796,
            0.9436249672378576,
            0.9442828788117977,
            0.9439908547023427,
            0.9396839372366508,
            0.9397848973791436,
            0.9403373612331293,
            0.9409507009210719,
            0.9418113256839186,
            0.9422603548976771,
            0.9423449222525033,
            0.9414464302412567,
            0.9419395045230263,
            0.9425446548214604,
            0.9431366288323264,
            0.9439032721658055,
            0.9430197569626141,
            0.9427117523444777,
            0.9431663864028239,
            0.9427664183222476,
            0.9430625307881668,
            0.9429196831813358,
            0.9434152590048343,
            0.9432124786393116,
            0.9418757011488752,
            0.9415215107892326,
            0.9418991367760259,
            0.9423683897093854,
            0.9426311577561988
        ],
        "runtimes": [
            0.31307220458984375,
            0.856651782989502,
            1.3802812099456787,
            2.198542356491089,
            2.7564234733581543,
            3.152531385421753,
            3.6723480224609375,
            4.14399790763855,
            4.721910238265991,
            5.268902778625488,
            5.772781610488892,
            6.031739711761475,
            6.32246208190918,
            6.61847710609436,
            6.912825107574463,
            7.208230018615723,
            7.492979526519775,
            7.77982497215271,
            8.105865955352783,
            8.393524885177612,
            8.67726993560791,
            8.958638668060303,
            9.241181373596191,
            9.520819902420044,
            9.801616907119751,
            10.119713544845581,
            10.40055227279663,
            10.674584150314331,
            10.942077159881592,
            11.210082054138184,
            11.475406408309937,
            11.743784189224243,
            12.00722861289978,
            12.278180122375488,
            12.540276765823364,
            12.800418138504028,
            13.061043500900269,
            13.31779146194458,
            13.574293375015259,
            13.826234579086304,
            14.080826044082642,
            14.333913564682007,
            14.587802171707153,
            14.836335897445679,
            15.08629298210144,
            15.334454774856567,
            15.58402132987976,
            15.829581499099731,
            16.08061408996582,
            16.310040950775146,
            16.535218715667725,
            16.75019335746765,
            16.968279123306274,
            17.179604530334473,
            17.390072107315063,
            17.608620643615723,
            17.823750257492065,
            18.034762859344482,
            18.244429111480713,
            18.452937364578247
        ],
        "memory_usages": [
            3.0,
            4.0,
            4.0,
            4.0,
            4.0,
            4.0,
            4.0,
            4.0,
            4.0,
            4.0,
            4.0,
            4.0,
            4.0,
            4.0,
            4.0,
            4.0,
            4.0,
            5.0,
            5.0,
            5.0,
            5.0,
            5.0,
            5.0,
            5.0,
            6.0,
            6.0,
            6.0,
            6.0,
            6.0,
            5.41015625,
            6.41015625,
            6.41015625,
            7.41015625,
            7.41015625,
            7.41015625,
            6.33984375,
            7.33984375,
            7.33984375,
            6.5625,
            7.5625,
            6.6875,
            6.75,
            6.80859375,
            6.91015625,
            6.97265625,
            7.03125,
            7.703125,
            7.828125,
            7.953125,
            8.17578125,
            8.30078125,
            8.4296875,
            7.91796875,
            8.6796875,
            8.05859375,
            9.03515625,
            8.24609375,
            8.31640625,
            8.38671875,
            8.453125
        ]
    },
    "run_count": 4,
    "seed": 67
}