{
    "dataset": "1_ALOI",
    "model": "HST",
    "auc": 0.7174304402533509,
    "total_runtime": 15.26199984550476,
    "total_memory_usage": 6.33984375,
    "Instances": 49534,
    "window_metric": {
        "window_size": 1000,
        "auc_scores": [
            NaN,
            0.5681756917038666,
            0.6001632935336828,
            0.617001726479642,
            0.5993473904734126,
            0.6133556620552659,
            0.6411107258013101,
            0.6286470105626839,
            0.6580849811859439,
            0.6771585458493624,
            0.6681292273487879,
            0.6712368827683287,
            0.6917518910629561,
            0.6985385235410079,
            0.6773422466285159,
            0.6838227676698605,
            0.6991660708256371,
            0.7116742077663569,
            0.6911240894662873,
            0.6803595905835831,
            0.6839583171168366,
            0.6847367103472094,
            0.6972210003746999,
            0.7076859865529553,
            0.714479075443483,
            0.7048959796757106,
            0.6866173441420849,
            0.6828480275913332,
            0.6760569074157478,
            0.6821461308325739,
            0.6861217770336316,
            0.683977769009117,
            0.6860583471832853,
            0.6871893746708025,
            0.679608927552595,
            0.687348425237421,
            0.6945768366824397,
            0.691927008601282,
            0.6977241793899233,
            0.7044564153466316,
            0.7046542314180544,
            0.7083575764777585,
            0.7076713167806341,
            0.7102615945682146,
            0.7157144635398662,
            0.7160052735615332,
            0.7153101918289886,
            0.7163509177928788,
            0.7142737539936923
        ],
        "runtimes": [
            0.3460211753845215,
            0.6673731803894043,
            0.9580256938934326,
            1.2446186542510986,
            1.5835165977478027,
            1.87412691116333,
            2.165358543395996,
            2.448151111602783,
            2.7417521476745605,
            3.028918981552124,
            3.3133676052093506,
            3.610856771469116,
            3.8990015983581543,
            4.191542387008667,
            4.476405382156372,
            4.770742654800415,
            5.11330509185791,
            5.406715631484985,
            5.701819181442261,
            5.9885571002960205,
            6.32925009727478,
            6.665471076965332,
            7.005284547805786,
            7.293591022491455,
            7.588561773300171,
            7.8811094760894775,
            8.172335863113403,
            8.514775276184082,
            8.794539213180542,
            9.08709192276001,
            9.391011238098145,
            9.730902433395386,
            10.076167821884155,
            10.372962474822998,
            10.672665119171143,
            10.97368335723877,
            11.275621175765991,
            11.580785274505615,
            11.879860639572144,
            12.229197263717651,
            12.583295822143555,
            12.884296894073486,
            13.19668698310852,
            13.498801469802856,
            13.810792684555054,
            14.109931230545044,
            14.419731140136719,
            14.725224494934082,
            15.026930332183838
        ],
        "memory_usages": [
            2.0,
            3.0,
            3.0,
            3.0,
            3.0,
            3.0,
            3.0,
            3.0,
            3.0,
            3.0,
            4.0,
            4.0,
            4.0,
            4.0,
            4.0,
            4.0,
            4.0,
            5.0,
            5.0,
            5.0,
            5.0,
            5.0,
            5.0,
            5.0,
            6.0,
            6.0,
            6.0,
            6.0,
            6.0,
            6.0,
            6.0,
            6.0,
            6.0,
            6.0,
            6.0,
            5.37890625,
            6.37890625,
            6.37890625,
            5.6015625,
            6.6015625,
            5.72265625,
            5.78515625,
            5.84765625,
            6.28515625,
            6.35546875,
            6.421875,
            6.4921875,
            6.578125,
            6.70703125
        ]
    },
    "run_count": 5,
    "seed": 12
}