{
    "dataset": "8_celeba",
    "model": "HST",
    "auc": 0.7162246535933403,
    "total_runtime": 77.92282199859619,
    "total_memory_usage": 22.84765625,
    "Instances": 202599,
    "window_metric": {
        "window_size": 1000,
        "auc_scores": [
            0.6440562546262028,
            0.650693699065792,
            0.6910377107222887,
            0.6821175262432381,
            0.6918839447423559,
            0.6975239890335845,
            0.6965655781424077,
            0.7067161741505985,
            0.6993666598929756,
            0.6987702783469946,
            0.6964050714632597,
            0.6947801314859614,
            0.7005027387041128,
            0.706547602306286,
            0.7055779904421025,
            0.7086461949839602,
            0.7092083901653568,
            0.7104450605843206,
            0.7059482216877019,
            0.7079839193255344,
            0.7114335184903926,
            0.7133873100257895,
            0.7164310669003764,
            0.7160773057126224,
            0.7138938077755942,
            0.7176375454144847,
            0.718919091152421,
            0.719184371093025,
            0.7202009262033704,
            0.7211328029192291,
            0.7200197141198381,
            0.7169503300914843,
            0.7178640252677635,
            0.7159804022353304,
            0.7146300303974307,
            0.7157779988001642,
            0.7151028776427245,
            0.7125470087551206,
            0.7118348223817754,
            0.7096953696501112,
            0.7099393443047121,
            0.7121704874029702,
            0.7136051809773623,
            0.7134394943445461,
            0.7122215763616473,
            0.71474226260443,
            0.7167981206002908,
            0.7179885831611794,
            0.7182674065685095,
            0.7168358116919264,
            0.715374426018689,
            0.7148175756271481,
            0.715819291000806,
            0.7154988553556165,
            0.7162528731787201,
            0.7153735894219924,
            0.7160841826498676,
            0.7144692938766902,
            0.7162914744694839,
            0.7161692635795627,
            0.7167259263247332,
            0.7165734932544295,
            0.715336509538513,
            0.7149406083053147,
            0.7148411992019374,
            0.7140042887910562,
            0.7134448251374217,
            0.7143223214715764,
            0.7147823180594584,
            0.7147273022854805,
            0.7145507856694859,
            0.7137641204247932,
            0.713568996079057,
            0.7136705254778432,
            0.7136955997652552,
            0.7146625959939831,
            0.7150057361656108,
            0.7139528827463755,
            0.713046870643595,
            0.7138529268606313,
            0.7134630133013011,
            0.713896491862639,
            0.71360613931794,
            0.7140087397189877,
            0.7143689560252092,
            0.714225702794057,
            0.7148794812180826,
            0.7155761921399898,
            0.7150622701499079,
            0.7154260227272726,
            0.715372747739041,
            0.714775851967419,
            0.7144429107228919,
            0.7138695722740889,
            0.7143683124397787,
            0.7142186070790666,
            0.7149502773123451,
            0.7154160012616613,
            0.7149334437856777,
            0.7141379356239057,
            0.7133845563205445,
            0.7120945641830244,
            0.7117374339832337,
            0.7110608963189552,
            0.711927742545572,
            0.7115074067213806,
            0.7116112153878656,
            0.7122691460811064,
            0.7123036340111871,
            0.7126751235520657,
            0.7120286033629648,
            0.7120093147230959,
            0.7124041026782011,
            0.7124813687384186,
            0.7133549526542817,
            0.7131524824339786,
            0.7128225236977225,
            0.712361893342992,
            0.7129929907305423,
            0.7130958323845,
            0.7132784659968949,
            0.7126555566309294,
            0.7127060131255727,
            0.7130676052188822,
            0.7130436732824966,
            0.7132196511999827,
            0.7125821154159131,
            0.7128180114982989,
            0.7114272841828835,
            0.711379121848444,
            0.7121334425494168,
            0.712814889606842,
            0.7129343452051077,
            0.7137089416421744,
            0.7138379835497579,
            0.7142786083737769,
            0.714591671124817,
            0.714146126950986,
            0.7136500661476948,
            0.7129574499123194,
            0.7132016478003989,
            0.7126578107969118,
            0.7123144813691331,
            0.7121852441014085,
            0.7122617103677229,
            0.7122064910399795,
            0.7124795393533869,
            0.7116484204700321,
            0.7118187855872249,
            0.7114883794343827,
            0.7116020398374455,
            0.7116907744542186,
            0.7121176186116429,
            0.7121977247319895,
            0.7119178093229623,
            0.7124788146419363,
            0.7123718231350842,
            0.7123222852099498,
            0.7127893461897195,
            0.7130630423819554,
            0.7127738977172573,
            0.7122725290827014,
            0.7123130721254464,
            0.7119936712333576,
            0.712345406817692,
            0.7128753949213107,
            0.713100406883975,
            0.7133537298967076,
            0.7128055862053825,
            0.7127994070507809,
            0.7129076900751417,
            0.7126603399971414,
            0.7129409790797262,
            0.7120149102529864,
            0.711839830056001,
            0.7120278032921896,
            0.7123634357334038,
            0.7125431358765093,
            0.7126921397405352,
            0.7130412367034547,
            0.7132969565919247,
            0.7136217281107584,
            0.7138222753762673,
            0.7142418511095966,
            0.7144169825746809,
            0.7148381858486338,
            0.7149179426526766,
            0.7144019185046937,
            0.7148573590637752,
            0.714587934339465,
            0.7144069915104287,
            0.7146789193553161,
            0.7152292857434372,
            0.7155824304299209,
            0.7153954546436471,
            0.7157856598881198,
            0.7157198303289001,
            0.7161154516624982,
            0.7161908231046721,
            0.7162168302714758,
            0.7162162953774429,
            0.7159395940336342
        ],