{
    "dataset": "49_kddcup99_prob",
    "model": "HST",
    "auc": 0.6811815360396434,
    "total_runtime": 18.655559062957764,
    "total_memory_usage": 12.77734375,
    "Instances": 64759,
    "window_metric": {
        "window_size": 1000,
        "auc_scores": [
            0.9381520318044771,
            0.46787044817188583,
            0.4340797044323383,
            0.4638215721207072,
            0.5092860414585496,
            0.519341619837891,
            0.5275242042607806,
            0.5419342850448792,
            0.5510629511139905,
            0.564263342917657,
            0.5687816699396172,
            0.4353208664401795,
            0.4727975422260244,
            0.5487239948678014,
            0.5925240085889812,
            0.5960387823884703,
            0.5999330456107292,
            0.6062958807748837,
            0.6155315703937008,
            0.6162835230113711,
            0.6279131702765557,
            0.6276088162460757,
            0.6305050996675424,
            0.6329199595244118,
            0.6347321054712539,
            0.6366174311813536,
            0.6451809557005788,
            0.6449024734256222,
            0.6543470007427883,
            0.6545069566358995,
            0.6548344375817925,
            0.6589504582230191,
            0.6600779661162051,
            0.6600116384776541,
            0.6603325222077812,
            0.6601942151102441,
            0.659804145835329,
            0.6594919109011725,
            0.6596791891786201,
            0.677081116514036,
            0.6772489747809752,
            0.6773897247272259,
            0.6776496407062892,
            0.6781343995340047,
            0.6783225477509344,
            0.6777816686446478,
            0.6781260241063947,
            0.6786220817504504,
            0.6791323307106891,
            0.679699631008434,
            0.6805803379196353,
            0.6807065163508063,
            0.6807098781420763,
            0.6805551109200301,
            0.6805388186270274,
            0.6804311487028151,
            0.6803974675021378,
            0.6806452165465384,
            0.6815760682558317,
            0.6803728371586916,
            0.6801982028635297,
            0.6803932388908338,
            0.6806260140759754,
            0.680738166360119
        ],
        "runtimes": [
            0.2652411460876465,
            0.6590478420257568,
            0.9313790798187256,
            1.48032546043396,
            2.0655317306518555,
            2.4609150886535645,
            2.8470163345336914,
            3.116856336593628,
            3.362779378890991,
            3.667745351791382,
            4.061498403549194,
            4.5120110511779785,
            5.003688335418701,
            5.3665611743927,
            5.721940517425537,
            5.962202310562134,
            6.3138628005981445,
            6.75299596786499,
            7.019237041473389,
            7.348443031311035,
            7.639603137969971,
            7.923516035079956,
            8.20797061920166,
            8.490946531295776,
            8.7722806930542,
            9.054702758789062,
            9.375785112380981,
            9.655314922332764,
            9.93428921699524,
            10.211760759353638,
            10.489466905593872,
            10.765243530273438,
            11.041183948516846,
            11.314253091812134,
            11.584834575653076,
            11.849951982498169,
            12.112867832183838,
            12.374608278274536,
            12.629857063293457,
            12.885503768920898,
            13.12970757484436,
            13.373794555664062,
            13.621549606323242,
            13.867467403411865,
            14.11395525932312,
            14.360872507095337,
            14.604533910751343,
            14.84509801864624,
            15.088704586029053,
            15.328368663787842,
            15.55084753036499,
            15.771799087524414,
            15.994880676269531,
            16.221282243728638,
            16.45401406288147,
            16.700845956802368,
            16.940011024475098,
            17.17701745033264,
            17.411064386367798,
            17.6495623588562,
            17.88085126876831,
            18.09493851661682,
            18.30006980895996,
            18.499340057373047
        ],
        "memory_usages": [
            4.0,
            4.0,
            4.0,
            4.0,
            4.0,
            4.0,
            5.0,
            5.0,
            5.0,
            6.0,
            6.0,
            6.0,
            6.0,
            6.0,
            6.0,
            6.0,
            6.0,
            6.0,
            6.0,
            7.0,
            7.0,
            7.0,
            7.0,
            7.0,
            7.0,
            7.0,
            7.0,
            8.0,
            8.0,
            8.0,
            8.0,
            8.0,
            8.0,
            7.2578125,
            8.2578125,
            7.72265625,
            8.72265625,
            8.72265625,
            8.171875,
            8.0,
            9.0,
            9.0,
            8.515625,
            8.3203125,
            8.84765625,
            8.4609375,
            9.09375,
            8.6015625,
            9.33984375,
            8.78515625,
            9.67578125,
            8.921875,
            9.91796875,
            9.05859375,
            9.12890625,
            9.296875,
            9.359375,
            9.421875,
            9.48046875,
            9.54296875,
            10.5390625,
            9.66796875,
            11.6640625,
            10.77734375
        ]
    },
    "run_count": 3,
    "seed": 70
}