{
    "dataset": "5_campaign",
    "model": "HST",
    "auc": 0.6991093343708605,
    "total_runtime": 10.377199411392212,
    "total_memory_usage": 7.4375,
    "Instances": 41188,
    "window_metric": {
        "window_size": 1000,
        "auc_scores": [
            0.6423166151126823,
            0.6794325781159921,
            0.6960541248170602,
            0.6943406185306342,
            0.6966833875495293,
            0.6948637309364077,
            0.7013193658121442,
            0.7026635579077337,
            0.6991236211993251,
            0.7006980905757528,
            0.7025653999477616,
            0.7016806188231892,
            0.7040925109351024,
            0.705916344988345,
            0.7034577715989505,
            0.7032792789273647,
            0.7023155760548347,
            0.704461442118447,
            0.704011503750001,
            0.701695740505854,
            0.6991211164995706,
            0.7006523944894784,
            0.6982393346994712,
            0.6985562595645288,
            0.7005343146782615,
            0.7020387904190741,
            0.7016499164667919,
            0.70154725078583,
            0.7006197615214086,
            0.7004367799055962,
            0.7005772113084172,
            0.6995381503572616,
            0.6995085762875014,
            0.6986975286258634,
            0.698288937199213,
            0.6979438779916778,
            0.6984226460022939,
            0.6988494836808372,
            0.6977738937624095,
            0.698501140677825,
            0.6988736662039231
        ],
        "runtimes": [
            0.2553904056549072,
            0.49740076065063477,
            0.7407810688018799,
            0.9828195571899414,
            1.2285478115081787,
            1.4725100994110107,
            1.7286391258239746,
            2.016677141189575,
            2.332416296005249,
            2.566638231277466,
            2.821854829788208,
            3.1079800128936768,
            3.361626386642456,
            3.619915246963501,
            3.8367512226104736,
            4.125262975692749,
            4.339001178741455,
            4.60680627822876,
            4.923228740692139,
            5.14633584022522,
            5.390699148178101,
            5.628236770629883,
            5.843337774276733,
            6.058952808380127,
            6.2822887897491455,
            6.500391244888306,
            6.725546836853027,
            6.950732469558716,
            7.177942514419556,
            7.416427850723267,
            7.703860521316528,
            7.957778692245483,
            8.210121631622314,
            8.464803695678711,
            8.723790168762207,
            8.979818344116211,
            9.238029479980469,
            9.459892988204956,
            9.751754760742188,
            10.075440168380737,
            10.34709119796753
        ],
        "memory_usages": [
            2.0,
            2.0,
            2.0,
            2.0,
            2.0,
            3.0,
            3.0,
            3.0,
            3.0,
            3.0,
            3.0,
            3.0,
            3.0,
            3.0,
            3.0,
            3.0,
            3.0,
            3.0,
            4.0,
            4.0,
            4.0,
            2.87890625,
            3.87890625,
            3.87890625,
            3.0859375,
            4.0859375,
            3.2109375,
            3.7265625,
            4.7265625,
            5.4453125,
            5.5859375,
            5.6875,
            6.16015625,
            6.02734375,
            6.65234375,
            6.47265625,
            7.21875,
            6.62890625,
            6.73828125,
            6.79296875,
            6.87109375
        ]
    },
    "run_count": 3,
    "seed": 24
}