{
    "dataset": "3_backdoor",
    "model": "HST",
    "auc": 0.5648329455163275,
    "total_runtime": 31.279581785202026,
    "total_memory_usage": 11.89453125,
    "Instances": 95329,
    "window_metric": {
        "window_size": 1000,
        "auc_scores": [
            0.48938818429580033,
            0.6131026475172334,
            0.6370929259538447,
            0.6553856166612432,
            0.6652212086612064,
            0.6745873614107045,
            0.6790712832392345,
            0.6790340837630486,
            0.6815131817446003,
            0.6800731748834595,
            0.6754876546545932,
            0.6705663773332946,
            0.665951254256625,
            0.6625697228930996,
            0.6586645627416908,
            0.6546912163398366,
            0.6522389263651893,
            0.6368868086480317,
            0.6329212071087735,
            0.6301182795808915,
            0.262608024691358,
            0.25395781761030317,
            0.25596710441896164,
            0.26288077353018885,
            0.26332105875395,
            0.26645066297586784,
            0.2798127031225215,
            0.27844911112041204,
            0.2781951240623667,
            0.28055197427002077,
            0.2770431821015501,
            0.27979981667505727,
            0.28199207359541933,
            0.28092846303975993,
            0.2867619571105288,
            0.2831544977649529,
            0.2791209795851004,
            0.27979065935806413,
            0.2885885371555287,
            0.2954356269210362,
            0.2990682554608345,
            0.29981550652194044,
            0.29942404722919475,
            0.29753585151392553,
            0.29538759266179626,
            0.2934350754855586,
            0.29190765671076846,
            0.2908524169939848,
            0.2893364290805389,
            0.2878194915666934,
            0.28538175152674383,
            0.2835625174993514,
            0.28273340477738373,
            0.2807608482289463,
            0.27908736079757135,
            0.27761380106685896,
            0.27636854528872556,
            0.27421034422691615,
            0.27283874724429796,
            0.27159695013679375,
            0.27054085313475007,
            0.2696247157363725,
            0.26869072179312103,
            0.2676385316488961,
            0.26635023126412805,
            0.26570816525233776,
            0.2646651977522029,
            0.26386493005782524,
            0.2629153186852765,
            0.2620804647657131,
            0.2613031324227779,
            0.2603904937231049,
            0.25946689166429865,
            0.25815419477791646,
            0.25689466370156344,
            0.2558725231566123,
            0.25467819422056615,
            0.25406882391014635,
            0.2534947910422424,
            0.2561874743669621,
            0.25638845724209725,
            0.25879237294161306,
            0.2586538073513993,
            0.25786331792177397,
            0.25710543454834434,
            0.4751782167433912,
            0.5090629589304492,
            0.5079202137418384,
            0.5196075046260977,
            0.5365085574561934,
            0.5410992754796775,
            0.5597088949487873,
            0.5712680532835863,
            0.5745034971523157,
            0.5808088521505377
        ],
        "runtimes": [
            0.3654193878173828,
            0.693291187286377,
            0.9884653091430664,
            1.285264492034912,
            1.580359935760498,
            1.8733124732971191,
            2.169070243835449,
            2.4652867317199707,
            2.761291742324829,
            3.0604071617126465,
            3.3606112003326416,
            3.6562063694000244,
            3.9572324752807617,
            4.359652996063232,
            4.704378604888916,
            5.000999450683594,
            5.303299188613892,
            5.604250907897949,
            5.908942461013794,
            6.211443662643433,
            6.514052391052246,
            6.818370819091797,
            7.121166706085205,
            7.419012784957886,
            7.773443698883057,
            8.078810691833496,
            8.382953643798828,
            8.687960386276245,
            8.996236801147461,
            9.304001092910767,
            9.613309383392334,
            9.917742490768433,
            10.23357343673706,
            10.540916204452515,
            10.848427295684814,
            11.163067817687988,
            11.473536014556885,
            11.779497623443604,
            12.102646589279175,
            12.4641592502594,
            12.807266473770142,
            13.120274305343628,
            13.432027339935303,
            13.78384518623352,
            14.13992166519165,
            14.447320222854614,
            14.758855819702148,
            15.064767122268677,
            15.386322021484375,
            15.747349739074707,
            16.055894136428833,
            16.41742491722107,
            16.778201818466187,
            17.09176778793335,
            17.455423831939697,
            17.843472242355347,
            18.201648235321045,
            18.522502422332764,
            18.841352701187134,
            19.15691304206848,
            19.474767684936523,
            19.795776844024658,
            20.115342617034912,
            20.436522006988525,
            20.760550498962402,
            21.086443185806274,
            21.45636773109436,
            21.847845792770386,
            22.2159423828125,
            22.532976865768433,
            22.85193943977356,
            23.180126428604126,
            23.55417776107788,
            23.88024926185608,
            24.26830792427063,
            24.55825185775757,
            24.885794401168823,
            25.221271276474,
            25.55454444885254,
            25.888234615325928,
            26.21807098388672,
            26.550894260406494,
            26.885568857192993,
            27.220043420791626,
            27.5540931224823,
            27.894073009490967,
            28.229947090148926,
            28.56134343147278,
            28.89033079147339,
            29.222451210021973,
            29.631173133850098,
            30.007818937301636,
            30.336494207382202,
            30.698837995529175,
            31.108994007110596
        ],