{
    "dataset": "34_smtp",
    "model": "HST",
    "auc": 0.8740036022398363,
    "total_runtime": 30.75416851043701,
    "total_memory_usage": 10.6875,
    "Instances": 95156,
    "window_metric": {
        "window_size": 1000,
        "auc_scores": [
            NaN,
            NaN,
            NaN,
            NaN,
            NaN,
            NaN,
            NaN,
            NaN,
            NaN,
            NaN,
            NaN,
            NaN,
            NaN,
            NaN,
            0.9928638121915433,
            0.9844007871780437,
            0.9840511522385896,
            0.983787436225308,
            0.9842604859195158,
            0.9830158834011338,
            0.9830444487613211,
            0.9829829514643268,
            0.9819730884680639,
            0.982423171525602,
            0.9834678848726716,
            0.9835076029950193,
            0.9838778837704206,
            0.9839715776255475,
            0.9835363870242777,
            0.9834613295728483,
            0.9835640058643996,
            0.9834615144125555,
            0.9830967250175399,
            0.9817550924330186,
            0.9816559276771933,
            0.9817071718366667,
            0.9817826822504268,
            0.9818993463757324,
            0.9818506276978549,
            0.9819919114547234,
            0.9823702867181129,
            0.981963375546951,
            0.981818000545028,
            0.9819488018915109,
            0.9821706435652997,
            0.982073736727327,
            0.9823154009400976,
            0.9824800090502587,
            0.9823652238832086,
            0.9843037271927016,
            0.9845539777185,
            0.9842114881502001,
            0.984111948890231,
            0.9843448984884411,
            0.9843147552015131,
            0.8554197409557838,
            0.8556545853444493,
            0.8568389823199655,
            0.8574073760067826,
            0.8582215923301375,
            0.8590576465764657,
            0.8624586214665765,
            0.8624189908549872,
            0.8631019683651262,
            0.8628182304786433,
            0.8631157190567859,
            0.8632013674941422,
            0.8722147731360078,
            0.8733280704184018,
            0.8736969355284628,
            0.8742254607151343,
            0.8749850873843344,
            0.8754814737455928,
            0.8747412196485203,
            0.8747198341979587,
            0.8754379506880802,
            0.8755729318565567,
            0.8759538802888254,
            0.8748645836380793,
            0.8747175161340813,
            0.8752844249473736,
            0.8743138342870628,
            0.8739247905063631,
            0.8745465901815856,
            0.8737593637423559,
            0.8728781437525646,
            0.8730302094356461,
            0.8735265030521422,
            0.8762564160203815,
            0.875907895224334,
            0.8761089736543183,
            0.875316588742706,
            0.8745724427234591,
            0.8740186584370899,
            0.8740121441858832
        ],
        "runtimes": [
            0.34545207023620605,
            0.628582239151001,
            0.9128286838531494,
            1.1976544857025146,
            1.5374598503112793,
            1.8785820007324219,
            2.204364061355591,
            2.4686508178710938,
            2.7636470794677734,
            3.036496877670288,
            3.332023859024048,
            3.6127805709838867,
            3.8986456394195557,
            4.181756019592285,
            4.469608545303345,
            4.765650987625122,
            5.104259252548218,
            5.458590030670166,
            5.814929962158203,
            6.111851692199707,
            6.403819561004639,
            6.708894729614258,
            7.005918502807617,
            7.347596645355225,
            7.722906112670898,
            8.109540462493896,
            8.490869522094727,
            8.778873920440674,
            9.128665208816528,
            9.43151307106018,
            9.730034351348877,
            10.03176760673523,
            10.334113121032715,
            10.632707118988037,
            10.987163782119751,
            11.337019205093384,
            11.634710311889648,
            11.941162347793579,
            12.239436864852905,
            12.549111366271973,
            12.85073709487915,
            13.152649879455566,
            13.4635009765625,
            13.77109956741333,
            14.083536386489868,
            14.405582427978516,
            14.719013214111328,
            15.036700963973999,
            15.351939678192139,
            15.671427726745605,
            15.987789869308472,
            16.30949306488037,
            16.62791609764099,
            16.942826986312866,
            17.258808851242065,
            17.57704472541809,
            17.896209716796875,
            18.19388723373413,
            18.512611865997314,
            18.827199697494507,
            19.14448070526123,
            19.46323275566101,
            19.78137183189392,
            20.102669715881348,
            20.44715189933777,
            20.75295662879944,
            21.068645238876343,
            21.379801273345947,
            21.682003259658813,
            22.002830982208252,
            22.317484855651855,
            22.69961380958557,
            23.065751552581787,
            23.426873922348022,
            23.806200981140137,
            24.12798523902893,
            24.444939613342285,
            24.769770860671997,
            25.092628717422485,
            25.422637462615967,
            25.749465227127075,
            26.07667875289917,
            26.412617206573486,
            26.737996101379395,
            27.07380247116089,
            27.41659140586853,
            27.747849702835083,
            28.138206005096436,
            28.473445653915405,
            28.80875825881958,
            29.149388074874878,
            29.490136861801147,
            29.84464693069458,
            30.315995931625366,
            30.69617795944214
        ],