{
    "dataset": "34_smtp",
    "model": "HST",
    "auc": 0.8727259985002348,
    "total_runtime": 31.502620220184326,
    "total_memory_usage": 13.71875,
    "Instances": 95156,
    "window_metric": {
        "window_size": 1000,
        "auc_scores": [
            NaN,
            NaN,
            NaN,
            NaN,
            NaN,
            NaN,
            NaN,
            NaN,
            NaN,
            NaN,
            NaN,
            NaN,
            NaN,
            NaN,
            0.9916411008847984,
            0.9857624704687944,
            0.98527833501637,
            0.9849164567572306,
            0.985244965178604,
            0.9841396907990194,
            0.9841367000084301,
            0.9839625512977949,
            0.9830238496006104,
            0.9835006782520019,
            0.9844884563927228,
            0.9845328803421622,
            0.9849022244338335,
            0.9849159273514309,
            0.9845294772846004,
            0.9844617964573944,
            0.9845068279683912,
            0.9843659279506213,
            0.9840473447609809,
            0.9831359131070777,
            0.9829768642150738,
            0.9830052957102364,
            0.9830843330681107,
            0.9830463855104512,
            0.9829865666063275,
            0.9830762195339798,
            0.9833950268732877,
            0.9829671114861416,
            0.9827967245149584,
            0.9829182662015836,
            0.9830836260169831,
            0.9829389068722779,
            0.9830998291284334,
            0.9832287393346869,
            0.9831045021609672,
            0.9847176096350833,
            0.9849487093990271,
            0.9845661645891043,
            0.9844575720972369,
            0.9846621221102548,
            0.9846125691110141,
            0.8519903528360875,
            0.8522509872751207,
            0.853365761103924,
            0.8540330648579907,
            0.8547761567319716,
            0.8556477244772448,
            0.8605975959662242,
            0.8606975005749083,
            0.8612371770266506,
            0.8610693558748905,
            0.8613220559926029,
            0.8614494177034305,
            0.8706765917919357,
            0.8718356890627195,
            0.8721652664971055,
            0.8726011935909713,
            0.8732276745566581,
            0.8737202639310184,
            0.8730690825248851,
            0.8731224349277124,
            0.8738052950331774,
            0.8738149925699737,
            0.8741048285414692,
            0.8730834845964843,
            0.8730276794303452,
            0.8735256002681249,
            0.8724923322335612,
            0.8721846727502214,
            0.8727557420275226,
            0.8719729530440202,
            0.8711654571569644,
            0.8712646585722787,
            0.8717092897777049,
            0.8747195683938407,
            0.8744900151902486,
            0.8747297643911913,
            0.8739962306549238,
            0.873264493922771,
            0.8727306587208684,
            0.8727636797585202
        ],
        "runtimes": [
            0.25913286209106445,
            0.5983231067657471,
            1.1520416736602783,
            1.4502382278442383,
            1.7605159282684326,
            2.2081637382507324,
            2.463529348373413,
            2.7180893421173096,
            2.9807894229888916,
            3.24562406539917,
            3.508140802383423,
            3.7663650512695312,
            4.119004487991333,
            4.429816484451294,
            4.786316156387329,
            5.166328191757202,
            5.522421836853027,
            5.800729990005493,
            6.076184272766113,
            6.357210636138916,
            6.640409231185913,
            6.939741611480713,
            7.228750467300415,
            7.61833119392395,
            7.956109523773193,
            8.24760389328003,
            8.540672063827515,
            8.836718559265137,
            9.137391567230225,
            9.442626237869263,
            9.838917255401611,
            10.277222633361816,
            10.639620780944824,
            10.972388744354248,
            11.366231918334961,
            11.673382997512817,
            11.981111288070679,
            12.286288976669312,
            12.654261589050293,
            13.015035629272461,
            13.326905965805054,
            13.643007040023804,
            13.962416887283325,
            14.27681589126587,
            14.626094579696655,
            15.06181788444519,
            15.36276364326477,
            15.709024429321289,
            16.13675284385681,
            16.489526510238647,
            16.835295915603638,
            17.219947576522827,
            17.68349528312683,
            18.00741171836853,
            18.360654830932617,
            18.67277503013611,
            18.9760639667511,
            19.28247904777527,
            19.589061498641968,
            19.89367985725403,
            20.249887943267822,
            20.60750436782837,
            20.916887283325195,
            21.230605363845825,
            21.54383897781372,
            21.855971813201904,
            22.227120399475098,
            22.509381532669067,
            22.85784673690796,
            23.215673685073853,
            23.526034832000732,
            23.83461594581604,
            24.154268980026245,
            24.471473932266235,
            24.789427518844604,
            25.064287900924683,
            25.33918309211731,
            25.652546644210815,
            25.96608257293701,
            26.280126810073853,
            26.59443473815918,
            26.91341233253479,
            27.232102632522583,
            27.53750729560852,
            27.890445232391357,
            28.26035451889038,
            28.57659649848938,
            28.892182111740112,
            29.209673643112183,
            29.533326387405396,
            29.901004791259766,
            30.461501598358154,
            30.799107551574707,
            31.12363624572754,
            31.448522329330444
        ],