{
    "dataset": "8_celeba",
    "model": "HST",
    "auc": 0.7300563048197648,
    "total_runtime": 70.89220595359802,
    "total_memory_usage": 25.87890625,
    "Instances": 202599,
    "window_metric": {
        "window_size": 1000,
        "auc_scores": [
            0.6671502590673575,
            0.6886185648976346,
            0.7168588484717195,
            0.701914739037709,
            0.7117248481835293,
            0.7245675496079841,
            0.7224432777551594,
            0.7328191150947915,
            0.7230378875115717,
            0.7200091786202185,
            0.7223177597909933,
            0.718090924630882,
            0.7237524288372732,
            0.7298244410068907,
            0.7284213223836489,
            0.7306105935434974,
            0.7317399001840771,
            0.732489091666037,
            0.7285460528556083,
            0.7285775775398381,
            0.7300845552709678,
            0.7341568211630418,
            0.7364901330051808,
            0.7374365920623118,
            0.736136238660971,
            0.7395048435633007,
            0.7388354298642867,
            0.7392461201805283,
            0.7392009699589834,
            0.7389457743025816,
            0.7367752329034083,
            0.7342822002215335,
            0.7353379038742014,
            0.7326920080815995,
            0.7300229287105658,
            0.7308867733889046,
            0.7300606406827197,
            0.727342166034969,
            0.727987704077514,
            0.7255327763170207,
            0.7253143023680706,
            0.7263068317252386,
            0.7281337104349879,
            0.727128254200175,
            0.7268630371467252,
            0.7287369326370898,
            0.7307848424113488,
            0.7322574726483183,
            0.7323758088671835,
            0.7319272507957058,
            0.7295260536247912,
            0.7286753230206109,
            0.729569021928347,
            0.7289461322031094,
            0.7308629884612523,
            0.7290682453947205,
            0.7299286307906708,
            0.7286102791360305,
            0.7294108023876456,
            0.728940183394824,
            0.7300303337075583,
            0.7298105404132926,
            0.7283534119724784,
            0.7282849053525854,
            0.7282405144034487,
            0.7274604274298804,
            0.726188561929791,
            0.7272126608347348,
            0.7272532342685765,
            0.7273464647834524,
            0.727472232844487,
            0.7265913284102409,
            0.7268794670088361,
            0.7266318521251925,
            0.7268784307560765,
            0.7278005858601853,
            0.727975299964368,
            0.7269778162057485,
            0.725971036199956,
            0.7269825915592937,
            0.7266872308853585,
            0.7269414326584585,
            0.7265811700945508,
            0.7266938973257921,
            0.7272567301416029,
            0.7275196537723942,
            0.7274834456328934,
            0.7281363748434136,
            0.7278926824681277,
            0.7283477869318182,
            0.7286007332182858,
            0.728150321614519,
            0.7277629189842564,
            0.7275179816871274,
            0.7282374467041494,
            0.7287170229866081,
            0.7292741025725406,
            0.729174948745011,
            0.7288453755945834,
            0.7280485539146373,
            0.7274450695173174,
            0.7264474126197068,
            0.7263238625113406,
            0.7257888902146191,
            0.725991631070257,
            0.7250599760467159,
            0.7258369146037384,
            0.7259775307381678,
            0.7260271304138205,
            0.7264723307372284,
            0.7258129405109528,
            0.7260843306806135,
            0.7263058521266404,
            0.7263360916479042,
            0.7267852350109368,
            0.7262083053349367,
            0.7259421883264401,
            0.7257188262858036,
            0.7259609929222149,
            0.7261470477257026,
            0.7262903248089657,
            0.7258343458542694,
            0.7257572438599509,
            0.7261101781328206,
            0.7261939717623038,
            0.7263371169258903,
            0.725300875613849,
            0.7255395493465795,
            0.724308087398276,
            0.7240193537242835,
            0.7244816036612995,
            0.724825352006581,
            0.7249442347059954,
            0.7256641060291638,
            0.7258679075752835,
            0.7262991104813705,
            0.7268751136715835,
            0.7264022065857124,
            0.7257719894169468,
            0.7250953176948493,
            0.7251768738849114,
            0.7249944880612523,
            0.7247670255498335,
            0.7247616551175836,
            0.7246581141313435,
            0.7251296752215597,
            0.7256189819293213,
            0.7250171528311365,
            0.724926996874132,
            0.7251028130089247,
            0.7254474073682584,
            0.7255793595464437,
            0.7260305723833005,
            0.7260987399355814,
            0.7257801570050179,
            0.7262718184430073,
            0.72626882463217,
            0.7263054276232532,
            0.7268169128118944,
            0.7271869211884062,
            0.7271103484529813,
            0.7267079905875864,
            0.7267714328137176,
            0.726483872861952,
            0.7266907249242891,
            0.7268630614677007,
            0.7271298511188742,
            0.7272637807951148,
            0.7266984908399007,
            0.7268942816245272,
            0.7271484201303859,
            0.7266317526428283,
            0.727213741773308,
            0.7265143111470941,
            0.726292364250619,
            0.726323832025813,
            0.7267326053621354,
            0.7269848381038173,
            0.7273742286357011,
            0.7276808249197,
            0.7278836535915073,
            0.7282338198300471,
            0.7284660010084558,
            0.7289761813809996,
            0.7292092244946548,
            0.7298279900762983,
            0.7298778349450128,
            0.7293562689695899,
            0.7296471224233327,
            0.7293560641115767,
            0.7290179745834406,
            0.7294128277642464,
            0.7299149619494639,
            0.7301228791088241,
            0.7297336327420185,
            0.7300551169392181,
            0.7299294218521065,
            0.7301171688455221,
            0.7301019288125816,
            0.7301875626742313,
            0.7300737744590079,
            0.7299901826939026
        ],