{
    "dataset": "48_chess",
    "model": "HST",
    "auc": 0.5907558705732026,
    "total_runtime": 11.679943561553955,
    "total_memory_usage": 3.8984375,
    "Instances": 28056,
    "window_metric": {
        "window_size": 1000,
        "auc_scores": [
            0.6406406406406406,
            0.7098981806042397,
            0.7266155043932823,
            0.7363022266700026,
            0.8041433146517214,
            0.8094979986657771,
            0.755167977126519,
            0.7647402218330415,
            0.7645282039878437,
            0.7860502351646153,
            0.7867084248417824,
            0.7673657438292196,
            0.7679533559113301,
            0.7451959006752058,
            0.731998501265199,
            0.7313297823712537,
            0.6884282854787976,
            0.6564544527847281,
            0.6285840891695665,
            0.6322997997997997,
            0.632459485224023,
            0.6224708000493978,
            0.6398669873950577,
            0.6396696972224538,
            0.6221149544537496,
            0.6356727622714149,
            0.6124344810672386,
            0.5907032045451235
        ],
        "runtimes": [
            0.5118141174316406,
            1.1562840938568115,
            1.9768991470336914,
            2.539133071899414,
            2.9667539596557617,
            3.3137600421905518,
            3.8187263011932373,
            4.668362140655518,
            5.010262966156006,
            5.368972539901733,
            5.693036794662476,
            6.124636888504028,
            6.645602703094482,
            7.0423619747161865,
            7.381206750869751,
            7.717259407043457,
            8.084050416946411,
            8.411463022232056,
            8.71892523765564,
            9.048441410064697,
            9.375398635864258,
            9.727540731430054,
            10.067763090133667,
            10.392923831939697,
            10.716105937957764,
            11.037064552307129,
            11.351727962493896,
            11.663213014602661
        ],
        "memory_usages": [
            3.0,
            3.0,
            3.0,
            3.0,
            3.0,
            3.0,
            3.0,
            3.0,
            3.0,
            3.0,
            3.0,
            3.0,
            3.0,
            4.0,
            4.0,
            4.0,
            4.0,
            4.0,
            4.0,
            4.0,
            4.0,
            4.0,
            4.0,
            3.5625,
            4.5625,
            4.5625,
            4.28515625,
            3.8984375
        ]
    },
    "run_count": 2,
    "seed": 83
}