{
    "dataset": "3_backdoor",
    "model": "HST",
    "auc": 0.5430574338518077,
    "total_runtime": 30.223345518112183,
    "total_memory_usage": 14.5859375,
    "Instances": 95329,
    "window_metric": {
        "window_size": 1000,
        "auc_scores": [
            0.5648189875319213,
            0.6695362922206298,
            0.6788705316081023,
            0.6936089545917077,
            0.7009303418398262,
            0.7086272586668679,
            0.7143708583994668,
            0.7128278049994996,
            0.7144361934249736,
            0.7136909632710485,
            0.7101634553922016,
            0.7069052372015663,
            0.7020307312176666,
            0.6977584812148643,
            0.6928865586767112,
            0.6890950474603985,
            0.6858387741858587,
            0.6786638002089589,
            0.682706959624122,
            0.6847040555483384,
            0.20011995410981157,
            0.19939955683559119,
            0.20617025901761796,
            0.21609046395828455,
            0.22060488323554345,
            0.22824150797628656,
            0.24529632959596226,
            0.24614324812934546,
            0.2502303509646311,
            0.25463887668132296,
            0.25376968542067996,
            0.2580045512936671,
            0.26410607356081456,
            0.2641061330571415,
            0.2716989205791087,
            0.2700411674462618,
            0.2680987349178289,
            0.26939763898698416,
            0.27654379174171173,
            0.2806085662510508,
            0.2807547356543879,
            0.2789697272575281,
            0.2766371180913054,
            0.27363047673107943,
            0.27057547658320524,
            0.2678118163338767,
            0.2652619842548224,
            0.26319840779108433,
            0.2608763610275242,
            0.25863489383987454,
            0.25588002576522095,
            0.25353158720288965,
            0.2516720463497777,
            0.2494374257416268,
            0.24724547063050464,
            0.2452402122798204,
            0.2433560848704685,
            0.2409665786195188,
            0.2390730088644336,
            0.23735010548898067,
            0.23579129623161335,
            0.23419521879938318,
            0.23268378279425403,
            0.23118095691100782,
            0.22957266721964953,
            0.2282713477864701,
            0.22687228679982863,
            0.22555152055213767,
            0.22420994591460888,
            0.22295772798844066,
            0.22171513384211003,
            0.22044215416756865,
            0.21916868405874296,
            0.21769157600661332,
            0.21625294447212548,
            0.21500152690207686,
            0.21363678225667593,
            0.2125974963813954,
            0.2125657940196615,
            0.21664250437758129,
            0.21850642548016921,
            0.22214349939054412,
            0.2229235208951108,
            0.222902990988814,
            0.22356145859347956,
            0.44430122020744967,
            0.4702818543709076,
            0.4676817777982605,
            0.47615710376504194,
            0.49246482229695476,
            0.5167834926827743,
            0.5345139137567416,
            0.5439130231508427,
            0.5478380227870315,
            0.5573268817204301
        ],
        "runtimes": [
            0.27092862129211426,
            0.5530157089233398,
            0.8344845771789551,
            1.1168596744537354,
            1.3948116302490234,
            1.6736907958984375,
            1.9569594860076904,
            2.2333943843841553,
            2.513723373413086,
            2.808255672454834,
            3.0902328491210938,
            3.3755640983581543,
            3.661217451095581,
            3.9518580436706543,
            4.2717084884643555,
            4.5592639446258545,
            4.797724962234497,
            5.1238648891448975,
            5.415289402008057,
            5.773649215698242,
            6.052409410476685,
            6.332313776016235,
            6.628771066665649,
            6.919283628463745,
            7.206761121749878,
            7.5489420890808105,
            7.839155197143555,
            8.138366222381592,
            8.42883038520813,
            8.727332353591919,
            9.021971702575684,
            9.326943159103394,
            9.626935720443726,
            9.921108961105347,
            10.224658489227295,
            10.521136283874512,
            10.816361904144287,
            11.163694143295288,
            11.49656057357788,
            11.800250768661499,
            12.09557318687439,
            12.40463638305664,
            12.713259220123291,
            13.112453937530518,
            13.472265005111694,
            13.766886234283447,
            14.070517301559448,
            14.370370626449585,
            14.665408849716187,
            14.973416805267334,
            15.26993179321289,
            15.5726637840271,
            15.875888109207153,
            16.17779779434204,
            16.485723972320557,
            16.791908979415894,
            17.126781463623047,
            17.457019805908203,
            17.807898998260498,
            18.15737748146057,
            18.46182417869568,
            18.780936002731323,
            19.125076293945312,
            19.435146808624268,
            19.754538536071777,
            20.065338134765625,
            20.449917793273926,
            20.819724082946777,
            21.15233278274536,
            21.56702756881714,
            21.895166158676147,
            22.228233337402344,
            22.55510640144348,
            22.893568992614746,
            23.21578598022461,
            23.556376934051514,
            23.91758131980896,
            24.286845684051514,
            24.741228818893433,
            25.114298582077026,
            25.449759006500244,
            25.777753829956055,
            26.10917854309082,
            26.435957431793213,
            26.76631188392639,
            27.101364850997925,
            27.436384677886963,
            27.76776623725891,
            28.094332695007324,
            28.436267375946045,
            28.76479411125183,
            29.098257064819336,
            29.43399930000305,
            29.773266553878784,
            30.099762678146362
        ],