{
    "dataset": "5_campaign",
    "model": "HST",
    "auc": 0.7123505832433871,
    "total_runtime": 10.80045485496521,
    "total_memory_usage": 7.21875,
    "Instances": 41188,
    "window_metric": {
        "window_size": 1000,
        "auc_scores": [
            0.6475916924436589,
            0.687253785695069,
            0.7018188656022427,
            0.7039858404842049,
            0.7031923712238672,
            0.7014175553281925,
            0.7049399538834187,
            0.7073149415222354,
            0.7083321534937731,
            0.7100103370260571,
            0.7129681261120075,
            0.7119204522480085,
            0.7137552604432174,
            0.7138002548562549,
            0.7119065004961282,
            0.7138145417911863,
            0.7132416814793185,
            0.7149775588246889,
            0.714562922891381,
            0.7141385680699291,
            0.7124929284560735,
            0.7143109839018691,
            0.7125311013369685,
            0.7129321319450346,
            0.7145666633018657,
            0.7152355919094907,
            0.7144793332290128,
            0.7146803957272168,
            0.7142982560555657,
            0.7140759294482337,
            0.7134042791420467,
            0.712428164690661,
            0.7127519258571455,
            0.7118164517689577,
            0.7117950486655504,
            0.7115413984348733,
            0.7116076217646378,
            0.7119840739540283,
            0.7109377868341613,
            0.7115395267323987,
            0.712080963136461
        ],
        "runtimes": [
            0.25373148918151855,
            0.5007150173187256,
            0.7519204616546631,
            0.9971165657043457,
            1.2440297603607178,
            1.5271937847137451,
            1.8070995807647705,
            2.0578715801239014,
            2.308547019958496,
            2.5565266609191895,
            2.810978889465332,
            3.0644571781158447,
            3.313499927520752,
            3.5736734867095947,
            3.863335132598877,
            4.211974620819092,
            4.464522123336792,
            4.721395969390869,
            4.975373983383179,
            5.274747371673584,
            5.5352983474731445,
            5.786883115768433,
            6.043207168579102,
            6.295538663864136,
            6.556988716125488,
            6.813567161560059,
            7.074451684951782,
            7.334391117095947,
            7.595994472503662,
            7.859758138656616,
            8.120903015136719,
            8.386874914169312,
            8.652207136154175,
            8.910949945449829,
            9.176360607147217,
            9.439454555511475,
            9.700979709625244,
            9.968825817108154,
            10.229543209075928,
            10.501603603363037,
            10.770045280456543
        ],
        "memory_usages": [
            3.0,
            3.0,
            3.0,
            4.0,
            4.0,
            4.0,
            4.0,
            4.0,
            5.0,
            5.0,
            5.0,
            5.0,
            5.0,
            5.0,
            5.0,
            5.0,
            5.0,
            5.0,
            5.0,
            5.0,
            5.0,
            6.0,
            6.0,
            6.0,
            6.0,
            6.0,
            5.44140625,
            6.44140625,
            6.44140625,
            5.67578125,
            6.67578125,
            5.93359375,
            6.93359375,
            6.609375,
            6.3515625,
            6.98046875,
            6.50390625,
            7.2890625,
            6.69140625,
            7.6640625,
            6.84765625
        ]
    },
    "run_count": 5,
    "seed": 21
}