{
    "dataset": "48_chess",
    "model": "IFASD",
    "auc": 0.7185183863802438,
    "total_runtime": 0.41198182106018066,
    "total_memory_usage": 7.0,
    "Instances": 28056,
    "window_metric": {
        "window_size": 1000,
        "auc_scores": [
            0.5,
            0.5,
            0.34117450784117453,
            0.2558168626469852,
            0.3693955164131305,
            0.3394971647765177,
            0.4188563259471051,
            0.4871987323826203,
            0.475965458453784,
            0.5021658017755286,
            0.49534119114761344,
            0.519836140760507,
            0.5156057573891626,
            0.6010599237062888,
            0.6111553089600731,
            0.6085617641256598,
            0.6269280584010362,
            0.6430896117134649,
            0.6586094059390598,
            0.6811236236236237,
            0.680815061963775,
            0.6920502037659324,
            0.7018482105413082,
            0.7003730692528757,
            0.6987088991437338,
            0.710036573628489,
            0.7132252710587403,
            0.718616893803681
        ],
        "runtimes": [
            0.006575345993041992,
            0.011535882949829102,
            0.027452945709228516,
            0.04047036170959473,
            0.05215096473693848,
            0.0630185604095459,
            0.07432413101196289,
            0.08605003356933594,
            0.0982515811920166,
            0.1106719970703125,
            0.12340283393859863,
            0.1364738941192627,
            0.15056371688842773,
            0.1648859977722168,
            0.17960214614868164,
            0.1946554183959961,
            0.20999526977539062,
            0.22553730010986328,
            0.24125933647155762,
            0.25716614723205566,
            0.2735438346862793,
            0.29224729537963867,
            0.3098771572113037,
            0.32709431648254395,
            0.3447291851043701,
            0.3626434803009033,
            0.380997896194458,
            0.3995823860168457
        ],
        "memory_usages": [
            2.0,
            2.0,
            3.0,
            3.0,
            3.0,
            3.0,
            4.0,
            4.0,
            4.0,
            4.0,
            4.0,
            4.0,
            5.0,
            5.0,
            5.0,
            5.0,
            5.0,
            5.0,
            5.0,
            6.0,
            6.0,
            6.0,
            6.0,
            6.0,
            6.0,
            6.0,
            6.0,
            7.0
        ]
    },
    "run_count": 7,
    "seed": 79
}