{
    "dataset": "50_bank",
    "model": "IFASD",
    "auc": 0.5459099724311535,
    "total_runtime": 0.6884109973907471,
    "total_memory_usage": 6.0859375,
    "Instances": 41188,
    "window_metric": {
        "window_size": 1000,
        "auc_scores": [
            0.5,
            0.5,
            0.5318692626912035,
            0.5559848869182888,
            0.5563109485422068,
            0.5581380841280703,
            0.5502292142410066,
            0.5512518709677419,
            0.5485071324771463,
            0.548668027074343,
            0.5512424156862745,
            0.5452527962825889,
            0.5413324738411556,
            0.5361851126237754,
            0.5364804442053123,
            0.5338009180926433,
            0.534854294427276,
            0.5352002763566975,
            0.5321329960945926,
            0.531871001485617,
            0.5323114957672679,
            0.5299083751882712,
            0.5305127184778416,
            0.5288457186499973,
            0.527091168301385,
            0.5257026423553042,
            0.5255264346160372,
            0.5315672669369294,
            0.534151319611154,
            0.5382138117739518,
            0.5393540062933786,
            0.5392926792384368,
            0.5371607305920739,
            0.536050970191291,
            0.5335230436449756,
            0.5329040843841306,
            0.5333278729113551,
            0.5358310689042134,
            0.5412174332442443,
            0.5451268948548105,
            0.5454306852298507
        ],
        "runtimes": [
            0.0068552494049072266,
            0.012090921401977539,
            0.021011829376220703,
            0.028080463409423828,
            0.03554964065551758,
            0.04339861869812012,
            0.05162978172302246,
            0.06030631065368652,
            0.06934237480163574,
            0.07817387580871582,
            0.08757424354553223,
            0.0974726676940918,
            0.10772442817687988,
            0.11875486373901367,
            0.12970829010009766,
            0.14064788818359375,
            0.15241765975952148,
            0.16477394104003906,
            0.17751836776733398,
            0.19046354293823242,
            0.20420098304748535,
            0.2183847427368164,
            0.23306584358215332,
            0.2482585906982422,
            0.26387619972229004,
            0.2794535160064697,
            0.29535555839538574,
            0.3119022846221924,
            0.3286266326904297,
            0.34591150283813477,
            0.36307358741760254,
            0.3799927234649658,
            0.3969125747680664,
            0.4180450439453125,
            0.43860936164855957,
            0.4584920406341553,
            0.4780290126800537,
            0.4983556270599365,
            0.5202465057373047,
            0.5427775382995605,
            0.6368792057037354
        ],
        "memory_usages": [
            2.0,
            2.0,
            2.0,
            3.0,
            3.0,
            3.0,
            3.0,
            3.0,
            3.0,
            3.0,
            4.0,
            4.0,
            4.0,
            4.0,
            4.0,
            4.0,
            5.0,
            5.0,
            5.0,
            5.0,
            5.0,
            5.0,
            5.0,
            6.0,
            6.0,
            6.0,
            6.0,
            6.0,
            6.0,
            6.0,
            5.55859375,
            5.44921875,
            6.44921875,
            6.44921875,
            6.44921875,
            6.07421875,
            5.7890625,
            6.7890625,
            6.24609375,
            7.24609375,
            7.24609375
        ]
    },
    "run_count": 9,
    "seed": 16
}