{
    "dataset": "51_kddcup99_u2r",
    "model": "IFASD",
    "auc": 0.5933933005983841,
    "total_runtime": 1.9137229919433594,
    "total_memory_usage": 10.9296875,
    "Instances": 60821,
    "window_metric": {
        "window_size": 1000,
        "auc_scores": [
            NaN,
            0.5,
            0.34128042680893633,
            0.25593898474618654,
            0.20474094818963795,
            0.17061176862810468,
            0.548592253823067,
            0.6049118309154577,
            0.4602812689232442,
            0.47263763763763766,
            0.5091661909843728,
            0.47936282806130964,
            0.43166859344894026,
            0.4492051268761153,
            0.4743211238710539,
            0.4997272942131832,
            0.5035434190179668,
            0.4895725816070932,
            0.49026737795589304,
            0.4814095265430236,
            0.6594821929810984,
            0.6838693400929853,
            0.6560447615436759,
            0.6752200055444824,
            0.6745622916465703,
            0.6629121517571436,
            0.6297334353081631,
            0.635582550888288,
            0.6389951284349287,
            0.6346942585380169,
            0.6386459325912451,
            0.64645158348948,
            0.6537488505006959,
            0.6605797259934574,
            0.6622222740962188,
            0.6665646429781977,
            0.6702627386409922,
            0.6735408184563789,
            0.6766529625025859,
            0.679603362657123,
            0.6814494627491194,
            0.6829711261335367,
            0.6817849085936039,
            0.6840112569836048,
            0.6861137842498533,
            0.6881576570848106,
            0.6887596175544868,
            0.6903852549566836,
            0.6909478827940753,
            0.6929896139399644,
            0.6950942333038547,
            0.6853906153052528,
            0.6745114204124707,
            0.66271349024628,
            0.6508783428215661,
            0.639894795383205,
            0.6308391846858038,
            0.6207717558193067,
            0.6111057255454022,
            0.6014768033732864
        ],
        "runtimes": [
            0.006129741668701172,
            0.01144266128540039,
            0.019135713577270508,
            0.02553534507751465,
            0.03311800956726074,
            0.04021787643432617,
            0.047655582427978516,
            0.05562877655029297,
            0.06637787818908691,
            0.07523751258850098,
            0.08639669418334961,
            0.09618210792541504,
            0.10593819618225098,
            0.11593937873840332,
            0.12604784965515137,
            0.136458158493042,
            0.14722180366516113,
            0.15828466415405273,
            0.17180299758911133,
            0.1838374137878418,
            0.19628119468688965,
            0.20886754989624023,
            0.22208166122436523,
            0.23537063598632812,
            0.24927949905395508,
            0.26332879066467285,
            0.2799491882324219,
            0.2947354316711426,
            0.3116190433502197,
            0.32714200019836426,
            0.34491896629333496,
            0.3811955451965332,
            0.4522852897644043,
            0.49597620964050293,
            0.5139849185943604,
            0.5328683853149414,
            0.5541319847106934,
            0.5753638744354248,
            0.5952463150024414,
            0.6158630847930908,
            0.6369948387145996,
            0.6581220626831055,
            0.7131054401397705,
            0.8154585361480713,
            0.8378255367279053,
            0.8601422309875488,
            0.8963162899017334,
            0.9637234210968018,
            1.022184133529663,
            1.0912721157073975,
            1.2026934623718262,
            1.2460122108459473,
            1.271233320236206,
            1.2968084812164307,
            1.3733806610107422,
            1.5283234119415283,
            1.6188974380493164,
            1.6705100536346436,
            1.7198634147644043,
            1.8213515281677246
        ],
        "memory_usages": [
            2.0,
            3.0,
            3.0,
            3.0,
            4.0,
            4.0,
            4.0,
            4.0,
            4.0,
            4.0,
            4.0,
            5.0,
            5.0,
            5.0,
            5.0,
            5.0,
            5.0,
            5.0,
            6.0,
            6.0,
            6.0,
            6.0,
            6.0,
            6.0,
            7.0,
            7.0,
            7.0,
            7.0,
            7.0,
            7.0,
            7.0,
            8.0,
            8.0,
            8.0,
            8.0,
            8.0,
            8.0,
            8.0,
            7.31640625,
            8.31640625,
            8.2890625,
            7.52734375,
            7.59375,
            7.703125,
            7.7734375,
            7.83984375,
            7.91015625,
            7.98046875,
            8.05078125,
            8.1640625,
            8.23828125,
            8.30859375,
            8.375,
            8.4453125,
            8.515625,
            8.68359375,
            8.74609375,
            8.80859375,
            8.87109375,
            8.9296875
        ]
    },
    "run_count": 1,
    "seed": 34
}