{
    "dataset": "50_bank",
    "model": "IFASD",
    "auc": 0.5236961702230039,
    "total_runtime": 0.7949211597442627,
    "total_memory_usage": 5.2265625,
    "Instances": 41188,
    "window_metric": {
        "window_size": 1000,
        "auc_scores": [
            0.5,
            0.5,
            0.5309003216980269,
            0.5637835057994482,
            0.5587748144465358,
            0.5595224956068329,
            0.5482982557425027,
            0.5423785806451613,
            0.539131977220787,
            0.5278919194509801,
            0.5312412862745097,
            0.5331590796940537,
            0.5342249717386025,
            0.542166886112395,
            0.5425485385924905,
            0.5418226463107249,
            0.5378640759666589,
            0.5396359841277675,
            0.5348683957076025,
            0.533480524980676,
            0.5281464318345878,
            0.5284194120313795,
            0.5284007864618341,
            0.5259587122643384,
            0.522273586807134,
            0.5206790299042123,
            0.5218690487004118,
            0.5244495385790954,
            0.525838420031257,
            0.5229092020033895,
            0.5337034009516911,
            0.5329118171458682,
            0.531762610087719,
            0.5318619725239737,
            0.5318174825489248,
            0.5294303411392555,
            0.5241124097457825,
            0.5241646222095935,
            0.5239485618008008,
            0.5222851041186257,
            0.5232878918335281
        ],
        "runtimes": [
            0.006731510162353516,
            0.011601924896240234,
            0.019589662551879883,
            0.02593374252319336,
            0.03528618812561035,
            0.04535818099975586,
            0.05966925621032715,
            0.0748600959777832,
            0.09361791610717773,
            0.10964608192443848,
            0.12543392181396484,
            0.1439831256866455,
            0.1603691577911377,
            0.17081832885742188,
            0.1837306022644043,
            0.19498538970947266,
            0.20717692375183105,
            0.21768903732299805,
            0.22876667976379395,
            0.24032258987426758,
            0.2527141571044922,
            0.2651791572570801,
            0.2778153419494629,
            0.2906911373138428,
            0.30420804023742676,
            0.32493066787719727,
            0.3531472682952881,
            0.38202881813049316,
            0.41103482246398926,
            0.44401073455810547,
            0.4624624252319336,
            0.4793708324432373,
            0.5044918060302734,
            0.5384080410003662,
            0.5725607872009277,
            0.606574296951294,
            0.6323468685150146,
            0.6520256996154785,
            0.6836109161376953,
            0.7106027603149414,
            0.751589298248291
        ],
        "memory_usages": [
            2.0,
            2.0,
            2.0,
            3.0,
            3.0,
            3.0,
            3.0,
            3.0,
            3.0,
            3.0,
            4.0,
            4.0,
            4.0,
            4.0,
            4.0,
            4.0,
            4.0,
            5.0,
            5.0,
            5.0,
            5.0,
            5.0,
            5.0,
            5.0,
            6.0,
            6.0,
            6.0,
            6.0,
            6.0,
            6.0,
            6.0,
            6.0,
            6.0,
            7.0,
            7.0,
            7.0,
            5.84375,
            6.84375,
            5.38671875,
            6.38671875,
            6.38671875
        ]
    },
    "run_count": 7,
    "seed": 84
}