{
    "dataset": "1_ALOI",
    "model": "IFASD",
    "auc": 0.005621954774497173,
    "total_runtime": 0.9396822452545166,
    "total_memory_usage": 7.77734375,
    "Instances": 49534,
    "window_metric": {
        "window_size": 1000,
        "auc_scores": [
            NaN,
            0.5,
            0.18096514745308312,
            0.108346709470305,
            0.07731958762886598,
            0.06010685663401605,
            0.04916241806263655,
            0.041589648798521284,
            0.03603844100373732,
            0.03179463024022611,
            0.02844500632111252,
            0.025733892489515797,
            0.02349460494256872,
            0.021613832853025927,
            0.020011858879335875,
            0.018630968810378123,
            0.017428350116188984,
            0.01637157409653167,
            0.01543562771552709,
            0.014600908500973397,
            0.013851836650933702,
            0.013175873511614311,
            0.012562814070351758,
            0.012004268184243272,
            0.011493274306146772,
            0.01102400783929447,
            0.010591558135885748,
            0.01019175600181188,
            0.009821038847664776,
            0.009476344236978795,
            0.00915502509155025,
            0.008854781582054327,
            0.008573605995173372,
            0.008309737781607762,
            0.008061626657112131,
            0.007827902122231223,
            0.007607348134790914,
            0.007398881946728053,
            0.007201536327749947,
            0.0070144445599085725,
            0.006836827711941662,
            0.006667983799268973,
            0.006507278511520276,
            0.0063541372493645665,
            0.006208038259909843,
            0.00606850669783332,
            0.005935109469796862,
            0.005807450744214071,
            0.005685168028299492
        ],
        "runtimes": [
            0.006436586380004883,
            0.012540578842163086,
            0.02876114845275879,
            0.03815960884094238,
            0.04834580421447754,
            0.05852651596069336,
            0.06938004493713379,
            0.08046412467956543,
            0.09218144416809082,
            0.10401654243469238,
            0.11646866798400879,
            0.1291484832763672,
            0.14220905303955078,
            0.15555238723754883,
            0.16930222511291504,
            0.1834554672241211,
            0.19815468788146973,
            0.21311044692993164,
            0.2289412021636963,
            0.24451971054077148,
            0.26030898094177246,
            0.2776327133178711,
            0.2951979637145996,
            0.31281042098999023,
            0.33098316192626953,
            0.3492701053619385,
            0.3681185245513916,
            0.38752126693725586,
            0.4084129333496094,
            0.4295992851257324,
            0.45136570930480957,
            0.4721224308013916,
            0.4937896728515625,
            0.5154001712799072,
            0.5374789237976074,
            0.5602173805236816,
            0.5841610431671143,
            0.6075806617736816,
            0.6309926509857178,
            0.6542801856994629,
            0.6780941486358643,
            0.7020184993743896,
            0.7261204719543457,
            0.752443790435791,
            0.7795805931091309,
            0.8077733516693115,
            0.8362412452697754,
            0.8652291297912598,
            0.8980739116668701
        ],
        "memory_usages": [
            1.0,
            2.0,
            3.0,
            3.0,
            3.0,
            3.0,
            3.0,
            3.0,
            3.0,
            4.0,
            4.0,
            4.0,
            4.0,
            4.0,
            4.0,
            5.0,
            5.0,
            5.0,
            5.0,
            5.0,
            5.0,
            5.0,
            6.0,
            6.0,
            6.0,
            6.0,
            6.0,
            6.0,
            6.0,
            6.0,
            7.0,
            7.0,
            7.0,
            7.0,
            7.0,
            7.0,
            7.0,
            6.296875,
            6.8828125,
            6.765625,
            7.765625,
            7.765625,
            7.37109375,
            7.078125,
            7.69921875,
            7.21875,
            8.125,
            7.35546875,
            7.42578125
        ]
    },
    "run_count": 10,
    "seed": 43
}