{
    "dataset": "1_ALOI",
    "model": "IFASD",
    "auc": 0.005621954774497173,
    "total_runtime": 1.277860403060913,
    "total_memory_usage": 7.546875,
    "Instances": 49534,
    "window_metric": {
        "window_size": 1000,
        "auc_scores": [
            NaN,
            0.5,
            0.18096514745308312,
            0.108346709470305,
            0.07731958762886598,
            0.06010685663401605,
            0.04916241806263655,
            0.041589648798521284,
            0.03603844100373732,
            0.03179463024022611,
            0.02844500632111252,
            0.025733892489515797,
            0.02349460494256872,
            0.021613832853025927,
            0.020011858879335875,
            0.018630968810378123,
            0.017428350116188984,
            0.01637157409653167,
            0.01543562771552709,
            0.014600908500973397,
            0.013851836650933702,
            0.013175873511614311,
            0.012562814070351758,
            0.012004268184243272,
            0.011493274306146772,
            0.01102400783929447,
            0.010591558135885748,
            0.01019175600181188,
            0.009821038847664776,
            0.009476344236978795,
            0.00915502509155025,
            0.008854781582054327,
            0.008573605995173372,
            0.008309737781607762,
            0.008061626657112131,
            0.007827902122231223,
            0.007607348134790914,
            0.007398881946728053,
            0.007201536327749947,
            0.0070144445599085725,
            0.006836827711941662,
            0.006667983799268973,
            0.006507278511520276,
            0.0063541372493645665,
            0.006208038259909843,
            0.00606850669783332,
            0.005935109469796862,
            0.005807450744214071,
            0.005685168028299492
        ],
        "runtimes": [
            0.005807399749755859,
            0.011024713516235352,
            0.025417566299438477,
            0.03369259834289551,
            0.04197263717651367,
            0.05016326904296875,
            0.05874276161193848,
            0.06744956970214844,
            0.07675957679748535,
            0.08628392219543457,
            0.09625911712646484,
            0.10654830932617188,
            0.1174461841583252,
            0.12880921363830566,
            0.14054536819458008,
            0.1522693634033203,
            0.1645972728729248,
            0.17711544036865234,
            0.19077801704406738,
            0.20415115356445312,
            0.2180464267730713,
            0.23222732543945312,
            0.24681949615478516,
            0.26165151596069336,
            0.27752184867858887,
            0.2928645610809326,
            0.3088490962982178,
            0.32521581649780273,
            0.342357873916626,
            0.3599855899810791,
            0.3788766860961914,
            0.3972034454345703,
            0.41928935050964355,
            0.4591524600982666,
            0.5216834545135498,
            0.6267783641815186,
            0.6743254661560059,
            0.6955821514129639,
            0.7162590026855469,
            0.7368969917297363,
            0.7781894207000732,
            0.8165302276611328,
            0.8787941932678223,
            0.9072189331054688,
            0.9914329051971436,
            1.0494916439056396,
            1.1268503665924072,
            1.188314437866211,
            1.2407877445220947
        ],
        "memory_usages": [
            2.0,
            3.0,
            3.0,
            4.0,
            4.0,
            4.0,
            4.0,
            4.0,
            4.0,
            5.0,
            5.0,
            5.0,
            5.0,
            5.0,
            5.0,
            5.0,
            6.0,
            6.0,
            6.0,
            6.0,
            6.0,
            6.0,
            6.0,
            7.0,
            7.0,
            7.0,
            7.0,
            7.0,
            7.0,
            7.0,
            8.0,
            8.0,
            8.0,
            8.0,
            8.0,
            8.0,
            8.0,
            8.0,
            6.8125,
            7.8125,
            6.93359375,
            6.99609375,
            7.05859375,
            7.16015625,
            7.22265625,
            7.28515625,
            7.703125,
            7.76953125,
            7.83984375
        ]
    },
    "run_count": 1,
    "seed": 28
}