{
    "dataset": "1_ALOI",
    "model": "IFASD",
    "auc": 0.005621954774497173,
    "total_runtime": 1.0967607498168945,
    "total_memory_usage": 7.46484375,
    "Instances": 49534,
    "window_metric": {
        "window_size": 1000,
        "auc_scores": [
            NaN,
            0.5,
            0.18096514745308312,
            0.108346709470305,
            0.07731958762886598,
            0.06010685663401605,
            0.04916241806263655,
            0.041589648798521284,
            0.03603844100373732,
            0.03179463024022611,
            0.02844500632111252,
            0.025733892489515797,
            0.02349460494256872,
            0.021613832853025927,
            0.020011858879335875,
            0.018630968810378123,
            0.017428350116188984,
            0.01637157409653167,
            0.01543562771552709,
            0.014600908500973397,
            0.013851836650933702,
            0.013175873511614311,
            0.012562814070351758,
            0.012004268184243272,
            0.011493274306146772,
            0.01102400783929447,
            0.010591558135885748,
            0.01019175600181188,
            0.009821038847664776,
            0.009476344236978795,
            0.00915502509155025,
            0.008854781582054327,
            0.008573605995173372,
            0.008309737781607762,
            0.008061626657112131,
            0.007827902122231223,
            0.007607348134790914,
            0.007398881946728053,
            0.007201536327749947,
            0.0070144445599085725,
            0.006836827711941662,
            0.006667983799268973,
            0.006507278511520276,
            0.0063541372493645665,
            0.006208038259909843,
            0.00606850669783332,
            0.005935109469796862,
            0.005807450744214071,
            0.005685168028299492
        ],
        "runtimes": [
            0.005400180816650391,
            0.010706186294555664,
            0.026465177536010742,
            0.036190032958984375,
            0.046473026275634766,
            0.057144880294799805,
            0.06800651550292969,
            0.07920956611633301,
            0.09128713607788086,
            0.10317850112915039,
            0.11559557914733887,
            0.12775421142578125,
            0.14005494117736816,
            0.15245938301086426,
            0.16552233695983887,
            0.17861413955688477,
            0.1924877166748047,
            0.20658588409423828,
            0.22117352485656738,
            0.23622536659240723,
            0.251755952835083,
            0.2698845863342285,
            0.28818774223327637,
            0.3057551383972168,
            0.3237884044647217,
            0.3420717716217041,
            0.36084938049316406,
            0.38001465797424316,
            0.3999016284942627,
            0.419710636138916,
            0.47347474098205566,
            0.5144762992858887,
            0.551098108291626,
            0.5765526294708252,
            0.6004929542541504,
            0.6349523067474365,
            0.6824648380279541,
            0.7272543907165527,
            0.7627761363983154,
            0.7889647483825684,
            0.8159875869750977,
            0.842376708984375,
            0.8689966201782227,
            0.8960719108581543,
            0.9229011535644531,
            0.9472706317901611,
            0.97556471824646,
            1.026756763458252,
            1.0688965320587158
        ],
        "memory_usages": [
            2.0,
            2.0,
            2.0,
            3.0,
            3.0,
            3.0,
            3.0,
            3.0,
            3.0,
            3.0,
            4.0,
            4.0,
            4.0,
            4.0,
            4.0,
            4.0,
            4.0,
            5.0,
            5.0,
            5.0,
            5.0,
            5.0,
            5.0,
            5.0,
            6.0,
            6.0,
            6.0,
            6.0,
            6.0,
            6.0,
            6.0,
            7.0,
            5.53515625,
            6.53515625,
            6.328125,
            6.1640625,
            7.1640625,
            7.1640625,
            6.94140625,
            6.49609375,
            7.49609375,
            7.33984375,
            6.7109375,
            7.69140625,
            6.8984375,
            6.97265625,
            7.046875,
            7.1171875,
            7.19140625
        ]
    },
    "run_count": 4,
    "seed": 6
}