{
    "dataset": "3_backdoor",
    "model": "IFASD",
    "auc": 0.5773349446206549,
    "total_runtime": 3.273789644241333,
    "total_memory_usage": 19.67578125,
    "Instances": 95329,
    "window_metric": {
        "window_size": 1000,
        "auc_scores": [
            0.5,
            0.5,
            0.338698746187733,
            0.25297393065046825,
            0.20187840840234295,
            0.16795496555200806,
            0.1437922601064595,
            0.1257074581813608,
            0.11166350128477265,
            0.10044216661642047,
            0.09127020363437127,
            0.08363316877248766,
            0.0771755076828044,
            0.0716436097770769,
            0.06685171560430742,
            0.06266064823522038,
            0.05896407291605216,
            0.05567934933986962,
            0.052741280143528024,
            0.05009773946168111,
            0.5424752274204029,
            0.5484384609427226,
            0.554045910238271,
            0.5695007533999686,
            0.5836896881239634,
            0.5967621311515348,
            0.5958078933396428,
            0.5740765626565032,
            0.5589351999874933,
            0.5542421562169481,
            0.5538627429783753,
            0.5653880073122508,
            0.5762022086647357,
            0.5863691824771966,
            0.5959453451316566,
            0.604980741337549,
            0.6135199189528988,
            0.6216026635236247,
            0.6292646181018615,
            0.6365378087164156,
            0.6434510918358785,
            0.6500305370086306,
            0.6562997553773768,
            0.6622801827947105,
            0.6679913246944568,
            0.6734509686132821,
            0.6786753692411223,
            0.6663714199382285,
            0.6526082495654622,
            0.655119916060025,
            0.6602934102484082,
            0.6652656677178704,
            0.6700482059180322,
            0.6746516798427697,
            0.6790859612752813,
            0.6717242459641171,
            0.6598178304162483,
            0.6483261497220942,
            0.6372279052089884,
            0.6265032320479573,
            0.6161335805914474,
            0.6061016093035069,
            0.5963910879823362,
            0.5869868101391343,
            0.5778745135382505,
            0.5690408080253371,
            0.5604731098753855,
            0.552159581983676,
            0.5440890793018327,
            0.5362510989900671,
            0.528635734816784,
            0.5212336353892417,
            0.5140359658449463,
            0.5070343726738151,
            0.5002209513766139,
            0.49358821669641434,
            0.4871290751873729,
            0.4808367999094964,
            0.4747050070596105,
            0.46872763436787435,
            0.46289892110615266,
            0.45721338956966584,
            0.4516658279067848,
            0.44625127418384114,
            0.4409650015825424,
            0.5551019629463507,
            0.5801651736241872,
            0.5895402348199399,
            0.6000180662119081,
            0.6034411486210534,
            0.6180053717638544,
            0.6194788563464058,
            0.6208043838229895,
            0.6218860236429065,
            0.6094472016129033
        ],
        "runtimes": [
            0.00921630859375,
            0.015748023986816406,
            0.024486541748046875,
            0.0318148136138916,
            0.04051351547241211,
            0.05151486396789551,
            0.06221961975097656,
            0.07021594047546387,
            0.07839393615722656,
            0.08713722229003906,
            0.0957033634185791,
            0.10516023635864258,
            0.1170351505279541,
            0.1266613006591797,
            0.13898587226867676,
            0.149336576461792,
            0.16019248962402344,
            0.17122554779052734,
            0.18485069274902344,
            0.19676995277404785,
            0.2509603500366211,
            0.2925105094909668,
            0.3507881164550781,
            0.38504600524902344,
            0.42879343032836914,
            0.44045495986938477,
            0.46542811393737793,
            0.4896693229675293,
            0.5193033218383789,
            0.5479686260223389,
            0.5730118751525879,
            0.5885059833526611,
            0.6044318675994873,
            0.6206953525543213,
            0.6373846530914307,
            0.6844918727874756,
            0.7535638809204102,
            0.7957031726837158,
            0.8452961444854736,
            0.8978374004364014,
            0.9586622714996338,
            1.008286476135254,
            1.0287320613861084,
            1.04927396774292,
            1.0703184604644775,
            1.1107792854309082,
            1.1621975898742676,
            1.2103383541107178,
            1.2406377792358398,
            1.2869021892547607,
            1.3539693355560303,
            1.4218168258666992,
            1.4624278545379639,
            1.489258050918579,
            1.5146756172180176,
            1.543137788772583,
            1.5709352493286133,
            1.6179070472717285,
            1.6909739971160889,
            1.7545015811920166,
            1.81593918800354,
            1.8861033916473389,
            1.932544231414795,
            1.9624645709991455,
            1.9936964511871338,
            2.02479887008667,
            2.0693249702453613,
            2.1516902446746826,
            2.205763339996338,
            2.2450151443481445,
            2.2783493995666504,
            2.3124074935913086,
            2.346714735031128,
            2.381788730621338,
            2.4170501232147217,
            2.4534785747528076,
            2.4899682998657227,
            2.5269174575805664,
            2.564640522003174,
            2.6021029949188232,
            2.638948917388916,
            2.6767728328704834,
            2.7154290676116943,
            2.7607269287109375,
            2.8011560440063477,
            2.841768264770508,
            2.8824563026428223,
            2.9238059520721436,
            2.966226577758789,
            3.0084848403930664,
            3.052175760269165,
            3.096024990081787,
            3.1403450965881348,
            3.184947967529297,
            3.2325737476348877
        ],