{
    "dataset": "5_campaign",
    "model": "IFASD",
    "auc": 0.42661305939661776,
    "total_runtime": 0.7249894142150879,
    "total_memory_usage": 7.5703125,
    "Instances": 41188,
    "window_metric": {
        "window_size": 1000,
        "auc_scores": [
            0.5,
            0.5,
            0.47777756945646876,
            0.4629946743785458,
            0.4524608072639569,
            0.4525248058449094,
            0.4494931095879007,
            0.44749557439984955,
            0.4476291611033466,
            0.4438240170073334,
            0.44129165502937767,
            0.44006358425229747,
            0.4408586523447332,
            0.4400151173271174,
            0.4397029805564975,
            0.4354154174323561,
            0.43193272385212583,
            0.4318638154243656,
            0.4306447473469182,
            0.43156610578636545,
            0.4308276432037891,
            0.4311768355951535,
            0.43210955154265945,
            0.4334505318217008,
            0.43391301106133073,
            0.4315972081444422,
            0.4303806582434335,
            0.42946714092353605,
            0.42888851100492575,
            0.4281821296573982,
            0.42782936967958507,
            0.4265743273108338,
            0.4260138461099572,
            0.4263004982211334,
            0.4259653013566185,
            0.42724360407907686,
            0.42715649920588683,
            0.4270015886238255,
            0.42695412244721187,
            0.425686902127172,
            0.4263360659581624
        ],
        "runtimes": [
            0.0073125362396240234,
            0.013323068618774414,
            0.02840733528137207,
            0.03823113441467285,
            0.04849839210510254,
            0.05851435661315918,
            0.06910133361816406,
            0.07992887496948242,
            0.09131765365600586,
            0.10295939445495605,
            0.11480045318603516,
            0.1268749237060547,
            0.1396467685699463,
            0.15324831008911133,
            0.1673872470855713,
            0.18170523643493652,
            0.19668102264404297,
            0.21207952499389648,
            0.22826933860778809,
            0.24509453773498535,
            0.2621340751647949,
            0.27928900718688965,
            0.2969851493835449,
            0.31482434272766113,
            0.33330726623535156,
            0.3521418571472168,
            0.3717217445373535,
            0.39175939559936523,
            0.4123828411102295,
            0.4325294494628906,
            0.4536154270172119,
            0.4758751392364502,
            0.49867892265319824,
            0.521881103515625,
            0.5457413196563721,
            0.56992506980896,
            0.5943870544433594,
            0.6200788021087646,
            0.6465311050415039,
            0.6736299991607666,
            0.7018857002258301
        ],
        "memory_usages": [
            2.0,
            2.0,
            3.0,
            3.0,
            4.0,
            4.0,
            4.0,
            4.0,
            4.0,
            4.0,
            4.0,
            5.0,
            5.0,
            5.0,
            5.0,
            5.0,
            5.0,
            6.0,
            6.0,
            6.0,
            6.0,
            6.0,
            6.0,
            6.0,
            7.0,
            7.0,
            7.0,
            7.0,
            7.0,
            7.0,
            6.5625,
            7.5625,
            7.5625,
            6.8125,
            7.8125,
            7.390625,
            7.24609375,
            8.24609375,
            7.71484375,
            8.71484375,
            8.71484375
        ]
    },
    "run_count": 9,
    "seed": 89
}