{
    "dataset": "34_smtp",
    "model": "IFASD",
    "auc": 0.8283292685490823,
    "total_runtime": 2.8087759017944336,
    "total_memory_usage": 10.65234375,
    "Instances": 95156,
    "window_metric": {
        "window_size": 1000,
        "auc_scores": [
            NaN,
            NaN,
            NaN,
            NaN,
            NaN,
            NaN,
            NaN,
            NaN,
            NaN,
            NaN,
            NaN,
            NaN,
            NaN,
            NaN,
            0.9597950291227603,
            0.9565536421419326,
            0.9564078412903986,
            0.9539432325055275,
            0.9561481337433305,
            0.95460703303301,
            0.9532476148238286,
            0.9543401520478885,
            0.9516265046129752,
            0.953118836805834,
            0.953982801797578,
            0.9544108915789821,
            0.9558673280325248,
            0.956762820185603,
            0.9563188140087332,
            0.9567309982753857,
            0.9579268517579368,
            0.9571687613330832,
            0.9552190972793653,
            0.9559293322460509,
            0.955833353749663,
            0.9554916197568896,
            0.9555362646870245,
            0.9563965295484802,
            0.9566346160892921,
            0.9569849447306559,
            0.9579499271528258,
            0.958006410300032,
            0.9574828349429382,
            0.9578120635786711,
            0.9586800020323782,
            0.9584679498729428,
            0.9587795148706909,
            0.9595082792004811,
            0.9596007022414568,
            0.9593057278329065,
            0.9600916463988702,
            0.9598722683902738,
            0.9593379605163823,
            0.9599974066390041,
            0.9603918867306852,
            0.8052641357748994,
            0.8053325142606407,
            0.8062485554118154,
            0.8063287833827893,
            0.8063593163818258,
            0.807349569495695,
            0.8073285797698042,
            0.807432756307671,
            0.8081239133870712,
            0.808367977353556,
            0.8086495541666596,
            0.8087557119480432,
            0.8192083946551242,
            0.8199718122409269,
            0.8201966923242585,
            0.8204915169333369,
            0.8206993334000907,
            0.8211882944523545,
            0.82073799657741,
            0.8206690495037392,
            0.8211912984945707,
            0.8209643667856993,
            0.8214252071614601,
            0.8210176673322682,
            0.8209462999302766,
            0.8214748234680872,
            0.8213956239359672,
            0.8213519971040983,
            0.8218728222674576,
            0.8217657626800867,
            0.8215224139334876,
            0.8215655714013272,
            0.8221978716340299,
            0.8272782960548499,
            0.8273581934718981,
            0.8278564361877543,
            0.8280738284223116,
            0.8281246638700656,
            0.8279427831577454,
            0.8282559404724299
        ],
        "runtimes": [
            0.006188154220581055,
            0.010001182556152344,
            0.0218813419342041,
            0.029172182083129883,
            0.0368044376373291,
            0.04455423355102539,
            0.05268597602844238,
            0.060797691345214844,
            0.06932425498962402,
            0.07809615135192871,
            0.0874032974243164,
            0.0967705249786377,
            0.10677051544189453,
            0.11681580543518066,
            0.1306171417236328,
            0.14390301704406738,
            0.158097505569458,
            0.1724228858947754,
            0.18719244003295898,
            0.202193021774292,
            0.2180624008178711,
            0.2347884178161621,
            0.25149989128112793,
            0.2687499523162842,
            0.286632776260376,
            0.3043680191040039,
            0.32282185554504395,
            0.3421139717102051,
            0.3628056049346924,
            0.38379645347595215,
            0.40503764152526855,
            0.42681264877319336,
            0.4481663703918457,
            0.4699108600616455,
            0.4922807216644287,
            0.5151546001434326,
            0.538985013961792,
            0.5632178783416748,
            0.5880353450775146,
            0.6127676963806152,
            0.6380424499511719,
            0.6633987426757812,
            0.6888995170593262,
            0.7154171466827393,
            0.7423298358917236,
            0.770207405090332,
            0.7980377674102783,
            0.8268613815307617,
            0.8565716743469238,
            0.886946439743042,
            0.9178323745727539,
            0.9490253925323486,
            0.9798259735107422,
            1.0109782218933105,
            1.0428402423858643,
            1.0756816864013672,
            1.1088309288024902,
            1.141782283782959,
            1.174999475479126,
            1.2086870670318604,
            1.2439048290252686,
            1.2800259590148926,
            1.3171179294586182,
            1.3552954196929932,
            1.3937978744506836,
            1.4323549270629883,
            1.4715635776519775,
            1.51119065284729,
            1.5509746074676514,
            1.59025239944458,
            1.6308889389038086,
            1.673485279083252,
            1.7170135974884033,
            1.7590503692626953,
            1.8026437759399414,
            1.8470728397369385,
            1.8912968635559082,
            1.9359841346740723,
            1.9810731410980225,
            2.0252809524536133,
            2.0706470012664795,
            2.116560220718384,
            2.162781238555908,
            2.2098019123077393,
            2.257678985595703,
            2.3054113388061523,
            2.3546197414398193,
            2.403602361679077,
            2.4543962478637695,
            2.5044000148773193,
            2.5555973052978516,
            2.6061413288116455,
            2.6571991443634033,
            2.708468198776245,
            2.7619218826293945
        ],