{
    "dataset": "48_chess",
    "model": "IFASD",
    "auc": 0.5690977466460002,
    "total_runtime": 0.549595832824707,
    "total_memory_usage": 5.0,
    "Instances": 28056,
    "window_metric": {
        "window_size": 1000,
        "auc_scores": [
            0.5,
            0.5,
            0.34117450784117453,
            0.2558168626469852,
            0.3719975980784628,
            0.34266594396264183,
            0.35581129378127235,
            0.39156450671336834,
            0.3774275442887851,
            0.4209875484267558,
            0.41123572143311976,
            0.43524328719146094,
            0.42968268934729065,
            0.5000129972250924,
            0.5072986331743923,
            0.5036495999153159,
            0.5003700526483995,
            0.5050542118432026,
            0.5305257645385499,
            0.534333083083083,
            0.5326370352716873,
            0.5403610372671749,
            0.5385052105175703,
            0.5365742460892181,
            0.539329226366518,
            0.5543360923965351,
            0.562804780671986,
            0.5691228711283763
        ],
        "runtimes": [
            0.007000446319580078,
            0.011985540390014648,
            0.028162717819213867,
            0.038700103759765625,
            0.04971051216125488,
            0.06080293655395508,
            0.07232856750488281,
            0.0843958854675293,
            0.1057126522064209,
            0.13261198997497559,
            0.16076231002807617,
            0.18872928619384766,
            0.21370744705200195,
            0.23256206512451172,
            0.24770545959472656,
            0.2626314163208008,
            0.2788522243499756,
            0.2949190139770508,
            0.311633825302124,
            0.32839298248291016,
            0.3463404178619385,
            0.36400699615478516,
            0.39424991607666016,
            0.4325528144836426,
            0.4660453796386719,
            0.49983906745910645,
            0.5193979740142822,
            0.5375614166259766
        ],
        "memory_usages": [
            2.0,
            2.0,
            2.0,
            3.0,
            3.0,
            3.0,
            3.0,
            3.0,
            3.0,
            3.0,
            4.0,
            4.0,
            4.0,
            4.0,
            4.0,
            4.0,
            5.0,
            5.0,
            5.0,
            5.0,
            5.0,
            5.0,
            5.0,
            5.0,
            5.0,
            5.0,
            5.0,
            5.0
        ]
    },
    "run_count": 6,
    "seed": 45
}