{
    "dataset": "51_kddcup99_u2r",
    "model": "IFASD",
    "auc": 0.8193413575362334,
    "total_runtime": 1.2342517375946045,
    "total_memory_usage": 10.890625,
    "Instances": 60821,
    "window_metric": {
        "window_size": 1000,
        "auc_scores": [
            NaN,
            0.5,
            0.34128042680893633,
            0.25593898474618654,
            0.20474094818963795,
            0.17061176862810468,
            0.5388261635939212,
            0.5915457728864433,
            0.4015991299941917,
            0.3983433433433433,
            0.4069937706301343,
            0.4288813139138519,
            0.3442820809248555,
            0.35016993328545093,
            0.3720463150726555,
            0.39482040808905966,
            0.4000752369791486,
            0.4154435211323605,
            0.42504657948393443,
            0.4178845729464374,
            0.6745599979541832,
            0.7350821129518614,
            0.7218389457599468,
            0.7507384855949019,
            0.7894603388241037,
            0.7974681604707168,
            0.801032019284359,
            0.7948240636349491,
            0.7903840369926043,
            0.7848435432645915,
            0.7833477257305383,
            0.7899922421950014,
            0.7962364912649349,
            0.8021045054200542,
            0.8015298037211064,
            0.8068167250306263,
            0.8089307202609446,
            0.8122687722404982,
            0.8155520656386953,
            0.8186198431848157,
            0.8191972446386374,
            0.8192270922660382,
            0.8144114314769296,
            0.8167606312330306,
            0.8191050510956124,
            0.8213301691154442,
            0.8206534354771662,
            0.8195558811558811,
            0.8183949195331475,
            0.8198420577825932,
            0.8215594281931629,
            0.8217846727318288,
            0.8211492811326978,
            0.8210012541708409,
            0.8206948807778617,
            0.8205515813748162,
            0.8199378770854424,
            0.81985832692581,
            0.8198061853060474,
            0.819640547824423
        ],
        "runtimes": [
            0.0061206817626953125,
            0.011477470397949219,
            0.01923203468322754,
            0.02559828758239746,
            0.032494306564331055,
            0.039670705795288086,
            0.04708743095397949,
            0.05503535270690918,
            0.06558823585510254,
            0.07415175437927246,
            0.08316302299499512,
            0.09247589111328125,
            0.10427284240722656,
            0.11427712440490723,
            0.12497329711914062,
            0.13565993309020996,
            0.14689230918884277,
            0.15856409072875977,
            0.17233014106750488,
            0.18461370468139648,
            0.19763565063476562,
            0.210737943649292,
            0.22444915771484375,
            0.2382192611694336,
            0.25292181968688965,
            0.2675297260284424,
            0.2824857234954834,
            0.2982323169708252,
            0.3139369487762451,
            0.3299717903137207,
            0.348569393157959,
            0.36513614654541016,
            0.39991283416748047,
            0.476809024810791,
            0.5176112651824951,
            0.5357375144958496,
            0.5569391250610352,
            0.5769643783569336,
            0.5975005626678467,
            0.6181778907775879,
            0.6393053531646729,
            0.6608374118804932,
            0.6981527805328369,
            0.7931313514709473,
            0.8427445888519287,
            0.8654830455780029,
            0.8883514404296875,
            0.9128615856170654,
            0.9354653358459473,
            0.9605259895324707,
            0.9843826293945312,
            1.010371208190918,
            1.0348174571990967,
            1.060004711151123,
            1.083752155303955,
            1.1079206466674805,
            1.1321907043457031,
            1.1570067405700684,
            1.1817622184753418,
            1.2074708938598633
        ],
        "memory_usages": [
            2.0,
            3.0,
            3.0,
            3.0,
            3.0,
            3.0,
            3.0,
            4.0,
            4.0,
            4.0,
            4.0,
            4.0,
            4.0,
            5.0,
            5.0,
            5.0,
            5.0,
            5.0,
            5.0,
            5.0,
            5.0,
            6.0,
            6.0,
            6.0,
            6.0,
            6.0,
            6.0,
            7.0,
            7.0,
            7.0,
            7.0,
            7.0,
            7.0,
            7.0,
            7.0,
            8.0,
            6.5859375,
            6.9375,
            7.9375,
            7.11328125,
            8.11328125,
            7.25390625,
            7.3203125,
            7.76953125,
            7.84375,
            8.84375,
            8.84375,
            8.84375,
            8.11328125,
            9.11328125,
            9.11328125,
            8.3515625,
            9.3515625,
            8.5234375,
            9.5234375,
            9.46484375,
            8.70703125,
            9.6875,
            8.83203125,
            8.890625
        ]
    },
    "run_count": 2,
    "seed": 60
}