{
    "dataset": "34_smtp",
    "model": "IFASD",
    "auc": 0.7418583422688505,
    "total_runtime": 2.8703181743621826,
    "total_memory_usage": 11.32421875,
    "Instances": 95156,
    "window_metric": {
        "window_size": 1000,
        "auc_scores": [
            NaN,
            NaN,
            NaN,
            NaN,
            NaN,
            NaN,
            NaN,
            NaN,
            NaN,
            NaN,
            NaN,
            NaN,
            NaN,
            NaN,
            0.9520863901116002,
            0.9557741626610082,
            0.954954241025943,
            0.9527607545620554,
            0.9542075347099838,
            0.9487936389422356,
            0.9434869937800324,
            0.9411610357169097,
            0.9369208683168747,
            0.9358610914245217,
            0.9304867868863707,
            0.9268562192829105,
            0.9235847158844268,
            0.9193295627405539,
            0.9155232575331934,
            0.9116611561585883,
            0.9075365833417857,
            0.905283338246197,
            0.9030671020606145,
            0.9016822052778034,
            0.9008235947440201,
            0.8999730053751062,
            0.8983032189786097,
            0.8971801641206159,
            0.894987028310529,
            0.8944184035841116,
            0.8960289576231605,
            0.8948450503909466,
            0.8922115838379273,
            0.8925486031269689,
            0.8939717753459806,
            0.8931266348143224,
            0.8939889389544605,
            0.8954814201761228,
            0.8927266390980513,
            0.886356133962868,
            0.8882443511689941,
            0.8862210006925207,
            0.8850643590517892,
            0.8867233810017784,
            0.8878673796013387,
            0.7494585082626173,
            0.7501855199648968,
            0.7514697714532126,
            0.7525097075031794,
            0.753622676115048,
            0.7546381303813038,
            0.724724805485782,
            0.7250691213341873,
            0.7257132783448573,
            0.7255808823152181,
            0.7259762832269766,
            0.7262127745232877,
            0.7373215453446423,
            0.7387545190157383,
            0.7396076404066907,
            0.7405494424871937,
            0.7414880706261479,
            0.7420975928557354,
            0.7416634384677313,
            0.7417934934841472,
            0.7426125395398153,
            0.7428487397179144,
            0.7431476512708748,
            0.742162880393894,
            0.7418712990355556,
            0.7424886900759277,
            0.741457134335566,
            0.740860641379061,
            0.741617898461661,
            0.7404877282675346,
            0.7392715426493056,
            0.7395189993969452,
            0.7401506530953187,
            0.7451438687197931,
            0.7447399133044349,
            0.7453112747792313,
            0.7437077307817767,
            0.7429602739234878,
            0.7420474619559434,
            0.7419462286336036
        ],
        "runtimes": [
            0.006822109222412109,
            0.01076817512512207,
            0.021919727325439453,
            0.02857208251953125,
            0.03554868698120117,
            0.0426180362701416,
            0.04993581771850586,
            0.057582855224609375,
            0.06559038162231445,
            0.07374978065490723,
            0.08240389823913574,
            0.09133625030517578,
            0.10078144073486328,
            0.11048603057861328,
            0.12383890151977539,
            0.14019417762756348,
            0.16831111907958984,
            0.19670462608337402,
            0.2231731414794922,
            0.2410128116607666,
            0.25552964210510254,
            0.27045702934265137,
            0.2864351272583008,
            0.30272626876831055,
            0.3195829391479492,
            0.3373889923095703,
            0.3556804656982422,
            0.37406373023986816,
            0.39375853538513184,
            0.4138674736022949,
            0.4343876838684082,
            0.45558929443359375,
            0.48671793937683105,
            0.5257947444915771,
            0.5644724369049072,
            0.601318359375,
            0.6248748302459717,
            0.6489839553833008,
            0.673297643661499,
            0.6979951858520508,
            0.7231655120849609,
            0.7484502792358398,
            0.773834228515625,
            0.800344705581665,
            0.8268232345581055,
            0.8539068698883057,
            0.8814182281494141,
            0.9101419448852539,
            0.9388301372528076,
            0.9678633213043213,
            0.9969832897186279,
            1.0266714096069336,
            1.0571708679199219,
            1.0882289409637451,
            1.1196162700653076,
            1.15193772315979,
            1.1842942237854004,
            1.2172367572784424,
            1.2503833770751953,
            1.2835183143615723,
            1.3177649974822998,
            1.3528766632080078,
            1.3894407749176025,
            1.4267430305480957,
            1.4648807048797607,
            1.5029089450836182,
            1.5409579277038574,
            1.580599069595337,
            1.6206421852111816,
            1.661360263824463,
            1.7014169692993164,
            1.7423896789550781,
            1.7849600315093994,
            1.827146291732788,
            1.869661569595337,
            1.9131977558135986,
            1.9564597606658936,
            2.0010735988616943,
            2.045792579650879,
            2.0903124809265137,
            2.135676860809326,
            2.1813669204711914,
            2.227374315261841,
            2.2738535404205322,
            2.3211464881896973,
            2.3687405586242676,
            2.417811393737793,
            2.4667301177978516,
            2.5162484645843506,
            2.5656261444091797,
            2.6161603927612305,
            2.6664416790008545,
            2.7178521156311035,
            2.770524263381958,
            2.822636842727661
        ],