{
    "dataset": "5_campaign",
    "model": "IFASD",
    "auc": 0.49604477390149193,
    "total_runtime": 0.7352304458618164,
    "total_memory_usage": 7.3984375,
    "Instances": 41188,
    "window_metric": {
        "window_size": 1000,
        "auc_scores": [
            0.5,
            0.5,
            0.4871608513773285,
            0.4859732296654498,
            0.4821856727368538,
            0.4913773853094465,
            0.48966508903668393,
            0.49016139777520085,
            0.4913647793611659,
            0.495105710719301,
            0.494929293771723,
            0.4955778874112657,
            0.49837677507798406,
            0.49887843356643347,
            0.49954421690949613,
            0.4977950660764921,
            0.49628137695692115,
            0.4942656428638579,
            0.4928850064587693,
            0.4926426642876034,
            0.49394561575115903,
            0.4944869017881066,
            0.49598168989493885,
            0.4970636256874213,
            0.4978954037642499,
            0.4996418072585086,
            0.4984622980650715,
            0.49820476251655665,
            0.4976369444024298,
            0.49722654454831394,
            0.49674218492051336,
            0.49476751401872804,
            0.49383387520832195,
            0.4954817003040213,
            0.4948552291836554,
            0.4950131751035654,
            0.4949272792953311,
            0.49568834301509607,
            0.49549157356595425,
            0.49528333279812103,
            0.4961828360061731
        ],
        "runtimes": [
            0.007422447204589844,
            0.013696432113647461,
            0.027873992919921875,
            0.03731489181518555,
            0.04722142219543457,
            0.05732917785644531,
            0.06805562973022461,
            0.07919764518737793,
            0.09055876731872559,
            0.1023566722869873,
            0.11466479301452637,
            0.12744379043579102,
            0.14058613777160645,
            0.15410113334655762,
            0.16837358474731445,
            0.18277454376220703,
            0.19784903526306152,
            0.21316909790039062,
            0.22942614555358887,
            0.24570870399475098,
            0.2628312110900879,
            0.2800936698913574,
            0.2980940341949463,
            0.3163266181945801,
            0.3349618911743164,
            0.3541440963745117,
            0.3739924430847168,
            0.39469051361083984,
            0.4162263870239258,
            0.43788909912109375,
            0.46051549911499023,
            0.48336148262023926,
            0.5066957473754883,
            0.5301833152770996,
            0.5546166896820068,
            0.5796551704406738,
            0.6047239303588867,
            0.6305100917816162,
            0.6572017669677734,
            0.6840386390686035,
            0.7116639614105225
        ],
        "memory_usages": [
            2.0,
            2.0,
            3.0,
            3.0,
            4.0,
            4.0,
            4.0,
            4.0,
            4.0,
            4.0,
            5.0,
            5.0,
            5.0,
            5.0,
            5.0,
            5.0,
            5.0,
            6.0,
            6.0,
            6.0,
            6.0,
            6.0,
            6.0,
            6.0,
            7.0,
            7.0,
            5.8046875,
            6.8046875,
            6.8046875,
            6.15234375,
            6.109375,
            6.46875,
            7.46875,
            7.25390625,
            6.953125,
            7.953125,
            7.953125,
            7.9140625,
            7.55859375,
            8.55859375,
            7.69921875
        ]
    },
    "run_count": 4,
    "seed": 28
}