{
    "dataset": "34_smtp",
    "model": "IFASD",
    "auc": 0.7533038636475131,
    "total_runtime": 3.525174617767334,
    "total_memory_usage": 12.3359375,
    "Instances": 95156,
    "window_metric": {
        "window_size": 1000,
        "auc_scores": [
            NaN,
            NaN,
            NaN,
            NaN,
            NaN,
            NaN,
            NaN,
            NaN,
            NaN,
            NaN,
            NaN,
            NaN,
            NaN,
            NaN,
            0.9666088657685297,
            0.9641126684662057,
            0.9633090462842627,
            0.9613994722684331,
            0.9623669636309864,
            0.9598200368701194,
            0.957805381353292,
            0.9579979078546413,
            0.9553945206487948,
            0.9558943786858908,
            0.9560553910189706,
            0.9555791030335016,
            0.9555946998973012,
            0.9552110238792867,
            0.9542217425160914,
            0.9537129231736715,
            0.953522789093692,
            0.9525517860492536,
            0.9508189621571057,
            0.9508799841951727,
            0.9506537308801071,
            0.9502564489364912,
            0.9499028589968406,
            0.9501949966529022,
            0.9499600589222504,
            0.9501227215239619,
            0.9510041756418569,
            0.9506672292124586,
            0.9497203408418688,
            0.9501026300576157,
            0.9508569332681278,
            0.9505874458686184,
            0.9509595563420107,
            0.9516860572428862,
            0.9512499198021593,
            0.9474694402208708,
            0.9483207967205398,
            0.9477423341797477,
            0.9471349841461574,
            0.9478491312240663,
            0.9482781354575877,
            0.7632950424296562,
            0.7634488810881966,
            0.764248037947391,
            0.7647036880033913,
            0.7650551062942893,
            0.7658036900369003,
            0.7290415001514997,
            0.729025255385759,
            0.7294075451970188,
            0.7293166221182474,
            0.7293589801888651,
            0.7294318716608295,
            0.74592866430359,
            0.7468093786543969,
            0.747376129716794,
            0.7478834239725891,
            0.7481545488388762,
            0.7484451782687408,
            0.748005625690217,
            0.7479039021525105,
            0.7483803937891002,
            0.7483259481067434,
            0.7486145379427099,
            0.7479650976198595,
            0.7476910811203544,
            0.7480223868996947,
            0.7475801997258072,
            0.7473186518430411,
            0.7477450137752812,
            0.7472687436159761,
            0.7466994684253994,
            0.7467546653482194,
            0.7472290045426413,
            0.7545181896519426,
            0.7543175502945425,
            0.7545995016672162,
            0.7541093110072126,
            0.7538422788713204,
            0.7533663225852222,
            0.7532887578533572
        ],
        "runtimes": [
            0.006513833999633789,
            0.009859561920166016,
            0.019844770431518555,
            0.025841712951660156,
            0.032267093658447266,
            0.03870081901550293,
            0.04546403884887695,
            0.05272340774536133,
            0.06029319763183594,
            0.06798958778381348,
            0.07659435272216797,
            0.08513402938842773,
            0.09415245056152344,
            0.10323905944824219,
            0.1160433292388916,
            0.1283891201019287,
            0.14097118377685547,
            0.1538543701171875,
            0.1670541763305664,
            0.1806943416595459,
            0.19514989852905273,
            0.20994281768798828,
            0.2251737117767334,
            0.24068093299865723,
            0.25647544860839844,
            0.27239370346069336,
            0.2891271114349365,
            0.3065335750579834,
            0.3245863914489746,
            0.34275245666503906,
            0.36160778999328613,
            0.38193202018737793,
            0.40188121795654297,
            0.42176103591918945,
            0.4423959255218506,
            0.46354007720947266,
            0.49468183517456055,
            0.5197479724884033,
            0.5410110950469971,
            0.5624077320098877,
            0.584439754486084,
            0.6064832210540771,
            0.6758997440338135,
            0.7596161365509033,
            0.8079929351806641,
            0.8741409778594971,
            0.9701426029205322,
            1.048778772354126,
            1.101059913635254,
            1.1831438541412354,
            1.292733907699585,
            1.385101079940796,
            1.4131262302398682,
            1.4412035942077637,
            1.469421148300171,
            1.499189853668213,
            1.529015064239502,
            1.5736117362976074,
            1.6306254863739014,
            1.6794238090515137,
            1.7111568450927734,
            1.744274377822876,
            1.777578592300415,
            1.8113412857055664,
            1.858201026916504,
            1.9241106510162354,
            2.000664234161377,
            2.0736966133117676,
            2.1356394290924072,
            2.176784038543701,
            2.2281064987182617,
            2.3239877223968506,
            2.3979790210723877,
            2.4410452842712402,
            2.5087504386901855,
            2.5971953868865967,
            2.6612133979797363,
            2.70202374458313,
            2.743525743484497,
            2.785249948501587,
            2.827587127685547,
            2.871110677719116,
            2.914780616760254,
            2.959233522415161,
            3.0039801597595215,
            3.049720287322998,
            3.0953946113586426,
            3.141274929046631,
            3.1881608963012695,
            3.235196113586426,
            3.282658338546753,
            3.329834222793579,
            3.3780293464660645,
            3.4266624450683594,
            3.480536937713623
        ],