{
    "dataset": "32_shuttle",
    "model": "IFASD",
    "auc": 0.9506194956870575,
    "total_runtime": 1.01749849319458,
    "total_memory_usage": 7.19921875,
    "Instances": 49097,
    "window_metric": {
        "window_size": 1000,
        "auc_scores": [
            0.5,
            0.5,
            0.5471873543623833,
            0.6183706192061574,
            0.6748050848704026,
            0.704566356009608,
            0.735313629574484,
            0.7631251589368158,
            0.7815057130021332,
            0.7924449755151024,
            0.8138859571307838,
            0.8270948571428571,
            0.8407446328247793,
            0.8506719015502541,
            0.8595877440429227,
            0.8666119512848584,
            0.873260602587195,
            0.8798309768000447,
            0.8845715093373872,
            0.8884651588397582,
            0.893161907057719,
            0.89837291870715,
            0.9024235939996255,
            0.9065530965463279,
            0.9100411632213661,
            0.913003546746128,
            0.9158736078333282,
            0.9187195554407108,
            0.9215428357938773,
            0.9244211781301952,
            0.9263637408110988,
            0.9282361738835945,
            0.9299295346938777,
            0.9317422068246841,
            0.9335859332661987,
            0.9353643367405086,
            0.9367633256416447,
            0.9381789142725923,
            0.9395153270273949,
            0.9410399304200081,
            0.9422409529420605,
            0.9434830715483289,
            0.9446258379482653,
            0.945673886578072,
            0.9465596281139584,
            0.9473443960097876,
            0.9486473059826771,
            0.9495252697842879,
            0.9505240701074228
        ],
        "runtimes": [
            0.007685184478759766,
            0.01344752311706543,
            0.030991554260253906,
            0.04187130928039551,
            0.05283308029174805,
            0.06429672241210938,
            0.07645153999328613,
            0.08911919593811035,
            0.10216736793518066,
            0.11527419090270996,
            0.1291515827178955,
            0.1434800624847412,
            0.15829920768737793,
            0.1734147071838379,
            0.18959569931030273,
            0.20557188987731934,
            0.22207140922546387,
            0.23880267143249512,
            0.2564115524291992,
            0.2741577625274658,
            0.2919018268585205,
            0.30945873260498047,
            0.3284735679626465,
            0.34741735458374023,
            0.36722302436828613,
            0.38733768463134766,
            0.4075894355773926,
            0.42814135551452637,
            0.4491586685180664,
            0.4709746837615967,
            0.4938924312591553,
            0.5171797275543213,
            0.5413196086883545,
            0.566025972366333,
            0.5909435749053955,
            0.6161229610443115,
            0.6423985958099365,
            0.6692874431610107,
            0.6960654258728027,
            0.7236075401306152,
            0.7518298625946045,
            0.7798728942871094,
            0.808502197265625,
            0.837435245513916,
            0.866793155670166,
            0.8972716331481934,
            0.9283468723297119,
            0.9598965644836426,
            0.991236686706543
        ],
        "memory_usages": [
            2.0,
            2.0,
            2.0,
            2.0,
            2.0,
            2.0,
            3.0,
            3.0,
            3.0,
            3.0,
            3.0,
            3.0,
            4.0,
            4.0,
            4.0,
            4.0,
            4.0,
            4.0,
            4.0,
            5.0,
            5.0,
            5.0,
            5.0,
            5.0,
            5.0,
            6.0,
            6.0,
            6.0,
            6.0,
            6.0,
            6.0,
            6.0,
            6.0,
            5.28515625,
            5.3828125,
            5.44140625,
            5.50390625,
            6.14453125,
            7.14453125,
            7.14453125,
            6.41015625,
            6.66796875,
            6.5625,
            7.203125,
            6.76171875,
            7.49609375,
            6.9140625,
            7.78515625,
            7.06640625
        ]
    },
    "run_count": 5,
    "seed": 75
}