{
    "dataset": "32_shuttle",
    "model": "IFASD",
    "auc": 0.9477851216344422,
    "total_runtime": 0.9734396934509277,
    "total_memory_usage": 7.35546875,
    "Instances": 49097,
    "window_metric": {
        "window_size": 1000,
        "auc_scores": [
            0.5,
            0.5,
            0.5470409502317939,
            0.617870409786289,
            0.6743374410815128,
            0.7037349620712148,
            0.7342580919672622,
            0.76192429055978,
            0.7801709069862045,
            0.7910329959401523,
            0.8122480355187577,
            0.8252427608346711,
            0.8388324840095157,
            0.8485397594149305,
            0.8576499580523265,
            0.8644921953761495,
            0.8711154975847389,
            0.8776744668317324,
            0.882178446191786,
            0.8858593566653454,
            0.8905188386994639,
            0.8956321675200536,
            0.8996201655626592,
            0.9037357774363302,
            0.9071255802685443,
            0.9099913783776898,
            0.9128921314496814,
            0.915705862872268,
            0.9186696446710159,
            0.9216292001099852,
            0.9236112013621951,
            0.925488966888291,
            0.9271626861439314,
            0.9289613453670497,
            0.9307565113719243,
            0.932463782539261,
            0.9339314379405615,
            0.9352707908343971,
            0.9365464944577429,
            0.9381049904698594,
            0.9392974708753005,
            0.9405281391464528,
            0.9416921871463519,
            0.9428134318465373,
            0.9437019727461706,
            0.9445023849550478,
            0.9458418679578078,
            0.9466885628655167,
            0.9476974191318339
        ],
        "runtimes": [
            0.0072100162506103516,
            0.01242208480834961,
            0.028734207153320312,
            0.03848123550415039,
            0.04868578910827637,
            0.05945110321044922,
            0.07097196578979492,
            0.08272194862365723,
            0.09462380409240723,
            0.10667753219604492,
            0.1192021369934082,
            0.13214850425720215,
            0.14565801620483398,
            0.15955162048339844,
            0.17392349243164062,
            0.18864226341247559,
            0.2038862705230713,
            0.21948599815368652,
            0.23566627502441406,
            0.2523837089538574,
            0.26940369606018066,
            0.28681325912475586,
            0.30478477478027344,
            0.32281041145324707,
            0.34138035774230957,
            0.3602790832519531,
            0.380098819732666,
            0.4005722999572754,
            0.4223475456237793,
            0.4442741870880127,
            0.4667537212371826,
            0.48923420906066895,
            0.5127167701721191,
            0.536142110824585,
            0.5606820583343506,
            0.5858871936798096,
            0.6117844581604004,
            0.6377732753753662,
            0.6643350124359131,
            0.690711498260498,
            0.7175137996673584,
            0.7444689273834229,
            0.7721633911132812,
            0.800227165222168,
            0.828789472579956,
            0.8581740856170654,
            0.8877222537994385,
            0.9179294109344482,
            0.948505163192749
        ],
        "memory_usages": [
            2.0,
            2.0,
            2.0,
            3.0,
            3.0,
            3.0,
            3.0,
            3.0,
            3.0,
            4.0,
            4.0,
            4.0,
            4.0,
            4.0,
            4.0,
            4.0,
            5.0,
            5.0,
            5.0,
            5.0,
            5.0,
            5.0,
            5.0,
            6.0,
            6.0,
            6.0,
            6.0,
            4.984375,
            5.984375,
            5.10546875,
            5.19921875,
            5.26171875,
            5.82421875,
            6.82421875,
            6.6171875,
            6.3828125,
            7.3828125,
            7.3828125,
            6.98828125,
            7.98828125,
            7.98828125,
            7.19921875,
            8.19921875,
            7.375,
            7.4453125,
            7.51171875,
            7.58203125,
            7.65234375,
            7.72265625
        ]
    },
    "run_count": 7,
    "seed": 48
}