{
    "dataset": "50_bank",
    "model": "IFASD",
    "auc": 0.5481446163854431,
    "total_runtime": 0.5830240249633789,
    "total_memory_usage": 6.05859375,
    "Instances": 41188,
    "window_metric": {
        "window_size": 1000,
        "auc_scores": [
            0.5,
            0.5,
            0.5347664683904039,
            0.5581114670854964,
            0.544841081004297,
            0.5500067661011614,
            0.5432181022089737,
            0.5441047741935483,
            0.5305596914124603,
            0.5252932991868529,
            0.5303061333333333,
            0.5279803026564684,
            0.5333738677436076,
            0.535217215114109,
            0.5376943625739239,
            0.5344440768704444,
            0.5328346297637888,
            0.5338553038735632,
            0.5344362590756404,
            0.535932142684351,
            0.5364600528018819,
            0.5367153110193513,
            0.5364495836901249,
            0.5343825479996795,
            0.5344170066549931,
            0.5338283966626819,
            0.534018766121682,
            0.5381362133997964,
            0.5422871714016376,
            0.5428933500502232,
            0.5446312231586126,
            0.5430994921172592,
            0.5413556171918706,
            0.5393820279690872,
            0.5384042639479591,
            0.5364845464651758,
            0.5371990176593794,
            0.5401355316786652,
            0.545014065031938,
            0.5488152647727683,
            0.5477803698148954
        ],
        "runtimes": [
            0.005717754364013672,
            0.009617328643798828,
            0.01665639877319336,
            0.023386240005493164,
            0.029714345932006836,
            0.03660750389099121,
            0.042974233627319336,
            0.04961085319519043,
            0.0564723014831543,
            0.06357336044311523,
            0.07110810279846191,
            0.07892632484436035,
            0.0870206356048584,
            0.09516215324401855,
            0.10371065139770508,
            0.11263656616210938,
            0.12195682525634766,
            0.131608247756958,
            0.14163494110107422,
            0.1519913673400879,
            0.162766695022583,
            0.1737377643585205,
            0.1850144863128662,
            0.19652915000915527,
            0.20842933654785156,
            0.2206108570098877,
            0.23311448097229004,
            0.24641990661621094,
            0.2597620487213135,
            0.27326536178588867,
            0.29540061950683594,
            0.338428258895874,
            0.4015822410583496,
            0.4271218776702881,
            0.44379353523254395,
            0.46297192573547363,
            0.4833409786224365,
            0.5020005702972412,
            0.5204596519470215,
            0.54380202293396,
            0.5661306381225586
        ],
        "memory_usages": [
            1.0,
            1.0,
            2.0,
            2.0,
            2.0,
            2.0,
            2.0,
            2.0,
            3.0,
            3.0,
            3.0,
            3.0,
            3.0,
            3.0,
            3.0,
            3.0,
            4.0,
            4.0,
            4.0,
            4.0,
            4.0,
            4.0,
            4.0,
            4.0,
            5.0,
            5.0,
            5.0,
            5.0,
            5.0,
            5.0,
            6.0,
            4.546875,
            5.546875,
            5.546875,
            6.546875,
            6.546875,
            6.046875,
            7.046875,
            7.046875,
            7.046875,
            6.359375
        ]
    },
    "run_count": 2,
    "seed": 64
}