{
    "dataset": "49_kddcup99_prob",
    "model": "IFASD",
    "auc": 0.3302451109323037,
    "total_runtime": 1.4108543395996094,
    "total_memory_usage": 12.40234375,
    "Instances": 64759,
    "window_metric": {
        "window_size": 1000,
        "auc_scores": [
            0.5,
            0.5,
            0.3367733037897784,
            0.2714737993247712,
            0.31082497989245894,
            0.28441114327617045,
            0.26581101119911893,
            0.2515397886968655,
            0.24763195971358204,
            0.23741684724924228,
            0.23168366295764278,
            0.22132963512330064,
            0.2131084516629845,
            0.23981768392875671,
            0.2688265859209914,
            0.26426591324290505,
            0.26013879267346485,
            0.25694561598243304,
            0.25394172976377954,
            0.25109405394330736,
            0.27882844266962103,
            0.2773162448806955,
            0.27513852498105706,
            0.272789461891511,
            0.2709120204613201,
            0.268885854384213,
            0.2616826308081675,
            0.26002356139926397,
            0.27584310195547934,
            0.2751081311145277,
            0.27183862297975414,
            0.2724283562795421,
            0.2632465399713994,
            0.2549509108468806,
            0.25362894382631357,
            0.27093633655240407,
            0.2872378066184945,
            0.3023566563829112,
            0.31465211350445177,
            0.34033584070881356,
            0.33417108729203754,
            0.33902895001158395,
            0.3444469355997106,
            0.34992058479119553,
            0.354475351001841,
            0.3562965545298267,
            0.35985022373668585,
            0.3627255439387007,
            0.3665949860367005,
            0.36966379744202604,
            0.36951790338929763,
            0.37670957442607256,
            0.3861855616997891,
            0.3832932510123892,
            0.37643381750857385,
            0.372435500923656,
            0.3694818662715552,
            0.36630415247288045,
            0.36106682419882,
            0.3566146569409482,
            0.35157825695507844,
            0.3459976482428702,
            0.3401168370234612,
            0.33443339903866853
        ],
        "runtimes": [
            0.00705409049987793,
            0.01180267333984375,
            0.019067764282226562,
            0.02480792999267578,
            0.03090214729309082,
            0.037270307540893555,
            0.04416084289550781,
            0.05146026611328125,
            0.06110739707946777,
            0.0691230297088623,
            0.0795755386352539,
            0.08832693099975586,
            0.09947371482849121,
            0.10905289649963379,
            0.12099790573120117,
            0.13138103485107422,
            0.14242768287658691,
            0.15400218963623047,
            0.1659696102142334,
            0.1782088279724121,
            0.19126200675964355,
            0.20461606979370117,
            0.218353271484375,
            0.23243260383605957,
            0.24703550338745117,
            0.26178932189941406,
            0.27715492248535156,
            0.292675256729126,
            0.3085150718688965,
            0.32578086853027344,
            0.3439450263977051,
            0.3606455326080322,
            0.37967419624328613,
            0.3979074954986572,
            0.41872167587280273,
            0.43796658515930176,
            0.4575502872467041,
            0.47880005836486816,
            0.5008654594421387,
            0.5218780040740967,
            0.5447421073913574,
            0.5659728050231934,
            0.5872700214385986,
            0.609224796295166,
            0.6311686038970947,
            0.6537115573883057,
            0.6764531135559082,
            0.7000906467437744,
            0.7243151664733887,
            0.7492740154266357,
            0.7741444110870361,
            0.8013770580291748,
            0.8268246650695801,
            0.9011373519897461,
            0.9892184734344482,
            1.0152380466461182,
            1.0414586067199707,
            1.0835950374603271,
            1.1630735397338867,
            1.2161009311676025,
            1.2431294918060303,
            1.2693309783935547,
            1.3073828220367432,
            1.3605589866638184
        ],
        "memory_usages": [
            3.0,
            4.0,
            4.0,
            4.0,
            4.0,
            4.0,
            5.0,
            5.0,
            5.0,
            5.0,
            5.0,
            5.0,
            5.0,
            6.0,
            6.0,
            6.0,
            6.0,
            6.0,
            6.0,
            6.0,
            7.0,
            7.0,
            7.0,
            7.0,
            7.0,
            7.0,
            7.0,
            8.0,
            8.0,
            8.0,
            8.0,
            8.0,
            8.0,
            7.84765625,
            7.59765625,
            8.59765625,
            8.59765625,
            8.59765625,
            7.91015625,
            8.91015625,
            8.05078125,
            8.1171875,
            8.1875,
            8.9765625,
            9.0546875,
            9.12890625,
            9.20703125,
            9.3359375,
            9.46484375,
            9.67578125,
            9.78515625,
            9.8984375,
            10.00390625,
            9.90625,
            10.0078125,
            10.0,
            10.1015625,
            10.203125,
            10.30078125,
            10.40234375,
            12.40234375,
            12.40234375,
            12.40234375,
            12.40234375
        ]
    },
    "run_count": 4,
    "seed": 68
}