{
    "dataset": "49_kddcup99_prob",
    "model": "IFASD",
    "auc": 0.5984937917827484,
    "total_runtime": 1.9760501384735107,
    "total_memory_usage": 11.3984375,
    "Instances": 64759,
    "window_metric": {
        "window_size": 1000,
        "auc_scores": [
            0.5,
            0.5,
            0.3257718800761213,
            0.25497674179104035,
            0.2632383124825432,
            0.21407201634282402,
            0.18951390620660516,
            0.1794736725397889,
            0.18192007441942748,
            0.1823350565233669,
            0.16898522681812048,
            0.6105487256851558,
            0.6538287239647821,
            0.6917410012640964,
            0.725899632464309,
            0.7156703795957698,
            0.7091738828234686,
            0.7051766003141978,
            0.7013352617322833,
            0.6899150976510269,
            0.6761613064242582,
            0.6633035127231468,
            0.6662091556296328,
            0.6721840338260272,
            0.6772400035470344,
            0.6804227829063624,
            0.6746416851001608,
            0.6780798323075428,
            0.6658333643978488,
            0.669106159065258,
            0.6722056163282248,
            0.6718913102900443,
            0.6676416731509802,
            0.6455876423925162,
            0.6305718250215339,
            0.6351760101087868,
            0.6394847119803624,
            0.6435765905219628,
            0.6475232124917903,
            0.6283383829183367,
            0.6320284118026378,
            0.6355200597403984,
            0.6387762964433784,
            0.6415980485159372,
            0.644384803649564,
            0.6377343691161661,
            0.6321285690966402,
            0.6268662860940121,
            0.6222405071872221,
            0.6176937560953032,
            0.6112852216109761,
            0.6133918706538735,
            0.6172425881355628,
            0.6200096910771022,
            0.6224381690288706,
            0.619058024189332,
            0.613968295164952,
            0.6112905257992872,
            0.6036278333256376,
            0.6041123272778056,
            0.6061894300455846,
            0.6082551587753988,
            0.6102914094157299,
            0.6060583384553883
        ],
        "runtimes": [
            0.018213510513305664,
            0.0383303165435791,
            0.05396580696105957,
            0.06757020950317383,
            0.08276796340942383,
            0.09634208679199219,
            0.11878347396850586,
            0.1350107192993164,
            0.15337157249450684,
            0.16693401336669922,
            0.17702937126159668,
            0.18558049201965332,
            0.19531035423278809,
            0.20529603958129883,
            0.21548748016357422,
            0.2254810333251953,
            0.23505234718322754,
            0.24457550048828125,
            0.25434112548828125,
            0.26447558403015137,
            0.282360315322876,
            0.32419300079345703,
            0.365588903427124,
            0.40538692474365234,
            0.4250216484069824,
            0.4485812187194824,
            0.47847628593444824,
            0.528348445892334,
            0.5816857814788818,
            0.6161291599273682,
            0.6311159133911133,
            0.6463091373443604,
            0.6703855991363525,
            0.7008333206176758,
            0.7587299346923828,
            0.8307712078094482,
            0.8830339908599854,
            0.9085476398468018,
            0.9262654781341553,
            0.9455738067626953,
            0.9654490947723389,
            0.9856228828430176,
            1.0052974224090576,
            1.0264391899108887,
            1.0461833477020264,
            1.067746877670288,
            1.0878918170928955,
            1.119551658630371,
            1.1724834442138672,
            1.250098466873169,
            1.2896466255187988,
            1.3140990734100342,
            1.3373875617980957,
            1.3623785972595215,
            1.3861229419708252,
            1.4120564460754395,
            1.4382014274597168,
            1.5043351650238037,
            1.5807945728302002,
            1.6313986778259277,
            1.6866657733917236,
            1.7317097187042236,
            1.883448839187622,
            1.9467768669128418
        ],
        "memory_usages": [
            2.0,
            3.0,
            3.0,
            3.0,
            3.0,
            3.0,
            3.0,
            4.0,
            4.0,
            4.0,
            4.0,
            4.0,
            4.0,
            4.0,
            4.0,
            4.0,
            4.0,
            5.0,
            5.0,
            5.0,
            5.0,
            5.0,
            5.0,
            5.0,
            6.0,
            6.0,
            6.0,
            6.0,
            6.0,
            7.0,
            7.0,
            7.0,
            7.0,
            7.0,
            7.0,
            7.0,
            7.0,
            7.0,
            6.50390625,
            7.50390625,
            6.62890625,
            6.6875,
            6.75,
            7.43359375,
            7.2578125,
            7.68359375,
            7.39453125,
            7.94140625,
            7.53125,
            7.9921875,
            7.4296875,
            8.25,
            7.56640625,
            8.50390625,
            7.70703125,
            8.30859375,
            8.375,
            8.4453125,
            8.515625,
            8.58203125,
            8.65234375,
            8.72265625,
            10.29296875,
            9.3984375
        ]
    },
    "run_count": 7,
    "seed": 17
}