{
    "dataset": "8_celeba",
    "model": "IFASD",
    "auc": 0.6021835929145833,
    "total_runtime": 13.943748235702515,
    "total_memory_usage": 17.52734375,
    "Instances": 202599,
    "window_metric": {
        "window_size": 1000,
        "auc_scores": [
            0.5,
            0.5,
            0.5147536675532953,
            0.5046126738807608,
            0.5145814837174616,
            0.5152026321068557,
            0.5147084118402656,
            0.519350943997028,
            0.5168859905702011,
            0.5184701588114754,
            0.5202613735338807,
            0.5247599581549399,
            0.5316382798710448,
            0.5414885107579805,
            0.5360248248089178,
            0.5409444224521518,
            0.5460210027709276,
            0.55002450298875,
            0.552520408258031,
            0.5549014796123548,
            0.5586161763363382,
            0.5652713033161686,
            0.5667233591307513,
            0.5687416399124653,
            0.5684913746042144,
            0.572853243899298,
            0.5726847384666264,
            0.5708506900733882,
            0.5729800457246155,
            0.5710816417606239,
            0.5712277807128092,
            0.5708039314178952,
            0.5718449818040442,
            0.5700665552542523,
            0.5689640105370233,
            0.5712156406667157,
            0.5710580558340633,
            0.5692962084288552,
            0.5705947051039104,
            0.5683519874510611,
            0.5674875330948745,
            0.5706413810614461,
            0.571761146490927,
            0.5722813040445061,
            0.5753031260012641,
            0.5777060032721048,
            0.5794695193073821,
            0.5813749676046079,
            0.5820078008702494,
            0.5835861005169776,
            0.5824401221850685,
            0.582968443608803,
            0.5824374513969832,
            0.583277256783765,
            0.5861771303202553,
            0.5851674682868463,
            0.5873011399444382,
            0.5857064828432694,
            0.5887931828888855,
            0.5876965025618694,
            0.5882742063113803,
            0.5892772497273958,
            0.587153530513574,
            0.5869378362152035,
            0.5871968052248645,
            0.5875544404021078,
            0.5867325149791929,
            0.5877123337992348,
            0.5890745435225645,
            0.5897773109638408,
            0.5898378837168629,
            0.5907923053018218,
            0.5921168818519033,
            0.5916124462177754,
            0.5917254400578539,
            0.5916537526719976,
            0.5912873322947177,
            0.590835048311444,
            0.5901374332619915,
            0.5895161763284337,
            0.589731796076848,
            0.5903543591160849,
            0.5904253905773303,
            0.5902441828869174,
            0.5909933757955057,
            0.590292034072396,
            0.5912798650915441,
            0.5917767081668888,
            0.592603568759847,
            0.5934200284090909,
            0.5937450799150242,
            0.5936216504127527,
            0.5941277625152405,
            0.5935960926896232,
            0.5936132573308271,
            0.5942117622052259,
            0.594302216386612,
            0.5949308585362303,
            0.5938103530784198,
            0.5932040211091885,
            0.5933767164620535,
            0.5926847342774111,
            0.5928192321685897,
            0.5929119710272834,
            0.5931722929983959,
            0.5920803920070623,
            0.5926893058202785,
            0.5923998395725494,
            0.5928786445820233,
            0.5934750360810526,
            0.5929445698247603,
            0.592797748122621,
            0.5923135079586731,
            0.5918981123213822,
            0.5929607211115816,
            0.5929812846579329,
            0.5929255964265733,
            0.5925116940667997,
            0.5928868635642413,
            0.5935325611657475,
            0.5929107809518052,
            0.5924614357561604,
            0.5924173118335283,
            0.5924520469030243,
            0.5921916114141172,
            0.5919968686125385,
            0.5910659709781603,
            0.5916201238393167,
            0.5914761559076922,
            0.5915743344248636,
            0.5924133019278848,
            0.5927067690848085,
            0.5933330313013496,
            0.5942790201778354,
            0.5946326393244038,
            0.5952549228696402,
            0.5959090947383937,
            0.5955633852591999,
            0.5952886156141074,
            0.5949732701051433,
            0.5954008185426578,
            0.5959486051280801,
            0.5956582441643928,
            0.5957179101527516,
            0.5955150800431263,
            0.5957561069816094,
            0.5960272660458109,
            0.595917597347113,
            0.5958254304219577,
            0.5955966335242032,
            0.5960754212321977,
            0.5957649201698284,
            0.5959714973010093,
            0.5963078245710994,
            0.5959135727947065,
            0.596756148766679,
            0.5966906185585329,
            0.5963676309763519,
            0.5972783279292375,
            0.5974558549571808,
            0.5976045456466025,
            0.5978209793180699,
            0.5982218279514533,
            0.5979560494410296,
            0.5980653790530288,
            0.5979338464973959,
            0.5985688271341135,
            0.5987330812263852,
            0.5981952606396781,
            0.5984427566360322,
            0.5990447602286684,
            0.598664739584357,
            0.5997881060266967,
            0.598920554314634,
            0.5985931043917279,
            0.5983573217973832,
            0.5990154475550646,
            0.5991634113930534,
            0.5996360888049062,
            0.6000669429801488,
            0.6000123616242705,
            0.6005771023799489,
            0.600955414049062,
            0.6014244548258818,
            0.6013169243255106,
            0.6016884246783469,
            0.601627657851337,
            0.6014795283203649,
            0.6013845565760653,
            0.601220287155222,
            0.6009658608833859,
            0.6016211746579635,
            0.6020702293359743,
            0.6020832986354173,
            0.6014854957865078,
            0.6018687674854439,
            0.6018865523789745,
            0.6020518251922187,
            0.6022907476790431,
            0.6024311784304399,
            0.6023439876242241,
            0.6022069777793947
        ],