{
    "dataset": "8_celeba",
    "model": "IFASD",
    "auc": 0.448454441198998,
    "total_runtime": 13.106124877929688,
    "total_memory_usage": 21.140625,
    "Instances": 202599,
    "window_metric": {
        "window_size": 1000,
        "auc_scores": [
            0.5,
            0.5,
            0.4970542382391482,
            0.4653080051730126,
            0.4519272701445364,
            0.4477439233353951,
            0.4380304149268899,
            0.431914573686608,
            0.42292617292617296,
            0.41474235826502737,
            0.41441339593280757,
            0.41589598548572104,
            0.41779529644915114,
            0.42438385599774997,
            0.42185969333619955,
            0.428067057172268,
            0.4298828706652962,
            0.43205926636836656,
            0.4298968829616972,
            0.4294635900280788,
            0.4307216302440241,
            0.4352286089694969,
            0.4338479238899479,
            0.4377835801252308,
            0.43467320395239656,
            0.43680223210556046,
            0.4362832950484284,
            0.4321927400222424,
            0.43529536861851736,
            0.43565643020966066,
            0.43551902745433185,
            0.43511424246089064,
            0.43553627276912193,
            0.4335946284500082,
            0.43178689108530083,
            0.43273232785688975,
            0.43252430790344126,
            0.43099927811875516,
            0.4334062754335176,
            0.4318641903084305,
            0.43270005593007854,
            0.43409149557989857,
            0.43341552900340263,
            0.43422274610153344,
            0.43681522767848124,
            0.43990064790840033,
            0.44024438151485534,
            0.44407726068412,
            0.44287156443453846,
            0.4418314866410244,
            0.4413812327438298,
            0.44210032565472523,
            0.4411687260063695,
            0.4418277508711204,
            0.4446239820891579,
            0.443787469465919,
            0.4449861754268887,
            0.44374975129355543,
            0.44541727496751415,
            0.44509775602350077,
            0.443971998775727,
            0.4438831793943518,
            0.4436832657670128,
            0.44319843139156223,
            0.4420344056398404,
            0.441684404590275,
            0.4406988363042695,
            0.44144078429960854,
            0.442659842030733,
            0.44259496262191456,
            0.4417944612266675,
            0.4416618197437314,
            0.44215365739528295,
            0.4416546292712595,
            0.4414064125539305,
            0.44130539545562497,
            0.4408021346115762,
            0.43988190383175396,
            0.43935377854020197,
            0.44015694476569134,
            0.43947244859673856,
            0.44032973948541276,
            0.4398044657636977,
            0.43936316679321497,
            0.4401909117181622,
            0.43937434520874546,
            0.44026883723422133,
            0.44090292372143935,
            0.4396006105886425,
            0.4405616704545454,
            0.4416858218264192,
            0.4416409591307955,
            0.4414587864312371,
            0.44132430080704504,
            0.4409185005493121,
            0.4413956746578127,
            0.4423560042269852,
            0.44254125268406297,
            0.44194315307162907,
            0.4418243812547194,
            0.441833198251616,
            0.43995107444293,
            0.4403457652884853,
            0.44018556921297,
            0.4403169427352713,
            0.4393862103392253,
            0.4404096744111154,
            0.44037376202115736,
            0.44019154358549034,
            0.4415794132312831,
            0.44175699132094626,
            0.44186164305592096,
            0.44194857792014086,
            0.44146230968568967,
            0.4417842192798956,
            0.4424512812243614,
            0.4422526560684542,
            0.44173085041976046,
            0.44204870887144815,
            0.44299475919322995,
            0.4424704773475228,
            0.44174716349281623,
            0.44192303293176405,
            0.4412714310692213,
            0.441058860898342,
            0.44139292591006235,
            0.44017255034150826,
            0.4404300364835592,
            0.43982601658527537,
            0.43992065248398177,
            0.44034214665274657,
            0.4412957281897923,
            0.4411789394088727,
            0.44160237929467705,
            0.4417346082365851,
            0.441887247575944,
            0.4422686550161031,
            0.44199616227624194,
            0.4421348752275093,
            0.44134952439929687,
            0.4417935232267528,
            0.4427217921964363,
            0.4423453015148169,
            0.4425492343456466,
            0.44261106190605587,
            0.4428591528874008,
            0.44272505269250223,
            0.4423151489947425,
            0.44171957426957087,
            0.4412820289934584,
            0.4415309295405281,
            0.4412046451218975,
            0.4414910147671137,
            0.4416446212391028,
            0.4412643961205479,
            0.44177942404960285,
            0.44165276568460204,
            0.44158763461087336,
            0.4428065010244113,
            0.4432840926055691,
            0.4430732756423783,
            0.44309489964510584,
            0.44324755894137524,
            0.4430046668594363,
            0.44326180049414327,
            0.4431692986624742,
            0.4434839651879089,
            0.4434401943375876,
            0.44276894304109726,
            0.4430623949198641,
            0.44359417843989885,
            0.4430526965448932,
            0.44353225024652754,
            0.44276359982452973,
            0.44245516872772384,
            0.4425026418997613,
            0.442847337384768,
            0.44327953794653363,
            0.4436400447099883,
            0.44372024126277076,
            0.44414127383657387,
            0.4445068592602049,
            0.44506285738042084,
            0.44540804097397824,
            0.44574315954068877,
            0.44652693811966404,
            0.44650866391695976,
            0.4463121981476428,
            0.4468122243971481,
            0.44668328112701106,
            0.4462828541501969,
            0.4463832064604804,
            0.4470538611002315,
            0.4475291683712586,
            0.44697012474928527,
            0.4472206435992586,
            0.447413348409003,
            0.44750406314507785,
            0.4476091216289433,
            0.44805326746788354,
            0.44819438182288307,
            0.44809704605663764
        ],