{
    "dataset": "1_ALOI",
    "model": "IFASD",
    "auc": 0.005621954774497173,
    "total_runtime": 1.1280064582824707,
    "total_memory_usage": 8.48046875,
    "Instances": 49534,
    "window_metric": {
        "window_size": 1000,
        "auc_scores": [
            NaN,
            0.5,
            0.18096514745308312,
            0.108346709470305,
            0.07731958762886598,
            0.06010685663401605,
            0.04916241806263655,
            0.041589648798521284,
            0.03603844100373732,
            0.03179463024022611,
            0.02844500632111252,
            0.025733892489515797,
            0.02349460494256872,
            0.021613832853025927,
            0.020011858879335875,
            0.018630968810378123,
            0.017428350116188984,
            0.01637157409653167,
            0.01543562771552709,
            0.014600908500973397,
            0.013851836650933702,
            0.013175873511614311,
            0.012562814070351758,
            0.012004268184243272,
            0.011493274306146772,
            0.01102400783929447,
            0.010591558135885748,
            0.01019175600181188,
            0.009821038847664776,
            0.009476344236978795,
            0.00915502509155025,
            0.008854781582054327,
            0.008573605995173372,
            0.008309737781607762,
            0.008061626657112131,
            0.007827902122231223,
            0.007607348134790914,
            0.007398881946728053,
            0.007201536327749947,
            0.0070144445599085725,
            0.006836827711941662,
            0.006667983799268973,
            0.006507278511520276,
            0.0063541372493645665,
            0.006208038259909843,
            0.00606850669783332,
            0.005935109469796862,
            0.005807450744214071,
            0.005685168028299492
        ],
        "runtimes": [
            0.006094694137573242,
            0.011678457260131836,
            0.026978015899658203,
            0.03584408760070801,
            0.045163869857788086,
            0.05462932586669922,
            0.0649418830871582,
            0.07601475715637207,
            0.08696508407592773,
            0.09749317169189453,
            0.10855937004089355,
            0.12005448341369629,
            0.1321723461151123,
            0.14456534385681152,
            0.1575009822845459,
            0.17092204093933105,
            0.18474793434143066,
            0.19928860664367676,
            0.21482133865356445,
            0.23007631301879883,
            0.24611854553222656,
            0.2624790668487549,
            0.279494047164917,
            0.2968432903289795,
            0.314647912979126,
            0.33231472969055176,
            0.3499476909637451,
            0.36783480644226074,
            0.38680005073547363,
            0.4063584804534912,
            0.4256932735443115,
            0.44587135314941406,
            0.4667854309082031,
            0.4881422519683838,
            0.5103442668914795,
            0.5441834926605225,
            0.5878660678863525,
            0.6350648403167725,
            0.668806791305542,
            0.7362070083618164,
            0.8041532039642334,
            0.828589677810669,
            0.8543810844421387,
            0.8801660537719727,
            0.9063527584075928,
            0.9328281879425049,
            0.9594841003417969,
            1.0093281269073486,
            1.0716629028320312
        ],
        "memory_usages": [
            1.0,
            1.0,
            2.0,
            2.0,
            2.0,
            2.0,
            2.0,
            2.0,
            3.0,
            3.0,
            3.0,
            3.0,
            3.0,
            3.0,
            3.0,
            4.0,
            4.0,
            4.0,
            4.0,
            4.0,
            4.0,
            4.0,
            5.0,
            5.0,
            5.0,
            5.0,
            5.0,
            5.0,
            5.0,
            5.0,
            4.546875,
            5.546875,
            5.546875,
            4.921875,
            5.921875,
            5.921875,
            5.77734375,
            5.39453125,
            6.39453125,
            6.296875,
            7.296875,
            7.24609375,
            6.48046875,
            6.76171875,
            6.83203125,
            6.90234375,
            6.97265625,
            7.0390625,
            7.48046875
        ]
    },
    "run_count": 9,
    "seed": 13
}