{
    "dataset": "48_chess",
    "model": "IFASD",
    "auc": 0.4653322022297013,
    "total_runtime": 0.4232795238494873,
    "total_memory_usage": 5.0,
    "Instances": 28056,
    "window_metric": {
        "window_size": 1000,
        "auc_scores": [
            0.5,
            0.5,
            0.34117450784117453,
            0.2558168626469852,
            0.3305894715772618,
            0.2966561040693796,
            0.2952823445318084,
            0.3407659911600367,
            0.3245774961085168,
            0.34547040070906776,
            0.3353822562409845,
            0.3546166194129419,
            0.3474926878078818,
            0.41047836286952744,
            0.4161221776821964,
            0.4110358897373347,
            0.40691073320886106,
            0.41927717542396437,
            0.4249545258760935,
            0.42701701701701705,
            0.42489632983794084,
            0.4381238368225947,
            0.4330001424287263,
            0.4308769781390517,
            0.43021057633892745,
            0.4461844080846968,
            0.45889988079689276,
            0.46540447071316127
        ],
        "runtimes": [
            0.0053937435150146484,
            0.010610818862915039,
            0.025216341018676758,
            0.03381061553955078,
            0.042713165283203125,
            0.05219578742980957,
            0.06308507919311523,
            0.07287430763244629,
            0.08304691314697266,
            0.09741687774658203,
            0.11610627174377441,
            0.14139866828918457,
            0.16399860382080078,
            0.1883411407470703,
            0.21079087257385254,
            0.23152470588684082,
            0.2446296215057373,
            0.25864171981811523,
            0.2725813388824463,
            0.2867469787597656,
            0.30117177963256836,
            0.3158092498779297,
            0.33071160316467285,
            0.3458878993988037,
            0.3617994785308838,
            0.3782687187194824,
            0.3947160243988037,
            0.4116997718811035
        ],
        "memory_usages": [
            0.0,
            1.0,
            1.0,
            1.0,
            2.0,
            2.0,
            2.0,
            2.0,
            2.0,
            2.0,
            2.0,
            3.0,
            3.0,
            3.0,
            3.0,
            3.0,
            3.0,
            4.0,
            4.0,
            4.0,
            4.0,
            4.0,
            4.0,
            4.0,
            4.0,
            4.0,
            5.0,
            5.0
        ]
    },
    "run_count": 1,
    "seed": 69
}