{
    "dataset": "5_campaign",
    "model": "IFASD",
    "auc": 0.4882964018975518,
    "total_runtime": 0.7366318702697754,
    "total_memory_usage": 6.7578125,
    "Instances": 41188,
    "window_metric": {
        "window_size": 1000,
        "auc_scores": [
            0.5,
            0.5,
            0.4854668315100929,
            0.48126297823922626,
            0.4808405030452274,
            0.4849841036592484,
            0.49017042364052665,
            0.48881761214828,
            0.4920173762352318,
            0.49414061281011085,
            0.49225566703647383,
            0.4918459569929352,
            0.494231023277684,
            0.49297186013986016,
            0.4925139527385723,
            0.4880881840817893,
            0.4869834229199479,
            0.48601381042059005,
            0.4840058251943071,
            0.4844384402939774,
            0.4828092720485162,
            0.48229888203040994,
            0.48176119164827347,
            0.48258581989167326,
            0.48475831905917177,
            0.4865287972054808,
            0.48583602298648043,
            0.4859845845079118,
            0.4857800076909331,
            0.48698485357148646,
            0.488289665961531,
            0.4865033530787537,
            0.48629370851389436,
            0.48759026525926624,
            0.48624447145291305,
            0.48570404483776536,
            0.4849014701407555,
            0.48633472542585354,
            0.4867705748322694,
            0.486636872991687,
            0.4884318808248794
        ],
        "runtimes": [
            0.007417440414428711,
            0.013590335845947266,
            0.02816152572631836,
            0.03737497329711914,
            0.047113656997680664,
            0.05710434913635254,
            0.0672762393951416,
            0.07821464538574219,
            0.0896921157836914,
            0.10142111778259277,
            0.11364150047302246,
            0.12621688842773438,
            0.13931822776794434,
            0.15248417854309082,
            0.16637802124023438,
            0.1805126667022705,
            0.19522500038146973,
            0.2104806900024414,
            0.22643256187438965,
            0.24276375770568848,
            0.26006245613098145,
            0.2776031494140625,
            0.2954673767089844,
            0.3134021759033203,
            0.33270764350891113,
            0.35236239433288574,
            0.3726227283477783,
            0.393068790435791,
            0.4140639305114746,
            0.4353623390197754,
            0.45733141899108887,
            0.48038291931152344,
            0.5039322376251221,
            0.5282976627349854,
            0.5533182621002197,
            0.5785396099090576,
            0.6043996810913086,
            0.6307311058044434,
            0.6571958065032959,
            0.6841294765472412,
            0.7121915817260742
        ],
        "memory_usages": [
            1.0,
            1.0,
            2.0,
            3.0,
            3.0,
            3.0,
            3.0,
            3.0,
            4.0,
            4.0,
            4.0,
            4.0,
            4.0,
            4.0,
            4.0,
            5.0,
            5.0,
            5.0,
            5.0,
            5.0,
            5.0,
            6.0,
            6.0,
            6.0,
            6.0,
            6.0,
            6.0,
            7.0,
            7.0,
            7.0,
            5.74609375,
            6.74609375,
            6.74609375,
            6.01171875,
            6.3359375,
            6.0859375,
            6.7109375,
            7.7109375,
            7.640625,
            6.98046875,
            7.98046875
        ]
    },
    "run_count": 7,
    "seed": 6
}