{
    "dataset": "8_celeba",
    "model": "IFASD",
    "auc": 0.4452247977553404,
    "total_runtime": 14.088859558105469,
    "total_memory_usage": 20.75,
    "Instances": 202599,
    "window_metric": {
        "window_size": 1000,
        "auc_scores": [
            0.5,
            0.5,
            0.5052682791708542,
            0.47864960509972115,
            0.46960190347668596,
            0.46945629733027966,
            0.4625415416078851,
            0.4605895535165414,
            0.45090305616621407,
            0.4444896260245902,
            0.43806990785856814,
            0.4381397051336037,
            0.4406384139031003,
            0.4439258613415835,
            0.4420031031011147,
            0.4419956657859767,
            0.4397932551950006,
            0.4378286762757859,
            0.43709482990796555,
            0.43797121519773646,
            0.4415280032025487,
            0.44154801767889496,
            0.4438828001484197,
            0.44423383075974243,
            0.4407170016627544,
            0.44244309371128365,
            0.4448092918605139,
            0.44330705784013436,
            0.44229363919936665,
            0.4434402853556252,
            0.4413613929340191,
            0.44025563243996607,
            0.4400781746027299,
            0.43809753700645726,
            0.4356287323405717,
            0.43694985598461966,
            0.43689120318709174,
            0.43705569024183255,
            0.4369262012494355,
            0.43581294880778654,
            0.436062574873213,
            0.437483288596864,
            0.4364962087478298,
            0.43560092374283343,
            0.43415397316106535,
            0.4367073045776861,
            0.4377778028765986,
            0.43859081987800885,
            0.4387402774624373,
            0.4382457827936448,
            0.4365450089987295,
            0.43654940954076615,
            0.43794368893915275,
            0.4384515973216025,
            0.4399957404685717,
            0.4387880523945063,
            0.43892023445560124,
            0.43729023071419465,
            0.44062730701332053,
            0.4413534420883514,
            0.4413156234946659,
            0.441424024582321,
            0.44062863501879523,
            0.43973569047379246,
            0.43996743236148217,
            0.4411649421154932,
            0.4408028828955286,
            0.4420623886851028,
            0.44197298871446716,
            0.4421734629013518,
            0.4413922803011902,
            0.44061384191458264,
            0.4400112867068505,
            0.4406492133531634,
            0.4401187389837061,
            0.44138732483572163,
            0.4422622776423053,
            0.44164296524418456,
            0.4414436047351322,
            0.4428007787787935,
            0.4424446950270033,
            0.4418632729212837,
            0.44075392734304003,
            0.4397199100611761,
            0.43977904408121027,
            0.440185265490864,
            0.4412546870747274,
            0.4412323237157028,
            0.44034678975530694,
            0.4410661619318182,
            0.44024299860131744,
            0.4393494372319573,
            0.4391507985747999,
            0.4390167840968726,
            0.4397613682137069,
            0.43920850276070394,
            0.44004505153838325,
            0.4398179835256154,
            0.43942158124126196,
            0.4382717557020538,
            0.43817133139384423,
            0.4382192027943435,
            0.43728750070927613,
            0.4375142320672342,
            0.4375784254642271,
            0.4371857022689669,
            0.4377303394692589,
            0.4392696124582128,
            0.4386040614287722,
            0.43948942125698925,
            0.4386555399045974,
            0.4382767399734035,
            0.4380116502514731,
            0.4384821811345273,
            0.439536118437278,
            0.4400484992108993,
            0.43975020993270747,
            0.4397013609049542,
            0.4404347528755605,
            0.44031544855000015,
            0.44066010069618605,
            0.4399170423355038,
            0.4402586745325008,
            0.43966993526273596,
            0.4398199848385576,
            0.44009273339228727,
            0.43880151947231494,
            0.43865108928201196,
            0.43764191917220574,
            0.4382104233122501,
            0.438796201620324,
            0.43928267893932116,
            0.439221213761413,
            0.4403699969651593,
            0.4402919714567579,
            0.44108133364786845,
            0.4412471041265168,
            0.4408766749368439,
            0.4408854920600302,
            0.4406951663185153,
            0.4412271057796548,
            0.4411799181563634,
            0.4409963614938919,
            0.4409895709706083,
            0.4408082855652398,
            0.44095975795434506,
            0.4416057174133541,
            0.44094873054597167,
            0.4412584889828902,
            0.4408119465978553,
            0.4403034291051921,
            0.44008531191553407,
            0.44036515659760117,
            0.4400524214253416,
            0.44004002849535423,
            0.44045953888820194,
            0.4405145029260548,
            0.4403577338189244,
            0.4406266381820298,
            0.4405043915571813,
            0.4402742082300653,
            0.43980740493464743,
            0.43989842231368476,
            0.4393784259256376,
            0.4397752075877595,
            0.43995005815547383,
            0.4400175382871,
            0.44040717597725776,
            0.4400518530762026,
            0.4403073026954012,
            0.4405648609886511,
            0.4402899748729586,
            0.439925591795584,
            0.4391430205557599,
            0.43874008415853016,
            0.4391560390581039,
            0.44008705271662935,
            0.4402782547231485,
            0.4404210732283207,
            0.4404280264236045,
            0.44068726256910895,
            0.4411707184404468,
            0.44147448525056066,
            0.44229877123989025,
            0.4422233562640906,
            0.4427624971880254,
            0.44322337376205345,
            0.44283041254500105,
            0.4429503748420236,
            0.44267784430135326,
            0.44218562877632445,
            0.44231902173648263,
            0.44302629007994143,
            0.44369662505947133,
            0.44413808851409703,
            0.4444574366738696,
            0.44442375403704426,
            0.44463668520214,
            0.444745581042843,
            0.4448795475756393,
            0.4447336432968285,
            0.44496668711024223
        ],