{
    "dataset": "32_shuttle",
    "model": "IFASD",
    "auc": 0.9468558137499504,
    "total_runtime": 1.0537335872650146,
    "total_memory_usage": 7.03125,
    "Instances": 49097,
    "window_metric": {
        "window_size": 1000,
        "auc_scores": [
            0.5,
            0.5,
            0.5468715506880228,
            0.6174215917451742,
            0.6735840906330159,
            0.703365562872766,
            0.7338779579634416,
            0.7611888160416046,
            0.7796135233715196,
            0.7906494365086278,
            0.8119006160839584,
            0.8246574125200643,
            0.8381108881614419,
            0.8479758366955857,
            0.8566746063126889,
            0.8634517092927227,
            0.8701381611265762,
            0.8767224494121106,
            0.8813933729961908,
            0.8851781181996814,
            0.8898880157895652,
            0.8949738249916316,
            0.89892927378428,
            0.9030245925048743,
            0.9063572881480881,
            0.9092622880025482,
            0.9121160945740794,
            0.9150379839211187,
            0.917884223776708,
            0.9208619810870111,
            0.9228426721235669,
            0.9247132301086723,
            0.9263705916219119,
            0.9282585122876144,
            0.9301124141878249,
            0.9319345526828614,
            0.9333435884806099,
            0.9347406107142883,
            0.9360429318339538,
            0.9375453363527473,
            0.9387633832735625,
            0.940036136361452,
            0.9411476366874338,
            0.9421741444846774,
            0.9430665413570753,
            0.9437027965969832,
            0.9449204738460371,
            0.9458244999539128,
            0.946751810636371
        ],
        "runtimes": [
            0.007885456085205078,
            0.01395869255065918,
            0.03147315979003906,
            0.042435407638549805,
            0.05380988121032715,
            0.06566452980041504,
            0.07820367813110352,
            0.09083747863769531,
            0.1039283275604248,
            0.11719155311584473,
            0.1311502456665039,
            0.14478182792663574,
            0.15908384323120117,
            0.17362165451049805,
            0.1887814998626709,
            0.20844507217407227,
            0.24160051345825195,
            0.26236629486083984,
            0.27974772453308105,
            0.29745960235595703,
            0.31590986251831055,
            0.33461928367614746,
            0.3542294502258301,
            0.37391042709350586,
            0.3943471908569336,
            0.4146854877471924,
            0.43555426597595215,
            0.4563724994659424,
            0.478029727935791,
            0.4999115467071533,
            0.5228362083435059,
            0.5467095375061035,
            0.5712161064147949,
            0.5961940288543701,
            0.6216011047363281,
            0.6477639675140381,
            0.6744320392608643,
            0.7014212608337402,
            0.728614330291748,
            0.7564780712127686,
            0.784475564956665,
            0.8126695156097412,
            0.8418469429016113,
            0.8706417083740234,
            0.9006807804107666,
            0.9321565628051758,
            0.9639279842376709,
            0.9959502220153809,
            1.0275964736938477
        ],
        "memory_usages": [
            2.0,
            2.0,
            2.0,
            3.0,
            3.0,
            3.0,
            3.0,
            3.0,
            3.0,
            4.0,
            4.0,
            4.0,
            4.0,
            4.0,
            4.0,
            4.0,
            5.0,
            5.0,
            5.0,
            5.0,
            5.0,
            5.0,
            5.0,
            6.0,
            6.0,
            6.0,
            6.0,
            6.0,
            6.0,
            6.0,
            5.4296875,
            6.4296875,
            5.80078125,
            6.80078125,
            6.80078125,
            6.2109375,
            6.109375,
            7.109375,
            6.58203125,
            7.58203125,
            7.40625,
            6.81640625,
            7.69140625,
            7.0078125,
            7.0859375,
            7.16015625,
            7.2421875,
            7.3203125,
            7.3984375
        ]
    },
    "run_count": 6,
    "seed": 70
}