{
    "dataset": "48_chess",
    "model": "IFASD",
    "auc": 0.6256027157058233,
    "total_runtime": 0.4910006523132324,
    "total_memory_usage": 5.0,
    "Instances": 28056,
    "window_metric": {
        "window_size": 1000,
        "auc_scores": [
            0.5,
            0.5,
            0.34117450784117453,
            0.2558168626469852,
            0.37922838270616493,
            0.3500250166777852,
            0.39232308791994286,
            0.4442290050871487,
            0.43179712400859827,
            0.45795628368429325,
            0.44970825590310715,
            0.43713517344896596,
            0.43200142395320196,
            0.5148785734245739,
            0.5181952564017019,
            0.515389908146523,
            0.525512607020908,
            0.5371087016958576,
            0.5534983313243118,
            0.5845958458458459,
            0.5835950905624404,
            0.592483301159765,
            0.5987456381202573,
            0.597694667081188,
            0.5888991785486125,
            0.6119384023099133,
            0.614999629272633,
            0.6256820399565189
        ],
        "runtimes": [
            0.006003856658935547,
            0.010766267776489258,
            0.04957747459411621,
            0.07472920417785645,
            0.10553956031799316,
            0.13660240173339844,
            0.1564645767211914,
            0.16766095161437988,
            0.17950105667114258,
            0.19138836860656738,
            0.2037498950958252,
            0.21658611297607422,
            0.22977924346923828,
            0.24785399436950684,
            0.26300048828125,
            0.27803587913513184,
            0.2935049533843994,
            0.30955934524536133,
            0.32619166374206543,
            0.3438842296600342,
            0.36144018173217773,
            0.3787078857421875,
            0.39560508728027344,
            0.4114205837249756,
            0.42774486541748047,
            0.4442589282989502,
            0.46161770820617676,
            0.4792287349700928
        ],
        "memory_usages": [
            1.0,
            1.0,
            1.0,
            1.0,
            2.0,
            2.0,
            2.0,
            2.0,
            2.0,
            2.0,
            2.0,
            3.0,
            3.0,
            3.0,
            3.0,
            3.0,
            3.0,
            4.0,
            4.0,
            4.0,
            4.0,
            4.0,
            4.0,
            4.0,
            4.0,
            4.0,
            5.0,
            5.0
        ]
    },
    "run_count": 10,
    "seed": 80
}