{
    "dataset": "5_campaign",
    "model": "IFASD",
    "auc": 0.5461180242892671,
    "total_runtime": 1.0854098796844482,
    "total_memory_usage": 6.78515625,
    "Instances": 41188,
    "window_metric": {
        "window_size": 1000,
        "auc_scores": [
            0.5,
            0.5,
            0.49407037902591644,
            0.49672023894182904,
            0.5009187365092876,
            0.5114753040218085,
            0.5176157905243599,
            0.5250691395070074,
            0.5272191095209618,
            0.5312666270088937,
            0.5361203670659551,
            0.539476670294694,
            0.5421969206163192,
            0.5415847086247086,
            0.541520058972556,
            0.5414384602716883,
            0.5411426381321444,
            0.5422159295953614,
            0.5411165896166958,
            0.5420589942675783,
            0.5435392012612663,
            0.5430847782594285,
            0.5442422182091249,
            0.5446774548230412,
            0.5462670026547786,
            0.5477927795839241,
            0.5464760653744059,
            0.5443223599159025,
            0.5442484976874993,
            0.5448295045609729,
            0.544356253886318,
            0.5428766956879787,
            0.5442150757505344,
            0.5448942545765467,
            0.5455399332594351,
            0.5447980203028462,
            0.544410559769038,
            0.5440790413687704,
            0.5450106937107005,
            0.5448263721078861,
            0.5460319840194645
        ],
        "runtimes": [
            0.006978511810302734,
            0.011867046356201172,
            0.023909807205200195,
            0.03148198127746582,
            0.03944516181945801,
            0.04772806167602539,
            0.05633997917175293,
            0.0653982162475586,
            0.07491040229797363,
            0.0848841667175293,
            0.09514141082763672,
            0.10552239418029785,
            0.11647367477416992,
            0.12775850296020508,
            0.13958072662353516,
            0.1516578197479248,
            0.16424131393432617,
            0.17720985412597656,
            0.1906263828277588,
            0.20450711250305176,
            0.2194373607635498,
            0.23473787307739258,
            0.25072264671325684,
            0.26667213439941406,
            0.28327417373657227,
            0.3003084659576416,
            0.3178524971008301,
            0.33565592765808105,
            0.3548460006713867,
            0.397125244140625,
            0.45894813537597656,
            0.5128688812255859,
            0.5539219379425049,
            0.5959575176239014,
            0.6319737434387207,
            0.7130274772644043,
            0.7939832210540771,
            0.8993411064147949,
            0.991074800491333,
            1.0398871898651123,
            1.064415454864502
        ],
        "memory_usages": [
            2.0,
            2.0,
            3.0,
            4.0,
            4.0,
            4.0,
            4.0,
            4.0,
            4.0,
            5.0,
            5.0,
            5.0,
            5.0,
            5.0,
            5.0,
            5.0,
            6.0,
            6.0,
            6.0,
            6.0,
            6.0,
            6.0,
            6.0,
            7.0,
            7.0,
            7.0,
            7.0,
            8.0,
            8.0,
            8.0,
            8.0,
            8.0,
            8.0,
            8.0,
            8.0,
            7.30078125,
            8.30078125,
            7.71484375,
            8.71484375,
            7.015625,
            8.015625
        ]
    },
    "run_count": 2,
    "seed": 42
}