{
    "dataset": "49_kddcup99_prob",
    "model": "IFASD",
    "auc": 0.5277434906641489,
    "total_runtime": 1.1587738990783691,
    "total_memory_usage": 12.86328125,
    "Instances": 64759,
    "window_metric": {
        "window_size": 1000,
        "auc_scores": [
            0.5,
            0.5,
            0.3353777671537679,
            0.2664319531197571,
            0.2926338121095915,
            0.2649093860511168,
            0.23935878050976744,
            0.2118599011021709,
            0.19555053761641483,
            0.17425337603762864,
            0.15713951078152683,
            0.5557694964080968,
            0.6094067409855517,
            0.658825537664104,
            0.7056173149307201,
            0.6994938183249652,
            0.696945487419641,
            0.6966664718566353,
            0.6958905247244095,
            0.6860018334837009,
            0.65288149384717,
            0.640520827284389,
            0.6377509612580232,
            0.6302537457988506,
            0.6301355340323582,
            0.6358149106892002,
            0.6256780457122608,
            0.6313336388566922,
            0.6272867792612242,
            0.634089907176149,
            0.6404125503471694,
            0.6419277201184727,
            0.6398709222804363,
            0.6187802924342779,
            0.5999642952248612,
            0.5814468859624905,
            0.5640109921677776,
            0.5476023359807034,
            0.5325151816023621,
            0.5466169145193938,
            0.5334795740067361,
            0.5401425853170158,
            0.5464457413664356,
            0.5524875911228951,
            0.5582104661948828,
            0.5635876219244721,
            0.568763880729453,
            0.5732857341551172,
            0.5778239218821591,
            0.5818191272025806,
            0.5856108636349017,
            0.5798653954860786,
            0.5722851541588541,
            0.5640494924765154,
            0.5564880582416605,
            0.5530660826526937,
            0.5511188291442318,
            0.5486083075549383,
            0.542709923641399,
            0.5400576675998503,
            0.5384670246257595,
            0.5370108994386918,
            0.5360626901786423,
            0.532911127330662
        ],
        "runtimes": [
            0.008148431777954102,
            0.013767719268798828,
            0.023591041564941406,
            0.030810117721557617,
            0.03873944282531738,
            0.047249555587768555,
            0.055112600326538086,
            0.06328153610229492,
            0.0744466781616211,
            0.08342146873474121,
            0.09457802772521973,
            0.10364913940429688,
            0.1132662296295166,
            0.12318301200866699,
            0.13251376152038574,
            0.14183998107910156,
            0.15175271034240723,
            0.16181540489196777,
            0.17221927642822266,
            0.1833360195159912,
            0.19541406631469727,
            0.2072298526763916,
            0.2207496166229248,
            0.23299574851989746,
            0.24753761291503906,
            0.260422945022583,
            0.275043249130249,
            0.29042744636535645,
            0.30658984184265137,
            0.32383084297180176,
            0.3420536518096924,
            0.36054325103759766,
            0.38082456588745117,
            0.39954590797424316,
            0.41893887519836426,
            0.4389078617095947,
            0.4597311019897461,
            0.4807775020599365,
            0.5060336589813232,
            0.5270967483520508,
            0.5501577854156494,
            0.5718402862548828,
            0.5934126377105713,
            0.6151514053344727,
            0.6372644901275635,
            0.6600778102874756,
            0.6828422546386719,
            0.7062716484069824,
            0.7304971218109131,
            0.754749059677124,
            0.778949499130249,
            0.8049459457397461,
            0.829617977142334,
            0.8548824787139893,
            0.8804903030395508,
            0.9084532260894775,
            0.934912919998169,
            0.96225905418396,
            0.9893388748168945,
            1.0171213150024414,
            1.0453333854675293,
            1.073378324508667,
            1.1018130779266357,
            1.1306536197662354
        ],
        "memory_usages": [
            2.0,
            2.0,
            3.0,
            3.0,
            3.0,
            3.0,
            3.0,
            3.0,
            4.0,
            4.0,
            4.0,
            4.0,
            4.0,
            4.0,
            4.0,
            5.0,
            5.0,
            5.0,
            5.0,
            5.0,
            5.0,
            6.0,
            6.0,
            6.0,
            6.0,
            6.0,
            6.0,
            6.0,
            6.0,
            7.0,
            5.828125,
            6.828125,
            6.828125,
            6.01171875,
            7.01171875,
            6.44140625,
            7.44140625,
            7.44140625,
            7.70703125,
            8.70703125,
            7.8515625,
            7.91796875,
            7.98828125,
            8.1015625,
            8.171875,
            8.23828125,
            8.3125,
            8.43359375,
            8.5546875,
            8.7734375,
            8.8984375,
            9.0234375,
            9.14453125,
            9.265625,
            9.38671875,
            9.5078125,
            9.578125,
            9.6484375,
            9.71875,
            9.78515625,
            10.1171875,
            10.875,
            11.49609375,
            10.86328125
        ]
    },
    "run_count": 10,
    "seed": 15
}