{
    "dataset": "49_kddcup99_prob",
    "model": "IFASD",
    "auc": 0.5428922660269677,
    "total_runtime": 1.7450141906738281,
    "total_memory_usage": 11.20703125,
    "Instances": 64759,
    "window_metric": {
        "window_size": 1000,
        "auc_scores": [
            0.5,
            0.5,
            0.32749005908504564,
            0.24978949221089528,
            0.24928381171142236,
            0.21771552884985163,
            0.19655730566261204,
            0.18082837374489025,
            0.1835624924173106,
            0.18394139378682325,
            0.18376849409211998,
            0.5905564306242344,
            0.6442067982392234,
            0.6932090197365703,
            0.7338307504032907,
            0.7307664604343523,
            0.7309447507943545,
            0.7318157029394338,
            0.7100820258267716,
            0.6735552533063429,
            0.655046942741723,
            0.6237114012207332,
            0.6080904107778726,
            0.6042816811824654,
            0.6061299664128674,
            0.6127182563044488,
            0.6011238956928187,
            0.6077258450072468,
            0.6034804274919792,
            0.6113055028361447,
            0.6185843860597312,
            0.6205266551388442,
            0.6195685763813064,
            0.5991391360708599,
            0.581140034703425,
            0.5632272916333716,
            0.5463913722663054,
            0.5305258864161435,
            0.5155155092624079,
            0.5530139912324686,
            0.5401074557102936,
            0.5278631904482324,
            0.5162582576902879,
            0.5229614463456155,
            0.5295067587797037,
            0.5356028470194647,
            0.5414919549966511,
            0.5467648748696761,
            0.5519550879417313,
            0.5566388880091543,
            0.561019453104132,
            0.5641464852842801,
            0.5676587742193425,
            0.571147445522643,
            0.5745928576667851,
            0.569174151572539,
            0.5605500139650059,
            0.552308940643636,
            0.544574646988928,
            0.5424833005340173,
            0.5440494992694274,
            0.5457316785168457,
            0.5479417312542179,
            0.5470466470276519
        ],
        "runtimes": [
            0.007254123687744141,
            0.012445926666259766,
            0.022037744522094727,
            0.0281221866607666,
            0.03439474105834961,
            0.040969133377075195,
            0.0479588508605957,
            0.05526399612426758,
            0.06533002853393555,
            0.07359600067138672,
            0.08379435539245605,
            0.09252357482910156,
            0.10175275802612305,
            0.11123037338256836,
            0.1213064193725586,
            0.13164901733398438,
            0.14234495162963867,
            0.15340447425842285,
            0.16660761833190918,
            0.17835783958435059,
            0.190443754196167,
            0.20288324356079102,
            0.21729540824890137,
            0.2304091453552246,
            0.24578332901000977,
            0.2596321105957031,
            0.27384376525878906,
            0.2884342670440674,
            0.30335164070129395,
            0.32268190383911133,
            0.34235715866088867,
            0.36273717880249023,
            0.3819293975830078,
            0.3998236656188965,
            0.4179224967956543,
            0.4383974075317383,
            0.4737715721130371,
            0.5143630504608154,
            0.5555098056793213,
            0.5814657211303711,
            0.6017704010009766,
            0.6220417022705078,
            0.6424849033355713,
            0.6653504371643066,
            0.6866886615753174,
            0.7084085941314697,
            0.7307412624359131,
            0.7530901432037354,
            0.7740497589111328,
            0.7950215339660645,
            0.8319053649902344,
            0.8774352073669434,
            0.929516077041626,
            0.9926702976226807,
            1.0659468173980713,
            1.1355085372924805,
            1.248847246170044,
            1.3471481800079346,
            1.3965935707092285,
            1.4496748447418213,
            1.498986005783081,
            1.5496845245361328,
            1.658022165298462,
            1.71636962890625
        ],
        "memory_usages": [
            2.0,
            2.0,
            3.0,
            3.0,
            3.0,
            3.0,
            3.0,
            3.0,
            3.0,
            4.0,
            4.0,
            4.0,
            4.0,
            4.0,
            4.0,
            4.0,
            4.0,
            5.0,
            5.0,
            5.0,
            5.0,
            5.0,
            5.0,
            6.0,
            6.0,
            6.0,
            6.0,
            6.0,
            6.0,
            5.55078125,
            6.55078125,
            6.55078125,
            6.55078125,
            6.05859375,
            7.05859375,
            7.05859375,
            7.05859375,
            6.890625,
            6.50390625,
            7.50390625,
            7.33984375,
            7.3046875,
            6.78125,
            7.6328125,
            6.96484375,
            7.87890625,
            7.1015625,
            7.171875,
            7.23828125,
            7.35546875,
            7.4296875,
            7.5,
            7.56640625,
            7.63671875,
            7.70703125,
            9.0625,
            9.1953125,
            9.328125,
            9.45703125,
            9.5859375,
            10.0,
            9.14453125,
            9.20703125,
            10.20703125
        ]
    },
    "run_count": 5,
    "seed": 73
}