{
    "dataset": "8_celeba",
    "model": "IFASD",
    "auc": 0.3637581611866814,
    "total_runtime": 12.182259559631348,
    "total_memory_usage": 20.62890625,
    "Instances": 202599,
    "window_metric": {
        "window_size": 1000,
        "auc_scores": [
            0.5,
            0.5,
            0.49746263197332297,
            0.46034059216932033,
            0.4406733193650343,
            0.4276750488975075,
            0.41433828518767496,
            0.4053630580411438,
            0.39119168724431885,
            0.38293886612021866,
            0.37674982628897535,
            0.37221125945252204,
            0.3739044064420704,
            0.3787289551399241,
            0.3768294244315816,
            0.3751648761299532,
            0.3762669470162699,
            0.3755270516766567,
            0.3753356798573512,
            0.3779015725201255,
            0.37897389154760375,
            0.3813652884713745,
            0.3831341930908113,
            0.3820788158600058,
            0.380866909710849,
            0.3821177822875481,
            0.38295862335283526,
            0.38108411946405474,
            0.3792432220089016,
            0.37789525075959557,
            0.3778771670783427,
            0.37545234348745343,
            0.3752624155298941,
            0.37283627797046437,
            0.36966793832983896,
            0.37030774736088745,
            0.3709460346223156,
            0.36991868952096585,
            0.3694415950155794,
            0.3682177549485378,
            0.36863716204907804,
            0.3709447772331098,
            0.3714324048982127,
            0.36963948762943444,
            0.368805342403525,
            0.37112922671597737,
            0.3720077151493745,
            0.3729312877738515,
            0.37312001793445587,
            0.3712386864646867,
            0.36928077872883147,
            0.368234159116819,
            0.3689644626157974,
            0.36963532467426063,
            0.36972055273554516,
            0.3687564871993594,
            0.369115726940631,
            0.36811390591370086,
            0.3696032131227318,
            0.3696678796332991,
            0.37015807086583286,
            0.36988400585031417,
            0.36926198414039485,
            0.3695842554585527,
            0.3693676379212189,
            0.37006208204456265,
            0.3698265229387849,
            0.37108442461499974,
            0.3710455634741041,
            0.3710616628066354,
            0.37021896498853263,
            0.3688983918831214,
            0.36867522494613864,
            0.3683213824141875,
            0.3679577431513109,
            0.3687356187158578,
            0.3696318890184785,
            0.369159914915977,
            0.3687480077904177,
            0.3697666724692484,
            0.3689458716223506,
            0.3681835371995207,
            0.3671571092965934,
            0.3660257737140773,
            0.3664912389528895,
            0.36629868743378147,
            0.36751100496380484,
            0.36756829940438884,
            0.36709922808272055,
            0.36771434943181813,
            0.36729585141245824,
            0.36704592202092834,
            0.3670090630146079,
            0.3668297060708615,
            0.3667759919233974,
            0.3664550831680817,
            0.3663255223353298,
            0.3664028508692118,
            0.3660711936928554,
            0.3648821203755519,
            0.3642271488657401,
            0.3636251246946386,
            0.36349779049593073,
            0.36346836222591206,
            0.36361146545211137,
            0.3628708545089102,
            0.3632652709905904,
            0.36335612261144495,
            0.3628381591311694,
            0.36346800577187494,
            0.3629393165097841,
            0.36217844901799257,
            0.36153959714743056,
            0.36121985284469077,
            0.3614020992318123,
            0.36115070967608354,
            0.3608732129613828,
            0.36063375365949396,
            0.3611135362420251,
            0.3608409029421745,
            0.360930851248211,
            0.36012105210746015,
            0.36025009967546856,
            0.3601410257350194,
            0.3601602487951235,
            0.36042070565431916,
            0.35929350034758856,
            0.3592225690275429,
            0.35831496557760434,
            0.35806965098184845,
            0.3583995305970141,
            0.35833773706437083,
            0.35839790602647514,
            0.3592339126843914,
            0.35930551517362064,
            0.36020380777844246,
            0.3606071032200794,
            0.3604967505283725,
            0.3603781590398215,
            0.3600640129878846,
            0.36077165152366003,
            0.3606978406518973,
            0.36085026194786884,
            0.36103379662024976,
            0.36097253356394393,
            0.3616497295132581,
            0.362384288902775,
            0.3620404355145314,
            0.3620691848779572,
            0.36209506829176646,
            0.3618965530708269,
            0.3616917311171618,
            0.3617329171613631,
            0.3617326091815387,
            0.36122190228156503,
            0.3619954829536287,
            0.3619796395962162,
            0.3617165046057386,
            0.36228187455348415,
            0.3619733890421077,
            0.36219038766862993,
            0.3617435045931839,
            0.3617244754805383,
            0.36104092222285655,
            0.3613856346317175,
            0.3612157605732367,
            0.36133711159491966,
            0.361563275344956,
            0.36163520674124167,
            0.36183244755537824,
            0.3616407835947815,
            0.3610144294319491,
            0.3612777284235084,
            0.3610685074157689,
            0.360680137454617,
            0.36073779252388755,
            0.3613787840991053,
            0.3614855396135383,
            0.36160695552824224,
            0.36161225118309626,
            0.3616444362711029,
            0.3622330014233232,
            0.36245131889652077,
            0.36288931935652124,
            0.36286356283278326,
            0.36322518278311355,
            0.36345508775537244,
            0.3630739155137898,
            0.36282703492940993,
            0.3622055705618547,
            0.361942568124001,
            0.36239613424610695,
            0.36250665980233765,
            0.3629802479461561,
            0.3632218708374066,
            0.36344887691483035,
            0.3633847935166372,
            0.36339320648703405,
            0.3633747804951246,
            0.36332888854590717,
            0.3632565310820342,
            0.36350787525437345
        ],