{
    "dataset": "50_bank",
    "model": "IFASD",
    "auc": 0.5030679658870905,
    "total_runtime": 0.8312287330627441,
    "total_memory_usage": 5.109375,
    "Instances": 41188,
    "window_metric": {
        "window_size": 1000,
        "auc_scores": [
            0.5,
            0.5,
            0.5183016844666496,
            0.5552505449651246,
            0.5481181860151283,
            0.5389204373684569,
            0.5342713873749253,
            0.5480503225806452,
            0.5515359899766494,
            0.5477654250778394,
            0.5462264470588236,
            0.5408650999259808,
            0.5333645475405764,
            0.527239848340473,
            0.5262413592476137,
            0.5328914117483543,
            0.5298782720973502,
            0.5298095661090184,
            0.5319270182953046,
            0.5283676258859187,
            0.521912124745708,
            0.5241258482232725,
            0.5216215435092101,
            0.5202722633858816,
            0.5238774297606736,
            0.5242677535966467,
            0.5253929792487073,
            0.523132559469321,
            0.5203361329600137,
            0.5190089514972841,
            0.5142460391051673,
            0.513668865219744,
            0.5103093789520043,
            0.5099631440292934,
            0.5101556033191641,
            0.5137401513048393,
            0.511725769042887,
            0.511584695191984,
            0.5065255183845367,
            0.5039294993265,
            0.5023237724638924
        ],
        "runtimes": [
            0.0067675113677978516,
            0.011491537094116211,
            0.01965165138244629,
            0.025985240936279297,
            0.032982826232910156,
            0.04825305938720703,
            0.07786321640014648,
            0.12786054611206055,
            0.17288804054260254,
            0.2162916660308838,
            0.22902965545654297,
            0.25048184394836426,
            0.27120494842529297,
            0.28800034523010254,
            0.31044888496398926,
            0.3242299556732178,
            0.33618783950805664,
            0.34856104850769043,
            0.3614473342895508,
            0.37439465522766113,
            0.3986854553222656,
            0.4389054775238037,
            0.4728720188140869,
            0.5174655914306641,
            0.5344595909118652,
            0.5488483905792236,
            0.5628693103790283,
            0.577162504196167,
            0.5919060707092285,
            0.6070072650909424,
            0.6234691143035889,
            0.640181303024292,
            0.6569845676422119,
            0.6736390590667725,
            0.6914029121398926,
            0.7100605964660645,
            0.729581356048584,
            0.7488710880279541,
            0.768923282623291,
            0.7891750335693359,
            0.8108956813812256
        ],
        "memory_usages": [
            1.0,
            1.0,
            1.0,
            2.0,
            2.0,
            2.0,
            2.0,
            2.0,
            2.0,
            3.0,
            3.0,
            3.0,
            3.0,
            3.0,
            3.0,
            3.0,
            4.0,
            4.0,
            4.0,
            4.0,
            4.0,
            4.0,
            4.0,
            4.0,
            5.0,
            5.0,
            5.0,
            5.0,
            5.0,
            5.0,
            4.4140625,
            5.4140625,
            5.4140625,
            5.4140625,
            4.6953125,
            5.6953125,
            5.6953125,
            5.16796875,
            6.16796875,
            6.16796875,
            6.16796875
        ]
    },
    "run_count": 6,
    "seed": 90
}