{
    "dataset": "32_shuttle",
    "model": "IFASD",
    "auc": 0.9421611713450477,
    "total_runtime": 1.4421956539154053,
    "total_memory_usage": 8.0546875,
    "Instances": 49097,
    "window_metric": {
        "window_size": 1000,
        "auc_scores": [
            0.5,
            0.5,
            0.5466714905933431,
            0.6164147489830931,
            0.6716486935661258,
            0.7011359959171461,
            0.7314082574821141,
            0.7582754594393246,
            0.7760436954209802,
            0.7868395489165675,
            0.8081782998502974,
            0.8205394799357946,
            0.8340915962537521,
            0.8441012493356589,
            0.8528224615149942,
            0.8597188604531046,
            0.8665884435893239,
            0.873041107253504,
            0.8775663011718001,
            0.8813940905890678,
            0.8860584489151269,
            0.8911158705166193,
            0.8949947625625514,
            0.898879604532978,
            0.9021962280503482,
            0.9051724776997039,
            0.907975607815409,
            0.9107529618348776,
            0.9136179858751388,
            0.9164809412792142,
            0.918189955407094,
            0.92003604159724,
            0.921636344575725,
            0.9234902505695328,
            0.9252292184162706,
            0.9269520971652654,
            0.9283609040790805,
            0.929832503197605,
            0.9312066178506957,
            0.9327395518368768,
            0.9339263369599492,
            0.9352303270160831,
            0.9364144110421461,
            0.9373086118602048,
            0.9380353096164722,
            0.9388035106204798,
            0.940120441523285,
            0.9410436670363334,
            0.9420468740841685
        ],
        "runtimes": [
            0.007647275924682617,
            0.01318502426147461,
            0.030247926712036133,
            0.04052734375,
            0.05231904983520508,
            0.06490921974182129,
            0.07574129104614258,
            0.08689022064208984,
            0.0984032154083252,
            0.10999774932861328,
            0.12199521064758301,
            0.1344923973083496,
            0.14780449867248535,
            0.16115260124206543,
            0.17487263679504395,
            0.18881630897521973,
            0.20324921607971191,
            0.2182466983795166,
            0.2337644100189209,
            0.24947595596313477,
            0.2656087875366211,
            0.2820742130279541,
            0.299241304397583,
            0.3172745704650879,
            0.3351738452911377,
            0.3534574508666992,
            0.37297606468200684,
            0.39305853843688965,
            0.4145636558532715,
            0.43636417388916016,
            0.4650909900665283,
            0.5082416534423828,
            0.5653853416442871,
            0.6663236618041992,
            0.6917769908905029,
            0.7354321479797363,
            0.759286642074585,
            0.835395336151123,
            0.9392971992492676,
            1.0064001083374023,
            1.0562779903411865,
            1.1035490036010742,
            1.1401429176330566,
            1.2346758842468262,
            1.2969796657562256,
            1.3236885070800781,
            1.3534390926361084,
            1.3873443603515625,
            1.417238473892212
        ],
        "memory_usages": [
            2.0,
            2.0,
            3.0,
            3.0,
            3.0,
            3.0,
            3.0,
            4.0,
            4.0,
            4.0,
            4.0,
            4.0,
            4.0,
            4.0,
            5.0,
            5.0,
            5.0,
            5.0,
            5.0,
            5.0,
            5.0,
            6.0,
            6.0,
            6.0,
            6.0,
            6.0,
            6.0,
            5.4140625,
            6.4140625,
            6.4140625,
            5.625,
            5.6875,
            5.74609375,
            5.3515625,
            5.98046875,
            6.98046875,
            6.1328125,
            7.1328125,
            7.203125,
            7.34375,
            7.4921875,
            7.63671875,
            7.78125,
            8.0546875,
            7.6796875,
            8.34765625,
            7.828125,
            8.63671875,
            7.984375
        ]
    },
    "run_count": 2,
    "seed": 58
}