{
    "dataset": "1_ALOI",
    "model": "IFASD",
    "auc": 0.005621954774497173,
    "total_runtime": 1.1440448760986328,
    "total_memory_usage": 6.8125,
    "Instances": 49534,
    "window_metric": {
        "window_size": 1000,
        "auc_scores": [
            NaN,
            0.5,
            0.18096514745308312,
            0.108346709470305,
            0.07731958762886598,
            0.06010685663401605,
            0.04916241806263655,
            0.041589648798521284,
            0.03603844100373732,
            0.03179463024022611,
            0.02844500632111252,
            0.025733892489515797,
            0.02349460494256872,
            0.021613832853025927,
            0.020011858879335875,
            0.018630968810378123,
            0.017428350116188984,
            0.01637157409653167,
            0.01543562771552709,
            0.014600908500973397,
            0.013851836650933702,
            0.013175873511614311,
            0.012562814070351758,
            0.012004268184243272,
            0.011493274306146772,
            0.01102400783929447,
            0.010591558135885748,
            0.01019175600181188,
            0.009821038847664776,
            0.009476344236978795,
            0.00915502509155025,
            0.008854781582054327,
            0.008573605995173372,
            0.008309737781607762,
            0.008061626657112131,
            0.007827902122231223,
            0.007607348134790914,
            0.007398881946728053,
            0.007201536327749947,
            0.0070144445599085725,
            0.006836827711941662,
            0.006667983799268973,
            0.006507278511520276,
            0.0063541372493645665,
            0.006208038259909843,
            0.00606850669783332,
            0.005935109469796862,
            0.005807450744214071,
            0.005685168028299492
        ],
        "runtimes": [
            0.005777597427368164,
            0.011141300201416016,
            0.025537729263305664,
            0.034305572509765625,
            0.04339313507080078,
            0.05271434783935547,
            0.0630791187286377,
            0.07377743721008301,
            0.08512663841247559,
            0.09673070907592773,
            0.10879731178283691,
            0.1211233139038086,
            0.1340348720550537,
            0.14704465866088867,
            0.16073060035705566,
            0.17426490783691406,
            0.1887667179107666,
            0.20324969291687012,
            0.21829771995544434,
            0.23324131965637207,
            0.24911904335021973,
            0.2651686668395996,
            0.28194236755371094,
            0.2987356185913086,
            0.3161766529083252,
            0.3330836296081543,
            0.3509542942047119,
            0.3689587116241455,
            0.38738059997558594,
            0.40616726875305176,
            0.42546606063842773,
            0.44474196434020996,
            0.4651169776916504,
            0.48561668395996094,
            0.5122692584991455,
            0.553870439529419,
            0.5959208011627197,
            0.6427547931671143,
            0.666175365447998,
            0.6975765228271484,
            0.7421557903289795,
            0.7997517585754395,
            0.8348822593688965,
            0.8710379600524902,
            0.9234957695007324,
            0.9888916015625,
            1.0360064506530762,
            1.084622859954834,
            1.1195414066314697
        ],
        "memory_usages": [
            2.0,
            2.0,
            2.0,
            3.0,
            3.0,
            3.0,
            3.0,
            3.0,
            3.0,
            3.0,
            3.0,
            3.0,
            3.0,
            4.0,
            4.0,
            4.0,
            4.0,
            4.0,
            4.0,
            4.0,
            5.0,
            5.0,
            5.0,
            5.0,
            5.0,
            5.0,
            6.0,
            6.0,
            6.0,
            6.0,
            6.0,
            6.0,
            6.0,
            6.0,
            7.0,
            5.53515625,
            6.53515625,
            5.9453125,
            6.9453125,
            6.9453125,
            6.9453125,
            6.2578125,
            7.2578125,
            6.4375,
            6.453125,
            6.5234375,
            6.59375,
            6.66015625,
            6.73046875
        ]
    },
    "run_count": 2,
    "seed": 62
}