{
    "dataset": "3_backdoor",
    "model": "IFASD",
    "auc": 0.45970158866466293,
    "total_runtime": 2.5901906490325928,
    "total_memory_usage": 20.9609375,
    "Instances": 95329,
    "window_metric": {
        "window_size": 1000,
        "auc_scores": [
            0.5,
            0.5,
            0.338698746187733,
            0.25297393065046825,
            0.20187840840234295,
            0.16795496555200806,
            0.1437922601064595,
            0.1257074581813608,
            0.11166350128477265,
            0.10044216661642047,
            0.09127020363437127,
            0.08363316877248766,
            0.0771755076828044,
            0.0716436097770769,
            0.06685171560430742,
            0.06266064823522038,
            0.05896407291605216,
            0.05567934933986962,
            0.052741280143528024,
            0.05009773946168111,
            0.6511071007959716,
            0.643628868908822,
            0.649083744104706,
            0.6523450842144485,
            0.6481934352320822,
            0.6525137043446362,
            0.6454142496603005,
            0.6218735905925579,
            0.5999897326697454,
            0.5795937122506089,
            0.5608604434946581,
            0.5432192729122465,
            0.5331048904892933,
            0.5445615467440874,
            0.5519961738562025,
            0.5401265277971433,
            0.5276001100460546,
            0.5162156046606712,
            0.5048765664464493,
            0.5153054526150898,
            0.5252182744460185,
            0.5346524125562083,
            0.5436417225026812,
            0.5522169407363929,
            0.5604060357184798,
            0.5682345126508459,
            0.5757256788163649,
            0.5829008753437577,
            0.5897796802513724,
            0.5963800868382632,
            0.6027186608453933,
            0.6088106792772418,
            0.6146702533329585,
            0.6203104375294276,
            0.6257433267924579,
            0.6309801430359082,
            0.6360313125330428,
            0.6409065352026824,
            0.6456148467789884,
            0.6472125479043644,
            0.6470832034115328,
            0.6489554394779148,
            0.6524435153142379,
            0.6558265634331781,
            0.6590564330910911,
            0.6624611664694142,
            0.6656521167484063,
            0.6687158119414022,
            0.6716728494074189,
            0.6746955425943852,
            0.6776344063181959,
            0.680378133779113,
            0.6829701009099884,
            0.6857164708535053,
            0.6883320524407556,
            0.6908367407460375,
            0.693305684340846,
            0.6957457852664917,
            0.6951866993520216,
            0.6933524954184236,
            0.6950972920717654,
            0.6961677458682047,
            0.6940174918116591,
            0.6929721701778482,
            0.685835423595814,
            0.6964566611384008,
            0.597720149105153,
            0.552956284167414,
            0.5089132087302044,
            0.487011215292885,
            0.43197629050897557,
            0.4159472403250037,
            0.4022384623215213,
            0.38965003694031186,
            0.4094818844086021
        ],
        "runtimes": [
            0.015619516372680664,
            0.022846460342407227,
            0.03307604789733887,
            0.04130101203918457,
            0.05152392387390137,
            0.059668540954589844,
            0.07084393501281738,
            0.07982921600341797,
            0.0916602611541748,
            0.10129117965698242,
            0.11118841171264648,
            0.12173128128051758,
            0.13268017768859863,
            0.15431904792785645,
            0.17226791381835938,
            0.19370794296264648,
            0.21602177619934082,
            0.23478269577026367,
            0.25898289680480957,
            0.27609729766845703,
            0.292682409286499,
            0.3073616027832031,
            0.32224512100219727,
            0.33730411529541016,
            0.35288405418395996,
            0.36855554580688477,
            0.38756489753723145,
            0.4043312072753906,
            0.42334890365600586,
            0.44066882133483887,
            0.46103906631469727,
            0.47951459884643555,
            0.5009384155273438,
            0.5199189186096191,
            0.5420372486114502,
            0.5612459182739258,
            0.5837142467498779,
            0.603844165802002,
            0.6279301643371582,
            0.6490342617034912,
            0.6712279319763184,
            0.6938412189483643,
            0.7171318531036377,
            0.7410933971405029,
            0.7651519775390625,
            0.7894761562347412,
            0.8146226406097412,
            0.8399569988250732,
            0.8661398887634277,
            0.8922030925750732,
            0.9180188179016113,
            0.9443986415863037,
            0.971160888671875,
            0.9997870922088623,
            1.028959035873413,
            1.0581254959106445,
            1.0871572494506836,
            1.1200206279754639,
            1.1491765975952148,
            1.18257737159729,
            1.2141633033752441,
            1.249464988708496,
            1.2837674617767334,
            1.3170976638793945,
            1.3503341674804688,
            1.3840405941009521,
            1.4175479412078857,
            1.4517865180969238,
            1.4857676029205322,
            1.5206162929534912,
            1.556123971939087,
            1.5918986797332764,
            1.6278350353240967,
            1.6657719612121582,
            1.7035555839538574,
            1.7423441410064697,
            1.782155990600586,
            1.8205907344818115,
            1.8594253063201904,
            1.902230978012085,
            1.9420056343078613,
            1.983628273010254,
            2.022428512573242,
            2.0654566287994385,
            2.107086420059204,
            2.148695230484009,
            2.194249391555786,
            2.236083745956421,
            2.279756784439087,
            2.3228187561035156,
            2.3670854568481445,
            2.410801887512207,
            2.4545364379882812,
            2.499391794204712,
            2.547342538833618
        ],