{
    "dataset": "3_backdoor",
    "model": "IFASD",
    "auc": 0.5792695951467473,
    "total_runtime": 2.591172933578491,
    "total_memory_usage": 21.078125,
    "Instances": 95329,
    "window_metric": {
        "window_size": 1000,
        "auc_scores": [
            0.5,
            0.5,
            0.338698746187733,
            0.25297393065046825,
            0.20187840840234295,
            0.16795496555200806,
            0.1437922601064595,
            0.1257074581813608,
            0.11166350128477265,
            0.10044216661642047,
            0.09127020363437127,
            0.08363316877248766,
            0.0771755076828044,
            0.0716436097770769,
            0.06685171560430742,
            0.06266064823522038,
            0.05896407291605216,
            0.05567934933986962,
            0.052741280143528024,
            0.05009773946168111,
            0.7096679560591294,
            0.7188325091775974,
            0.7216852775984532,
            0.7299408128164209,
            0.7356834098448546,
            0.7396976915613603,
            0.7448886966661041,
            0.7511280108102354,
            0.7508897296577539,
            0.7382627144512358,
            0.7317165611832013,
            0.7375749688348144,
            0.7430723328732234,
            0.7482341364341882,
            0.7531028360620581,
            0.7576911515053362,
            0.7620219686101213,
            0.7656247371254323,
            0.7693240436233049,
            0.7730153044082337,
            0.7765223997798932,
            0.7798583175568107,
            0.7830382580271487,
            0.7860712210056284,
            0.7889658592311112,
            0.7917335945906413,
            0.7943834789340318,
            0.7969207799809515,
            0.799353855235132,
            0.801688094849756,
            0.803930723767212,
            0.8060842849160786,
            0.8081561993082849,
            0.810150281719823,
            0.8120698143499009,
            0.8139201019830593,
            0.8157048115522761,
            0.8174285644210237,
            0.8190923622382416,
            0.820699896140633,
            0.8222544709352901,
            0.8237584919512762,
            0.8252147737272284,
            0.8266248984268169,
            0.8279910289707304,
            0.8293146978359782,
            0.8305993466974642,
            0.8318462793879245,
            0.8330557206812996,
            0.8342306251643343,
            0.8353721353784858,
            0.8364815940662662,
            0.8375604592905805,
            0.8386104484426014,
            0.8396319304104118,
            0.8406260164326822,
            0.8415948145490691,
            0.8425381193394946,
            0.8434641681535825,
            0.8443724897333399,
            0.8452575918010219,
            0.8461235848877527,
            0.8469646608029855,
            0.847725076133339,
            0.843796075152609,
            0.8416216691243437,
            0.7704478401923188,
            0.747868831522733,
            0.7487488906153815,
            0.7471049492271515,
            0.7563207113338143,
            0.7576090444549815,
            0.7341796761039316,
            0.7105285804795656,
            0.667347870967742
        ],
        "runtimes": [
            0.009849071502685547,
            0.01682901382446289,
            0.027351856231689453,
            0.03575754165649414,
            0.046746015548706055,
            0.05574345588684082,
            0.06777548789978027,
            0.07724404335021973,
            0.0892026424407959,
            0.09897732734680176,
            0.11167740821838379,
            0.1223902702331543,
            0.13602209091186523,
            0.14752769470214844,
            0.1591637134552002,
            0.1712169647216797,
            0.18353581428527832,
            0.1966092586517334,
            0.20996737480163574,
            0.22364258766174316,
            0.23766875267028809,
            0.251816987991333,
            0.2688932418823242,
            0.2834169864654541,
            0.301389217376709,
            0.3171837329864502,
            0.3365898132324219,
            0.353222131729126,
            0.3726987838745117,
            0.39013242721557617,
            0.410419225692749,
            0.42830348014831543,
            0.4473271369934082,
            0.466336727142334,
            0.48525381088256836,
            0.5048325061798096,
            0.5382118225097656,
            0.5791902542114258,
            0.6229298114776611,
            0.6595969200134277,
            0.681462287902832,
            0.703270673751831,
            0.7265214920043945,
            0.750974178314209,
            0.7749707698822021,
            0.7993459701538086,
            0.8224151134490967,
            0.843914270401001,
            0.866119384765625,
            0.8888237476348877,
            0.9118456840515137,
            0.9349179267883301,
            0.9602563381195068,
            0.9879481792449951,
            1.0162699222564697,
            1.0450077056884766,
            1.074042558670044,
            1.1033556461334229,
            1.13344407081604,
            1.1632599830627441,
            1.1951675415039062,
            1.227318286895752,
            1.2608084678649902,
            1.2932424545288086,
            1.32619309425354,
            1.3598544597625732,
            1.3940649032592773,
            1.4284257888793945,
            1.4630811214447021,
            1.4981880187988281,
            1.5337588787078857,
            1.5699248313903809,
            1.6066734790802002,
            1.644357681274414,
            1.682741641998291,
            1.7212090492248535,
            1.7595453262329102,
            1.798769235610962,
            1.8385651111602783,
            1.8782286643981934,
            1.9186439514160156,
            1.9595396518707275,
            2.000537633895874,
            2.04480242729187,
            2.086768627166748,
            2.128845453262329,
            2.1745080947875977,
            2.2189340591430664,
            2.266045093536377,
            2.310936212539673,
            2.3585054874420166,
            2.4029700756073,
            2.451178789138794,
            2.497143507003784,
            2.547191619873047
        ],