{
    "dataset": "48_chess",
    "model": "IFASD",
    "auc": 0.727594303783251,
    "total_runtime": 0.4826018810272217,
    "total_memory_usage": 5.0,
    "Instances": 28056,
    "window_metric": {
        "window_size": 1000,
        "auc_scores": [
            0.5,
            0.5,
            0.34117450784117453,
            0.2558168626469852,
            0.3880854683746998,
            0.35980236824549705,
            0.39929949964260186,
            0.4822054040530398,
            0.47143466014379953,
            0.5022158368000457,
            0.4950747878520097,
            0.522885048365577,
            0.5188240840517241,
            0.6035878839867689,
            0.6092587935184852,
            0.6065481087999385,
            0.6221741434122219,
            0.6353628023352794,
            0.6585117953834855,
            0.6863075575575575,
            0.6853467588179218,
            0.6985672470908377,
            0.7051557220740787,
            0.7042667900120565,
            0.70806185168616,
            0.7170587102983638,
            0.7211859283298447,
            0.7276646395797006
        ],
        "runtimes": [
            0.006529331207275391,
            0.011662483215332031,
            0.026883840560913086,
            0.036721229553222656,
            0.04688310623168945,
            0.05697989463806152,
            0.06783485412597656,
            0.07910656929016113,
            0.09045219421386719,
            0.10209918022155762,
            0.11414289474487305,
            0.12654995918273926,
            0.13919758796691895,
            0.17008423805236816,
            0.21253371238708496,
            0.2504723072052002,
            0.2771754264831543,
            0.29191112518310547,
            0.3076896667480469,
            0.3235807418823242,
            0.3406074047088623,
            0.35785722732543945,
            0.37555456161499023,
            0.39351820945739746,
            0.41220736503601074,
            0.431135892868042,
            0.4502592086791992,
            0.4693317413330078
        ],
        "memory_usages": [
            1.0,
            1.0,
            1.0,
            2.0,
            2.0,
            2.0,
            2.0,
            2.0,
            2.0,
            3.0,
            3.0,
            3.0,
            3.0,
            3.0,
            3.0,
            3.0,
            4.0,
            4.0,
            4.0,
            4.0,
            4.0,
            4.0,
            4.0,
            4.0,
            5.0,
            5.0,
            5.0,
            5.0
        ]
    },
    "run_count": 9,
    "seed": 49
}