{
    "dataset": "48_chess",
    "model": "IFASD",
    "auc": 0.6499346576231231,
    "total_runtime": 0.7696774005889893,
    "total_memory_usage": 6.0,
    "Instances": 28056,
    "window_metric": {
        "window_size": 1000,
        "auc_scores": [
            0.5,
            0.5,
            0.34117450784117453,
            0.2558168626469852,
            0.356935548438751,
            0.3243620747164777,
            0.41127948534667613,
            0.4806521557835043,
            0.469655696390186,
            0.46142299609726806,
            0.45305454120154376,
            0.45467811874583053,
            0.4491081049876847,
            0.5433132526205655,
            0.5691214437127563,
            0.566041639601407,
            0.5857239575448688,
            0.6003521453062737,
            0.603301405901875,
            0.6389514514514516,
            0.6378288846520498,
            0.6489408721311901,
            0.6585073469484646,
            0.657129831133084,
            0.6379782443326122,
            0.64225062560154,
            0.6409455544085187,
            0.6499428681890341
        ],
        "runtimes": [
            0.014032125473022461,
            0.024921417236328125,
            0.05398392677307129,
            0.06399655342102051,
            0.07458782196044922,
            0.08531427383422852,
            0.10477948188781738,
            0.14725589752197266,
            0.20787501335144043,
            0.26573967933654785,
            0.29239678382873535,
            0.31500840187072754,
            0.3412294387817383,
            0.3687608242034912,
            0.38330769538879395,
            0.39865946769714355,
            0.4141659736633301,
            0.4299941062927246,
            0.4648449420928955,
            0.5143775939941406,
            0.5572617053985596,
            0.6167013645172119,
            0.6624252796173096,
            0.6869378089904785,
            0.7040777206420898,
            0.7213075160980225,
            0.73854660987854,
            0.7569432258605957
        ],
        "memory_usages": [
            1.0,
            1.0,
            2.0,
            2.0,
            3.0,
            4.0,
            4.0,
            4.0,
            4.0,
            4.0,
            4.0,
            4.0,
            5.0,
            5.0,
            5.0,
            5.0,
            5.0,
            5.0,
            5.0,
            6.0,
            6.0,
            6.0,
            6.0,
            6.0,
            6.0,
            6.0,
            6.0,
            6.0
        ]
    },
    "run_count": 5,
    "seed": 39
}