{
    "dataset": "48_chess",
    "model": "IFASD",
    "auc": 0.5953265334977134,
    "total_runtime": 0.46084117889404297,
    "total_memory_usage": 6.0,
    "Instances": 28056,
    "window_metric": {
        "window_size": 1000,
        "auc_scores": [
            0.5,
            0.5,
            0.34117450784117453,
            0.2558168626469852,
            0.3600630504403523,
            0.3280103402268179,
            0.36637598284488915,
            0.4352118255358185,
            0.4219942924912905,
            0.40814999070778113,
            0.39955945991605046,
            0.401366536024016,
            0.395440463362069,
            0.4737943449073623,
            0.49685368344873243,
            0.49379062796214235,
            0.5149429782509966,
            0.5301973867111481,
            0.5289175144324179,
            0.5557457457457456,
            0.5539215919923737,
            0.5710115066546204,
            0.582933082236764,
            0.581446818674694,
            0.5690348163788946,
            0.5803703561116459,
            0.5862233432764313,
            0.5954630854355589
        ],
        "runtimes": [
            0.006478071212768555,
            0.011264562606811523,
            0.026488780975341797,
            0.03696489334106445,
            0.04723334312438965,
            0.05790114402770996,
            0.06866908073425293,
            0.07977986335754395,
            0.09134626388549805,
            0.10279703140258789,
            0.11494040489196777,
            0.12746953964233398,
            0.14052891731262207,
            0.15333867073059082,
            0.16700053215026855,
            0.1808931827545166,
            0.19523954391479492,
            0.2108309268951416,
            0.22701239585876465,
            0.24361395835876465,
            0.2610630989074707,
            0.2825963497161865,
            0.31163620948791504,
            0.3470163345336914,
            0.37853336334228516,
            0.41104650497436523,
            0.42822694778442383,
            0.4471454620361328
        ],
        "memory_usages": [
            2.0,
            2.0,
            2.0,
            3.0,
            3.0,
            3.0,
            3.0,
            3.0,
            3.0,
            3.0,
            4.0,
            4.0,
            4.0,
            4.0,
            4.0,
            4.0,
            5.0,
            5.0,
            5.0,
            5.0,
            5.0,
            5.0,
            5.0,
            6.0,
            6.0,
            6.0,
            6.0,
            6.0
        ]
    },
    "run_count": 8,
    "seed": 47
}