{
    "dataset": "51_kddcup99_u2r",
    "model": "IFASD",
    "auc": 0.5994453646866162,
    "total_runtime": 1.2680528163909912,
    "total_memory_usage": 10.79296875,
    "Instances": 60821,
    "window_metric": {
        "window_size": 1000,
        "auc_scores": [
            NaN,
            0.5,
            0.34128042680893633,
            0.25593898474618654,
            0.20474094818963795,
            0.17061176862810468,
            0.5470677909580296,
            0.6032234867433717,
            0.7877568926951642,
            0.7711161161161161,
            0.7617948527039435,
            0.7842661676718077,
            0.8123437379576107,
            0.8051912952692646,
            0.805132758237993,
            0.7953615775726761,
            0.7794525036231633,
            0.7583563277802077,
            0.7469664744896763,
            0.746422774023836,
            0.6006286176132719,
            0.5578313050373023,
            0.5571070439687956,
            0.531753582715059,
            0.5055178608908634,
            0.493711155604021,
            0.48938115389417963,
            0.48893071471143484,
            0.47986989603416563,
            0.4691769163906049,
            0.47369108892546397,
            0.49010435602352914,
            0.5055163257144406,
            0.5200159126388998,
            0.530225680898957,
            0.5431110229683419,
            0.5538219616317189,
            0.5654878469874266,
            0.5765609930673814,
            0.587078065192316,
            0.5949804940032992,
            0.6024287028957261,
            0.6050440396317027,
            0.6137424045138888,
            0.6220935182910488,
            0.6300682067490138,
            0.6356911455549618,
            0.6274642014070586,
            0.6184130000351993,
            0.6224428220868058,
            0.6279966647273656,
            0.6340753516559889,
            0.6393988515853496,
            0.6436573682926049,
            0.6485765318469798,
            0.6415777896414755,
            0.6318146161129591,
            0.6224297784029414,
            0.6141679233815841,
            0.606059458691566
        ],
        "runtimes": [
            0.0056192874908447266,
            0.010584354400634766,
            0.018127918243408203,
            0.024398088455200195,
            0.031158447265625,
            0.03809213638305664,
            0.04541134834289551,
            0.052857398986816406,
            0.06209373474121094,
            0.07075738906860352,
            0.07919788360595703,
            0.08800768852233887,
            0.09761285781860352,
            0.11291742324829102,
            0.12347126007080078,
            0.13432002067565918,
            0.14536809921264648,
            0.1566333770751953,
            0.1780407428741455,
            0.2007741928100586,
            0.2199404239654541,
            0.2441098690032959,
            0.27049922943115234,
            0.32076239585876465,
            0.35590434074401855,
            0.39516472816467285,
            0.41385436058044434,
            0.42916107177734375,
            0.4442873001098633,
            0.4641604423522949,
            0.4827237129211426,
            0.49953722953796387,
            0.5168845653533936,
            0.5344178676605225,
            0.552299976348877,
            0.5704588890075684,
            0.5914928913116455,
            0.6108810901641846,
            0.6314499378204346,
            0.6522512435913086,
            0.6734874248504639,
            0.695159912109375,
            0.7171516418457031,
            0.7395522594451904,
            0.762164831161499,
            0.7857682704925537,
            0.8093509674072266,
            0.8350188732147217,
            0.8631486892700195,
            0.8897755146026611,
            0.9139828681945801,
            0.9402799606323242,
            1.0291736125946045,
            1.0638236999511719,
            1.0911169052124023,
            1.1204969882965088,
            1.1490609645843506,
            1.17970609664917,
            1.208846092224121,
            1.2384819984436035
        ],
        "memory_usages": [
            2.0,
            3.0,
            4.0,
            4.0,
            4.0,
            4.0,
            4.0,
            4.0,
            5.0,
            5.0,
            5.0,
            5.0,
            5.0,
            5.0,
            5.0,
            6.0,
            6.0,
            6.0,
            6.0,
            6.0,
            6.0,
            6.0,
            7.0,
            7.0,
            7.0,
            7.0,
            7.0,
            7.0,
            7.0,
            8.0,
            8.0,
            8.0,
            8.0,
            8.0,
            8.0,
            8.0,
            9.0,
            7.5859375,
            8.5859375,
            7.7421875,
            8.7421875,
            7.8671875,
            7.92578125,
            8.92578125,
            8.09375,
            8.15234375,
            8.21484375,
            8.27734375,
            8.33984375,
            8.828125,
            9.55859375,
            8.96875,
            9.74609375,
            10.62890625,
            9.87109375,
            9.99609375,
            10.06640625,
            10.13671875,
            10.20703125,
            10.2734375
        ]
    },
    "run_count": 5,
    "seed": 20
}