{
    "dataset": "51_kddcup99_u2r",
    "model": "IFASD",
    "auc": 0.7371249096285512,
    "total_runtime": 1.6279170513153076,
    "total_memory_usage": 8.69140625,
    "Instances": 60821,
    "window_metric": {
        "window_size": 1000,
        "auc_scores": [
            NaN,
            0.5,
            0.34128042680893633,
            0.25593898474618654,
            0.20474094818963795,
            0.17061176862810468,
            0.6401553046543758,
            0.6970672836418209,
            0.4776752060702678,
            0.5014414414414414,
            0.5258150712696168,
            0.6123513146289719,
            0.4143244701348748,
            0.3778664672387878,
            0.40099970045621164,
            0.37952262347007004,
            0.4115818141473258,
            0.40548526897538867,
            0.4029689294335467,
            0.4017479634621347,
            0.6540496743180666,
            0.7184882086521942,
            0.7105959397511461,
            0.7420017727115253,
            0.7823422375110737,
            0.797266090869391,
            0.8059886355676431,
            0.8048940065883927,
            0.7691896268842415,
            0.7421363601884182,
            0.7464577708718334,
            0.7482078829553187,
            0.7498646443387018,
            0.7514244223651783,
            0.7504879672550233,
            0.7517152799393269,
            0.7527520971655132,
            0.7563651802946542,
            0.7599339882932363,
            0.7633258987936118,
            0.7637679455169646,
            0.7637477054169651,
            0.7583636476729273,
            0.7610778553643223,
            0.7638773123037853,
            0.7664887265472863,
            0.7660401211473367,
            0.7579470899470898,
            0.7530712812680191,
            0.7450350362399104,
            0.7364476226596358,
            0.7361028923869601,
            0.7359202255258184,
            0.7361653912912257,
            0.7361441145437183,
            0.7364164018858382,
            0.7363057570386192,
            0.7366372011695098,
            0.7370295677258893,
            0.737261645422195
        ],
        "runtimes": [
            0.012387514114379883,
            0.020812034606933594,
            0.03369617462158203,
            0.04183793067932129,
            0.05442380905151367,
            0.06673860549926758,
            0.07580971717834473,
            0.08932709693908691,
            0.1128695011138916,
            0.12401843070983887,
            0.1317439079284668,
            0.1397242546081543,
            0.14958977699279785,
            0.16242504119873047,
            0.18291831016540527,
            0.19977283477783203,
            0.22358989715576172,
            0.24151849746704102,
            0.2547612190246582,
            0.26630210876464844,
            0.27828550338745117,
            0.29043006896972656,
            0.3029758930206299,
            0.31655216217041016,
            0.33585023880004883,
            0.362734317779541,
            0.3894219398498535,
            0.4163985252380371,
            0.4460031986236572,
            0.46681976318359375,
            0.48298048973083496,
            0.49819087982177734,
            0.5136885643005371,
            0.5293989181518555,
            0.54549241065979,
            0.5624895095825195,
            0.5821959972381592,
            0.6005489826202393,
            0.6274251937866211,
            0.6639988422393799,
            0.7049133777618408,
            0.7580604553222656,
            0.800037145614624,
            0.8358104228973389,
            0.87613844871521,
            0.9513194561004639,
            1.0483531951904297,
            1.12276029586792,
            1.145341396331787,
            1.1685457229614258,
            1.192044734954834,
            1.218620777130127,
            1.243823766708374,
            1.2694308757781982,
            1.2951762676239014,
            1.3363721370697021,
            1.4085745811462402,
            1.4608275890350342,
            1.5013868808746338,
            1.5777947902679443
        ],
        "memory_usages": [
            2.0,
            2.0,
            3.0,
            3.0,
            3.0,
            3.0,
            3.0,
            3.0,
            3.0,
            3.0,
            4.0,
            4.0,
            4.0,
            4.0,
            4.0,
            4.0,
            5.0,
            5.0,
            5.0,
            5.0,
            5.0,
            5.0,
            5.0,
            5.0,
            6.0,
            6.0,
            6.0,
            6.0,
            6.0,
            6.0,
            6.0,
            7.0,
            7.0,
            7.0,
            7.0,
            7.0,
            7.0,
            7.0,
            7.0,
            6.33984375,
            7.33984375,
            6.46484375,
            6.90234375,
            7.4375,
            7.03125,
            7.6875,
            7.16796875,
            7.9453125,
            7.8828125,
            7.421875,
            8.2265625,
            7.56640625,
            8.46875,
            7.703125,
            7.7734375,
            7.890625,
            7.9609375,
            8.03125,
            8.1015625,
            8.16796875
        ]
    },
    "run_count": 8,
    "seed": 14
}