{
    "dataset": "50_bank",
    "model": "IFASD",
    "auc": 0.5359138802585546,
    "total_runtime": 0.6078343391418457,
    "total_memory_usage": 5.38671875,
    "Instances": 41188,
    "window_metric": {
        "window_size": 1000,
        "auc_scores": [
            0.5,
            0.5,
            0.5310421765828841,
            0.5516402234067443,
            0.5426804929152313,
            0.5392673800024761,
            0.5358997516369384,
            0.552912258064516,
            0.5505576808426074,
            0.5458477830186927,
            0.5481387921568627,
            0.5411106998930832,
            0.532260103481367,
            0.5326587532701308,
            0.5268598661205329,
            0.532798130273586,
            0.5287955928270494,
            0.5300246198724592,
            0.5246565302969158,
            0.5186433581410045,
            0.5137189990863154,
            0.5157166590617102,
            0.5157646125688666,
            0.5143137790005621,
            0.5125763755773224,
            0.5107710742376138,
            0.5111808649528888,
            0.5149023695418612,
            0.5134107299600162,
            0.5163090530480221,
            0.527315112583678,
            0.5259554032363714,
            0.5244531480010898,
            0.5232325079411949,
            0.5228302380852847,
            0.5263971920092521,
            0.5264204872891279,
            0.5317612294858005,
            0.5346585938723719,
            0.5350387085162455,
            0.5350293092802205
        ],
        "runtimes": [
            0.007586956024169922,
            0.012594938278198242,
            0.02137303352355957,
            0.028160810470581055,
            0.03551030158996582,
            0.043131113052368164,
            0.05135226249694824,
            0.059900522232055664,
            0.06912851333618164,
            0.07855534553527832,
            0.08864879608154297,
            0.09902167320251465,
            0.10983538627624512,
            0.12089824676513672,
            0.13246536254882812,
            0.1444075107574463,
            0.15680384635925293,
            0.16977262496948242,
            0.18309330940246582,
            0.1965348720550537,
            0.21052956581115723,
            0.22491836547851562,
            0.23959612846374512,
            0.25489282608032227,
            0.2704906463623047,
            0.28647947311401367,
            0.303027868270874,
            0.3203909397125244,
            0.3378889560699463,
            0.3560211658477783,
            0.3753931522369385,
            0.3950226306915283,
            0.4149923324584961,
            0.43544697761535645,
            0.4558749198913574,
            0.47690343856811523,
            0.4978220462799072,
            0.5191407203674316,
            0.5411098003387451,
            0.5630381107330322,
            0.5866312980651855
        ],
        "memory_usages": [
            1.0,
            1.0,
            2.0,
            2.0,
            2.0,
            2.0,
            2.0,
            2.0,
            3.0,
            3.0,
            3.0,
            3.0,
            3.0,
            3.0,
            4.0,
            4.0,
            4.0,
            4.0,
            4.0,
            4.0,
            4.0,
            5.0,
            5.0,
            5.0,
            5.0,
            5.0,
            5.0,
            5.0,
            6.0,
            6.0,
            4.69140625,
            5.69140625,
            5.69140625,
            5.69140625,
            4.96875,
            5.96875,
            5.96875,
            5.44140625,
            6.44140625,
            6.44140625,
            6.44140625
        ]
    },
    "run_count": 3,
    "seed": 77
}