{
    "dataset": "32_shuttle",
    "model": "IFASD",
    "auc": 0.9520503048107118,
    "total_runtime": 1.0875277519226074,
    "total_memory_usage": 6.8359375,
    "Instances": 49097,
    "window_metric": {
        "window_size": 1000,
        "auc_scores": [
            0.5,
            0.5,
            0.5476173685888789,
            0.619207442156862,
            0.6763256761769671,
            0.7061216072384155,
            0.7367987566486872,
            0.7645183184753528,
            0.7829993859424542,
            0.793939897076329,
            0.8155834694710051,
            0.8285558138041733,
            0.8420972403823916,
            0.8520720332956563,
            0.8612265406041244,
            0.8682156935361658,
            0.8749418188144752,
            0.8815317143537547,
            0.8860998069049444,
            0.8899158683503553,
            0.894657506230907,
            0.8998566186042476,
            0.9038910581235122,
            0.908052552842471,
            0.9114507551548205,
            0.9144033626473508,
            0.9172475777925388,
            0.9201016826899581,
            0.922970391757632,
            0.9258777069444,
            0.9278628396823887,
            0.9297827707009539,
            0.9314376730397422,
            0.9332852641468294,
            0.9351170739446383,
            0.9369021850792412,
            0.9383808306157303,
            0.9397483575900136,
            0.9410613286149558,
            0.9426169714428464,
            0.9437951735243144,
            0.944994217182745,
            0.9461505052437449,
            0.9472086392843163,
            0.9481111690854099,
            0.9488096126036146,
            0.9501323914918264,
            0.9510181073047723,
            0.9519592438203208
        ],
        "runtimes": [
            0.009595394134521484,
            0.016013383865356445,
            0.03451681137084961,
            0.0461733341217041,
            0.05805206298828125,
            0.07017779350280762,
            0.08312320709228516,
            0.09676504135131836,
            0.1107947826385498,
            0.12490010261535645,
            0.13975310325622559,
            0.1548619270324707,
            0.17070221900939941,
            0.18674278259277344,
            0.20353913307189941,
            0.2201998233795166,
            0.23727631568908691,
            0.25462818145751953,
            0.27335119247436523,
            0.29218196868896484,
            0.31168270111083984,
            0.3319363594055176,
            0.3526797294616699,
            0.37369275093078613,
            0.3951265811920166,
            0.41690921783447266,
            0.43840456008911133,
            0.46061229705810547,
            0.4838874340057373,
            0.5071394443511963,
            0.5312457084655762,
            0.5563225746154785,
            0.5825085639953613,
            0.6089332103729248,
            0.6359996795654297,
            0.6636166572570801,
            0.6913278102874756,
            0.7189924716949463,
            0.7474496364593506,
            0.7771148681640625,
            0.8069746494293213,
            0.8367667198181152,
            0.8671832084655762,
            0.8986454010009766,
            0.9299089908599854,
            0.961571455001831,
            0.9940896034240723,
            1.027061939239502,
            1.0600612163543701
        ],
        "memory_usages": [
            2.0,
            2.0,
            2.0,
            2.0,
            2.0,
            2.0,
            3.0,
            3.0,
            3.0,
            3.0,
            3.0,
            3.0,
            4.0,
            4.0,
            4.0,
            4.0,
            4.0,
            4.0,
            4.0,
            5.0,
            5.0,
            5.0,
            5.0,
            5.0,
            5.0,
            6.0,
            6.0,
            6.0,
            6.0,
            6.0,
            6.0,
            6.0,
            5.20703125,
            5.26953125,
            5.3671875,
            5.97265625,
            6.97265625,
            6.97265625,
            6.23828125,
            7.23828125,
            6.39453125,
            6.47265625,
            6.546875,
            6.671875,
            6.81640625,
            7.12890625,
            7.2734375,
            7.421875,
            7.56640625
        ]
    },
    "run_count": 8,
    "seed": 50
}