{
    "dataset": "51_kddcup99_u2r",
    "model": "IFASD",
    "auc": 0.6552548916396747,
    "total_runtime": 2.031771659851074,
    "total_memory_usage": 6.3671875,
    "Instances": 60821,
    "window_metric": {
        "window_size": 1000,
        "auc_scores": [
            NaN,
            0.5,
            0.34128042680893633,
            0.25593898474618654,
            0.20474094818963795,
            0.17061176862810468,
            0.40038587966271255,
            0.42060092546273137,
            0.7212706533694189,
            0.7247397397397397,
            0.7283192283192284,
            0.7572316512121284,
            0.8308947976878612,
            0.8373737224151505,
            0.839512411672295,
            0.8348837162324584,
            0.8258480629078225,
            0.7922285396206912,
            0.7664734643417939,
            0.7350449683265393,
            0.7736071452846277,
            0.7871079662177585,
            0.7899431289421982,
            0.7763005566286503,
            0.7925333422453598,
            0.7964230169087245,
            0.8029770724138036,
            0.8049284128843597,
            0.7965056096503385,
            0.7854371692233465,
            0.7814842336326713,
            0.7777629933765884,
            0.77492641227428,
            0.7749756623779829,
            0.7689155231088104,
            0.7597596608206986,
            0.7615610551357976,
            0.7677458373111367,
            0.7736139560880386,
            0.7791879145628251,
            0.7815705671229212,
            0.783820683690165,
            0.7796398681503646,
            0.7843583568295739,
            0.78888532839659,
            0.793209489454861,
            0.7947932300017816,
            0.7803609047037618,
            0.7653082793639872,
            0.7662471095013176,
            0.7699921149804566,
            0.7593710547987491,
            0.7463780328864271,
            0.7331783281179303,
            0.7200917185555022,
            0.7078227974298904,
            0.6970114607398508,
            0.6857118151086364,
            0.6748216569293648,
            0.6641079669997453
        ],
        "runtimes": [
            0.005593776702880859,
            0.010866165161132812,
            0.018903255462646484,
            0.025092601776123047,
            0.031816720962524414,
            0.03880500793457031,
            0.04628920555114746,
            0.0536189079284668,
            0.06410002708435059,
            0.07246685028076172,
            0.08139920234680176,
            0.09050631523132324,
            0.1042945384979248,
            0.12180829048156738,
            0.14893698692321777,
            0.16683411598205566,
            0.18799233436584473,
            0.20568466186523438,
            0.26075267791748047,
            0.3239912986755371,
            0.3715085983276367,
            0.39360952377319336,
            0.4251675605773926,
            0.45467400550842285,
            0.48278069496154785,
            0.5097713470458984,
            0.5381064414978027,
            0.5616974830627441,
            0.5949869155883789,
            0.6236531734466553,
            0.655644416809082,
            0.7226643562316895,
            0.7845661640167236,
            0.8033978939056396,
            0.8201954364776611,
            0.8374745845794678,
            0.8571405410766602,
            0.8753082752227783,
            0.8937201499938965,
            0.9127163887023926,
            0.9334597587585449,
            0.9756782054901123,
            1.0402770042419434,
            1.088878870010376,
            1.131727695465088,
            1.1745641231536865,
            1.2364044189453125,
            1.3614182472229004,
            1.4459218978881836,
            1.4810853004455566,
            1.5055055618286133,
            1.56052827835083,
            1.6784741878509521,
            1.7019767761230469,
            1.7275872230529785,
            1.7528934478759766,
            1.822453498840332,
            1.9531810283660889,
            1.9789390563964844,
            2.0045053958892822
        ],
        "memory_usages": [
            2.0,
            2.0,
            2.0,
            2.0,
            2.0,
            3.0,
            3.0,
            3.0,
            3.0,
            3.0,
            3.0,
            4.0,
            4.0,
            4.0,
            4.0,
            4.0,
            4.0,
            4.0,
            5.0,
            5.0,
            5.0,
            5.0,
            5.0,
            5.0,
            5.0,
            5.0,
            5.0,
            5.0,
            5.0,
            5.0,
            5.0,
            5.0,
            5.0,
            5.0,
            4.59765625,
            5.59765625,
            5.59765625,
            5.07421875,
            6.07421875,
            6.07421875,
            6.07421875,
            5.390625,
            6.390625,
            5.56640625,
            5.63671875,
            5.703125,
            5.7734375,
            5.84375,
            5.9140625,
            6.02734375,
            6.1015625,
            6.171875,
            6.23828125,
            6.30859375,
            6.37890625,
            6.52734375,
            6.65625,
            6.78515625,
            6.91015625,
            7.03515625
        ]
    },
    "run_count": 6,
    "seed": 15
}