{
    "dataset": "5_campaign",
    "model": "IFASD",
    "auc": 0.4193419500524582,
    "total_runtime": 0.877382755279541,
    "total_memory_usage": 7.44921875,
    "Instances": 41188,
    "window_metric": {
        "window_size": 1000,
        "auc_scores": [
            0.5,
            0.5,
            0.472978949376819,
            0.4545267782360657,
            0.4509480233889682,
            0.45578784736766215,
            0.451090237687091,
            0.4459733297672064,
            0.4466259862002752,
            0.44425934233109693,
            0.4423208277732953,
            0.4367433066126384,
            0.4385488494630787,
            0.4375390334110334,
            0.4329891371190097,
            0.4299833248081178,
            0.4273503071241837,
            0.42754566324287113,
            0.42695277033801565,
            0.42634569251884114,
            0.4259658692491287,
            0.4261006411885935,
            0.424734547427028,
            0.42418534226377885,
            0.42181888472645657,
            0.4219043914580379,
            0.4210243471961421,
            0.41961198803271144,
            0.4185015508656178,
            0.4175681628931345,
            0.4184346353865591,
            0.4184344200632465,
            0.41833686556684296,
            0.41787931053880056,
            0.4172567457467403,
            0.4172188193071369,
            0.4171992150331592,
            0.41771356251079234,
            0.41762144050853406,
            0.4177540808638671,
            0.4192979355660944
        ],
        "runtimes": [
            0.00752568244934082,
            0.013818025588989258,
            0.02839493751525879,
            0.037488698959350586,
            0.04683375358581543,
            0.0566558837890625,
            0.06698751449584961,
            0.07778739929199219,
            0.08903861045837402,
            0.10054755210876465,
            0.11242890357971191,
            0.12483930587768555,
            0.13727402687072754,
            0.16575026512145996,
            0.19240665435791016,
            0.2196669578552246,
            0.24566245079040527,
            0.2740151882171631,
            0.2894585132598877,
            0.3062863349914551,
            0.3234889507293701,
            0.3411128520965576,
            0.35951900482177734,
            0.3782835006713867,
            0.4092428684234619,
            0.4448995590209961,
            0.47913622856140137,
            0.5163578987121582,
            0.5420749187469482,
            0.5650801658630371,
            0.5890939235687256,
            0.6137058734893799,
            0.6387262344360352,
            0.6637499332427979,
            0.6894698143005371,
            0.7152736186981201,
            0.7414195537567139,
            0.7680230140686035,
            0.795684814453125,
            0.8238778114318848,
            0.8529214859008789
        ],
        "memory_usages": [
            2.0,
            2.0,
            3.0,
            3.0,
            4.0,
            4.0,
            4.0,
            4.0,
            4.0,
            4.0,
            4.0,
            5.0,
            5.0,
            5.0,
            5.0,
            5.0,
            5.0,
            6.0,
            6.0,
            6.0,
            6.0,
            6.0,
            6.0,
            6.0,
            7.0,
            7.0,
            7.0,
            5.9453125,
            6.9453125,
            6.06640625,
            6.16015625,
            6.21875,
            6.78515625,
            7.78515625,
            7.78515625,
            7.0703125,
            8.0703125,
            7.2109375,
            7.609375,
            8.609375,
            7.76171875
        ]
    },
    "run_count": 8,
    "seed": 40
}