{
    "dataset": "3_backdoor",
    "model": "IFASD",
    "auc": 0.37033026773224004,
    "total_runtime": 2.7150769233703613,
    "total_memory_usage": 20.69140625,
    "Instances": 95329,
    "window_metric": {
        "window_size": 1000,
        "auc_scores": [
            0.5,
            0.5,
            0.338698746187733,
            0.25297393065046825,
            0.20187840840234295,
            0.16795496555200806,
            0.1437922601064595,
            0.1257074581813608,
            0.11166350128477265,
            0.10044216661642047,
            0.09127020363437127,
            0.08363316877248766,
            0.0771755076828044,
            0.0716436097770769,
            0.06685171560430742,
            0.06266064823522038,
            0.05896407291605216,
            0.05567934933986962,
            0.052741280143528024,
            0.05009773946168111,
            0.751652199074074,
            0.7408349164924131,
            0.745361677622908,
            0.7526465687247927,
            0.7478054438774661,
            0.7272784972389531,
            0.716930811030451,
            0.7217949124602552,
            0.727584398993886,
            0.7339801765714519,
            0.7399554144785989,
            0.7455573675001204,
            0.7472078183995005,
            0.7353103829456674,
            0.7307442256362301,
            0.7349018755274999,
            0.7384099211765225,
            0.741961888797577,
            0.7432178194768067,
            0.7454239668381063,
            0.7476955610827449,
            0.7493037284554851,
            0.751044608922658,
            0.7486248776326874,
            0.7462383729500137,
            0.7436705926642576,
            0.7409557205541191,
            0.7429069793562904,
            0.7453296584266099,
            0.732893080488305,
            0.7183564543406107,
            0.7186366170047875,
            0.7223967019197647,
            0.7259209242430611,
            0.729245344484374,
            0.7324989071629722,
            0.7356108615485807,
            0.7386014224545053,
            0.7415365619238813,
            0.73505587207847,
            0.7228894971826878,
            0.7111193114493779,
            0.6997262725104771,
            0.6886925390870973,
            0.6780013777618711,
            0.667637078302069,
            0.6575848766322847,
            0.6478308846624212,
            0.6383620262695886,
            0.6291659788133519,
            0.6202311196342709,
            0.6115464770472919,
            0.6031016853955073,
            0.5948869437771422,
            0.5868929781002521,
            0.5791110061562572,
            0.5715327054357858,
            0.5641501834388629,
            0.5569559502567868,
            0.5499428932254612,
            0.543104253469869,
            0.5366360644123552,
            0.5318506725337749,
            0.5267114972656647,
            0.5204720964664694,
            0.6760570321712521,
            0.6380493793978023,
            0.6218775162752652,
            0.5713123158011892,
            0.5455534170564343,
            0.4836217048731891,
            0.4663071393262947,
            0.45216514017317405,
            0.44138362747890814,
            0.4203816827956989
        ],
        "runtimes": [
            0.010213613510131836,
            0.017596006393432617,
            0.028476238250732422,
            0.03730630874633789,
            0.04591059684753418,
            0.054837703704833984,
            0.06431150436401367,
            0.07415318489074707,
            0.0844411849975586,
            0.09494996070861816,
            0.10544872283935547,
            0.1165168285369873,
            0.13100600242614746,
            0.14329981803894043,
            0.15885615348815918,
            0.1718583106994629,
            0.18532896041870117,
            0.19919085502624512,
            0.21351909637451172,
            0.228043794631958,
            0.2432692050933838,
            0.25882530212402344,
            0.2780735492706299,
            0.2944815158843994,
            0.313751220703125,
            0.330552339553833,
            0.3506507873535156,
            0.3681759834289551,
            0.3887965679168701,
            0.4071636199951172,
            0.4260375499725342,
            0.44544124603271484,
            0.4681830406188965,
            0.48844122886657715,
            0.5119912624359131,
            0.533179759979248,
            0.554701566696167,
            0.5771141052246094,
            0.5997414588928223,
            0.6224699020385742,
            0.6496186256408691,
            0.6741602420806885,
            0.699470043182373,
            0.7278807163238525,
            0.7536330223083496,
            0.7797887325286865,
            0.8068079948425293,
            0.836806058883667,
            0.8638951778411865,
            0.8950486183166504,
            0.9242103099822998,
            0.9562127590179443,
            0.9858298301696777,
            1.018925666809082,
            1.0495731830596924,
            1.0802197456359863,
            1.110605001449585,
            1.141700029373169,
            1.173663854598999,
            1.2087738513946533,
            1.2417466640472412,
            1.2763659954071045,
            1.3119184970855713,
            1.347602367401123,
            1.383443832397461,
            1.4194369316101074,
            1.4556248188018799,
            1.4921298027038574,
            1.5292553901672363,
            1.5673081874847412,
            1.605940580368042,
            1.645007610321045,
            1.6839334964752197,
            1.7237634658813477,
            1.7631633281707764,
            1.803462028503418,
            1.8442740440368652,
            1.8862321376800537,
            1.9290032386779785,
            1.9717917442321777,
            2.0144104957580566,
            2.057957649230957,
            2.0992207527160645,
            2.145236015319824,
            2.1884446144104004,
            2.2323191165924072,
            2.2807235717773438,
            2.3252413272857666,
            2.373732566833496,
            2.420147657394409,
            2.4713134765625,
            2.5195083618164062,
            2.572049856185913,
            2.620290994644165,
            2.6689162254333496
        ],