{
    "dataset": "5_campaign",
    "model": "IFASD",
    "auc": 0.4884768890368076,
    "total_runtime": 0.7372479438781738,
    "total_memory_usage": 6.6796875,
    "Instances": 41188,
    "window_metric": {
        "window_size": 1000,
        "auc_scores": [
            0.5,
            0.5,
            0.48499314561622725,
            0.48441884353418985,
            0.4829124737786155,
            0.4881419477995757,
            0.4878892450410127,
            0.48426003782292837,
            0.49058970007895986,
            0.48850186261507256,
            0.4865000982704403,
            0.48661669133061203,
            0.4876070169613036,
            0.4863978865578865,
            0.4874771044454203,
            0.48829177454475287,
            0.48587189927562446,
            0.4842835958041068,
            0.48254221382315515,
            0.48529670598840235,
            0.48514360416733093,
            0.48542058949713274,
            0.48684674354616114,
            0.48692255260854056,
            0.4870340843614358,
            0.487367897550482,
            0.48624628549531257,
            0.48755396016889535,
            0.48709209042126794,
            0.4860115506006841,
            0.4865656614578288,
            0.4862307013803581,
            0.4855619380136731,
            0.4858217273569875,
            0.4859233253021459,
            0.4864344013251447,
            0.48575057706515495,
            0.48604092054994186,
            0.4856913967510215,
            0.48614869311813114,
            0.4881881836754223
        ],
        "runtimes": [
            0.007313966751098633,
            0.01349329948425293,
            0.02851557731628418,
            0.0380861759185791,
            0.048246145248413086,
            0.05860185623168945,
            0.06949162483215332,
            0.08102560043334961,
            0.09297037124633789,
            0.10497212409973145,
            0.11734890937805176,
            0.13006234169006348,
            0.14348268508911133,
            0.1574394702911377,
            0.1721198558807373,
            0.18684673309326172,
            0.2022240161895752,
            0.21796941757202148,
            0.23433732986450195,
            0.25091052055358887,
            0.26812148094177246,
            0.28610968589782715,
            0.3043670654296875,
            0.3225231170654297,
            0.34181952476501465,
            0.36087727546691895,
            0.3806424140930176,
            0.4006047248840332,
            0.42142653465270996,
            0.44245004653930664,
            0.46428918838500977,
            0.486924409866333,
            0.5100393295288086,
            0.5338773727416992,
            0.5582895278930664,
            0.5830264091491699,
            0.6082859039306641,
            0.634392261505127,
            0.6604838371276855,
            0.6870794296264648,
            0.7144074440002441
        ],
        "memory_usages": [
            1.0,
            1.0,
            2.0,
            3.0,
            3.0,
            3.0,
            3.0,
            3.0,
            3.0,
            4.0,
            4.0,
            4.0,
            4.0,
            4.0,
            4.0,
            4.0,
            5.0,
            5.0,
            5.0,
            5.0,
            5.0,
            5.0,
            5.0,
            6.0,
            6.0,
            6.0,
            6.0,
            6.0,
            6.0,
            6.0,
            5.57421875,
            6.57421875,
            6.57421875,
            6.015625,
            7.015625,
            7.015625,
            6.2578125,
            7.2578125,
            7.0,
            6.8046875,
            7.8046875
        ]
    },
    "run_count": 5,
    "seed": 56
}