{
    "dataset": "3_backdoor",
    "model": "IFASD",
    "auc": 0.6482700937686117,
    "total_runtime": 2.603088855743408,
    "total_memory_usage": 21.86328125,
    "Instances": 95329,
    "window_metric": {
        "window_size": 1000,
        "auc_scores": [
            0.5,
            0.5,
            0.338698746187733,
            0.25297393065046825,
            0.20187840840234295,
            0.16795496555200806,
            0.1437922601064595,
            0.1257074581813608,
            0.11166350128477265,
            0.10044216661642047,
            0.09127020363437127,
            0.08363316877248766,
            0.0771755076828044,
            0.0716436097770769,
            0.06685171560430742,
            0.06266064823522038,
            0.05896407291605216,
            0.05567934933986962,
            0.052741280143528024,
            0.05009773946168111,
            0.7034470942982456,
            0.700746133043347,
            0.7010499413464313,
            0.7004393679482974,
            0.6968899996635082,
            0.6984338961963504,
            0.6995362542351652,
            0.6917710969349499,
            0.6942637132086577,
            0.6942873430964966,
            0.6923567443975285,
            0.6916054396045099,
            0.6868250046258789,
            0.68299636522962,
            0.6832265468155146,
            0.6814331344886708,
            0.679674558717158,
            0.679584444215948,
            0.6790989471811788,
            0.6790823377659055,
            0.6786540198363451,
            0.6735710359320389,
            0.668548173850649,
            0.6631823003620678,
            0.6584315664837274,
            0.653711531762972,
            0.6496418975554994,
            0.6456672453673769,
            0.6420938012395248,
            0.6384974705581663,
            0.6341829212974427,
            0.63061627640757,
            0.6274409618787666,
            0.6239988515871645,
            0.6205361267293911,
            0.6173651718604036,
            0.6141415381195241,
            0.6145721241110781,
            0.6173640359571309,
            0.6199244569395287,
            0.6225333134259492,
            0.6247731008821372,
            0.6272433805816252,
            0.6296152389026419,
            0.6317333211982785,
            0.6337244390525791,
            0.635773079961471,
            0.6377677388505237,
            0.6398313605615606,
            0.6416808814781851,
            0.6434738892260807,
            0.645205012062726,
            0.6469007128075245,
            0.6485055608589025,
            0.6500061737769901,
            0.6515426828321098,
            0.6529016975581148,
            0.6544096880516823,
            0.6562376393381463,
            0.6582340914906231,
            0.6603106606982628,
            0.6616496872895273,
            0.6536216143520326,
            0.6457860219146152,
            0.6381360696311341,
            0.7576413932877889,
            0.7086986322691545,
            0.6856504952864698,
            0.6627130791687013,
            0.6505684944746704,
            0.6235802324698916,
            0.6146896052286411,
            0.606892136703109,
            0.6010167121959061,
            0.6140109139784947
        ],
        "runtimes": [
            0.009994983673095703,
            0.016797780990600586,
            0.026859760284423828,
            0.034943342208862305,
            0.0455322265625,
            0.05382728576660156,
            0.06590032577514648,
            0.07528066635131836,
            0.08791661262512207,
            0.09766578674316406,
            0.10779905319213867,
            0.11815428733825684,
            0.12948846817016602,
            0.14145922660827637,
            0.15409326553344727,
            0.16714835166931152,
            0.1805732250213623,
            0.19437146186828613,
            0.20892715454101562,
            0.22372007369995117,
            0.23829221725463867,
            0.25304245948791504,
            0.2687814235687256,
            0.2849924564361572,
            0.30053091049194336,
            0.3164863586425781,
            0.3329148292541504,
            0.35028982162475586,
            0.3678762912750244,
            0.38599491119384766,
            0.4041478633880615,
            0.42238855361938477,
            0.4409751892089844,
            0.4597890377044678,
            0.47901129722595215,
            0.4987003803253174,
            0.5191066265106201,
            0.5398192405700684,
            0.5609798431396484,
            0.5827453136444092,
            0.6073756217956543,
            0.6302132606506348,
            0.6542458534240723,
            0.6791284084320068,
            0.7039244174957275,
            0.728980302810669,
            0.7547705173492432,
            0.7809760570526123,
            0.80863356590271,
            0.836383581161499,
            0.8652019500732422,
            0.8928108215332031,
            0.9220454692840576,
            0.9503839015960693,
            0.979313850402832,
            1.009040355682373,
            1.0387043952941895,
            1.0719234943389893,
            1.1026034355163574,
            1.133448839187622,
            1.1657886505126953,
            1.1980078220367432,
            1.2316350936889648,
            1.2652652263641357,
            1.2994627952575684,
            1.334345817565918,
            1.369204044342041,
            1.4045395851135254,
            1.4415256977081299,
            1.4798178672790527,
            1.5183582305908203,
            1.5562407970428467,
            1.595383882522583,
            1.6340057849884033,
            1.6719551086425781,
            1.7113990783691406,
            1.751756191253662,
            1.7921874523162842,
            1.832331657409668,
            1.8728926181793213,
            1.9138588905334473,
            1.958235740661621,
            1.9996206760406494,
            2.0443785190582275,
            2.088420867919922,
            2.1339080333709717,
            2.182832956314087,
            2.229210376739502,
            2.2779452800750732,
            2.321267604827881,
            2.3695108890533447,
            2.415961742401123,
            2.4619410037994385,
            2.5083141326904297,
            2.5590593814849854
        ],