{
    "dataset": "5_campaign",
    "model": "IFASD",
    "auc": 0.5134860969325176,
    "total_runtime": 0.9848742485046387,
    "total_memory_usage": 6.6171875,
    "Instances": 41188,
    "window_metric": {
        "window_size": 1000,
        "auc_scores": [
            0.5,
            0.5,
            0.487245221507435,
            0.48702128668278577,
            0.4901377192715775,
            0.4989341555026059,
            0.5008061915511126,
            0.504975861473067,
            0.5048076604462313,
            0.5018347246060229,
            0.5037697542980388,
            0.5066558664878766,
            0.5043619537287962,
            0.5043608515928516,
            0.5048006618865103,
            0.5072782541467395,
            0.5057993026640908,
            0.5071915172357324,
            0.5082311036573157,
            0.5096229612498018,
            0.5100278512469628,
            0.5100601092205749,
            0.511108844786771,
            0.5120923649424198,
            0.5130641400431905,
            0.511252950637201,
            0.5109966419606492,
            0.5131851329108041,
            0.5123649559561325,
            0.5128762996380338,
            0.5124498202789504,
            0.5137090036970218,
            0.5134870046629163,
            0.5135003041944214,
            0.5133331394621459,
            0.5135490266540403,
            0.5136424925944996,
            0.5130552237227947,
            0.513020498753289,
            0.5136178794738288,
            0.5134572781694535
        ],
        "runtimes": [
            0.006949424743652344,
            0.011678218841552734,
            0.022708892822265625,
            0.02984905242919922,
            0.03713583946228027,
            0.04469585418701172,
            0.052660226821899414,
            0.061148881912231445,
            0.06993436813354492,
            0.07915854454040527,
            0.0887136459350586,
            0.09863519668579102,
            0.10886549949645996,
            0.11952781677246094,
            0.13074684143066406,
            0.14236068725585938,
            0.15426111221313477,
            0.1665494441986084,
            0.1792755126953125,
            0.1923527717590332,
            0.20599579811096191,
            0.21981191635131836,
            0.23407769203186035,
            0.24852585792541504,
            0.26377129554748535,
            0.2793104648590088,
            0.29549264907836914,
            0.3132510185241699,
            0.33020997047424316,
            0.34772348403930664,
            0.36573052406311035,
            0.38500523567199707,
            0.4047584533691406,
            0.42499566078186035,
            0.4651639461517334,
            0.5083494186401367,
            0.5996577739715576,
            0.698988676071167,
            0.7648718357086182,
            0.8442227840423584,
            0.9214973449707031
        ],
        "memory_usages": [
            1.0,
            1.0,
            2.0,
            3.0,
            3.0,
            3.0,
            3.0,
            3.0,
            3.0,
            4.0,
            4.0,
            4.0,
            4.0,
            4.0,
            4.0,
            5.0,
            5.0,
            5.0,
            5.0,
            5.0,
            5.0,
            5.0,
            6.0,
            6.0,
            6.0,
            6.0,
            6.0,
            6.0,
            6.0,
            7.0,
            5.66796875,
            5.66796875,
            6.66796875,
            6.41015625,
            6.15234375,
            7.15234375,
            7.15234375,
            6.99609375,
            6.46484375,
            6.83984375,
            7.83984375
        ]
    },
    "run_count": 1,
    "seed": 83
}