{
    "dataset": "48_chess",
    "model": "IFASD",
    "auc": 0.6499346576231231,
    "total_runtime": 0.40331149101257324,
    "total_memory_usage": 5.0,
    "Instances": 28056,
    "window_metric": {
        "window_size": 1000,
        "auc_scores": [
            0.5,
            0.5,
            0.34117450784117453,
            0.2558168626469852,
            0.356935548438751,
            0.3243620747164777,
            0.41127948534667613,
            0.4806521557835043,
            0.469655696390186,
            0.46142299609726806,
            0.45305454120154376,
            0.45467811874583053,
            0.4491081049876847,
            0.5433132526205655,
            0.5691214437127563,
            0.566041639601407,
            0.5857239575448688,
            0.6003521453062737,
            0.603301405901875,
            0.6389514514514516,
            0.6378288846520498,
            0.6489408721311901,
            0.6585073469484646,
            0.657129831133084,
            0.6379782443326122,
            0.64225062560154,
            0.6409455544085187,
            0.6499428681890341
        ],
        "runtimes": [
            0.00651097297668457,
            0.012172937393188477,
            0.02780628204345703,
            0.03741574287414551,
            0.04741382598876953,
            0.057514190673828125,
            0.06810641288757324,
            0.07907247543334961,
            0.0905606746673584,
            0.10236263275146484,
            0.11502242088317871,
            0.12816143035888672,
            0.14177656173706055,
            0.15550589561462402,
            0.16991209983825684,
            0.18439674377441406,
            0.19947266578674316,
            0.21480536460876465,
            0.23065996170043945,
            0.24664545059204102,
            0.26323413848876953,
            0.27995872497558594,
            0.2972300052642822,
            0.3148789405822754,
            0.33331918716430664,
            0.35173678398132324,
            0.3708620071411133,
            0.39012670516967773
        ],
        "memory_usages": [
            1.0,
            1.0,
            2.0,
            2.0,
            2.0,
            2.0,
            2.0,
            2.0,
            3.0,
            3.0,
            3.0,
            3.0,
            3.0,
            3.0,
            3.0,
            3.0,
            4.0,
            4.0,
            4.0,
            4.0,
            4.0,
            4.0,
            4.0,
            5.0,
            5.0,
            5.0,
            5.0,
            5.0
        ]
    },
    "run_count": 2,
    "seed": 39
}