{
    "dataset": "1_ALOI",
    "model": "IFASD",
    "auc": 0.005621954774497173,
    "total_runtime": 1.180042028427124,
    "total_memory_usage": 7.53125,
    "Instances": 49534,
    "window_metric": {
        "window_size": 1000,
        "auc_scores": [
            NaN,
            0.5,
            0.18096514745308312,
            0.108346709470305,
            0.07731958762886598,
            0.06010685663401605,
            0.04916241806263655,
            0.041589648798521284,
            0.03603844100373732,
            0.03179463024022611,
            0.02844500632111252,
            0.025733892489515797,
            0.02349460494256872,
            0.021613832853025927,
            0.020011858879335875,
            0.018630968810378123,
            0.017428350116188984,
            0.01637157409653167,
            0.01543562771552709,
            0.014600908500973397,
            0.013851836650933702,
            0.013175873511614311,
            0.012562814070351758,
            0.012004268184243272,
            0.011493274306146772,
            0.01102400783929447,
            0.010591558135885748,
            0.01019175600181188,
            0.009821038847664776,
            0.009476344236978795,
            0.00915502509155025,
            0.008854781582054327,
            0.008573605995173372,
            0.008309737781607762,
            0.008061626657112131,
            0.007827902122231223,
            0.007607348134790914,
            0.007398881946728053,
            0.007201536327749947,
            0.0070144445599085725,
            0.006836827711941662,
            0.006667983799268973,
            0.006507278511520276,
            0.0063541372493645665,
            0.006208038259909843,
            0.00606850669783332,
            0.005935109469796862,
            0.005807450744214071,
            0.005685168028299492
        ],
        "runtimes": [
            0.0063495635986328125,
            0.012384653091430664,
            0.028721094131469727,
            0.03825688362121582,
            0.04829835891723633,
            0.05880022048950195,
            0.0696718692779541,
            0.08079004287719727,
            0.09224772453308105,
            0.10398030281066895,
            0.1157541275024414,
            0.13708949089050293,
            0.15933442115783691,
            0.19874095916748047,
            0.2357041835784912,
            0.26685285568237305,
            0.29430413246154785,
            0.30950307846069336,
            0.3250288963317871,
            0.34085702896118164,
            0.357433557510376,
            0.3740828037261963,
            0.391232967376709,
            0.40845584869384766,
            0.4260120391845703,
            0.4439969062805176,
            0.4626808166503906,
            0.4970676898956299,
            0.5474221706390381,
            0.601111888885498,
            0.6369626522064209,
            0.6583926677703857,
            0.6810004711151123,
            0.7041337490081787,
            0.7274775505065918,
            0.7502732276916504,
            0.7736623287200928,
            0.8148269653320312,
            0.858889102935791,
            0.9025225639343262,
            0.9313266277313232,
            0.9573240280151367,
            0.983748197555542,
            1.0119576454162598,
            1.039043664932251,
            1.0669679641723633,
            1.0953679084777832,
            1.124403476715088,
            1.1531727313995361
        ],
        "memory_usages": [
            2.0,
            2.0,
            2.0,
            3.0,
            3.0,
            3.0,
            3.0,
            3.0,
            3.0,
            4.0,
            4.0,
            4.0,
            4.0,
            4.0,
            4.0,
            4.0,
            5.0,
            5.0,
            5.0,
            5.0,
            5.0,
            5.0,
            5.0,
            6.0,
            6.0,
            6.0,
            6.0,
            6.0,
            6.0,
            6.0,
            5.359375,
            6.359375,
            5.48828125,
            5.546875,
            6.04296875,
            7.04296875,
            7.04296875,
            7.04296875,
            6.5234375,
            7.5234375,
            6.66015625,
            6.73046875,
            6.81640625,
            7.01171875,
            7.12109375,
            7.234375,
            7.34765625,
            8.00390625,
            7.5859375
        ]
    },
    "run_count": 6,
    "seed": 18
}