{
    "dataset": "32_shuttle",
    "model": "IFASD",
    "auc": 0.9521032499559552,
    "total_runtime": 1.0373303890228271,
    "total_memory_usage": 8.08203125,
    "Instances": 49097,
    "window_metric": {
        "window_size": 1000,
        "auc_scores": [
            0.5,
            0.5,
            0.5473989121636538,
            0.6187282175499846,
            0.6757300227312467,
            0.7055278948492109,
            0.7362380663089486,
            0.7640499025784476,
            0.7825373584658528,
            0.7935012950139846,
            0.8149925026690791,
            0.8281283081861958,
            0.8418169496532492,
            0.8517603356513538,
            0.8608335496009438,
            0.8678855138466016,
            0.8745996397576552,
            0.8812205813149262,
            0.8858701441944883,
            0.8897266019265772,
            0.8944695180923983,
            0.8996488147633865,
            0.9036775659819096,
            0.9077756357529444,
            0.911286103224275,
            0.9142009057737739,
            0.9170478968710203,
            0.9199094379355549,
            0.9228267246647964,
            0.9257495379419358,
            0.9277008750868886,
            0.9296021274473457,
            0.931309872395274,
            0.9331401839537494,
            0.934960250973485,
            0.9367142562906005,
            0.9381642899099285,
            0.9395477849892484,
            0.9408874034981183,
            0.9424116583163982,
            0.943646142219761,
            0.9448589716447562,
            0.9460128522673215,
            0.9471490853228607,
            0.9480390775689134,
            0.9488538899266822,
            0.9501346755202518,
            0.9509987045817484,
            0.9520065753685606
        ],
        "runtimes": [
            0.007063388824462891,
            0.012252569198608398,
            0.028319597244262695,
            0.03803229331970215,
            0.04830598831176758,
            0.059326171875,
            0.07117533683776855,
            0.08306169509887695,
            0.09508037567138672,
            0.10719752311706543,
            0.1197042465209961,
            0.13243722915649414,
            0.14593243598937988,
            0.15974807739257812,
            0.17392420768737793,
            0.18904542922973633,
            0.20475029945373535,
            0.22051477432250977,
            0.2447831630706787,
            0.27458739280700684,
            0.3080463409423828,
            0.34275031089782715,
            0.3713493347167969,
            0.39022183418273926,
            0.4100453853607178,
            0.43002843856811523,
            0.450472354888916,
            0.4711129665374756,
            0.4919753074645996,
            0.5134429931640625,
            0.5360593795776367,
            0.5591244697570801,
            0.582726240158081,
            0.6065142154693604,
            0.6310863494873047,
            0.656322717666626,
            0.6819784641265869,
            0.7081003189086914,
            0.7348001003265381,
            0.7625434398651123,
            0.7898852825164795,
            0.817368745803833,
            0.8441417217254639,
            0.8703939914703369,
            0.8975346088409424,
            0.9254121780395508,
            0.9538252353668213,
            0.9834234714508057,
            1.0131146907806396
        ],
        "memory_usages": [
            3.0,
            3.0,
            3.0,
            3.0,
            4.0,
            4.0,
            4.0,
            4.0,
            4.0,
            4.0,
            4.0,
            5.0,
            5.0,
            5.0,
            5.0,
            5.0,
            5.0,
            6.0,
            6.0,
            6.0,
            6.0,
            6.0,
            6.0,
            6.0,
            7.0,
            7.0,
            7.0,
            7.0,
            7.0,
            7.0,
            6.484375,
            7.484375,
            7.484375,
            6.66796875,
            7.66796875,
            7.15625,
            8.15625,
            8.15625,
            8.05078125,
            7.71484375,
            8.71484375,
            8.71484375,
            8.60546875,
            8.0625,
            8.96484375,
            8.21484375,
            8.29296875,
            8.37109375,
            8.44921875
        ]
    },
    "run_count": 4,
    "seed": 82
}