{
    "dataset": "3_backdoor",
    "model": "IFASD",
    "auc": 0.35325181558378,
    "total_runtime": 2.5740551948547363,
    "total_memory_usage": 20.0859375,
    "Instances": 95329,
    "window_metric": {
        "window_size": 1000,
        "auc_scores": [
            0.5,
            0.5,
            0.338698746187733,
            0.25297393065046825,
            0.20187840840234295,
            0.16795496555200806,
            0.1437922601064595,
            0.1257074581813608,
            0.11166350128477265,
            0.10044216661642047,
            0.09127020363437127,
            0.08363316877248766,
            0.0771755076828044,
            0.0716436097770769,
            0.06685171560430742,
            0.06266064823522038,
            0.05896407291605216,
            0.05567934933986962,
            0.052741280143528024,
            0.05009773946168111,
            0.11148462881741394,
            0.11936831251940656,
            0.13928931355774696,
            0.17245593007557586,
            0.20290586423948503,
            0.2309597694334993,
            0.2568897464604989,
            0.28092819800863494,
            0.3032748135749196,
            0.32410212971799424,
            0.33512830884552625,
            0.324461207949657,
            0.3144522247633764,
            0.3050422769893879,
            0.2961791489715656,
            0.28781652229591365,
            0.2799131661079818,
            0.2724322572668673,
            0.26743893442328337,
            0.2838873798303237,
            0.29861946073249834,
            0.29140939093670204,
            0.2845392824675339,
            0.2779856448954416,
            0.2717271032358193,
            0.26574416505769616,
            0.26001901769664965,
            0.25453535112776826,
            0.2492782027888011,
            0.24423382124421528,
            0.23938954607424848,
            0.2347337017800608,
            0.2302555038332103,
            0.2259449752780086,
            0.22179287252927188,
            0.2177906192039516,
            0.2139302469898326,
            0.2102043426933728,
            0.2066060007262507,
            0.20312878038987808,
            0.19976666740197938,
            0.19651403918174748,
            0.19336563347205707,
            0.1903165199303875,
            0.1873620743658566,
            0.18449795533921434,
            0.18172008287675423,
            0.17902461907865053,
            0.1764079504278963,
            0.17386667162835304,
            0.17139757081990695,
            0.1689976160357532,
            0.16666394278174165,
            0.16439384263079923,
            0.16218475273694702,
            0.1600342461835579,
            0.15794002308943544,
            0.15589990240419271,
            0.15391181433139992,
            0.15197379332416722,
            0.15008397160333492,
            0.14824057315333877,
            0.146441908155179,
            0.1446863678198135,
            0.14297241958877224,
            0.4075161344077983,
            0.479300707680876,
            0.5127695422695266,
            0.4837656476461018,
            0.4698151485050979,
            0.43174545319603375,
            0.42162430739918433,
            0.41189199210506316,
            0.40445243005568665,
            0.38987528225806456
        ],
        "runtimes": [
            0.01088857650756836,
            0.018813371658325195,
            0.030232906341552734,
            0.03963112831115723,
            0.05130147933959961,
            0.06038808822631836,
            0.0700068473815918,
            0.07973694801330566,
            0.08979630470275879,
            0.10022664070129395,
            0.1109304428100586,
            0.12223005294799805,
            0.13374805450439453,
            0.1456451416015625,
            0.15781855583190918,
            0.17035269737243652,
            0.18312716484069824,
            0.19602465629577637,
            0.20923256874084473,
            0.22280001640319824,
            0.23973464965820312,
            0.2544238567352295,
            0.2730433940887451,
            0.2886981964111328,
            0.30489516258239746,
            0.321277379989624,
            0.338198184967041,
            0.35561323165893555,
            0.37358951568603516,
            0.3916053771972656,
            0.41273069381713867,
            0.43137240409851074,
            0.45027971267700195,
            0.4696009159088135,
            0.48912882804870605,
            0.509016752243042,
            0.5290951728820801,
            0.549445390701294,
            0.5735146999359131,
            0.5953521728515625,
            0.6209044456481934,
            0.6438908576965332,
            0.6676995754241943,
            0.6921875476837158,
            0.7172689437866211,
            0.7422716617584229,
            0.768460750579834,
            0.7946691513061523,
            0.8213880062103271,
            0.8480274677276611,
            0.8751916885375977,
            0.9022531509399414,
            0.930680513381958,
            0.9593064785003662,
            0.9893717765808105,
            1.0185675621032715,
            1.0484459400177002,
            1.0783441066741943,
            1.1090161800384521,
            1.1393747329711914,
            1.1708824634552002,
            1.2031002044677734,
            1.2367959022521973,
            1.2701947689056396,
            1.3045141696929932,
            1.3394508361816406,
            1.374715805053711,
            1.410163402557373,
            1.4456055164337158,
            1.4808712005615234,
            1.5175063610076904,
            1.5545501708984375,
            1.5927252769470215,
            1.6311001777648926,
            1.6701338291168213,
            1.709993600845337,
            1.7485013008117676,
            1.7869033813476562,
            1.825965404510498,
            1.8650505542755127,
            1.9047703742980957,
            1.9446167945861816,
            1.9841463565826416,
            2.026031255722046,
            2.0679140090942383,
            2.1100945472717285,
            2.153364658355713,
            2.1975510120391846,
            2.245797872543335,
            2.2912352085113525,
            2.3371880054473877,
            2.383023977279663,
            2.4312961101531982,
            2.477693796157837,
            2.5285308361053467
        ],