{
    "dataset": "34_smtp",
    "model": "IFASD",
    "auc": 0.7907575216029267,
    "total_runtime": 4.061654567718506,
    "total_memory_usage": 11.22265625,
    "Instances": 95156,
    "window_metric": {
        "window_size": 1000,
        "auc_scores": [
            NaN,
            NaN,
            NaN,
            NaN,
            NaN,
            NaN,
            NaN,
            NaN,
            NaN,
            NaN,
            NaN,
            NaN,
            NaN,
            NaN,
            0.9734227024142991,
            0.9707382440540632,
            0.9706087460546753,
            0.9691187224961618,
            0.9704858790022323,
            0.9695224973155628,
            0.9684548310126048,
            0.9690428959769933,
            0.967407999839374,
            0.9683370158836037,
            0.9701132634275194,
            0.97045249639916,
            0.9712761114228541,
            0.9718545497238416,
            0.9716538033139152,
            0.9720071747768005,
            0.9726731427096107,
            0.9722445534206929,
            0.9709595412772518,
            0.970961782582744,
            0.9710037076054912,
            0.9708041222380132,
            0.9702483951456535,
            0.9708294785296839,
            0.971128830129497,
            0.9713667640817143,
            0.9719381530975735,
            0.9719073024341447,
            0.9715139812962359,
            0.9716671213567954,
            0.9722119897618942,
            0.9720279774589782,
            0.9720722282017136,
            0.9725559835904519,
            0.9726933642848394,
            0.9727312740076823,
            0.9732256688372822,
            0.9730301631271161,
            0.9725872433187377,
            0.9729862088767042,
            0.9732285755856249,
            0.7973263063867797,
            0.7971310223782361,
            0.7976324277705907,
            0.7978726579058923,
            0.7976363484785327,
            0.7983183271832718,
            0.7665814443685451,
            0.7664122366375712,
            0.7668634510739774,
            0.7670756114648192,
            0.7670637988267928,
            0.7672688441057783,
            0.782109155070697,
            0.7825730354436823,
            0.7830192212635876,
            0.7833005127397835,
            0.7832311769251887,
            0.7835732097635386,
            0.7834125582299494,
            0.7831777712669589,
            0.7835728152166956,
            0.7833563827666398,
            0.7837328113591304,
            0.7834602313638486,
            0.783196408698153,
            0.783496560496968,
            0.783570430080613,
            0.7834577847931081,
            0.783760731845436,
            0.7838593207662331,
            0.7837247845003067,
            0.7835469532253914,
            0.7840116982124595,
            0.7901976321606534,
            0.7901133711237078,
            0.7904019640174416,
            0.7906212170635352,
            0.7907441468574091,
            0.7905631229825121,
            0.7906682812116107
        ],
        "runtimes": [
            0.007154226303100586,
            0.011013269424438477,
            0.02157139778137207,
            0.028045654296875,
            0.03460979461669922,
            0.04195976257324219,
            0.049187421798706055,
            0.056272268295288086,
            0.06362724304199219,
            0.0709831714630127,
            0.0789031982421875,
            0.08686542510986328,
            0.09530425071716309,
            0.10368847846984863,
            0.11590361595153809,
            0.12790346145629883,
            0.14061999320983887,
            0.15360760688781738,
            0.16698265075683594,
            0.18068552017211914,
            0.1953449249267578,
            0.21041297912597656,
            0.22567391395568848,
            0.24091434478759766,
            0.25690579414367676,
            0.27353930473327637,
            0.29036521911621094,
            0.30846214294433594,
            0.32793140411376953,
            0.3473656177520752,
            0.3670341968536377,
            0.3876185417175293,
            0.40830302238464355,
            0.46953558921813965,
            0.5349035263061523,
            0.5655879974365234,
            0.5900697708129883,
            0.6295788288116455,
            0.6826527118682861,
            0.8011877536773682,
            0.8842689990997314,
            0.9789083003997803,
            1.0248005390167236,
            1.0484561920166016,
            1.0739696025848389,
            1.1004233360290527,
            1.12735915184021,
            1.2036504745483398,
            1.3096473217010498,
            1.412304162979126,
            1.4939312934875488,
            1.5479748249053955,
            1.5957577228546143,
            1.6769499778747559,
            1.7282378673553467,
            1.8048808574676514,
            1.8754537105560303,
            1.9699532985687256,
            2.026257038116455,
            2.0594587326049805,
            2.1449906826019287,
            2.24574875831604,
            2.3378825187683105,
            2.417726516723633,
            2.454785108566284,
            2.4918713569641113,
            2.5386288166046143,
            2.639206886291504,
            2.7312982082366943,
            2.7697575092315674,
            2.8096563816070557,
            2.8497540950775146,
            2.890737533569336,
            2.932896375656128,
            2.974282741546631,
            3.017301321029663,
            3.0594916343688965,
            3.1029961109161377,
            3.1469805240631104,
            3.19153094291687,
            3.2363874912261963,
            3.2819671630859375,
            3.327465534210205,
            3.3733298778533936,
            3.41987943649292,
            3.467315196990967,
            3.5154056549072266,
            3.564131498336792,
            3.6154439449310303,
            3.671443223953247,
            3.771261692047119,
            3.8276586532592773,
            3.8741142749786377,
            3.9210565090179443,
            3.9907944202423096
        ],