{
    "dataset": "32_shuttle",
    "model": "IFASD",
    "auc": 0.9514834468696591,
    "total_runtime": 1.149242639541626,
    "total_memory_usage": 7.01171875,
    "Instances": 49097,
    "window_metric": {
        "window_size": 1000,
        "auc_scores": [
            0.5,
            0.5,
            0.5474165419804263,
            0.6188254329081269,
            0.6756295215325862,
            0.7053075135285822,
            0.7358605660280182,
            0.7635945821797355,
            0.7820428559271306,
            0.7930184622661596,
            0.8145616440160905,
            0.8276964879614768,
            0.8413425314808052,
            0.851382615595362,
            0.8605255146756987,
            0.8674699984164265,
            0.8741293034632389,
            0.8807334517581992,
            0.8854006404459733,
            0.8892862308610715,
            0.8939810263676269,
            0.8991174884389839,
            0.9031172377697303,
            0.9072419195375364,
            0.9107191199923683,
            0.913657044960363,
            0.9165308471986597,
            0.9193913573646053,
            0.9222687079505758,
            0.9251679935306519,
            0.9271133792085265,
            0.9289820533569715,
            0.9306536421052631,
            0.9324794330770703,
            0.9342772002177879,
            0.9360581672893724,
            0.9375075294485951,
            0.9389364384134292,
            0.9402941459127969,
            0.9418255966284628,
            0.943034254332574,
            0.9442699550653999,
            0.9453957473881364,
            0.9464974761838343,
            0.9473634768584107,
            0.9481548146376052,
            0.9494798888876761,
            0.9503711610602554,
            0.9513857420251907
        ],
        "runtimes": [
            0.0075817108154296875,
            0.01341390609741211,
            0.03098917007446289,
            0.04204082489013672,
            0.0537114143371582,
            0.06546783447265625,
            0.0773918628692627,
            0.08977103233337402,
            0.10266470909118652,
            0.11583662033081055,
            0.1368391513824463,
            0.1640763282775879,
            0.19150233268737793,
            0.21623730659484863,
            0.24931025505065918,
            0.2687976360321045,
            0.2850379943847656,
            0.30118441581726074,
            0.31796908378601074,
            0.3355846405029297,
            0.35385990142822266,
            0.3722038269042969,
            0.3913753032684326,
            0.41054344177246094,
            0.43044614791870117,
            0.45080089569091797,
            0.4721059799194336,
            0.5133833885192871,
            0.5510680675506592,
            0.5930683612823486,
            0.6239800453186035,
            0.647984504699707,
            0.6722300052642822,
            0.6966586112976074,
            0.7224545478820801,
            0.7482564449310303,
            0.7747464179992676,
            0.8009800910949707,
            0.8280563354492188,
            0.8560206890106201,
            0.8837029933929443,
            0.9120199680328369,
            0.9405803680419922,
            0.9696476459503174,
            0.9990973472595215,
            1.0298130512237549,
            1.060624361038208,
            1.0917749404907227,
            1.1229376792907715
        ],
        "memory_usages": [
            2.0,
            2.0,
            2.0,
            2.0,
            3.0,
            3.0,
            3.0,
            3.0,
            3.0,
            3.0,
            4.0,
            4.0,
            4.0,
            4.0,
            4.0,
            4.0,
            4.0,
            5.0,
            5.0,
            5.0,
            5.0,
            5.0,
            5.0,
            6.0,
            6.0,
            4.74609375,
            4.71875,
            5.71875,
            5.1875,
            4.9296875,
            5.47265625,
            6.47265625,
            5.625,
            5.703125,
            6.03515625,
            7.03515625,
            7.03515625,
            6.53125,
            7.53125,
            6.7109375,
            7.7109375,
            6.8515625,
            6.91796875,
            7.02734375,
            7.09765625,
            7.1640625,
            7.234375,
            7.3046875,
            7.4140625
        ]
    },
    "run_count": 3,
    "seed": 67
}