{
    "dataset": "5_campaign",
    "model": "IFASD",
    "auc": 0.6800664802404398,
    "total_runtime": 0.7581586837768555,
    "total_memory_usage": 7.6484375,
    "Instances": 41188,
    "window_metric": {
        "window_size": 1000,
        "auc_scores": [
            0.5,
            0.5,
            0.5072800944945457,
            0.5320042984244377,
            0.554994274364353,
            0.5810420858196401,
            0.5952786068686713,
            0.6047439868932623,
            0.6148938005827342,
            0.6269067912310813,
            0.6340701353546011,
            0.6414393249446306,
            0.6469707013888181,
            0.6499583154623155,
            0.6532652613289567,
            0.6553765067439485,
            0.6558628112457787,
            0.6602414549159821,
            0.6619645353256357,
            0.6620715998930896,
            0.661854859084442,
            0.6633815407439163,
            0.664665692533172,
            0.6653242968575066,
            0.6676096167099561,
            0.6695131864076691,
            0.6683161749461302,
            0.6696206973574851,
            0.6694849908964768,
            0.6701138692919679,
            0.6714647916516944,
            0.6721602159864725,
            0.6724308729785518,
            0.6730134286908563,
            0.6743074636345017,
            0.6762355062293526,
            0.6762480742721177,
            0.6770076569156033,
            0.6771395025197524,
            0.6780811842184865,
            0.6797405401951399
        ],
        "runtimes": [
            0.014157533645629883,
            0.023012876510620117,
            0.05002617835998535,
            0.06522369384765625,
            0.08492565155029297,
            0.10124850273132324,
            0.12214350700378418,
            0.1333630084991455,
            0.14356303215026855,
            0.15421557426452637,
            0.16521930694580078,
            0.17648720741271973,
            0.18823933601379395,
            0.20029401779174805,
            0.2129054069519043,
            0.22592711448669434,
            0.23950672149658203,
            0.2532954216003418,
            0.26775527000427246,
            0.2827913761138916,
            0.2982165813446045,
            0.31394386291503906,
            0.33013296127319336,
            0.3462669849395752,
            0.3634676933288574,
            0.3820044994354248,
            0.40011000633239746,
            0.4348599910736084,
            0.46489858627319336,
            0.48443174362182617,
            0.5048112869262695,
            0.5249509811401367,
            0.5460164546966553,
            0.5679440498352051,
            0.590571403503418,
            0.613483190536499,
            0.6367285251617432,
            0.6608126163482666,
            0.6853992938995361,
            0.710404634475708,
            0.7362031936645508
        ],
        "memory_usages": [
            2.0,
            2.0,
            3.0,
            4.0,
            4.0,
            4.0,
            4.0,
            4.0,
            4.0,
            5.0,
            5.0,
            5.0,
            5.0,
            5.0,
            5.0,
            6.0,
            6.0,
            6.0,
            6.0,
            6.0,
            6.0,
            6.0,
            7.0,
            7.0,
            7.0,
            7.0,
            7.0,
            7.0,
            7.0,
            8.0,
            8.0,
            8.0,
            6.7578125,
            7.7578125,
            7.18359375,
            8.18359375,
            8.18359375,
            8.18359375,
            7.4921875,
            7.87109375,
            8.87109375
        ]
    },
    "run_count": 3,
    "seed": 94
}