{
    "dataset": "1_ALOI",
    "model": "IFASD",
    "auc": 0.005621954774497173,
    "total_runtime": 0.9543914794921875,
    "total_memory_usage": 7.71875,
    "Instances": 49534,
    "window_metric": {
        "window_size": 1000,
        "auc_scores": [
            NaN,
            0.5,
            0.18096514745308312,
            0.108346709470305,
            0.07731958762886598,
            0.06010685663401605,
            0.04916241806263655,
            0.041589648798521284,
            0.03603844100373732,
            0.03179463024022611,
            0.02844500632111252,
            0.025733892489515797,
            0.02349460494256872,
            0.021613832853025927,
            0.020011858879335875,
            0.018630968810378123,
            0.017428350116188984,
            0.01637157409653167,
            0.01543562771552709,
            0.014600908500973397,
            0.013851836650933702,
            0.013175873511614311,
            0.012562814070351758,
            0.012004268184243272,
            0.011493274306146772,
            0.01102400783929447,
            0.010591558135885748,
            0.01019175600181188,
            0.009821038847664776,
            0.009476344236978795,
            0.00915502509155025,
            0.008854781582054327,
            0.008573605995173372,
            0.008309737781607762,
            0.008061626657112131,
            0.007827902122231223,
            0.007607348134790914,
            0.007398881946728053,
            0.007201536327749947,
            0.0070144445599085725,
            0.006836827711941662,
            0.006667983799268973,
            0.006507278511520276,
            0.0063541372493645665,
            0.006208038259909843,
            0.00606850669783332,
            0.005935109469796862,
            0.005807450744214071,
            0.005685168028299492
        ],
        "runtimes": [
            0.0058002471923828125,
            0.011576175689697266,
            0.027049541473388672,
            0.03641700744628906,
            0.046103477478027344,
            0.055974483489990234,
            0.06641554832458496,
            0.07698440551757812,
            0.08804726600646973,
            0.09936118125915527,
            0.11138391494750977,
            0.12360763549804688,
            0.1367790699005127,
            0.1496434211730957,
            0.17278170585632324,
            0.19558930397033691,
            0.22330403327941895,
            0.24375343322753906,
            0.2718546390533447,
            0.29227590560913086,
            0.30791234970092773,
            0.32422423362731934,
            0.3409426212310791,
            0.35785937309265137,
            0.3753945827484131,
            0.39319682121276855,
            0.4116675853729248,
            0.43028712272644043,
            0.4492335319519043,
            0.46868133544921875,
            0.48864126205444336,
            0.5086510181427002,
            0.5293629169464111,
            0.5501174926757812,
            0.5724904537200928,
            0.5950806140899658,
            0.618257999420166,
            0.6416401863098145,
            0.6656618118286133,
            0.6898307800292969,
            0.7146432399749756,
            0.739732027053833,
            0.765545129776001,
            0.7925949096679688,
            0.8189709186553955,
            0.8459458351135254,
            0.8732922077178955,
            0.9009020328521729,
            0.9284565448760986
        ],
        "memory_usages": [
            2.0,
            2.0,
            2.0,
            2.0,
            2.0,
            3.0,
            3.0,
            3.0,
            3.0,
            3.0,
            3.0,
            4.0,
            4.0,
            4.0,
            4.0,
            4.0,
            4.0,
            4.0,
            5.0,
            5.0,
            5.0,
            5.0,
            5.0,
            5.0,
            5.0,
            6.0,
            6.0,
            6.0,
            6.0,
            6.0,
            6.0,
            6.0,
            7.0,
            5.4921875,
            6.4921875,
            6.4921875,
            5.70703125,
            6.70703125,
            6.40234375,
            6.23828125,
            6.96875,
            6.53515625,
            7.23828125,
            6.71875,
            7.5859375,
            6.8671875,
            7.85546875,
            7.01171875,
            7.0859375
        ]
    },
    "run_count": 3,
    "seed": 16
}