{
    "dataset": "1_ALOI",
    "model": "IFASD",
    "auc": 0.005621954774497173,
    "total_runtime": 0.9517016410827637,
    "total_memory_usage": 7.4296875,
    "Instances": 49534,
    "window_metric": {
        "window_size": 1000,
        "auc_scores": [
            NaN,
            0.5,
            0.18096514745308312,
            0.108346709470305,
            0.07731958762886598,
            0.06010685663401605,
            0.04916241806263655,
            0.041589648798521284,
            0.03603844100373732,
            0.03179463024022611,
            0.02844500632111252,
            0.025733892489515797,
            0.02349460494256872,
            0.021613832853025927,
            0.020011858879335875,
            0.018630968810378123,
            0.017428350116188984,
            0.01637157409653167,
            0.01543562771552709,
            0.014600908500973397,
            0.013851836650933702,
            0.013175873511614311,
            0.012562814070351758,
            0.012004268184243272,
            0.011493274306146772,
            0.01102400783929447,
            0.010591558135885748,
            0.01019175600181188,
            0.009821038847664776,
            0.009476344236978795,
            0.00915502509155025,
            0.008854781582054327,
            0.008573605995173372,
            0.008309737781607762,
            0.008061626657112131,
            0.007827902122231223,
            0.007607348134790914,
            0.007398881946728053,
            0.007201536327749947,
            0.0070144445599085725,
            0.006836827711941662,
            0.006667983799268973,
            0.006507278511520276,
            0.0063541372493645665,
            0.006208038259909843,
            0.00606850669783332,
            0.005935109469796862,
            0.005807450744214071,
            0.005685168028299492
        ],
        "runtimes": [
            0.006011247634887695,
            0.011693239212036133,
            0.02711653709411621,
            0.03621554374694824,
            0.0460817813873291,
            0.05609846115112305,
            0.06679415702819824,
            0.07727718353271484,
            0.08869051933288574,
            0.10007190704345703,
            0.11207032203674316,
            0.1243140697479248,
            0.14793944358825684,
            0.16724467277526855,
            0.1949918270111084,
            0.21686625480651855,
            0.23908495903015137,
            0.2628614902496338,
            0.2772645950317383,
            0.29239439964294434,
            0.3079702854156494,
            0.3241264820098877,
            0.34091711044311523,
            0.35779500007629395,
            0.37537193298339844,
            0.3926527500152588,
            0.41045045852661133,
            0.429107666015625,
            0.4478721618652344,
            0.4670839309692383,
            0.4876527786254883,
            0.5075242519378662,
            0.5282266139984131,
            0.5486078262329102,
            0.5701727867126465,
            0.5928189754486084,
            0.6162424087524414,
            0.6398389339447021,
            0.6641764640808105,
            0.6885852813720703,
            0.7134857177734375,
            0.7385964393615723,
            0.7645063400268555,
            0.7899527549743652,
            0.8156492710113525,
            0.8420884609222412,
            0.8693404197692871,
            0.8972697257995605,
            0.9254608154296875
        ],
        "memory_usages": [
            2.0,
            3.0,
            3.0,
            3.0,
            3.0,
            4.0,
            4.0,
            4.0,
            4.0,
            4.0,
            4.0,
            5.0,
            5.0,
            5.0,
            5.0,
            5.0,
            5.0,
            5.0,
            5.0,
            5.0,
            5.0,
            6.0,
            6.0,
            6.0,
            6.0,
            6.0,
            6.0,
            6.0,
            7.0,
            5.72265625,
            6.72265625,
            6.72265625,
            6.72265625,
            7.72265625,
            6.33203125,
            7.33203125,
            7.33203125,
            6.8046875,
            7.8046875,
            7.8046875,
            7.8046875,
            7.1171875,
            8.1171875,
            7.39453125,
            7.51953125,
            7.6484375,
            7.77734375,
            7.8984375,
            8.02734375
        ]
    },
    "run_count": 5,
    "seed": 70
}