{
    "dataset": "32_shuttle",
    "model": "IFASD",
    "auc": 0.9527000512069649,
    "total_runtime": 1.388227939605713,
    "total_memory_usage": 8.36328125,
    "Instances": 49097,
    "window_metric": {
        "window_size": 1000,
        "auc_scores": [
            0.5,
            0.5,
            0.5474816956511075,
            0.6189560526624589,
            0.6760372459076402,
            0.7058756687619603,
            0.7366228824867963,
            0.7644680631019451,
            0.7830328505494043,
            0.7939749791926758,
            0.8155172304425304,
            0.8287535152487961,
            0.8423600210675302,
            0.852313217207746,
            0.8614983284704574,
            0.8685302216266432,
            0.8751790977566727,
            0.8817596005610557,
            0.8864134563023955,
            0.8902945143166032,
            0.8950582804330911,
            0.9002308948784389,
            0.9042405610726687,
            0.9084266743288739,
            0.9119987116231132,
            0.9149276836838062,
            0.9177654700004333,
            0.9205704349807453,
            0.9234908934764944,
            0.926377719204688,
            0.928387590428492,
            0.9302797106982789,
            0.931951047905478,
            0.9337758774103618,
            0.9355912719351035,
            0.9373657581445464,
            0.9388466007195275,
            0.9402111466880927,
            0.9415286486043127,
            0.9430792420814563,
            0.944288180897316,
            0.9454780006962076,
            0.946605959346157,
            0.9477264413816429,
            0.9486314762582049,
            0.9494434197591007,
            0.9507422475353782,
            0.9516007259591356,
            0.9526160643205726
        ],
        "runtimes": [
            0.012924909591674805,
            0.020277738571166992,
            0.0413813591003418,
            0.05152177810668945,
            0.062281131744384766,
            0.07309103012084961,
            0.08430671691894531,
            0.09559369087219238,
            0.1071927547454834,
            0.11911725997924805,
            0.1315138339996338,
            0.14437007904052734,
            0.1572103500366211,
            0.17003130912780762,
            0.18324589729309082,
            0.19688630104064941,
            0.21077680587768555,
            0.22497820854187012,
            0.23988914489746094,
            0.2550342082977295,
            0.27045106887817383,
            0.2862124443054199,
            0.3038036823272705,
            0.3205127716064453,
            0.3398594856262207,
            0.3580760955810547,
            0.37795305252075195,
            0.397205114364624,
            0.4179213047027588,
            0.43848419189453125,
            0.460094690322876,
            0.4955141544342041,
            0.5295243263244629,
            0.5523240566253662,
            0.577172040939331,
            0.6207113265991211,
            0.6681604385375977,
            0.7083804607391357,
            0.7844822406768799,
            0.8749217987060547,
            0.9278812408447266,
            1.0598523616790771,
            1.1081056594848633,
            1.1345298290252686,
            1.1615626811981201,
            1.2060503959655762,
            1.2709462642669678,
            1.3115453720092773,
            1.3366026878356934
        ],
        "memory_usages": [
            3.0,
            3.0,
            3.0,
            3.0,
            3.0,
            3.0,
            4.0,
            4.0,
            4.0,
            4.0,
            4.0,
            4.0,
            5.0,
            5.0,
            5.0,
            5.0,
            5.0,
            5.0,
            5.0,
            6.0,
            6.0,
            6.0,
            6.0,
            6.0,
            6.0,
            6.0,
            5.640625,
            5.4609375,
            6.4609375,
            6.08203125,
            7.08203125,
            7.08203125,
            7.08203125,
            6.3515625,
            7.3515625,
            8.3515625,
            8.3515625,
            8.3515625,
            7.640625,
            7.7109375,
            7.78125,
            7.8515625,
            7.91796875,
            8.03125,
            8.1015625,
            8.16796875,
            8.17578125,
            8.84375,
            8.984375
        ]
    },
    "run_count": 1,
    "seed": 3
}