{
    "dataset": "48_chess",
    "model": "IFASD",
    "auc": 0.6601007157930345,
    "total_runtime": 0.40602588653564453,
    "total_memory_usage": 6.0,
    "Instances": 28056,
    "window_metric": {
        "window_size": 1000,
        "auc_scores": [
            0.5,
            0.5,
            0.34117450784117453,
            0.2558168626469852,
            0.39901921537229784,
            0.37283188792528354,
            0.3761401000714796,
            0.3948377950129264,
            0.38063338521977613,
            0.43703449557547425,
            0.4289612870527998,
            0.48767928619079387,
            0.4831386622536946,
            0.5701687689678254,
            0.5922979402661794,
            0.5897387781418557,
            0.5920884425829676,
            0.5848633120192753,
            0.6148287477030532,
            0.606936936936937,
            0.6059234985700667,
            0.610392170881729,
            0.6097917771148689,
            0.6083057196369399,
            0.6197414664970032,
            0.6410717998075072,
            0.6509794331863732,
            0.6601531106053323
        ],
        "runtimes": [
            0.006502866744995117,
            0.011414289474487305,
            0.0269010066986084,
            0.036714792251586914,
            0.046987295150756836,
            0.057570457458496094,
            0.06853723526000977,
            0.07982707023620605,
            0.09158968925476074,
            0.10383892059326172,
            0.11680889129638672,
            0.13010644912719727,
            0.1436326503753662,
            0.15746760368347168,
            0.17181730270385742,
            0.18607115745544434,
            0.2009718418121338,
            0.2159571647644043,
            0.2323920726776123,
            0.24871826171875,
            0.26535534858703613,
            0.2819645404815674,
            0.29921793937683105,
            0.3167848587036133,
            0.335036039352417,
            0.3537466526031494,
            0.3729066848754883,
            0.39244723320007324
        ],
        "memory_usages": [
            2.0,
            2.0,
            3.0,
            3.0,
            3.0,
            3.0,
            3.0,
            3.0,
            3.0,
            4.0,
            4.0,
            4.0,
            4.0,
            4.0,
            4.0,
            5.0,
            5.0,
            5.0,
            5.0,
            5.0,
            5.0,
            5.0,
            6.0,
            6.0,
            6.0,
            6.0,
            6.0,
            6.0
        ]
    },
    "run_count": 3,
    "seed": 25
}