{
    "dataset": "50_bank",
    "model": "IFASD",
    "auc": 0.5529908914068604,
    "total_runtime": 0.6059582233428955,
    "total_memory_usage": 6.69140625,
    "Instances": 41188,
    "window_metric": {
        "window_size": 1000,
        "auc_scores": [
            0.5,
            0.5,
            0.5453863501940286,
            0.5703172959537064,
            0.56405696225008,
            0.5556096737011725,
            0.5431452223692522,
            0.552066064516129,
            0.5480522313443958,
            0.5518492809539208,
            0.5484065882352942,
            0.542869068179949,
            0.5350472678333189,
            0.533948031691412,
            0.5338387016550689,
            0.5332594643604461,
            0.5333194127734767,
            0.5345775964643888,
            0.5364897038336547,
            0.5384001838046882,
            0.5395309920797178,
            0.5377125736040169,
            0.5349721749180218,
            0.5303724883631884,
            0.5342771663276668,
            0.5347908285834374,
            0.5319052542263434,
            0.5376050216543459,
            0.5400247336788206,
            0.5395383104732914,
            0.5359791972571677,
            0.5340754400309227,
            0.5328338791356877,
            0.5316671250124767,
            0.5309840618258523,
            0.532181116399159,
            0.5372358648010225,
            0.5435737237311524,
            0.5489185068822092,
            0.5516823912611075,
            0.552323490554502
        ],
        "runtimes": [
            0.006655216217041016,
            0.011278152465820312,
            0.020763397216796875,
            0.029274940490722656,
            0.036786556243896484,
            0.04373669624328613,
            0.05098986625671387,
            0.05852460861206055,
            0.06637239456176758,
            0.07448863983154297,
            0.08350324630737305,
            0.09263873100280762,
            0.1026926040649414,
            0.11330652236938477,
            0.12435317039489746,
            0.1359407901763916,
            0.14796829223632812,
            0.1604442596435547,
            0.173630952835083,
            0.18709897994995117,
            0.20271062850952148,
            0.2170097827911377,
            0.23186826705932617,
            0.24706387519836426,
            0.26314353942871094,
            0.27922868728637695,
            0.2958040237426758,
            0.31253838539123535,
            0.32988500595092773,
            0.3474142551422119,
            0.3658895492553711,
            0.38564181327819824,
            0.40537166595458984,
            0.4261634349822998,
            0.4471893310546875,
            0.46886157989501953,
            0.4908735752105713,
            0.5132231712341309,
            0.5357997417449951,
            0.5585012435913086,
            0.5825045108795166
        ],
        "memory_usages": [
            3.0,
            3.0,
            3.0,
            3.0,
            3.0,
            4.0,
            4.0,
            4.0,
            4.0,
            4.0,
            4.0,
            4.0,
            4.0,
            5.0,
            5.0,
            5.0,
            5.0,
            5.0,
            5.0,
            6.0,
            6.0,
            6.0,
            6.0,
            6.0,
            6.0,
            6.0,
            7.0,
            7.0,
            7.0,
            7.0,
            5.99609375,
            6.99609375,
            6.99609375,
            6.99609375,
            6.2734375,
            7.2734375,
            7.2734375,
            6.74609375,
            7.74609375,
            7.74609375,
            7.74609375
        ]
    },
    "run_count": 4,
    "seed": 76
}