{
    "dataset": "8_celeba",
    "model": "IFASD",
    "auc": 0.6293455997283344,
    "total_runtime": 12.182045459747314,
    "total_memory_usage": 21.3359375,
    "Instances": 202599,
    "window_metric": {
        "window_size": 1000,
        "auc_scores": [
            0.5,
            0.5,
            0.5191288073837587,
            0.5154082482705136,
            0.5194786746688447,
            0.5264788361557364,
            0.5314489302542835,
            0.5345961658867153,
            0.528721732669101,
            0.5300702271174864,
            0.5348491454999229,
            0.5397286492797444,
            0.5494023987261425,
            0.5589987343552243,
            0.5607563125529664,
            0.5656120231893311,
            0.5678716228099315,
            0.5703459928151566,
            0.5691614117530516,
            0.5722322012050183,
            0.5760260836287934,
            0.5828631238607764,
            0.5868823746196791,
            0.590782413891819,
            0.5894429175992649,
            0.5930518632607197,
            0.5939352527552005,
            0.5954346822123208,
            0.5996159265283201,
            0.5992069240750498,
            0.5991615001770985,
            0.5980625628631058,
            0.5978790885697837,
            0.5966084119409155,
            0.5952679994760384,
            0.5978353839299184,
            0.5981756164830736,
            0.5975795022884196,
            0.5987163071618706,
            0.5971685599363982,
            0.5980506517115117,
            0.6002145018706406,
            0.6021068182140346,
            0.6032403856247192,
            0.6045688298846543,
            0.6074538178900007,
            0.6092182173630906,
            0.6120955836199163,
            0.6119896798482506,
            0.6123815997594739,
            0.6115535021583577,
            0.6113848684168767,
            0.613228168121347,
            0.6140779504617395,
            0.6163562995628546,
            0.6150959240736809,
            0.6163013783058544,
            0.6160146422781032,
            0.6176455456846879,
            0.6169102907810635,
            0.6174208635576958,
            0.6173104928862116,
            0.6167495985754413,
            0.6170040292251415,
            0.6173381051703555,
            0.617052972212387,
            0.6172565417782758,
            0.6186387221085505,
            0.6187668550289669,
            0.6184877023385049,
            0.6177586878228147,
            0.6177836010742332,
            0.6179864415279823,
            0.617989112404983,
            0.6174718156077581,
            0.6174871269099834,
            0.6181952119086835,
            0.6175776602896754,
            0.6164677608976755,
            0.6181231671432291,
            0.6176935615602469,
            0.6186037476050497,
            0.6172191210372342,
            0.6166005943297184,
            0.6169019927651022,
            0.6167028955601533,
            0.617607052795267,
            0.6182457374130201,
            0.6179508436513487,
            0.6183735994318181,
            0.6181079811468843,
            0.6173811427444909,
            0.617329591961109,
            0.6169001843355156,
            0.6175126923226938,
            0.6175007812742069,
            0.6181768109551012,
            0.6183357498999162,
            0.6178945397185793,
            0.6172939465063119,
            0.6163348411296813,
            0.616163634341088,
            0.6158347723291804,
            0.6154650373680076,
            0.6162916151750653,
            0.6157138319298198,
            0.6163972580090391,
            0.6170442497383177,
            0.6170388686997166,
            0.6173509035087986,
            0.6175015193301416,
            0.6177258619714703,
            0.6175303071421985,
            0.617233867311415,
            0.617656253522048,
            0.6179946745592154,
            0.6173831467639679,
            0.6173949000586969,
            0.6182437808805876,
            0.6184728503168392,
            0.6182688129157893,
            0.6177639555411976,
            0.6182880634762807,
            0.6182580620173467,
            0.6183581585725867,
            0.6182939897185145,
            0.6177103360295166,
            0.6178381226212629,
            0.6167333346921365,
            0.6166877330069407,
            0.6170523801769926,
            0.6177883076719926,
            0.6179970509872859,
            0.6185599894586596,
            0.6187221669051222,
            0.6190502277798019,
            0.6193614210279602,
            0.6191772628876928,
            0.6189704784655982,
            0.6189490808445144,
            0.6192601016817679,
            0.6194388122926733,
            0.6196052112213999,
            0.619512596853908,
            0.6199479210210964,
            0.6201338381302564,
            0.6206846278467387,
            0.6204531560273215,
            0.6207166838320373,
            0.6207418370507428,
            0.6209181617345556,
            0.6207925048410031,
            0.6213669204489215,
            0.6213098550361245,
            0.6211468305460516,
            0.6217053548452759,
            0.6216266148091549,
            0.6216685885073779,
            0.6221927518881839,
            0.6226795329363216,
            0.6223971441043719,
            0.6223234525315587,
            0.6226963940860011,
            0.6223989649422846,
            0.6225481247711798,
            0.6231005466202039,
            0.6231963089666095,
            0.6232800881405463,
            0.6228499535000049,
            0.6228265772755609,
            0.6232759977951511,
            0.6229531908404203,
            0.6236890124801904,
            0.622943253186828,
            0.6223147925060091,
            0.6223924657582612,
            0.6227903752631611,
            0.6229749087446242,
            0.6231276705188892,
            0.6238666958802928,
            0.6243130025102183,
            0.6245523114449433,
            0.6246744740990269,
            0.6251498150345998,
            0.6253985156421145,
            0.6256977272578741,
            0.6261558313910439,
            0.6258005966793467,
            0.6260948454328962,
            0.6260269890183946,
            0.6258427499837881,
            0.6264496273925312,
            0.6271615485338614,
            0.6277826031619044,
            0.6276356577650443,
            0.6281001077434776,
            0.6283135866625809,
            0.6282482371030512,
            0.6284554289478929,
            0.6286689263805827,
            0.6287449670286407,
            0.6289320509062533
        ],