{
    "dataset": "8_celeba",
    "model": "IFASD",
    "auc": 0.6424066703956487,
    "total_runtime": 12.21946406364441,
    "total_memory_usage": 22.015625,
    "Instances": 202599,
    "window_metric": {
        "window_size": 1000,
        "auc_scores": [
            0.5,
            0.5,
            0.5247362309164709,
            0.5189300727161938,
            0.532337085834014,
            0.5392930130894866,
            0.54307150679657,
            0.5468548911385015,
            0.5454973941816047,
            0.5460331284153005,
            0.549593464080011,
            0.5519860043502473,
            0.5612315834294248,
            0.5683541555336802,
            0.5717296632118494,
            0.5745384569444055,
            0.5792202320700666,
            0.5829190496387677,
            0.5843822419520108,
            0.5857708158289707,
            0.591231958939937,
            0.5967286621283145,
            0.6011199443736627,
            0.6032741378614699,
            0.6010538003944209,
            0.6044186804193784,
            0.6062724131070046,
            0.6087784125650474,
            0.610307792853207,
            0.6116035328613487,
            0.6119676976952343,
            0.6127339656831543,
            0.6145475047079045,
            0.6140337449409659,
            0.6107054092808446,
            0.6128739225158663,
            0.6140210052263242,
            0.6132250711204733,
            0.6134569788902311,
            0.6129283786168025,
            0.6135665403627277,
            0.6171634012498575,
            0.6187656351017626,
            0.6193269920798465,
            0.6187376443083447,
            0.6211293019931414,
            0.6230834312187348,
            0.6250116293667243,
            0.6249845093699089,
            0.6257262952727352,
            0.6255087925859533,
            0.6254244315139914,
            0.6280550948789899,
            0.6289588395255421,
            0.6307694782257357,
            0.6295438263466944,
            0.6306959014062934,
            0.6292744079095012,
            0.6316758558922351,
            0.6307760170698475,
            0.6311874011480944,
            0.6320027037786227,
            0.6305514140443659,
            0.6298245832556525,
            0.6303158253327625,
            0.6308017621600274,
            0.6304672663858558,
            0.6318682590213371,
            0.6327895424342537,
            0.6328759567817658,
            0.6324496100366128,
            0.6318311603738044,
            0.632277088267745,
            0.6324969200761685,
            0.6324587207824726,
            0.6333705684427203,
            0.6339790026180893,
            0.6331653286232012,
            0.6320585784216909,
            0.6334293234324276,
            0.6332952902485274,
            0.6337389910508284,
            0.633554142159347,
            0.6336949008666481,
            0.6337427340547517,
            0.6338942626312003,
            0.6349877733813002,
            0.6354221212091038,
            0.63516434364229,
            0.6361780255681817,
            0.6364048011563026,
            0.6357702332772152,
            0.6358842543595997,
            0.6361165759696319,
            0.6369463391030372,
            0.6374366351921891,
            0.6375520511921334,
            0.6376099331562155,
            0.6372184252156167,
            0.636140192952801,
            0.6353891098541401,
            0.635177031177828,
            0.6345777397651547,
            0.6339278150105415,
            0.6339682145889536,
            0.6332787360230219,
            0.6333235532397582,
            0.6336335040634609,
            0.6336386740811968,
            0.6340964683646775,
            0.6337578062089916,
            0.6334002459511845,
            0.6339359722377327,
            0.6335270392007182,
            0.63434003296858,
            0.6340172308302116,
            0.6338188019941907,
            0.6336523636466702,
            0.6346387632718179,
            0.6349789903841081,
            0.6347393163109328,
            0.6343241049562899,
            0.6344912743943736,
            0.6343510110934686,
            0.6346793657639144,
            0.6345516056676115,
            0.6337819567327414,
            0.6340899616056221,
            0.6330385079636296,
            0.6331445528354296,
            0.6337783123828923,
            0.6344329055456184,
            0.6343369726894796,
            0.6353985813665118,
            0.6357508949625931,
            0.636099760581888,
            0.6364227771865538,
            0.6363072516950852,
            0.6359736619586335,
            0.6356560522635893,
            0.6364160531026632,
            0.6365536709435111,
            0.6362805290757779,
            0.6366620940209782,
            0.637051269490427,
            0.6367369336789623,
            0.6373084986416819,
            0.6372193087917958,
            0.6375575933417741,
            0.6378746308145157,
            0.6377900087208018,
            0.6375958643882061,
            0.6380649085200705,
            0.6381470822109141,
            0.637680557708846,
            0.6383215910017289,
            0.6385236407393916,
            0.6385376420208209,
            0.6387966936039803,
            0.6387783677950567,
            0.6386577764620306,
            0.6379179863330081,
            0.6381243890729085,
            0.6378661755748671,
            0.6382375781366567,
            0.6386013574280482,
            0.6388884987083596,
            0.6391013386667405,
            0.6388760185214462,
            0.6390522305523467,
            0.6391828731157658,
            0.6388384235371984,
            0.6390888740850509,
            0.6384772121905204,
            0.6382251670427871,
            0.6381956582598606,
            0.6388670927060298,
            0.6387088041237828,
            0.6385956526053008,
            0.6389766985430996,
            0.6392899283760596,
            0.6397645913539705,
            0.6400518536435754,
            0.6405571490963315,
            0.6406097770561898,
            0.640899319683422,
            0.6409699047243914,
            0.6406118295071687,
            0.641228162681252,
            0.6415401944612188,
            0.6412912565633828,
            0.6413877546148499,
            0.642005241981374,
            0.6420799827874093,
            0.6420232549000073,
            0.6424960281327711,
            0.642456824369482,
            0.6425918905179239,
            0.6426049692079487,
            0.6424547207818945,
            0.6425131344311026,
            0.6424033101930056
        ],