{
    "dataset": "49_kddcup99_prob",
    "model": "IFASD",
    "auc": 0.39113075975409906,
    "total_runtime": 1.096670389175415,
    "total_memory_usage": 11.4921875,
    "Instances": 64759,
    "window_metric": {
        "window_size": 1000,
        "auc_scores": [
            0.5,
            0.5,
            0.3370148211130728,
            0.2717584860490843,
            0.3111022235828792,
            0.2847768994496751,
            0.26622221059758383,
            0.25198637082233855,
            0.25114158696500577,
            0.24414868518665467,
            0.23852360150397242,
            0.35701642315819104,
            0.385977015409745,
            0.4184224542465741,
            0.44929290257013466,
            0.46348930625342966,
            0.4779862996933422,
            0.49072912259053847,
            0.4798623949606299,
            0.455195671158308,
            0.4670946459497883,
            0.4472010792210577,
            0.43138521743662517,
            0.41782471179212893,
            0.4055506311781447,
            0.39386367687055135,
            0.3927306953011891,
            0.3829032122942747,
            0.3812408732212182,
            0.39286093347708567,
            0.40346601113119396,
            0.4108974781707628,
            0.4076432309811018,
            0.3953982359491156,
            0.38947487713940987,
            0.40092215832072764,
            0.41151736001675776,
            0.42079898896263856,
            0.4279704423434907,
            0.450925032329586,
            0.4409713085115073,
            0.43593272419396295,
            0.4299994742949561,
            0.4388806867176929,
            0.4474432480879311,
            0.45540468380188454,
            0.4631024916917717,
            0.47004171746702644,
            0.4769095887681202,
            0.48317635589776164,
            0.4890348907450822,
            0.4836976627103286,
            0.47629288410499027,
            0.4692611562239658,
            0.4624293243705845,
            0.45440427321629817,
            0.4462322462295703,
            0.4385229245100123,
            0.4317936038821907,
            0.42412072316210775,
            0.4167301388343893,
            0.40959511297510476,
            0.4027026389014709,
            0.3960405272959461
        ],
        "runtimes": [
            0.00626373291015625,
            0.010547161102294922,
            0.01708388328552246,
            0.022500038146972656,
            0.02831864356994629,
            0.034208059310913086,
            0.04038500785827637,
            0.04679155349731445,
            0.055171966552734375,
            0.06220841407775879,
            0.06953787803649902,
            0.07722687721252441,
            0.08722090721130371,
            0.09592294692993164,
            0.10552144050598145,
            0.11494302749633789,
            0.12465691566467285,
            0.13438177108764648,
            0.1457972526550293,
            0.15588688850402832,
            0.1665058135986328,
            0.17733263969421387,
            0.2013258934020996,
            0.23479795455932617,
            0.2719712257385254,
            0.30284810066223145,
            0.32314586639404297,
            0.33607959747314453,
            0.3508012294769287,
            0.36431169509887695,
            0.3782162666320801,
            0.39255738258361816,
            0.4089794158935547,
            0.42394137382507324,
            0.44130444526672363,
            0.4589869976043701,
            0.4776785373687744,
            0.4945499897003174,
            0.5133588314056396,
            0.5317041873931885,
            0.5513865947723389,
            0.5704739093780518,
            0.5899879932403564,
            0.6113712787628174,
            0.6299293041229248,
            0.6497478485107422,
            0.6704585552215576,
            0.6907365322113037,
            0.7107908725738525,
            0.7313814163208008,
            0.7526350021362305,
            0.7760705947875977,
            0.7982845306396484,
            0.8207526206970215,
            0.8439092636108398,
            0.8680276870727539,
            0.891040563583374,
            0.9151854515075684,
            0.9424755573272705,
            0.969287633895874,
            0.994422435760498,
            1.0208539962768555,
            1.0466852188110352,
            1.0717723369598389
        ],
        "memory_usages": [
            3.0,
            3.0,
            3.0,
            4.0,
            4.0,
            4.0,
            4.0,
            4.0,
            4.0,
            4.0,
            5.0,
            5.0,
            5.0,
            5.0,
            5.0,
            5.0,
            5.0,
            6.0,
            6.0,
            6.0,
            6.0,
            6.0,
            6.0,
            6.0,
            7.0,
            7.0,
            7.0,
            7.0,
            7.0,
            7.0,
            8.0,
            8.0,
            8.0,
            8.0,
            8.0,
            8.0,
            8.0,
            8.0,
            7.45703125,
            8.45703125,
            8.45703125,
            7.640625,
            7.703125,
            9.703125,
            9.703125,
            8.59765625,
            8.94140625,
            8.75390625,
            9.1796875,
            8.93359375,
            9.49609375,
            9.40234375,
            9.12109375,
            9.81640625,
            9.24609375,
            10.13671875,
            9.421875,
            10.3515625,
            9.546875,
            9.60546875,
            10.6015625,
            10.30859375,
            9.8515625,
            10.4921875
        ]
    },
    "run_count": 2,
    "seed": 72
}