{
    "dataset": "49_kddcup99_prob",
    "model": "IFASD",
    "auc": 0.429872539776681,
    "total_runtime": 1.518667221069336,
    "total_memory_usage": 9.7265625,
    "Instances": 64759,
    "window_metric": {
        "window_size": 1000,
        "auc_scores": [
            0.5,
            0.5,
            0.3196893591802283,
            0.23309511659915647,
            0.2426044508230156,
            0.2041615956494065,
            0.1894058902442019,
            0.18464907463129904,
            0.18731603573710315,
            0.1872806847030892,
            0.18615020802326748,
            0.5694501740789127,
            0.6263391550843083,
            0.6689050534517764,
            0.6346288996159295,
            0.6450188636231985,
            0.6531112142540456,
            0.6601930956168947,
            0.6610838274015749,
            0.6586325502110748,
            0.6669328975637574,
            0.6714563945355931,
            0.6741718328687749,
            0.6753331935961837,
            0.6764602627867086,
            0.6774714140915952,
            0.6522354584460597,
            0.6521345803757,
            0.6559497471616941,
            0.6587760485310462,
            0.6613962704109108,
            0.6650514720161396,
            0.6603074014226759,
            0.65144885681254,
            0.6465300461881299,
            0.6411563290288207,
            0.636097768851717,
            0.6295978759647347,
            0.6176177587494218,
            0.6429500748175245,
            0.6264520337575936,
            0.6108228540581955,
            0.5959847101381346,
            0.5818746222194677,
            0.5684961665647293,
            0.5556327362161734,
            0.5434258534024929,
            0.5321140851437026,
            0.5211311117322008,
            0.5108730491913756,
            0.5008241853708814,
            0.5015294029711027,
            0.5041746006413408,
            0.4984896663458457,
            0.4904056430971691,
            0.4830086788813886,
            0.4760000418455813,
            0.46934180168000716,
            0.4632698885832019,
            0.4584030346384955,
            0.4548680155366014,
            0.4492701299268782,
            0.4422887333591826,
            0.43530009558690874
        ],
        "runtimes": [
            0.015095233917236328,
            0.029258251190185547,
            0.05191445350646973,
            0.06159663200378418,
            0.08066368103027344,
            0.08697915077209473,
            0.0952155590057373,
            0.10189175605773926,
            0.11067557334899902,
            0.11802077293395996,
            0.12721800804138184,
            0.13492369651794434,
            0.14293122291564941,
            0.15123510360717773,
            0.16249394416809082,
            0.17326927185058594,
            0.1847374439239502,
            0.19657158851623535,
            0.21057462692260742,
            0.22490859031677246,
            0.24041390419006348,
            0.25492358207702637,
            0.26929378509521484,
            0.2839016914367676,
            0.29845571517944336,
            0.3130679130554199,
            0.3283994197845459,
            0.34385180473327637,
            0.3596839904785156,
            0.3761930465698242,
            0.39329004287719727,
            0.41086411476135254,
            0.43045759201049805,
            0.4489269256591797,
            0.4680192470550537,
            0.4869565963745117,
            0.5069150924682617,
            0.5273816585540771,
            0.548809289932251,
            0.5696737766265869,
            0.5908007621765137,
            0.612238883972168,
            0.6394379138946533,
            0.7164437770843506,
            0.7747974395751953,
            0.803774356842041,
            0.8313815593719482,
            0.8549039363861084,
            0.8787181377410889,
            0.9041612148284912,
            0.9502081871032715,
            1.0013580322265625,
            1.0587694644927979,
            1.1601037979125977,
            1.237558126449585,
            1.2662436962127686,
            1.2929928302764893,
            1.3218660354614258,
            1.3483161926269531,
            1.3745954036712646,
            1.399977684020996,
            1.429694414138794,
            1.4658772945404053,
            1.4925599098205566
        ],
        "memory_usages": [
            3.0,
            3.0,
            4.0,
            4.0,
            4.0,
            4.0,
            4.0,
            4.0,
            5.0,
            5.0,
            5.0,
            5.0,
            5.0,
            5.0,
            5.0,
            6.0,
            6.0,
            6.0,
            6.0,
            6.0,
            6.0,
            6.0,
            7.0,
            7.0,
            7.0,
            7.0,
            7.0,
            7.0,
            7.0,
            7.0,
            6.51953125,
            7.51953125,
            7.51953125,
            7.51953125,
            7.30078125,
            8.30078125,
            7.45703125,
            8.45703125,
            7.98828125,
            8.98828125,
            8.98828125,
            8.47265625,
            8.1875,
            8.77734375,
            8.3515625,
            8.99609375,
            8.47265625,
            9.22265625,
            8.59375,
            9.34765625,
            8.7734375,
            9.5703125,
            8.89453125,
            9.78125,
            9.01953125,
            9.5546875,
            9.625,
            9.6953125,
            9.765625,
            9.83203125,
            9.90234375,
            9.97265625,
            10.09765625,
            10.16796875
        ]
    },
    "run_count": 3,
    "seed": 60
}