{
    "dataset": "51_kddcup99_u2r",
    "model": "IFASD",
    "auc": 0.6147148822413335,
    "total_runtime": 1.165680170059204,
    "total_memory_usage": 10.7578125,
    "Instances": 60821,
    "window_metric": {
        "window_size": 1000,
        "auc_scores": [
            NaN,
            0.5,
            0.34128042680893633,
            0.25593898474618654,
            0.20474094818963795,
            0.17061176862810468,
            0.7062312419608403,
            0.7667583791895949,
            0.47603158714269833,
            0.4632232232232232,
            0.46143664325482503,
            0.4600069128268695,
            0.43692947976878616,
            0.43436033754649406,
            0.4527528936145453,
            0.4636765992174354,
            0.460521388798358,
            0.44932845612500494,
            0.44981939464248044,
            0.4449217538933513,
            0.5111473465957002,
            0.5139158327226421,
            0.4946371166948149,
            0.5058395304979408,
            0.49362359702044617,
            0.4841650428740831,
            0.4718136228525136,
            0.4584493054882721,
            0.444713738231603,
            0.4318814600929159,
            0.42754691289847535,
            0.4408965523067744,
            0.4534317920439962,
            0.46522495033809563,
            0.4760047377663971,
            0.4863405771647782,
            0.49606016805132785,
            0.5056364249672983,
            0.5147670345090843,
            0.5243389061963566,
            0.5323728766329305,
            0.5397857331385715,
            0.5435855949764888,
            0.5513572852215173,
            0.5588774040302203,
            0.5660539911744146,
            0.5717208860383634,
            0.5751182743182743,
            0.5792400909232431,
            0.5842060538412385,
            0.5892061245895833,
            0.5877364898703726,
            0.5855701808535619,
            0.5882973055848819,
            0.5925571789245336,
            0.596749876051215,
            0.6005817282673321,
            0.6045122098242214,
            0.6083261766254608,
            0.6119438442103385
        ],
        "runtimes": [
            0.006261348724365234,
            0.011461734771728516,
            0.018874168395996094,
            0.025141000747680664,
            0.03173041343688965,
            0.03855443000793457,
            0.04600167274475098,
            0.05380082130432129,
            0.06494832038879395,
            0.07353353500366211,
            0.08291244506835938,
            0.09189033508300781,
            0.101470947265625,
            0.11130547523498535,
            0.12158703804016113,
            0.13226628303527832,
            0.14282846450805664,
            0.1537322998046875,
            0.1664719581604004,
            0.17824912071228027,
            0.19019460678100586,
            0.20211243629455566,
            0.21467161178588867,
            0.22731399536132812,
            0.24037766456604004,
            0.25609469413757324,
            0.27166056632995605,
            0.29007530212402344,
            0.30493760108947754,
            0.31955623626708984,
            0.33625030517578125,
            0.35231852531433105,
            0.37035608291625977,
            0.4035322666168213,
            0.43897533416748047,
            0.4559328556060791,
            0.4762270450592041,
            0.4967186450958252,
            0.519700288772583,
            0.5543944835662842,
            0.5910735130310059,
            0.6286444664001465,
            0.6584885120391846,
            0.678231954574585,
            0.6997880935668945,
            0.7462501525878906,
            0.7941009998321533,
            0.8410344123840332,
            0.8649182319641113,
            0.8912022113800049,
            0.9157710075378418,
            0.9395565986633301,
            0.9623055458068848,
            0.9868812561035156,
            1.010145664215088,
            1.034088373184204,
            1.0605285167694092,
            1.0869925022125244,
            1.1130988597869873,
            1.13944673538208
        ],
        "memory_usages": [
            2.0,
            2.0,
            3.0,
            3.0,
            3.0,
            3.0,
            3.0,
            3.0,
            4.0,
            4.0,
            4.0,
            4.0,
            4.0,
            4.0,
            4.0,
            5.0,
            5.0,
            5.0,
            5.0,
            5.0,
            5.0,
            6.0,
            6.0,
            6.0,
            6.0,
            6.0,
            6.0,
            6.0,
            6.0,
            6.0,
            7.0,
            5.5859375,
            6.5859375,
            6.5859375,
            6.5859375,
            7.5859375,
            7.5859375,
            6.38671875,
            6.38671875,
            6.75390625,
            7.75390625,
            7.69140625,
            6.9609375,
            7.4140625,
            7.484375,
            7.546875,
            7.78515625,
            7.6875,
            7.7578125,
            8.7578125,
            8.7578125,
            7.9921875,
            8.9921875,
            8.11328125,
            8.17578125,
            8.31640625,
            8.42578125,
            8.5390625,
            8.65234375,
            8.7578125
        ]
    },
    "run_count": 7,
    "seed": 39
}