{
    "dataset": "3_backdoor",
    "model": "IFASD",
    "auc": 0.3302754124018338,
    "total_runtime": 3.4567315578460693,
    "total_memory_usage": 19.62109375,
    "Instances": 95329,
    "window_metric": {
        "window_size": 1000,
        "auc_scores": [
            0.5,
            0.5,
            0.338698746187733,
            0.25297393065046825,
            0.20187840840234295,
            0.16795496555200806,
            0.1437922601064595,
            0.1257074581813608,
            0.11166350128477265,
            0.10044216661642047,
            0.09127020363437127,
            0.08363316877248766,
            0.0771755076828044,
            0.0716436097770769,
            0.06685171560430742,
            0.06266064823522038,
            0.05896407291605216,
            0.05567934933986962,
            0.052741280143528024,
            0.05009773946168111,
            0.5027545281026641,
            0.5051353459856315,
            0.4927812610972544,
            0.4718374323209062,
            0.4526146652456732,
            0.4348071086793721,
            0.41834774127658714,
            0.4030890426123792,
            0.3889042573566387,
            0.3756838658362036,
            0.36333275080723276,
            0.3517679053157081,
            0.3409165648056144,
            0.33071467460584736,
            0.32110562458388586,
            0.3120391981620013,
            0.3034706944916825,
            0.29536019139170977,
            0.288223869587466,
            0.2876577489116567,
            0.28731602970422704,
            0.28037887757577196,
            0.2737688184585365,
            0.26749783927543613,
            0.2615160637851678,
            0.2557594082145815,
            0.25024937076678044,
            0.24497174099756724,
            0.23991211853030225,
            0.23505726860962117,
            0.23039500650339464,
            0.22591409539416235,
            0.22160415595859448,
            0.2174555861033312,
            0.21345948955072216,
            0.20960761215658816,
            0.20589228500064954,
            0.20230637342392752,
            0.19884323130050577,
            0.19549665992698462,
            0.19226087099461486,
            0.1891304531787884,
            0.18610034194020292,
            0.1831657921831945,
            0.180322353460758,
            0.17756584745374512,
            0.17489234748455434,
            0.17229815985406718,
            0.16977980681528926,
            0.16733401101865025,
            0.16495768128266822,
            0.16264789956007178,
            0.16040190898382486,
            0.15821710289008875,
            0.1560910147262271,
            0.15402130876170683,
            0.15200577152834638,
            0.1500423039239656,
            0.14812891392021682,
            0.1462637098213436,
            0.14444489402591051,
            0.14267075724826075,
            0.1409396731606543,
            0.13925009342078531,
            0.13760054305272218,
            0.4318106311708188,
            0.38599626671890375,
            0.3659285786810507,
            0.3399512735899534,
            0.32793559029416774,
            0.2922753927955223,
            0.28304504791506363,
            0.30488123842897724,
            0.3277237784563281,
            0.3307616209677419
        ],
        "runtimes": [
            0.009618282318115234,
            0.01645493507385254,
            0.026198148727416992,
            0.03394579887390137,
            0.044414520263671875,
            0.05267691612243652,
            0.06137490272521973,
            0.07002997398376465,
            0.07971787452697754,
            0.08950686454772949,
            0.10997176170349121,
            0.1516132354736328,
            0.20517444610595703,
            0.24594616889953613,
            0.27924036979675293,
            0.31447553634643555,
            0.34393954277038574,
            0.37699222564697266,
            0.4203009605407715,
            0.471555233001709,
            0.5319461822509766,
            0.598649263381958,
            0.6584751605987549,
            0.7189419269561768,
            0.7930097579956055,
            0.8634567260742188,
            0.8893413543701172,
            0.9057862758636475,
            0.9223616123199463,
            0.9392178058624268,
            0.9566144943237305,
            0.9744603633880615,
            0.9925739765167236,
            1.011125087738037,
            1.0409479141235352,
            1.0752534866333008,
            1.1076743602752686,
            1.145747423171997,
            1.174877643585205,
            1.195718765258789,
            1.2198033332824707,
            1.2418174743652344,
            1.2647745609283447,
            1.2909495830535889,
            1.3150932788848877,
            1.3632514476776123,
            1.4116463661193848,
            1.4591724872589111,
            1.484632968902588,
            1.5345244407653809,
            1.5843760967254639,
            1.6304028034210205,
            1.6866388320922852,
            1.7622132301330566,
            1.8140449523925781,
            1.8635306358337402,
            1.8924753665924072,
            1.928492546081543,
            1.992732048034668,
            2.063561201095581,
            2.119506359100342,
            2.157092571258545,
            2.1879305839538574,
            2.219289779663086,
            2.2503550052642822,
            2.2819178104400635,
            2.3142106533050537,
            2.348158121109009,
            2.3819053173065186,
            2.4161477088928223,
            2.451326370239258,
            2.487121105194092,
            2.523486852645874,
            2.560244083404541,
            2.5972976684570312,
            2.6353092193603516,
            2.674130916595459,
            2.711697578430176,
            2.7501420974731445,
            2.791456460952759,
            2.829078197479248,
            2.8685710430145264,
            2.905994415283203,
            2.943575859069824,
            2.9822163581848145,
            3.024381399154663,
            3.067488193511963,
            3.1084272861480713,
            3.1529393196105957,
            3.194922685623169,
            3.2370495796203613,
            3.27946138381958,
            3.3255646228790283,
            3.3698110580444336,
            3.416206121444702
        ],