{
    "dataset": "51_kddcup99_u2r",
    "model": "IFASD",
    "auc": 0.4467000632057261,
    "total_runtime": 1.550513505935669,
    "total_memory_usage": 8.26953125,
    "Instances": 60821,
    "window_metric": {
        "window_size": 1000,
        "auc_scores": [
            NaN,
            0.5,
            0.34128042680893633,
            0.25593898474618654,
            0.20474094818963795,
            0.17061176862810468,
            0.5749368777094945,
            0.6296273136568284,
            0.4624068512957401,
            0.46836836836836837,
            0.45437999983454525,
            0.5490214774379634,
            0.6538990366088633,
            0.6453343008547262,
            0.6536185536129506,
            0.6408060779049732,
            0.6345693116336479,
            0.6323947357957933,
            0.6201216046778693,
            0.6014315673184581,
            0.5740212213122974,
            0.5303715806292724,
            0.545099093509806,
            0.5039029417943566,
            0.5011542593283218,
            0.4964770298258562,
            0.5075551280801829,
            0.5175190436554423,
            0.5194877775912052,
            0.5154703370440007,
            0.5182350319069068,
            0.5038719836908391,
            0.49039066595267794,
            0.47771189079204707,
            0.4694132892738468,
            0.4580347404440447,
            0.45260407801874086,
            0.466917729055906,
            0.480467415727162,
            0.4932818252994506,
            0.5037539011993402,
            0.5134372212154041,
            0.5187974648668146,
            0.5291916314223057,
            0.5392449059923684,
            0.5488247116392869,
            0.5561730744105946,
            0.5479382754811326,
            0.5393974411871115,
            0.5300261607243502,
            0.5210215335630981,
            0.5117212965403416,
            0.5047798437844209,
            0.49604771108701284,
            0.4876366382323971,
            0.479538675930777,
            0.4740048606243998,
            0.4664985982403908,
            0.4592711307210379,
            0.45229991658360247
        ],
        "runtimes": [
            0.005795001983642578,
            0.010700702667236328,
            0.018159151077270508,
            0.0240628719329834,
            0.030462265014648438,
            0.036717891693115234,
            0.04788851737976074,
            0.08627510070800781,
            0.11667466163635254,
            0.13485002517700195,
            0.14547514915466309,
            0.1542961597442627,
            0.16356420516967773,
            0.17296957969665527,
            0.1833350658416748,
            0.1935741901397705,
            0.20428991317749023,
            0.21538639068603516,
            0.22858810424804688,
            0.2401573657989502,
            0.254164457321167,
            0.26706957817077637,
            0.27997684478759766,
            0.29323792457580566,
            0.3082852363586426,
            0.3226308822631836,
            0.3372676372528076,
            0.35552978515625,
            0.38686275482177734,
            0.41352057456970215,
            0.4313545227050781,
            0.4474146366119385,
            0.4642519950866699,
            0.48525166511535645,
            0.5039522647857666,
            0.5225996971130371,
            0.5443851947784424,
            0.563983678817749,
            0.5862879753112793,
            0.6089382171630859,
            0.712226390838623,
            0.7536964416503906,
            0.776862621307373,
            0.7989144325256348,
            0.8210210800170898,
            0.8435275554656982,
            0.8656535148620605,
            0.8905675411224365,
            0.9137790203094482,
            0.9378292560577393,
            0.9617798328399658,
            0.9882452487945557,
            1.1231849193572998,
            1.1697731018066406,
            1.1970798969268799,
            1.2273547649383545,
            1.2550666332244873,
            1.3238329887390137,
            1.479471206665039,
            1.5245287418365479
        ],
        "memory_usages": [
            2.0,
            2.0,
            2.0,
            3.0,
            3.0,
            3.0,
            3.0,
            3.0,
            3.0,
            3.0,
            3.0,
            3.0,
            3.0,
            3.0,
            3.0,
            3.0,
            4.0,
            4.0,
            4.0,
            4.0,
            4.0,
            4.0,
            4.0,
            4.0,
            5.0,
            5.0,
            5.0,
            5.0,
            5.0,
            5.0,
            6.0,
            6.0,
            6.0,
            6.0,
            5.390625,
            6.390625,
            6.390625,
            6.390625,
            5.67578125,
            6.67578125,
            6.67578125,
            5.7578125,
            5.140625,
            5.24609375,
            5.30859375,
            5.3671875,
            5.4296875,
            5.4921875,
            5.5546875,
            6.1796875,
            6.3125,
            6.44140625,
            6.56640625,
            7.65234375,
            7.77734375,
            8.01171875,
            8.13671875,
            8.265625,
            8.390625,
            8.51171875
        ]
    },
    "run_count": 4,
    "seed": 95
}