{
    "dataset": "32_shuttle",
    "model": "IFASD",
    "auc": 0.9454386157897269,
    "total_runtime": 1.1262540817260742,
    "total_memory_usage": 6.875,
    "Instances": 49097,
    "window_metric": {
        "window_size": 1000,
        "auc_scores": [
            0.5,
            0.5,
            0.5465059236184356,
            0.6169423671382968,
            0.6730175798112974,
            0.7023422936721662,
            0.732829297299322,
            0.7603270874895683,
            0.7784961473421456,
            0.7892215792517105,
            0.8103902320488573,
            0.8230996853932584,
            0.8366393076563274,
            0.8464776444520963,
            0.8552227391531491,
            0.8621607400812594,
            0.8688460987391519,
            0.8754057684835654,
            0.8800282383557041,
            0.883762400070948,
            0.8884536579011824,
            0.8935891685986685,
            0.8976036081618854,
            0.9015839465550667,
            0.9049816674625917,
            0.9079306732254224,
            0.9106952508696816,
            0.9135119666131538,
            0.9164061719730657,
            0.9192056647438462,
            0.9211493735481435,
            0.9230482449231953,
            0.9247279570354457,
            0.9265440920347564,
            0.928242104785939,
            0.930003415607176,
            0.9314529502288624,
            0.9328758607593506,
            0.9342037280749973,
            0.935795121795332,
            0.937004297085645,
            0.9382762545432546,
            0.9393780357186952,
            0.9404485673832506,
            0.9412812547538887,
            0.9420521868438425,
            0.9434184660725541,
            0.9443088349300668,
            0.9453324412884309
        ],
        "runtimes": [
            0.008630514144897461,
            0.014983654022216797,
            0.03272104263305664,
            0.04358959197998047,
            0.05517220497131348,
            0.06696796417236328,
            0.0796349048614502,
            0.09249711036682129,
            0.10585331916809082,
            0.11933159828186035,
            0.1333913803100586,
            0.14786601066589355,
            0.16291213035583496,
            0.17826080322265625,
            0.19460463523864746,
            0.21053218841552734,
            0.22700929641723633,
            0.24393224716186523,
            0.2613966464996338,
            0.2802751064300537,
            0.29917097091674805,
            0.31855297088623047,
            0.3390827178955078,
            0.35924553871154785,
            0.37998008728027344,
            0.4182713031768799,
            0.4602642059326172,
            0.5019810199737549,
            0.5304973125457764,
            0.552875280380249,
            0.5761861801147461,
            0.601539134979248,
            0.627342939376831,
            0.6534297466278076,
            0.6801669597625732,
            0.706671953201294,
            0.7334933280944824,
            0.7609832286834717,
            0.7890307903289795,
            0.8179826736450195,
            0.8475992679595947,
            0.8761398792266846,
            0.9065971374511719,
            0.9379069805145264,
            0.9695010185241699,
            1.0018284320831299,
            1.0342023372650146,
            1.0664842128753662,
            1.0989689826965332
        ],
        "memory_usages": [
            2.0,
            2.0,
            2.0,
            2.0,
            2.0,
            3.0,
            3.0,
            3.0,
            3.0,
            3.0,
            3.0,
            4.0,
            4.0,
            4.0,
            4.0,
            4.0,
            4.0,
            4.0,
            4.0,
            5.0,
            5.0,
            5.0,
            5.0,
            5.0,
            6.0,
            6.0,
            6.0,
            6.0,
            6.0,
            6.0,
            6.0,
            5.33203125,
            6.33203125,
            6.33203125,
            5.55078125,
            5.609375,
            5.671875,
            6.3125,
            7.3125,
            7.3125,
            6.578125,
            6.65625,
            6.73046875,
            6.8515625,
            6.9296875,
            7.0078125,
            7.0859375,
            7.23046875,
            7.37109375
        ]
    },
    "run_count": 9,
    "seed": 17
}