{
    "dataset": "51_kddcup99_u2r",
    "model": "IFASD",
    "auc": 0.42960961705668627,
    "total_runtime": 1.2684001922607422,
    "total_memory_usage": 11.76953125,
    "Instances": 60821,
    "window_metric": {
        "window_size": 1000,
        "auc_scores": [
            NaN,
            0.5,
            0.34128042680893633,
            0.25593898474618654,
            0.20474094818963795,
            0.17061176862810468,
            0.7153303796865322,
            0.7817658829414709,
            0.5341205402933797,
            0.49281781781781775,
            0.49846540755631663,
            0.48090033610640986,
            0.4026003853564547,
            0.403581063236902,
            0.42345147713877496,
            0.4418379158005733,
            0.4367853353766356,
            0.43406305912289767,
            0.4401673345988891,
            0.4385356152124674,
            0.4666639523701529,
            0.4623111762515168,
            0.4462909730120981,
            0.462427306541001,
            0.44572310080793087,
            0.4370769733017002,
            0.4257573496493061,
            0.4147858809039369,
            0.40102365919005517,
            0.3878203155310831,
            0.38549720092688844,
            0.40107931955048426,
            0.41575772904126673,
            0.42952346771647326,
            0.44169233110662015,
            0.4536278939900591,
            0.46512288767316956,
            0.47593013520966004,
            0.4861346450899378,
            0.49592942593576544,
            0.5052286102813323,
            0.5140466551047155,
            0.5209039531512998,
            0.526954848465565,
            0.5334978958753414,
            0.5394421144735857,
            0.5425117881109329,
            0.5327180417466132,
            0.5239067238420586,
            0.5148669330506633,
            0.5066580833127958,
            0.49729927311723415,
            0.49006938620244583,
            0.4810635686596068,
            0.47232040031299394,
            0.4639484976506798,
            0.4580246578805218,
            0.45026672454694855,
            0.44278697129913874,
            0.43549820458091626
        ],
        "runtimes": [
            0.005212306976318359,
            0.009853601455688477,
            0.01662588119506836,
            0.021881818771362305,
            0.027504920959472656,
            0.03343963623046875,
            0.03980135917663574,
            0.04638195037841797,
            0.055068016052246094,
            0.0627293586730957,
            0.07276105880737305,
            0.08140206336975098,
            0.09039020538330078,
            0.09960532188415527,
            0.10916328430175781,
            0.14113450050354004,
            0.17248821258544922,
            0.20386314392089844,
            0.24007010459899902,
            0.25464320182800293,
            0.2668416500091553,
            0.28955769538879395,
            0.31304001808166504,
            0.33650827407836914,
            0.36098790168762207,
            0.38900017738342285,
            0.4098336696624756,
            0.4246699810028076,
            0.4397561550140381,
            0.45503687858581543,
            0.47252798080444336,
            0.48862290382385254,
            0.5054678916931152,
            0.5554935932159424,
            0.6224393844604492,
            0.6635024547576904,
            0.6820542812347412,
            0.7002346515655518,
            0.7194933891296387,
            0.7391529083251953,
            0.759138822555542,
            0.7990784645080566,
            0.8345489501953125,
            0.8614590167999268,
            0.880298376083374,
            0.8997018337249756,
            0.92106032371521,
            0.9443187713623047,
            0.9673662185668945,
            0.9930107593536377,
            1.017209768295288,
            1.042736291885376,
            1.0649526119232178,
            1.0874459743499756,
            1.1104319095611572,
            1.1339530944824219,
            1.157564401626587,
            1.1844098567962646,
            1.2119712829589844,
            1.2396717071533203
        ],
        "memory_usages": [
            2.0,
            3.0,
            4.0,
            4.0,
            4.0,
            4.0,
            4.0,
            5.0,
            5.0,
            5.0,
            5.0,
            5.0,
            5.0,
            6.0,
            6.0,
            6.0,
            6.0,
            6.0,
            6.0,
            6.0,
            6.0,
            7.0,
            7.0,
            7.0,
            7.0,
            7.0,
            7.0,
            7.0,
            8.0,
            8.0,
            8.0,
            8.0,
            8.0,
            8.0,
            8.0,
            8.0,
            9.0,
            9.0,
            7.609375,
            8.609375,
            8.609375,
            9.609375,
            9.609375,
            10.48828125,
            10.10546875,
            10.73828125,
            10.2421875,
            11.0,
            10.38671875,
            11.34375,
            10.57421875,
            11.40625,
            10.7109375,
            11.6484375,
            10.8515625,
            10.97265625,
            11.0390625,
            11.109375,
            11.1796875,
            11.24609375
        ]
    },
    "run_count": 9,
    "seed": 65
}