{
    "dataset": "50_bank",
    "model": "LODA",
    "auc": 0.4718972369354613,
    "total_runtime": 2.0445733070373535,
    "total_memory_usage": 6.73046875,
    "Instances": 41188,
    "window_metric": {
        "window_size": 1000,
        "auc_scores": [
            0.36707977895809857,
            0.4180650809864293,
            0.4322438557600297,
            0.44268773787930377,
            0.45740686814162435,
            0.47079203692275795,
            0.48058752582947256,
            0.4682167741935484,
            0.458255058252186,
            0.463006017759639,
            0.4603098352941176,
            0.46423225594210055,
            0.46173183945729984,
            0.45920103398154655,
            0.456012636684605,
            0.4580796211230994,
            0.457966982292179,
            0.4619148667840086,
            0.46314664378914094,
            0.4631688973851169,
            0.46210586625878974,
            0.4661788239262204,
            0.4665672051305531,
            0.46984450923532944,
            0.4688734568889274,
            0.46774282268250017,
            0.4686190112165617,
            0.4617643996912749,
            0.4609028243932941,
            0.4621051001513453,
            0.4615747012059951,
            0.46370127770761405,
            0.4631683805487529,
            0.46474142364807913,
            0.46898985286006606,
            0.4750326474363204,
            0.4676428188090123,
            0.46947739312646897,
            0.4714325438111395,
            0.47352918257037535,
            0.47338165658698733
        ],
        "runtimes": [
            0.03988003730773926,
            0.09499907493591309,
            0.15041589736938477,
            0.17977619171142578,
            0.22907185554504395,
            0.36163759231567383,
            0.43747448921203613,
            0.4843757152557373,
            0.5123775005340576,
            0.5404489040374756,
            0.5675127506256104,
            0.595733642578125,
            0.6254565715789795,
            0.6549694538116455,
            0.6849441528320312,
            0.7152998447418213,
            0.7464544773101807,
            0.7778201103210449,
            0.8094563484191895,
            0.8447821140289307,
            0.8805601596832275,
            0.9168813228607178,
            0.9537858963012695,
            0.9909851551055908,
            1.0295336246490479,
            1.0689809322357178,
            1.1089677810668945,
            1.1497011184692383,
            1.2182989120483398,
            1.309316635131836,
            1.3958287239074707,
            1.4473049640655518,
            1.4903948307037354,
            1.5338783264160156,
            1.5776445865631104,
            1.622150182723999,
            1.7082946300506592,
            1.8080034255981445,
            1.8536055088043213,
            1.9110617637634277,
            2.0158677101135254
        ],
        "memory_usages": [
            3.0,
            3.0,
            3.0,
            3.0,
            3.0,
            3.0,
            4.0,
            4.0,
            4.0,
            4.0,
            4.0,
            4.0,
            5.0,
            5.0,
            5.0,
            5.0,
            5.0,
            6.0,
            6.0,
            6.0,
            6.0,
            6.0,
            6.0,
            5.8828125,
            5.5078125,
            6.5078125,
            6.5078125,
            5.7421875,
            5.80859375,
            5.84375,
            5.9453125,
            6.015625,
            6.0859375,
            6.15625,
            6.2578125,
            6.32421875,
            6.0234375,
            6.44140625,
            6.62109375,
            6.76171875,
            6.90234375
        ]
    },
    "run_count": 9,
    "seed": 59
}