{
    "dataset": "32_shuttle",
    "model": "LODA",
    "auc": 0.8894776903315805,
    "total_runtime": 1.7403700351715088,
    "total_memory_usage": 7.0859375,
    "Instances": 49097,
    "window_metric": {
        "window_size": 1000,
        "auc_scores": [
            0.8640810401413784,
            0.8506301625915694,
            0.8645493512227428,
            0.8749664885384377,
            0.8741605153941144,
            0.8789251367995914,
            0.8810695607184327,
            0.881215101056952,
            0.880346218346485,
            0.8822592761954534,
            0.8819475347858589,
            0.8825649309791331,
            0.8826836586907549,
            0.8816448712862393,
            0.8814257835937352,
            0.8828630871766447,
            0.8820992303913543,
            0.8817754614410841,
            0.882538135488942,
            0.8834526056815145,
            0.8849192342880225,
            0.8846985147348714,
            0.8862239237790214,
            0.8863010261147252,
            0.8855962481609452,
            0.8867619029051887,
            0.8871701689156337,
            0.8874381334789663,
            0.8867694763740119,
            0.887122285760358,
            0.8874897546969346,
            0.888180836110553,
            0.8884474088077335,
            0.8887471165489911,
            0.8893933141390606,
            0.8898454684131691,
            0.8892499997483801,
            0.8897748099561749,
            0.8897199533860922,
            0.8891521539136815,
            0.8899742677552988,
            0.8903934899419399,
            0.8901263455121093,
            0.8904450670196298,
            0.8904957677962378,
            0.890727019175759,
            0.8903349659954871,
            0.8900312659525679,
            0.8893860368978196
        ],
        "runtimes": [
            0.02529597282409668,
            0.049384355545043945,
            0.07473397254943848,
            0.1007239818572998,
            0.12717008590698242,
            0.1538095474243164,
            0.17975544929504395,
            0.2060236930847168,
            0.2324368953704834,
            0.25932741165161133,
            0.28681468963623047,
            0.31414270401000977,
            0.34229540824890137,
            0.37088871002197266,
            0.40001487731933594,
            0.4299752712249756,
            0.45992231369018555,
            0.4910862445831299,
            0.5228972434997559,
            0.5552394390106201,
            0.5879337787628174,
            0.6215200424194336,
            0.6563379764556885,
            0.6912376880645752,
            0.7260713577270508,
            0.7614884376525879,
            0.7979264259338379,
            0.8344824314117432,
            0.8716206550598145,
            0.9092707633972168,
            0.9475507736206055,
            0.9864275455474854,
            1.0254335403442383,
            1.0648891925811768,
            1.1044371128082275,
            1.1452810764312744,
            1.186821460723877,
            1.2287671566009521,
            1.2711234092712402,
            1.3146030902862549,
            1.3576312065124512,
            1.3995287418365479,
            1.4420721530914307,
            1.4860079288482666,
            1.5307042598724365,
            1.5753722190856934,
            1.621058464050293,
            1.6666183471679688,
            1.7134983539581299
        ],
        "memory_usages": [
            2.0,
            2.0,
            2.0,
            2.0,
            2.0,
            3.0,
            3.0,
            3.0,
            3.0,
            3.0,
            3.0,
            3.0,
            4.0,
            4.0,
            4.0,
            4.0,
            4.0,
            5.0,
            5.0,
            3.78515625,
            4.78515625,
            4.78515625,
            4.21484375,
            5.21484375,
            5.21484375,
            5.00390625,
            4.671875,
            5.671875,
            5.5390625,
            4.92578125,
            5.03515625,
            5.109375,
            5.1875,
            5.265625,
            5.66796875,
            5.734375,
            5.8046875,
            5.875,
            6.46875,
            6.61328125,
            6.76171875,
            6.90625,
            7.21484375,
            7.4453125,
            7.59375,
            7.7421875,
            6.87109375,
            6.94140625,
            7.01171875
        ]
    },
    "run_count": 7,
    "seed": 5
}