{
    "dataset": "48_chess",
    "model": "LODA",
    "auc": 0.9156521750620719,
    "total_runtime": 1.653536319732666,
    "total_memory_usage": 4.0234375,
    "Instances": 28056,
    "window_metric": {
        "window_size": 1000,
        "auc_scores": [
            0.972972972972973,
            0.9265565014187948,
            0.9252585919252586,
            0.9254440830622969,
            0.9428042433947158,
            0.9426284189459639,
            0.9235167977126518,
            0.933324993745309,
            0.9335853531984286,
            0.9396577604323026,
            0.9394809684084677,
            0.9431391761174116,
            0.9434555880541872,
            0.9463344575933038,
            0.932859760510391,
            0.9327819237746053,
            0.9228944845334813,
            0.9116523028449636,
            0.9163338095075779,
            0.9151326326326326,
            0.9149737845567206,
            0.9184914604633426,
            0.9196642638413028,
            0.919877311778221,
            0.9188644857616833,
            0.9222375360923964,
            0.9183159281587397,
            0.9155918868856344
        ],
        "runtimes": [
            0.030164480209350586,
            0.05846667289733887,
            0.08703875541687012,
            0.11562919616699219,
            0.14448118209838867,
            0.17359232902526855,
            0.20365428924560547,
            0.23377132415771484,
            0.2645101547241211,
            0.2956197261810303,
            0.32685017585754395,
            0.45688581466674805,
            0.5013647079467773,
            0.5350682735443115,
            0.567756175994873,
            0.601574182510376,
            0.674663782119751,
            0.7819666862487793,
            0.8195340633392334,
            0.868790864944458,
            0.9674892425537109,
            1.0258891582489014,
            1.1795916557312012,
            1.2371833324432373,
            1.2772176265716553,
            1.4342899322509766,
            1.5982317924499512,
            1.6370549201965332
        ],
        "memory_usages": [
            1.0,
            1.0,
            1.0,
            1.0,
            2.0,
            2.0,
            2.0,
            2.0,
            2.0,
            2.0,
            2.0,
            3.0,
            3.0,
            3.0,
            3.0,
            3.0,
            3.0,
            4.0,
            4.0,
            4.0,
            4.0,
            4.0,
            5.0,
            3.5390625,
            4.5390625,
            4.5390625,
            4.16015625,
            4.0234375
        ]
    },
    "run_count": 4,
    "seed": 65
}