{
    "dataset": "51_kddcup99_u2r",
    "model": "LODA",
    "auc": 0.6732024007752617,
    "total_runtime": 2.2216432094573975,
    "total_memory_usage": 7.6484375,
    "Instances": 60821,
    "window_metric": {
        "window_size": 1000,
        "auc_scores": [
            NaN,
            0.4122061030515257,
            0.42514171390463484,
            0.4283570892723181,
            0.4398879775955191,
            0.43323887314552423,
            0.778238292601591,
            0.6501063031515759,
            0.5567666431863962,
            0.538023023023023,
            0.5224356587992951,
            0.4940794021596625,
            0.5026605009633911,
            0.532779723515953,
            0.522136070459595,
            0.5352558081282486,
            0.5437908689351021,
            0.5358307820762594,
            0.5209966544798332,
            0.5239307583895071,
            0.6584572656446106,
            0.6973200062470717,
            0.6967665069681407,
            0.7008722349836072,
            0.72343817370299,
            0.7267000661434777,
            0.7336180405605011,
            0.7349056368339307,
            0.728055197583639,
            0.7189258028173217,
            0.7195849695849696,
            0.7199800913107923,
            0.7203163693219818,
            0.7200382769402127,
            0.7120010666700428,
            0.7024461071350006,
            0.7026257725133298,
            0.7035791105166411,
            0.7059392992308171,
            0.7085852117971464,
            0.709976146952606,
            0.7084226536118353,
            0.7068668762857677,
            0.7064051934850147,
            0.7078398384657597,
            0.708389182416238,
            0.7042965971851061,
            0.6999048316762603,
            0.6984053868102511,
            0.6953290821415453,
            0.6914603530271747,
            0.6919965465975165,
            0.6889989549622016,
            0.6877144917642454,
            0.6814868913113642,
            0.680439298032435,
            0.6791833384631167,
            0.6798038356467225,
            0.6814117236874941,
            0.6791848864867784
        ],
        "runtimes": [
            0.026758909225463867,
            0.05416059494018555,
            0.08060216903686523,
            0.10702967643737793,
            0.13396286964416504,
            0.1614668369293213,
            0.18927335739135742,
            0.21780085563659668,
            0.2468421459197998,
            0.2763941287994385,
            0.30553293228149414,
            0.33492040634155273,
            0.36501145362854004,
            0.39535021781921387,
            0.42621779441833496,
            0.457385778427124,
            0.4890773296356201,
            0.5207865238189697,
            0.553107500076294,
            0.5859067440032959,
            0.619098424911499,
            0.6533129215240479,
            0.6860175132751465,
            0.7190871238708496,
            0.752875804901123,
            0.7868986129760742,
            0.8211164474487305,
            0.8560268878936768,
            0.8911619186401367,
            0.9267067909240723,
            0.9630208015441895,
            0.999737024307251,
            1.0371053218841553,
            1.0745353698730469,
            1.113032579421997,
            1.1516530513763428,
            1.192284107208252,
            1.2331717014312744,
            1.2737038135528564,
            1.3144755363464355,
            1.354076623916626,
            1.3935506343841553,
            1.4335691928863525,
            1.4737896919250488,
            1.5153510570526123,
            1.5571317672729492,
            1.599768877029419,
            1.642528772354126,
            1.6866710186004639,
            1.7303285598754883,
            1.7748491764068604,
            1.8191790580749512,
            1.863785743713379,
            1.9088218212127686,
            1.953437328338623,
            1.9983136653900146,
            2.0430710315704346,
            2.0878567695617676,
            2.1336781978607178,
            2.1792616844177246
        ],
        "memory_usages": [
            2.0,
            3.0,
            3.0,
            3.0,
            3.0,
            3.0,
            4.0,
            4.0,
            4.0,
            4.0,
            4.0,
            4.0,
            4.0,
            5.0,
            5.0,
            5.0,
            5.0,
            5.0,
            5.0,
            6.0,
            6.0,
            6.0,
            6.0,
            4.734375,
            5.734375,
            5.734375,
            5.69140625,
            5.2421875,
            6.2421875,
            6.2421875,
            5.48046875,
            6.44140625,
            5.6171875,
            5.6875,
            5.8203125,
            5.87890625,
            5.94140625,
            5.94140625,
            6.09765625,
            6.17578125,
            6.25390625,
            6.33203125,
            6.46875,
            6.98046875,
            7.28125,
            7.4140625,
            7.546875,
            7.6796875,
            7.8125,
            6.92578125,
            6.98828125,
            7.05078125,
            7.109375,
            7.171875,
            7.23828125,
            7.3515625,
            7.4140625,
            7.4765625,
            7.5390625,
            8.0546875
        ]
    },
    "run_count": 10,
    "seed": 23
}