{
    "dataset": "48_chess",
    "model": "LODA",
    "auc": 0.8188859950606713,
    "total_runtime": 1.5975830554962158,
    "total_memory_usage": 3.84765625,
    "Instances": 28056,
    "window_metric": {
        "window_size": 1000,
        "auc_scores": [
            0.96996996996997,
            0.9103655483224837,
            0.9113558002446891,
            0.911433575181386,
            0.9247898318654924,
            0.9244496330887257,
            0.9306647605432451,
            0.9411850554582604,
            0.9409235786820844,
            0.9123672284885134,
            0.9125287520630011,
            0.8679223649099399,
            0.8680534174876848,
            0.8312115363369921,
            0.8323162125123825,
            0.8320702878781318,
            0.83866125044154,
            0.842253729960152,
            0.8319889932478286,
            0.8526051051051051,
            0.8527311725452812,
            0.8598835685145344,
            0.8648272260423013,
            0.8645387059349858,
            0.836157090610318,
            0.8249855630413859,
            0.8121952193280139,
            0.8188597205506367
        ],
        "runtimes": [
            0.11952352523803711,
            0.14351868629455566,
            0.16790485382080078,
            0.1935279369354248,
            0.21955275535583496,
            0.24634718894958496,
            0.2777407169342041,
            0.3231537342071533,
            0.34839344024658203,
            0.3740410804748535,
            0.46327924728393555,
            0.5504214763641357,
            0.5808773040771484,
            0.6154253482818604,
            0.6698019504547119,
            0.7513678073883057,
            0.8700780868530273,
            0.9235162734985352,
            0.9556972980499268,
            0.9877645969390869,
            1.020625114440918,
            1.055558204650879,
            1.1176435947418213,
            1.1895153522491455,
            1.3154783248901367,
            1.4622302055358887,
            1.5419294834136963,
            1.5807723999023438
        ],
        "memory_usages": [
            1.0,
            1.0,
            1.0,
            2.0,
            2.0,
            2.0,
            2.0,
            2.0,
            2.0,
            3.0,
            3.0,
            3.0,
            3.0,
            3.0,
            3.0,
            4.0,
            4.0,
            4.0,
            4.0,
            4.0,
            4.0,
            5.0,
            3.59375,
            4.59375,
            4.20703125,
            3.890625,
            4.51953125,
            4.0625
        ]
    },
    "run_count": 2,
    "seed": 99
}