{
    "dataset": "3_backdoor",
    "model": "LODA",
    "auc": 0.5107867791335983,
    "total_runtime": 5.661916017532349,
    "total_memory_usage": 10.375,
    "Instances": 95329,
    "window_metric": {
        "window_size": 1000,
        "auc_scores": [
            0.5529088607051654,
            0.5327043169907635,
            0.5355777010906023,
            0.5413302754662989,
            0.543567780576177,
            0.5469531788517793,
            0.5493556939392071,
            0.5460332290380623,
            0.5462643553678873,
            0.5456163773920782,
            0.5423211746574258,
            0.5385442939622506,
            0.5347550185235085,
            0.5312061603366887,
            0.527524607595697,
            0.5242048672017237,
            0.5225433693033581,
            0.5211704424402483,
            0.5174860192612742,
            0.5183751210874807,
            0.33043808885640025,
            0.35306093306394604,
            0.349910487408057,
            0.34916856448061406,
            0.35172602447567847,
            0.3498495860909666,
            0.3514502297918637,
            0.34877297836582843,
            0.34554286501732256,
            0.3465742000153818,
            0.3474674015179853,
            0.34840916829997376,
            0.3491920334242177,
            0.34576278720514425,
            0.34647787395743784,
            0.34516823354930626,
            0.34551592707513046,
            0.3442012832886016,
            0.3473926168424133,
            0.35005775211442625,
            0.35272617440031584,
            0.3532619393657223,
            0.3531777992342709,
            0.3524063243875629,
            0.35151114046199683,
            0.3511327904018531,
            0.3511852857778086,
            0.35086348047148264,
            0.35058295551393837,
            0.3500705360003646,
            0.3488281658923412,
            0.3481736506780349,
            0.34804935915838653,
            0.3475512305508127,
            0.346793680249062,
            0.34638803240461813,
            0.34580397725087486,
            0.3447424488733995,
            0.3445306326775633,
            0.3440342901903519,
            0.3435837907673743,
            0.34293545590583685,
            0.34267709920146167,
            0.3423708751712879,
            0.3418427920503284,
            0.3414171456997438,
            0.3410991229048154,
            0.3407767447023544,
            0.34041951546703897,
            0.3401808559408201,
            0.33994522363968954,
            0.3394660706904158,
            0.3391537543270392,
            0.3382234581841069,
            0.3372981343760997,
            0.3368743997211979,
            0.3361857575224106,
            0.33590789015430034,
            0.3360016340490107,
            0.3364002086301694,
            0.33584432995498104,
            0.3358544794200645,
            0.3361847423150035,
            0.3378489574511787,
            0.3372594852016081,
            0.3668116957287464,
            0.40545436940594154,
            0.42157770609587725,
            0.43960857689232513,
            0.45142010821826717,
            0.4620859416450305,
            0.47681569141901814,
            0.4925720084939447,
            0.5034017728658176,
            0.5170681935483871
        ],
        "runtimes": [
            0.042938232421875,
            0.08266210556030273,
            0.12256669998168945,
            0.16274571418762207,
            0.2027132511138916,
            0.2434549331665039,
            0.28465914726257324,
            0.32586216926574707,
            0.36803603172302246,
            0.4104166030883789,
            0.4528167247772217,
            0.4957728385925293,
            0.539029598236084,
            0.5825099945068359,
            0.6267731189727783,
            0.6721353530883789,
            0.7188634872436523,
            0.7659347057342529,
            0.8130385875701904,
            0.8603010177612305,
            0.9081060886383057,
            0.9555542469024658,
            1.0045061111450195,
            1.0544917583465576,
            1.1036560535430908,
            1.154205322265625,
            1.2060940265655518,
            1.2576754093170166,
            1.3087513446807861,
            1.3600833415985107,
            1.4116783142089844,
            1.4644107818603516,
            1.5199811458587646,
            1.5751357078552246,
            1.6299660205841064,
            1.6862525939941406,
            1.742661714553833,
            1.798532485961914,
            1.8562209606170654,
            1.9135773181915283,
            1.9703056812286377,
            2.0278666019439697,
            2.086940288543701,
            2.144486665725708,
            2.1997666358947754,
            2.255312919616699,
            2.3123369216918945,
            2.369497060775757,
            2.425814628601074,
            2.4832258224487305,
            2.540347099304199,
            2.5983810424804688,
            2.6565403938293457,
            2.71648907661438,
            2.776128053665161,
            2.8387811183929443,
            2.8999440670013428,
            2.961763858795166,
            3.0240209102630615,
            3.0870373249053955,
            3.1509923934936523,
            3.2159571647644043,
            3.2813966274261475,
            3.347360372543335,
            3.4154412746429443,
            3.4825053215026855,
            3.5514562129974365,
            3.6203227043151855,
            3.6888246536254883,
            3.7579565048217773,
            3.8281993865966797,
            3.9003806114196777,
            3.9717495441436768,
            4.043706655502319,
            4.114230632781982,
            4.184878587722778,
            4.255457639694214,
            4.326585054397583,
            4.401524305343628,
            4.476016521453857,
            4.548763275146484,
            4.621651887893677,
            4.695026636123657,
            4.768710374832153,
            4.843261003494263,
            4.917616844177246,
            4.993089914321899,
            5.068485260009766,
            5.14468240737915,
            5.220101594924927,
            5.297881126403809,
            5.375648498535156,
            5.452241897583008,
            5.529828071594238,
            5.606848478317261
        ],