{
    "dataset": "5_campaign",
    "model": "LODA",
    "auc": 0.6155949438716397,
    "total_runtime": 1.5670452117919922,
    "total_memory_usage": 4.72265625,
    "Instances": 41188,
    "window_metric": {
        "window_size": 1000,
        "auc_scores": [
            0.5939111062012078,
            0.5883537030631462,
            0.6148663477880136,
            0.6109426508004234,
            0.6128529879710981,
            0.6100670873646408,
            0.6122582334585253,
            0.6115722955903986,
            0.6137486834496686,
            0.6190160321422999,
            0.62279594595643,
            0.6217070133276836,
            0.6229972600168572,
            0.621121094017094,
            0.6211146608678493,
            0.6201415092954095,
            0.622066055259976,
            0.622794866429518,
            0.6235070281011414,
            0.6230339505997454,
            0.6230415447729558,
            0.624573345174623,
            0.6208730976342595,
            0.6187422656885948,
            0.6210168481095882,
            0.6199904727478276,
            0.6202274819762009,
            0.6190371496280116,
            0.6178857332594669,
            0.6180762817829626,
            0.616721202709304,
            0.6152675876859609,
            0.6148552213711937,
            0.6154677194764914,
            0.6151721744106068,
            0.614695249096983,
            0.6146226472517855,
            0.615366467545348,
            0.6148443436364917,
            0.6153187899611742,
            0.6155054513299388
        ],
        "runtimes": [
            0.03141188621520996,
            0.06029176712036133,
            0.08972358703613281,
            0.11965322494506836,
            0.14990711212158203,
            0.18065285682678223,
            0.21190595626831055,
            0.24373102188110352,
            0.2760739326477051,
            0.30878710746765137,
            0.34177279472351074,
            0.37505626678466797,
            0.4086017608642578,
            0.44220900535583496,
            0.4767265319824219,
            0.5121514797210693,
            0.5485591888427734,
            0.5846607685089111,
            0.6215739250183105,
            0.6589217185974121,
            0.69651198387146,
            0.7352564334869385,
            0.7746689319610596,
            0.8143441677093506,
            0.8542532920837402,
            0.8942265510559082,
            0.9346668720245361,
            0.9749786853790283,
            1.0156476497650146,
            1.056838035583496,
            1.0981130599975586,
            1.1403019428253174,
            1.1828618049621582,
            1.2254176139831543,
            1.268819808959961,
            1.3128340244293213,
            1.3564929962158203,
            1.4013147354125977,
            1.447216272354126,
            1.493086338043213,
            1.540670394897461
        ],
        "memory_usages": [
            1.0,
            1.0,
            1.0,
            1.0,
            1.0,
            1.0,
            2.0,
            2.0,
            2.0,
            2.0,
            2.0,
            2.0,
            3.0,
            3.0,
            3.0,
            3.0,
            3.0,
            3.0,
            4.0,
            4.0,
            4.0,
            2.71484375,
            3.71484375,
            3.0078125,
            4.0078125,
            3.7421875,
            3.4609375,
            3.79296875,
            3.859375,
            4.16015625,
            4.265625,
            4.33203125,
            4.40234375,
            4.47265625,
            4.57421875,
            4.640625,
            4.7109375,
            4.78125,
            4.98828125,
            5.13671875,
            5.2890625
        ]
    },
    "run_count": 6,
    "seed": 89
}