{
    "dataset": "3_backdoor",
    "model": "LODA",
    "auc": 0.6879649441127993,
    "total_runtime": 5.50646710395813,
    "total_memory_usage": 12.25390625,
    "Instances": 95329,
    "window_metric": {
        "window_size": 1000,
        "auc_scores": [
            0.6093692997703813,
            0.590571031077731,
            0.594042835704258,
            0.5977148642296706,
            0.6005218488122375,
            0.6025946591037692,
            0.605873769447356,
            0.6027351199566734,
            0.602570913294376,
            0.6014286329545385,
            0.5996470362412156,
            0.5954518364956225,
            0.5918745538521176,
            0.5894098733321728,
            0.5862170164032438,
            0.5831302240663051,
            0.5816898407053224,
            0.588565926064036,
            0.5971781145575216,
            0.6049218544617988,
            0.590831099740091,
            0.5999426082308575,
            0.6014487136883298,
            0.6065923431182181,
            0.6088312202131757,
            0.6146511522285127,
            0.6197984028554824,
            0.6218826933821969,
            0.6220497949219994,
            0.6265958861723985,
            0.6281023673736662,
            0.633757297059403,
            0.6387514735481472,
            0.6371482022661713,
            0.6391413932372465,
            0.6396358485287104,
            0.6429483129733532,
            0.6436753714144023,
            0.6474752926839538,
            0.6489034800571677,
            0.6495128338528813,
            0.6485742569476303,
            0.6471990440740065,
            0.6455819508692895,
            0.6435854629084231,
            0.6418573062104015,
            0.6406536671757491,
            0.6391042200633618,
            0.6377727072387961,
            0.6361353137445392,
            0.6343340451441156,
            0.6324401120612344,
            0.631132888649804,
            0.6294832742712915,
            0.6275718310331522,
            0.6258851531121705,
            0.6239559375175865,
            0.6224412053840653,
            0.6212013109391458,
            0.6197261319399352,
            0.6183458638846523,
            0.6169780069106081,
            0.6159806157396921,
            0.6149522541463754,
            0.6139211517707935,
            0.6126811577007576,
            0.6117001911437924,
            0.6109073679341075,
            0.6098747788477334,
            0.6087388295030869,
            0.6077403488373877,
            0.6067344041810245,
            0.605881161258938,
            0.6049184817075962,
            0.6038093575466479,
            0.6029727317600704,
            0.6019878606394351,
            0.6014851826814536,
            0.6017956821462318,
            0.6041061759009606,
            0.6045436916504965,
            0.6057338887527566,
            0.606769457191414,
            0.6081903580126308,
            0.6100257296991569,
            0.6201222498334084,
            0.6418056281070603,
            0.6402907710298275,
            0.6492945825985605,
            0.6566852579162699,
            0.6635027167693867,
            0.6711120228846696,
            0.6791563936123417,
            0.6851117484849264,
            0.6918870215053763
        ],
        "runtimes": [
            0.041066646575927734,
            0.08010601997375488,
            0.12017107009887695,
            0.16021323204040527,
            0.2004098892211914,
            0.24118661880493164,
            0.2826240062713623,
            0.32439303398132324,
            0.36672067642211914,
            0.4093775749206543,
            0.4518411159515381,
            0.49434351921081543,
            0.5375549793243408,
            0.5815083980560303,
            0.6263666152954102,
            0.6718082427978516,
            0.7175703048706055,
            0.7640728950500488,
            0.8103959560394287,
            0.855571985244751,
            0.9004473686218262,
            0.9473297595977783,
            0.9951045513153076,
            1.0423612594604492,
            1.0906643867492676,
            1.1400368213653564,
            1.190953254699707,
            1.2411079406738281,
            1.2907259464263916,
            1.341914415359497,
            1.3924601078033447,
            1.4432740211486816,
            1.4939429759979248,
            1.544881820678711,
            1.596320629119873,
            1.647146224975586,
            1.6979546546936035,
            1.7488791942596436,
            1.8011939525604248,
            1.8535008430480957,
            1.9060354232788086,
            1.9587247371673584,
            2.0118985176086426,
            2.065138816833496,
            2.1192870140075684,
            2.174609899520874,
            2.230834722518921,
            2.2870852947235107,
            2.345155715942383,
            2.402585744857788,
            2.460859537124634,
            2.519214153289795,
            2.5784480571746826,
            2.6376986503601074,
            2.698366403579712,
            2.7587497234344482,
            2.819390296936035,
            2.8806819915771484,
            2.9423437118530273,
            3.004887580871582,
            3.0690722465515137,
            3.132720708847046,
            3.197402238845825,
            3.2615466117858887,
            3.325716733932495,
            3.3929712772369385,
            3.45866322517395,
            3.525059223175049,
            3.591118812561035,
            3.658066987991333,
            3.725513458251953,
            3.7937538623809814,
            3.862694263458252,
            3.9316859245300293,
            4.0006725788116455,
            4.0696187019348145,
            4.138958215713501,
            4.208402395248413,
            4.2778480052948,
            4.347512245178223,
            4.417617559432983,
            4.488713026046753,
            4.560145378112793,
            4.63488507270813,
            4.708662033081055,
            4.781667709350586,
            4.854801893234253,
            4.9282801151275635,
            5.00372052192688,
            5.078308343887329,
            5.153040170669556,
            5.22851300239563,
            5.302812337875366,
            5.37718391418457,
            5.452740430831909
        ],