{
    "dataset": "8_celeba",
    "model": "LODA",
    "auc": 0.4970533804179028,
    "total_runtime": 15.024107694625854,
    "total_memory_usage": 22.5078125,
    "Instances": 202599,
    "window_metric": {
        "window_size": 1000,
        "auc_scores": [
            0.4560177646188009,
            0.4864321208507255,
            0.523841315951149,
            0.5120387592439902,
            0.5179402677651905,
            0.5212484745649375,
            0.5150031087167153,
            0.5208659892556882,
            0.5116743537796169,
            0.5008337602459016,
            0.5040700322331455,
            0.5036394254835928,
            0.5049032296458894,
            0.5055547742933484,
            0.5040572584894243,
            0.5020137482072171,
            0.4986919189747959,
            0.4984176055056519,
            0.5007277939268987,
            0.5035261192020164,
            0.5026453348496334,
            0.5052079643335873,
            0.5063588342976668,
            0.5040040424301461,
            0.5001258865369218,
            0.49950140419849115,
            0.4977442450587203,
            0.49558286851271305,
            0.49751456321924625,
            0.49728233696084106,
            0.4973844374368838,
            0.49968927328023494,
            0.5003198233046283,
            0.5014842567365689,
            0.5013289382150412,
            0.49970909243998185,
            0.497392067579136,
            0.4985940452041788,
            0.49759823433405226,
            0.49630313459179876,
            0.4955258666514696,
            0.49726671399405126,
            0.49734661036848765,
            0.4967571999531074,
            0.49527631015884566,
            0.4944773446277183,
            0.49559879169712745,
            0.4971544657043008,
            0.4969239603789634,
            0.4975614105390605,
            0.4981063996425596,
            0.4982398536147234,
            0.4983010752122625,
            0.4982052788566743,
            0.4995807550154365,
            0.500043884840662,
            0.5005645036336084,
            0.5003863978505104,
            0.5013348320830809,
            0.5021398728064901,
            0.5032969022872449,
            0.5037287112286658,
            0.5020650421104904,
            0.5022484921879855,
            0.5015479561276568,
            0.5012515375546813,
            0.4993818878628389,
            0.49992717055226177,
            0.5009808404886982,
            0.5005810922685652,
            0.4999534476795918,
            0.4989856364959552,
            0.49707608905834744,
            0.49743763158414894,
            0.49847495339302583,
            0.49939765655925894,
            0.5004064562237613,
            0.4996771311249161,
            0.49798281829790797,
            0.4978348305784407,
            0.4975344159213111,
            0.4967369826403842,
            0.4968931149916701,
            0.496526125676659,
            0.49717469945644843,
            0.4973552416890395,
            0.49736420024983174,
            0.4978917740509003,
            0.4974577416091447,
            0.4976593465909091,
            0.49717612553412033,
            0.4970625489950101,
            0.4974820147016207,
            0.49796364129287585,
            0.4982291258599469,
            0.4990441746516804,
            0.500325474456025,
            0.5004187259647463,
            0.4992144937419308,
            0.4974871329661935,
            0.497318247407142,
            0.49773761171022335,
            0.4982540728500001,
            0.49770732072176294,
            0.49788499785830187,
            0.49810457306638756,
            0.49799011653807324,
            0.49872874474899154,
            0.4986185045040575,
            0.4987872372125667,
            0.4989907756514646,
            0.4991053256850849,
            0.49896983889948,
            0.4988198592902219,
            0.49913288902857983,
            0.49948185376000415,
            0.4996322194775033,
            0.49883992682165595,
            0.4989266387474536,
            0.4992866150430354,
            0.49941710499986636,
            0.498992364894868,
            0.4993077426840077,
            0.4989702037664576,
            0.5001289350674385,
            0.500772297423683,
            0.4993580700518315,
            0.49938967821432717,
            0.49894276367258394,
            0.49904452771352126,
            0.4992821544141076,
            0.49944909261720477,
            0.4990236641628387,
            0.4995723225846367,
            0.49970852452428427,
            0.49960086415290117,
            0.49983712209910214,
            0.49932206721288996,
            0.49926367336788724,
            0.49830806180815373,
            0.49850813509903036,
            0.49783222876273864,
            0.4977001676681239,
            0.49763036727937254,
            0.4977596568186885,
            0.4978896098087501,
            0.49781680402506734,
            0.4979577151581981,
            0.4984320872663729,
            0.4979415682507179,
            0.497932575878704,
            0.4975405913727736,
            0.497583582167812,
            0.4971801778991028,
            0.4967171159499218,
            0.497165626434636,
            0.4972577267988722,
            0.49747960902251853,
            0.4979187735016731,
            0.49653482351983164,
            0.4965012307406255,
            0.4961182986622318,
            0.49569590562379107,
            0.4955002691542266,
            0.49561613557714707,
            0.4953334401916356,
            0.49522203518952046,
            0.4952429766248699,
            0.49464611893345545,
            0.4948966220213834,
            0.4947842669960152,
            0.4950658901120387,
            0.49489929771337193,
            0.49438549175699764,
            0.49404023994127755,
            0.4944050529056466,
            0.4955673401830509,
            0.49515083968705587,
            0.4951905528046741,
            0.49544264496332774,
            0.49564595842348597,
            0.49634744213232407,
            0.49598014422325387,
            0.4965932205799417,
            0.4965928287611639,
            0.4970245002602991,
            0.4976184489801929,
            0.4972180388500971,
            0.4972826346768272,
            0.49743657493806753,
            0.49728307846713315,
            0.4976898206992524,
            0.4972522569710123,
            0.4972712383064993,
            0.4972666513219452,
            0.49685911811256306,
            0.4975025749258343,
            0.4973462564834881,
            0.4972113405909655,
            0.4970717862520301,
            0.49695906853921346,
            0.49721876649777175
        ],