{
    "dataset": "8_celeba",
    "model": "LODA",
    "auc": 0.5784111881349593,
    "total_runtime": 14.422282695770264,
    "total_memory_usage": 26.37890625,
    "Instances": 202599,
    "window_metric": {
        "window_size": 1000,
        "auc_scores": [
            0.5602368615840119,
            0.5336593122639635,
            0.5612004645034819,
            0.5746326372776489,
            0.5772761816825882,
            0.5867053110215819,
            0.5901172790996398,
            0.5866478897087487,
            0.5771790245474455,
            0.5718190744535518,
            0.572147499621664,
            0.5676500745070805,
            0.5727508354620907,
            0.576390156096189,
            0.5705137345363669,
            0.5728130162426441,
            0.5691835338901243,
            0.5692229333450274,
            0.5716699635638685,
            0.5741991978513619,
            0.570380031123732,
            0.5725884797208938,
            0.5709040930970052,
            0.5678188745367249,
            0.5644674835999199,
            0.5654595327013632,
            0.5699258271367234,
            0.5691865147589239,
            0.5665523408287699,
            0.5693056891047407,
            0.5699293098706807,
            0.5697093583290356,
            0.5675641102426843,
            0.5656359460755082,
            0.5646966639333355,
            0.5686590256070222,
            0.5698905436509655,
            0.5699439326957736,
            0.5681037353435414,
            0.5679992914078198,
            0.5707192610286135,
            0.5739856566933703,
            0.5743278084941552,
            0.5718212080768834,
            0.5696587691268542,
            0.5705163566093479,
            0.5719956506025086,
            0.569704441754675,
            0.5709609746176791,
            0.5701640273864297,
            0.5697192073411392,
            0.5687019658278012,
            0.5702635742725936,
            0.5709332467702274,
            0.5719261400172111,
            0.5710881268507768,
            0.5714449720246282,
            0.5701684453507159,
            0.5713613514115168,
            0.5715495274585755,
            0.5719131065270501,
            0.5719478336599781,
            0.5713419844617067,
            0.5727894531196985,
            0.5733844498853784,
            0.5752282762254186,
            0.5756353350986799,
            0.5768570270309118,
            0.5767893583993857,
            0.5761424345574097,
            0.5756520707874466,
            0.5743346930229601,
            0.5752123929812502,
            0.5749477736803388,
            0.5750755834788431,
            0.575046979653234,
            0.5752684643783682,
            0.576031057952463,
            0.5756109833023638,
            0.5792758373706594,
            0.5784769182449828,
            0.5785220294956359,
            0.5778411375667362,
            0.5765054140524444,
            0.5773677197622541,
            0.5760788309207538,
            0.5753662253131262,
            0.5757851739684775,
            0.5755386756950764,
            0.5759716079545455,
            0.5763630502527713,
            0.574819023263865,
            0.5758415789744056,
            0.5758212692608333,
            0.5750355429035491,
            0.5751165849526063,
            0.5753097658514119,
            0.5762678070143514,
            0.576369540066836,
            0.5754386704646339,
            0.5754854768669004,
            0.5752372365822771,
            0.5756884305257353,
            0.5749768751809836,
            0.575561495561075,
            0.5761196126999508,
            0.5768200389235782,
            0.5770208630602285,
            0.5767930113507314,
            0.5773299365408036,
            0.5761921216335346,
            0.5750732305333458,
            0.5746075275917144,
            0.5741639465660954,
            0.5740860395737875,
            0.5733974643761719,
            0.5727421717899387,
            0.5717570910059254,
            0.5723672739244815,
            0.5724792520109175,
            0.5729829266263591,
            0.5729559359187186,
            0.5732462267690628,
            0.5731912441585796,
            0.5741178556757509,
            0.5753759357424315,
            0.5744027380033929,
            0.5744290887127665,
            0.5734547627778419,
            0.5731683647323726,
            0.5731043389238623,
            0.5733142782190328,
            0.5736144910723374,
            0.5735722508392962,
            0.5733261099252857,
            0.5741710756053651,
            0.5749932115046621,
            0.5754240268984124,
            0.5749645946641633,
            0.5749364098687832,
            0.5755804525386498,
            0.5751181094086419,
            0.5756789977521232,
            0.5763986582297916,
            0.5766112761439958,
            0.5769835815251682,
            0.5774838222178869,
            0.5769601519098945,
            0.5767361074155716,
            0.5769270207301767,
            0.5764995462255524,
            0.5760424901796839,
            0.5762803087022448,
            0.576501099776979,
            0.5762449309413237,
            0.576613891415132,
            0.5761688097501598,
            0.57553268280468,
            0.5761036576441372,
            0.576025935402394,
            0.5754263287614133,
            0.574865716763682,
            0.5749311068480554,
            0.575159635952808,
            0.5754826241500347,
            0.5754214800561319,
            0.5754370595418199,
            0.5759778971496563,
            0.5760519661855352,
            0.5759615176718774,
            0.5760384372671447,
            0.5758385791008714,
            0.57607023195061,
            0.575891854219688,
            0.5753408389787569,
            0.5757288908257805,
            0.576230294165,
            0.576619824287244,
            0.5768523319685066,
            0.5767276884989826,
            0.5769981754304863,
            0.5772447104674214,
            0.5774424860205706,
            0.5778359045439827,
            0.5777133835916611,
            0.5777379264940369,
            0.5785637347912425,
            0.5781398892989877,
            0.578477827644698,
            0.5782201507304778,
            0.5781758133753677,
            0.578643625203233,
            0.578429894669489,
            0.578906840489589,
            0.5790583453027774,
            0.5788200051069559,
            0.5783842442454983,
            0.5786674527039524,
            0.5788062771980972,
            0.5788647595140148,
            0.5786100112597661,
            0.5783333676731315
        ],