{
    "dataset": "49_kddcup99_prob",
    "model": "LODA",
    "auc": 0.37854303845877735,
    "total_runtime": 3.608905553817749,
    "total_memory_usage": 9.61328125,
    "Instances": 64759,
    "window_metric": {
        "window_size": 1000,
        "auc_scores": [
            0.8194455561781264,
            0.22513714226114515,
            0.2312887550153549,
            0.2517213100569753,
            0.3215024012547931,
            0.32450478257152776,
            0.317553751917483,
            0.30945451145067165,
            0.323368982183444,
            0.3348265235639625,
            0.3401890603245864,
            0.2198984791265573,
            0.240758541954615,
            0.2980555176432702,
            0.3563308317260604,
            0.3593885532656772,
            0.3642639635520579,
            0.3712232496275657,
            0.38032520062992126,
            0.37637198011999723,
            0.38278666724994337,
            0.377578142243529,
            0.3829611253513203,
            0.3880680278992447,
            0.39260270601277397,
            0.396402476949403,
            0.4185994192344884,
            0.41741384282614435,
            0.41226790175528316,
            0.411985143538715,
            0.412149234047976,
            0.4104939515563647,
            0.4042568844638627,
            0.40167051603948467,
            0.4019045420542389,
            0.4012237014716915,
            0.40050848725734967,
            0.3982142289108227,
            0.3943400947323729,
            0.38941026451956007,
            0.3891829852460848,
            0.38916136857187844,
            0.39003180066621396,
            0.3914998872721492,
            0.39173323663222764,
            0.3910780335142491,
            0.39079810987707253,
            0.39048835956554445,
            0.39135783292818666,
            0.391612096016053,
            0.3892068674694926,
            0.38814935414975626,
            0.3875101409403824,
            0.38569246938150037,
            0.3842795192295512,
            0.38438987347654846,
            0.3846161700612079,
            0.38392031383433417,
            0.3825819681209175,
            0.3818976369170316,
            0.3819528948469599,
            0.3818137429636838,
            0.38239463454717737,
            0.3805363566196128
        ],
        "runtimes": [
            0.02754998207092285,
            0.06735873222351074,
            0.19392943382263184,
            0.23703622817993164,
            0.2623782157897949,
            0.2882423400878906,
            0.314603328704834,
            0.355396032333374,
            0.4302036762237549,
            0.4862093925476074,
            0.5256595611572266,
            0.6083495616912842,
            0.6648659706115723,
            0.6929664611816406,
            0.7212913036346436,
            0.7504589557647705,
            0.7807250022888184,
            0.8115589618682861,
            0.8434314727783203,
            0.9856219291687012,
            1.073763370513916,
            1.1606836318969727,
            1.1913681030273438,
            1.2239162921905518,
            1.2573611736297607,
            1.293200969696045,
            1.3269741535186768,
            1.3617608547210693,
            1.4710702896118164,
            1.5499897003173828,
            1.6214747428894043,
            1.6758251190185547,
            1.728039264678955,
            1.8017723560333252,
            1.8552329540252686,
            1.896071195602417,
            1.9374072551727295,
            1.9788322448730469,
            2.017763137817383,
            2.056485414505005,
            2.0958616733551025,
            2.2463443279266357,
            2.2902677059173584,
            2.334476947784424,
            2.3792943954467773,
            2.425044536590576,
            2.470609188079834,
            2.5132126808166504,
            2.578625202178955,
            2.6382455825805664,
            2.685229778289795,
            2.834286689758301,
            2.8824312686920166,
            2.932014226913452,
            2.9825637340545654,
            3.143436908721924,
            3.1935718059539795,
            3.245300054550171,
            3.296041250228882,
            3.3474016189575195,
            3.400127410888672,
            3.4536759853363037,
            3.5076162815093994,
            3.560593843460083
        ],
        "memory_usages": [
            2.0,
            2.0,
            3.0,
            3.0,
            3.0,
            3.0,
            3.0,
            3.0,
            4.0,
            4.0,
            4.0,
            4.0,
            4.0,
            4.0,
            4.0,
            5.0,
            5.0,
            5.0,
            5.0,
            5.0,
            6.0,
            6.0,
            6.0,
            6.0,
            6.0,
            6.0,
            5.45703125,
            5.3515625,
            6.3515625,
            5.8125,
            6.5703125,
            5.87109375,
            6.85546875,
            6.01171875,
            6.11328125,
            6.18359375,
            6.25390625,
            6.32421875,
            6.42578125,
            6.49609375,
            6.56640625,
            6.6328125,
            6.703125,
            6.81640625,
            6.88671875,
            6.94921875,
            7.01953125,
            7.140625,
            7.28125,
            7.80859375,
            7.953125,
            8.1015625,
            8.2421875,
            8.38671875,
            8.5859375,
            8.92578125,
            9.05859375,
            9.1875,
            8.26171875,
            8.32421875,
            8.46484375,
            8.52734375,
            9.4765625,
            9.5546875
        ]
    },
    "run_count": 8,
    "seed": 36
}