{
    "dataset": "3_backdoor",
    "model": "LODA",
    "auc": 0.7323549679820127,
    "total_runtime": 5.462955474853516,
    "total_memory_usage": 10.69921875,
    "Instances": 95329,
    "window_metric": {
        "window_size": 1000,
        "auc_scores": [
            0.7655743685486813,
            0.7693281310473958,
            0.7752819867357312,
            0.777751951198095,
            0.779545670015128,
            0.7814258622286084,
            0.783132070264446,
            0.7817910210241813,
            0.7824026046571013,
            0.7820340074528455,
            0.7800424525576828,
            0.7775252348450049,
            0.7755464474416127,
            0.7739581245730318,
            0.7726819173927346,
            0.7711511913398047,
            0.7704211057321282,
            0.7727123382359462,
            0.7749523744910343,
            0.7791364352868609,
            0.6632732293697207,
            0.6570029691390699,
            0.6600623408891393,
            0.6659195782981842,
            0.6661662139480332,
            0.6669819115270496,
            0.6739705336842257,
            0.6740803414090405,
            0.6758676271318518,
            0.6799118676258131,
            0.6794489133914516,
            0.6824488560917763,
            0.6869077598411903,
            0.685579555521473,
            0.6898796622655117,
            0.6898681918166751,
            0.6889647461218587,
            0.688303089683554,
            0.6915249471237608,
            0.692486515839719,
            0.6928420869383505,
            0.6921389535565375,
            0.6912636285226752,
            0.6899645786161415,
            0.6886497609529458,
            0.6876580810466426,
            0.6871435914068718,
            0.6863490383177813,
            0.6860261399050012,
            0.6853550477469524,
            0.6841646329985281,
            0.6833307696251858,
            0.6828060541420855,
            0.6819181589841483,
            0.6807080359781879,
            0.6798005924889883,
            0.6787715075966878,
            0.6771824948540083,
            0.6763854691021796,
            0.6755608837396624,
            0.6748930269106552,
            0.6742468345696633,
            0.673790794174664,
            0.6732686159034846,
            0.6726433320886737,
            0.6719787721001703,
            0.6714567668267576,
            0.6711879579212464,
            0.6705238441560734,
            0.6699681154815711,
            0.6693678829845563,
            0.6686982845251804,
            0.6681878971823921,
            0.6669581320416651,
            0.6656437043574694,
            0.664982400540246,
            0.6639526004188762,
            0.6634889296922232,
            0.6641708396665748,
            0.665872744883916,
            0.6662644678165661,
            0.6679898001334047,
            0.6686592598976493,
            0.6685141428468938,
            0.6681048631587969,
            0.6498174752885912,
            0.6752059787839153,
            0.681663576488138,
            0.6922795434733984,
            0.7005211406452666,
            0.7066455797798123,
            0.7140678012816747,
            0.7221222980304656,
            0.7274600436742571,
            0.7345984784946238
        ],
        "runtimes": [
            0.0403599739074707,
            0.07866072654724121,
            0.11789083480834961,
            0.15735983848571777,
            0.19685649871826172,
            0.23670744895935059,
            0.2775428295135498,
            0.31847620010375977,
            0.3598289489746094,
            0.4016754627227783,
            0.4439244270324707,
            0.48613882064819336,
            0.5288295745849609,
            0.5715901851654053,
            0.6163616180419922,
            0.6613490581512451,
            0.7069833278656006,
            0.7526485919952393,
            0.7989273071289062,
            0.8441829681396484,
            0.8886566162109375,
            0.9347758293151855,
            0.9815881252288818,
            1.0283639430999756,
            1.0754122734069824,
            1.1234972476959229,
            1.1738307476043701,
            1.223823070526123,
            1.273719310760498,
            1.3234443664550781,
            1.3733594417572021,
            1.4234323501586914,
            1.4733386039733887,
            1.5238573551177979,
            1.5744473934173584,
            1.6242520809173584,
            1.674485445022583,
            1.724353313446045,
            1.7753844261169434,
            1.8274588584899902,
            1.879073143005371,
            1.9314343929290771,
            1.983729362487793,
            2.036337375640869,
            2.0893778800964355,
            2.143545150756836,
            2.198101758956909,
            2.253620147705078,
            2.3093771934509277,
            2.3667261600494385,
            2.423537492752075,
            2.481365203857422,
            2.5395946502685547,
            2.59820818901062,
            2.6571805477142334,
            2.717337131500244,
            2.7768619060516357,
            2.8368589878082275,
            2.8979835510253906,
            2.959664821624756,
            3.0232112407684326,
            3.0874571800231934,
            3.152387857437134,
            3.216391086578369,
            3.280271291732788,
            3.345020055770874,
            3.411069393157959,
            3.4769270420074463,
            3.542802572250366,
            3.6091363430023193,
            3.676286220550537,
            3.744509696960449,
            3.8132646083831787,
            3.8818652629852295,
            3.950754404067993,
            4.021182537078857,
            4.089421033859253,
            4.1577019691467285,
            4.227116584777832,
            4.296418190002441,
            4.365895509719849,
            4.437035083770752,
            4.50883150100708,
            4.580847978591919,
            4.656882047653198,
            4.731309652328491,
            4.804386138916016,
            4.878302812576294,
            4.95403265953064,
            5.029455900192261,
            5.105121612548828,
            5.180695056915283,
            5.256391286849976,
            5.33182954788208,
            5.408738136291504
        ],