{
    "dataset": "32_shuttle",
    "model": "LODA",
    "auc": 0.9283902665255112,
    "total_runtime": 1.7199928760528564,
    "total_memory_usage": 6.94140625,
    "Instances": 49097,
    "window_metric": {
        "window_size": 1000,
        "auc_scores": [
            0.9091296389800556,
            0.9006617738011791,
            0.9031187912384411,
            0.9091152031972289,
            0.9119151933299887,
            0.914139358845666,
            0.9124170084653705,
            0.9118592383926876,
            0.9140191694624307,
            0.9152269389522787,
            0.914901390458457,
            0.9167522311396468,
            0.9173274541193505,
            0.9192543659378251,
            0.9197289032355803,
            0.9210940743966539,
            0.9214476215817914,
            0.9214843595998774,
            0.9219178578819729,
            0.9226066799754576,
            0.9233183761428068,
            0.9229466333577159,
            0.9237625094691921,
            0.924354614818303,
            0.925161555605275,
            0.9251901161656337,
            0.9260121050573586,
            0.9262031938763292,
            0.9260542290030938,
            0.9260563168635481,
            0.9262861738722307,
            0.9262085774640022,
            0.9264188906552095,
            0.926542147086239,
            0.9268447279336332,
            0.9267867290632558,
            0.9268514807430565,
            0.9274120592110644,
            0.9275710690391304,
            0.9271907072624632,
            0.9276331404634817,
            0.9281810268549184,
            0.9280730024876161,
            0.9286610899774159,
            0.9288953871339418,
            0.9287772236504641,
            0.9284693773047848,
            0.9284640002937846,
            0.9284391841261773
        ],
        "runtimes": [
            0.025377988815307617,
            0.05005192756652832,
            0.07519292831420898,
            0.10080337524414062,
            0.12659025192260742,
            0.15173602104187012,
            0.17698287963867188,
            0.20273351669311523,
            0.22878432273864746,
            0.25548553466796875,
            0.28205084800720215,
            0.3092944622039795,
            0.3371286392211914,
            0.3654353618621826,
            0.3944733142852783,
            0.42365169525146484,
            0.4536588191986084,
            0.48453545570373535,
            0.5159978866577148,
            0.5473008155822754,
            0.5795283317565918,
            0.6128172874450684,
            0.6473546028137207,
            0.6813390254974365,
            0.716019868850708,
            0.7513864040374756,
            0.7874677181243896,
            0.8235292434692383,
            0.8602707386016846,
            0.89762282371521,
            0.936009407043457,
            0.9738855361938477,
            1.0123004913330078,
            1.0512564182281494,
            1.090285062789917,
            1.1310911178588867,
            1.172105312347412,
            1.2137086391448975,
            1.255331039428711,
            1.2980875968933105,
            1.3399975299835205,
            1.381495714187622,
            1.4240188598632812,
            1.4675230979919434,
            1.5117969512939453,
            1.5557374954223633,
            1.60123872756958,
            1.6468358039855957,
            1.692936658859253
        ],
        "memory_usages": [
            2.0,
            2.0,
            2.0,
            3.0,
            3.0,
            3.0,
            3.0,
            3.0,
            3.0,
            3.0,
            4.0,
            4.0,
            4.0,
            4.0,
            4.0,
            4.0,
            5.0,
            5.0,
            5.0,
            5.0,
            5.0,
            5.0,
            4.2734375,
            5.2734375,
            4.8046875,
            5.8046875,
            5.8046875,
            5.05859375,
            6.05859375,
            5.2109375,
            5.34375,
            5.40234375,
            6.015625,
            6.1640625,
            6.78125,
            6.23046875,
            7.1015625,
            6.38671875,
            6.49609375,
            6.57421875,
            6.65234375,
            6.73046875,
            6.8046875,
            6.92578125,
            7.0,
            7.07421875,
            7.15234375,
            7.23046875,
            7.375
        ]
    },
    "run_count": 8,
    "seed": 76
}