{
    "dataset": "48_chess",
    "model": "LODA",
    "auc": 0.972434634498925,
    "total_runtime": 1.0310852527618408,
    "total_memory_usage": 5.23046875,
    "Instances": 28056,
    "window_metric": {
        "window_size": 1000,
        "auc_scores": [
            0.987987987987988,
            0.9863128025371392,
            0.9866533199866533,
            0.9872404303227421,
            0.9876401120896717,
            0.9869496330887257,
            0.9815582558970694,
            0.9841756317237929,
            0.9837854866207101,
            0.9843604809080643,
            0.9842627126353134,
            0.9847606737825216,
            0.9850196274630542,
            0.9791524509517218,
            0.9699534468334096,
            0.969831257127185,
            0.9699458377487342,
            0.9694152534519507,
            0.9717456175959295,
            0.972032032032032,
            0.9718374642516683,
            0.9732016925246827,
            0.9738504814882218,
            0.973924961517755,
            0.973920354552275,
            0.975394802694899,
            0.9716308011703578,
            0.972420495424821
        ],
        "runtimes": [
            0.02831435203552246,
            0.05498671531677246,
            0.08197593688964844,
            0.10976505279541016,
            0.1384601593017578,
            0.1678791046142578,
            0.1982254981994629,
            0.22952890396118164,
            0.26142048835754395,
            0.2946789264678955,
            0.3272058963775635,
            0.36006593704223633,
            0.3932054042816162,
            0.4268620014190674,
            0.4610264301300049,
            0.4957258701324463,
            0.5309946537017822,
            0.5663020610809326,
            0.6015505790710449,
            0.636899471282959,
            0.6728558540344238,
            0.7095813751220703,
            0.7482454776763916,
            0.7902395725250244,
            0.8319449424743652,
            0.8718197345733643,
            0.9438915252685547,
            1.0143969058990479
        ],
        "memory_usages": [
            1.0,
            2.0,
            2.0,
            2.0,
            2.0,
            2.0,
            2.0,
            3.0,
            3.0,
            3.0,
            3.0,
            3.0,
            4.0,
            4.0,
            4.0,
            4.0,
            4.0,
            4.0,
            4.0,
            5.0,
            5.0,
            3.88671875,
            4.88671875,
            5.88671875,
            5.203125,
            6.203125,
            5.34765625,
            5.44140625
        ]
    },
    "run_count": 5,
    "seed": 18
}