{
    "dataset": "49_kddcup99_prob",
    "model": "LODA",
    "auc": 0.4254454666833799,
    "total_runtime": 4.108498811721802,
    "total_memory_usage": 10.97265625,
    "Instances": 64759,
    "window_metric": {
        "window_size": 1000,
        "auc_scores": [
            0.7665359267856666,
            0.2302361038355301,
            0.25565661438539106,
            0.272345375434047,
            0.3192130762281527,
            0.33170798846248817,
            0.31825455788427676,
            0.2891560818280095,
            0.3385823971637903,
            0.38419886042586776,
            0.4127882321696229,
            0.3052153648824526,
            0.38487097453972513,
            0.4304869710366342,
            0.4635508914650645,
            0.46623407087390556,
            0.4755338224155768,
            0.48786396266326604,
            0.5035378696062992,
            0.4948523180970051,
            0.48450914091735453,
            0.4762786690903139,
            0.4797117295644319,
            0.48291563008203536,
            0.4837461154199471,
            0.48449576309669834,
            0.48688965067001233,
            0.4839112866630326,
            0.4766338138876931,
            0.4765991559161308,
            0.47688619542295774,
            0.4736836323821961,
            0.4608253249429143,
            0.4568398151900435,
            0.45597377942133743,
            0.4547180454770626,
            0.45347424355722,
            0.44970768915602294,
            0.4409438309555917,
            0.448656742288428,
            0.4491555671984703,
            0.4493253083399145,
            0.4510871670086867,
            0.45350050307523476,
            0.4545048008337269,
            0.4529239305988969,
            0.45259198735199696,
            0.45189940176539645,
            0.4528669786973703,
            0.45282234114970454,
            0.44859023060745584,
            0.4446274560871203,
            0.44364896878595617,
            0.440762743545388,
            0.4383927124802052,
            0.43821804556703187,
            0.4378217172379523,
            0.436058981093701,
            0.4315249647734425,
            0.43077245979014916,
            0.43089211126368454,
            0.4310422897251692,
            0.4324630296220139,
            0.42977113260272926
        ],
        "runtimes": [
            0.028256893157958984,
            0.054216861724853516,
            0.08075618743896484,
            0.10748124122619629,
            0.13460779190063477,
            0.16223382949829102,
            0.18974947929382324,
            0.21709632873535156,
            0.24535417556762695,
            0.2743086814880371,
            0.30365562438964844,
            0.33220601081848145,
            0.36139512062072754,
            0.3911449909210205,
            0.4217836856842041,
            0.4537162780761719,
            0.48676586151123047,
            0.5207531452178955,
            0.5551533699035645,
            0.5900347232818604,
            0.6236343383789062,
            0.6579186916351318,
            0.6928849220275879,
            0.7286806106567383,
            0.7653045654296875,
            0.802187442779541,
            0.8400700092315674,
            0.9672446250915527,
            1.0323491096496582,
            1.071640968322754,
            1.1112594604492188,
            1.2006011009216309,
            1.2812905311584473,
            1.3197765350341797,
            1.3606505393981934,
            1.4015781879425049,
            1.4428625106811523,
            1.4847209453582764,
            1.5268874168395996,
            1.637770414352417,
            1.7498927116394043,
            1.7982659339904785,
            1.934349775314331,
            1.985525369644165,
            2.0851831436157227,
            2.2138383388519287,
            2.3717339038848877,
            2.4151129722595215,
            2.624440908432007,
            2.66917085647583,
            2.715846061706543,
            2.8643739223480225,
            3.0005881786346436,
            3.1180906295776367,
            3.1787779331207275,
            3.367432117462158,
            3.4649269580841064,
            3.5378384590148926,
            3.649233341217041,
            3.764857292175293,
            3.8649635314941406,
            3.9307169914245605,
            4.00112771987915,
            4.052739143371582
        ],
        "memory_usages": [
            2.0,
            3.0,
            3.0,
            3.0,
            3.0,
            3.0,
            4.0,
            4.0,
            4.0,
            4.0,
            4.0,
            4.0,
            4.0,
            5.0,
            5.0,
            5.0,
            5.0,
            5.0,
            5.0,
            5.0,
            6.0,
            6.0,
            6.0,
            6.0,
            6.0,
            5.41015625,
            6.41015625,
            6.41015625,
            6.41015625,
            5.6796875,
            6.0859375,
            6.4375,
            6.14453125,
            6.71875,
            6.31640625,
            7.0859375,
            6.45703125,
            7.38671875,
            6.62890625,
            6.69921875,
            6.12890625,
            6.1953125,
            6.234375,
            6.34765625,
            6.4140625,
            6.47265625,
            6.54296875,
            6.61328125,
            6.6796875,
            6.796875,
            6.8671875,
            6.9375,
            6.76171875,
            6.90625,
            7.53515625,
            7.87109375,
            8.00390625,
            8.13671875,
            8.25390625,
            8.3828125,
            8.78515625,
            8.86328125,
            9.86328125,
            8.97265625
        ]
    },
    "run_count": 4,
    "seed": 47
}