{
    "dataset": "5_campaign",
    "model": "LODA",
    "auc": 0.5159041558007795,
    "total_runtime": 1.5706517696380615,
    "total_memory_usage": 5.77734375,
    "Instances": 41188,
    "window_metric": {
        "window_size": 1000,
        "auc_scores": [
            0.5057537929002798,
            0.5219959452707637,
            0.5430590954860326,
            0.5347240000632121,
            0.5337180149778575,
            0.5356631486428027,
            0.5328916050202902,
            0.5328578293889161,
            0.5265247011411167,
            0.5289281674208144,
            0.5300032746038149,
            0.5311783317660937,
            0.5286637745857712,
            0.5290078881118881,
            0.5276142449956363,
            0.5245743072955615,
            0.5246505359103879,
            0.5220828140020803,
            0.5223793651368174,
            0.5199900277534113,
            0.519559102390175,
            0.5211706962364464,
            0.5191348360951613,
            0.5210181599071564,
            0.5222199237103645,
            0.5225827315769921,
            0.5242148913969671,
            0.5239634423253328,
            0.5229724113879509,
            0.5225016776995682,
            0.5222213021782128,
            0.5207662660665309,
            0.5205103256863469,
            0.5188925072976371,
            0.5181509896760405,
            0.5165721596219512,
            0.5173855082501334,
            0.5170040172540945,
            0.5164670151890557,
            0.5158822119961507,
            0.5158296876510083
        ],
        "runtimes": [
            0.03149557113647461,
            0.0606536865234375,
            0.08859395980834961,
            0.11709451675415039,
            0.14586734771728516,
            0.175156831741333,
            0.20470976829528809,
            0.23485875129699707,
            0.2655344009399414,
            0.29686450958251953,
            0.32877397537231445,
            0.3609318733215332,
            0.39391183853149414,
            0.427685022354126,
            0.4615156650543213,
            0.4959728717803955,
            0.5312309265136719,
            0.5674035549163818,
            0.6035819053649902,
            0.6401333808898926,
            0.677189826965332,
            0.7152626514434814,
            0.7541418075561523,
            0.7933485507965088,
            0.8330409526824951,
            0.8735260963439941,
            0.9139142036437988,
            0.9547882080078125,
            0.9957456588745117,
            1.0381157398223877,
            1.0812320709228516,
            1.1249008178710938,
            1.1687180995941162,
            1.2133586406707764,
            1.2576282024383545,
            1.3010663986206055,
            1.3450891971588135,
            1.394690990447998,
            1.4437479972839355,
            1.492154836654663,
            1.5422725677490234
        ],
        "memory_usages": [
            2.0,
            2.0,
            2.0,
            2.0,
            3.0,
            3.0,
            3.0,
            3.0,
            3.0,
            3.0,
            3.0,
            3.0,
            4.0,
            4.0,
            4.0,
            4.0,
            4.0,
            5.0,
            5.0,
            5.0,
            5.0,
            5.0,
            5.0,
            4.44140625,
            5.44140625,
            4.9453125,
            4.875,
            5.875,
            5.484375,
            5.1328125,
            5.86328125,
            5.3125,
            6.18359375,
            5.46875,
            5.578125,
            5.65234375,
            5.73046875,
            5.80859375,
            5.91796875,
            5.99609375,
            6.07421875
        ]
    },
    "run_count": 4,
    "seed": 22
}