{
    "dataset": "1_ALOI",
    "model": "LODA",
    "auc": 0.7868313842159547,
    "total_runtime": 1.8460712432861328,
    "total_memory_usage": 7.05078125,
    "Instances": 49534,
    "window_metric": {
        "window_size": 1000,
        "auc_scores": [
            NaN,
            0.7675648573461863,
            0.7815982321274917,
            0.7850341251154889,
            0.7854320675374711,
            0.7888841878635995,
            0.7844995421360418,
            0.7873236352106898,
            0.7884263107880943,
            0.7877930203618072,
            0.7903571735964169,
            0.7913824199516418,
            0.7907198849436028,
            0.7904768866398102,
            0.7923795199198503,
            0.7918891132471514,
            0.7921165437658934,
            0.7912602991821128,
            0.7912304055935233,
            0.7898498009892873,
            0.7905105325125563,
            0.7904127430721493,
            0.7902647509084868,
            0.788702296035938,
            0.7886759858652711,
            0.7897604522843166,
            0.7908502318925873,
            0.7905672740001385,
            0.7896695580793024,
            0.7891936765906834,
            0.7893343418041525,
            0.788956558940885,
            0.7890871657523397,
            0.7876791381579828,
            0.786930965896761,
            0.7868639666107943,
            0.7869279990170759,
            0.7861287536296608,
            0.7852875280059747,
            0.785710803250722,
            0.7863398650930477,
            0.787156895909753,
            0.7860613282391722,
            0.7862924923174803,
            0.7861599474619072,
            0.7864251696308292,
            0.7863364526622105,
            0.786921628340953,
            0.78686230220318
        ],
        "runtimes": [
            0.027008056640625,
            0.05376553535461426,
            0.08089923858642578,
            0.1081838607788086,
            0.1354529857635498,
            0.16335725784301758,
            0.19221019744873047,
            0.22184348106384277,
            0.2518494129180908,
            0.2824728488922119,
            0.3134331703186035,
            0.34476518630981445,
            0.3764317035675049,
            0.40856337547302246,
            0.44103145599365234,
            0.4744088649749756,
            0.5077686309814453,
            0.5420372486114502,
            0.5764880180358887,
            0.6112217903137207,
            0.6459248065948486,
            0.6818723678588867,
            0.7193505764007568,
            0.7565152645111084,
            0.7941310405731201,
            0.8324031829833984,
            0.8707349300384521,
            0.9103097915649414,
            0.9494063854217529,
            0.9890756607055664,
            1.0291059017181396,
            1.069077730178833,
            1.1097283363342285,
            1.1498820781707764,
            1.1907691955566406,
            1.2314276695251465,
            1.2730226516723633,
            1.3148465156555176,
            1.357717514038086,
            1.4004809856414795,
            1.4440622329711914,
            1.4877889156341553,
            1.5316696166992188,
            1.576214075088501,
            1.6211626529693604,
            1.6665151119232178,
            1.7131307125091553,
            1.7601990699768066,
            1.8082473278045654
        ],
        "memory_usages": [
            1.0,
            2.0,
            2.0,
            2.0,
            2.0,
            3.0,
            3.0,
            3.0,
            3.0,
            3.0,
            3.0,
            3.0,
            3.0,
            4.0,
            4.0,
            4.0,
            4.0,
            4.0,
            4.0,
            5.0,
            5.0,
            3.6875,
            4.6875,
            4.171875,
            5.171875,
            5.171875,
            4.390625,
            5.390625,
            4.765625,
            5.765625,
            5.4296875,
            5.0,
            5.73046875,
            5.13671875,
            5.26953125,
            5.609375,
            5.67578125,
            5.74609375,
            6.15234375,
            6.22265625,
            6.2890625,
            6.421875,
            6.5625,
            6.77734375,
            6.9140625,
            7.046875,
            7.18359375,
            7.3125,
            7.26171875
        ]
    },
    "run_count": 3,
    "seed": 52
}