{
    "dataset": "8_celeba",
    "model": "LODA",
    "auc": 0.5939614157708706,
    "total_runtime": 14.919546604156494,
    "total_memory_usage": 24.17578125,
    "Instances": 202599,
    "window_metric": {
        "window_size": 1000,
        "auc_scores": [
            0.615099925980755,
            0.5878592725104352,
            0.5949657481950773,
            0.6016396830571056,
            0.6010923683369438,
            0.6156760393854795,
            0.6138066472884732,
            0.6033866758150633,
            0.5913262886947097,
            0.5917618681693989,
            0.5934921182104871,
            0.587368381782048,
            0.5875012080001075,
            0.5927998874982421,
            0.5896257929103835,
            0.5961263732924189,
            0.5937407521759012,
            0.5970415416786132,
            0.595847457364773,
            0.5996950874679535,
            0.5976189200030517,
            0.6020889267029037,
            0.5971447247804655,
            0.5953230773960141,
            0.5958170697310479,
            0.5971427687849421,
            0.5991565544714095,
            0.5963538113372591,
            0.5925751336422965,
            0.5926575814992077,
            0.5938886134338035,
            0.5902053463419632,
            0.590730474269467,
            0.5915162052933239,
            0.594755160983971,
            0.5970361950469936,
            0.5964842394182758,
            0.594350519141647,
            0.5942198938590215,
            0.5931465707209997,
            0.5928744992576682,
            0.5940185094982952,
            0.595119882210174,
            0.5929569513242114,
            0.5923223414358166,
            0.5937787639420836,
            0.595134034548755,
            0.595111006378114,
            0.5959789264111398,
            0.5959850726018054,
            0.5953914715925468,
            0.5946252271401788,
            0.5961587036185145,
            0.5963966788158228,
            0.5988579494716475,
            0.5991487691214367,
            0.5999762889022615,
            0.5991437731881001,
            0.5995921925233355,
            0.5994267827148875,
            0.6007167425119682,
            0.5998254841120314,
            0.5989438367093542,
            0.5998887846894088,
            0.5994291465254499,
            0.5999724118356904,
            0.5988455619623432,
            0.5995542492985344,
            0.5991502656675183,
            0.5981979299128466,
            0.5983652896289174,
            0.5974644013432534,
            0.5977304326632058,
            0.596009467781683,
            0.5956520301753213,
            0.5954149315176945,
            0.5949699530938573,
            0.5949323544916252,
            0.5947324100762879,
            0.5969335665676241,
            0.5968327493128222,
            0.5974107580100095,
            0.5972207370512991,
            0.5972699185116083,
            0.5985015953778214,
            0.5978666514759694,
            0.5973900503921876,
            0.597373241474343,
            0.5969326732970105,
            0.5974860852272728,
            0.5981630473015206,
            0.5973050907510218,
            0.5976089541672379,
            0.5971870460309665,
            0.5968290273203605,
            0.5967414854223472,
            0.5972023653523596,
            0.5971258968106659,
            0.5973878405240527,
            0.5974101737424471,
            0.5966512292436278,
            0.5960420164836833,
            0.5966888261499922,
            0.5970605180691908,
            0.5973740898464087,
            0.5965626565273772,
            0.5966819759705577,
            0.5954656612628786,
            0.595456866556,
            0.5956507651536291,
            0.5948441719914048,
            0.5934891293095218,
            0.5934815063302191,
            0.5924415561033631,
            0.5916732416168073,
            0.5907785246160889,
            0.5902195884606708,
            0.5898090191551006,
            0.5895175563182387,
            0.5901805255429964,
            0.5906944202131332,
            0.5906609380176617,
            0.5899443140648895,
            0.5900693479714776,
            0.5910708178469996,
            0.5915058757723043,
            0.5907894739847067,
            0.5910540800744843,
            0.5906666267031542,
            0.5900877443686837,
            0.5910521541213385,
            0.5914419892331401,
            0.5912359995411354,
            0.5908825078297042,
            0.5918842814871064,
            0.5922298451317649,
            0.5925467898362077,
            0.5927543992371552,
            0.5928559002233413,
            0.5924460113124529,
            0.592952522122996,
            0.5931580791307118,
            0.5933469060761627,
            0.5938142924204897,
            0.5937104617785581,
            0.5943802311419756,
            0.594653550945599,
            0.5947228378854503,
            0.5944375099697445,
            0.5948297313703647,
            0.5946167140266878,
            0.5943017734913796,
            0.5943410527087272,
            0.5943239505845788,
            0.5941118902881188,
            0.5950019094081617,
            0.5948399313946738,
            0.5951966205190543,
            0.5958506566136825,
            0.5957391698614031,
            0.5958365344793394,
            0.5951900455582351,
            0.5952605381641217,
            0.5952136294302183,
            0.5953318368779688,
            0.5942142341236032,
            0.5943803591542962,
            0.5947856022294484,
            0.5945877765310811,
            0.5947226932137064,
            0.5951566055777795,
            0.5950772319559029,
            0.5955006582282032,
            0.5956106868154919,
            0.5953258575226027,
            0.5949545836951973,
            0.5952577588996506,
            0.5952629717778972,
            0.5957450288861441,
            0.5958445803396959,
            0.5960082504313262,
            0.5964211114443174,
            0.5967017219334636,
            0.5966142672360195,
            0.5965510135944989,
            0.596642915193631,
            0.5966189214929404,
            0.5960214309547308,
            0.595799520662332,
            0.5954011462912364,
            0.5955616486738217,
            0.5955413132270638,
            0.5956942539892722,
            0.5960569421590286,
            0.5953099985626736,
            0.595196953455843,
            0.5945319441996263,
            0.5945608971459272,
            0.594678964686042,
            0.5947140768133417,
            0.5944741470831034,
            0.5940683880099271
        ],