{
    "dataset": "51_kddcup99_u2r",
    "model": "LODA",
    "auc": 0.8185272906574523,
    "total_runtime": 3.716824531555176,
    "total_memory_usage": 9.23828125,
    "Instances": 60821,
    "window_metric": {
        "window_size": 1000,
        "auc_scores": [
            NaN,
            0.37618809404702347,
            0.38779593197732576,
            0.3948487121780445,
            0.40608121624324867,
            0.40123353892315383,
            0.7767852889333524,
            0.6477770135067533,
            0.7076953496706583,
            0.6634234234234234,
            0.6301508119689938,
            0.5756269218850564,
            0.5704647398843932,
            0.5997460256343806,
            0.5824381140378287,
            0.5930361042261316,
            0.603842633363613,
            0.6035203371635323,
            0.5872332665401111,
            0.5868870924724254,
            0.7534380154499551,
            0.8002575715710183,
            0.7991387768701387,
            0.8048385472348711,
            0.834894963413853,
            0.8407658554939521,
            0.8467320594854866,
            0.8465488374892469,
            0.8486480125646458,
            0.8512327337073844,
            0.8502922995110495,
            0.8494154116676456,
            0.8486877632268676,
            0.8477728335131247,
            0.8429813691464372,
            0.8416660726858207,
            0.8393252968731745,
            0.838998704260398,
            0.8391352023698466,
            0.839556044227993,
            0.8389619465870078,
            0.8380119956777522,
            0.8348480414584948,
            0.8343248869243421,
            0.8344347817070369,
            0.8341656732161581,
            0.832334699210167,
            0.8312446537589394,
            0.8292660368519278,
            0.8288936790754386,
            0.8283834385308346,
            0.8281194715904487,
            0.8242674488714902,
            0.8234190700981472,
            0.8225897257491492,
            0.8222691715023872,
            0.8196282359354313,
            0.8195451630183261,
            0.8198212599149136,
            0.8191911794057183
        ],
        "runtimes": [
            0.027441978454589844,
            0.05417442321777344,
            0.08055591583251953,
            0.10715532302856445,
            0.1347362995147705,
            0.1632251739501953,
            0.1922013759613037,
            0.22209715843200684,
            0.25250744819641113,
            0.28380799293518066,
            0.31496143341064453,
            0.3464851379394531,
            0.378373384475708,
            0.4107213020324707,
            0.4432368278503418,
            0.4762873649597168,
            0.5099029541015625,
            0.5438554286956787,
            0.5779457092285156,
            0.6123943328857422,
            0.6464054584503174,
            0.6814000606536865,
            0.7170202732086182,
            0.7538807392120361,
            0.7914626598358154,
            0.8287270069122314,
            0.8661980628967285,
            0.9020085334777832,
            0.9371213912963867,
            0.9732053279876709,
            1.009617805480957,
            1.0487136840820312,
            1.09645676612854,
            1.1784226894378662,
            1.2373027801513672,
            1.381901741027832,
            1.4705615043640137,
            1.5313634872436523,
            1.679750919342041,
            1.7190110683441162,
            1.760718584060669,
            1.9105579853057861,
            2.0303876399993896,
            2.152475595474243,
            2.2861557006835938,
            2.4267969131469727,
            2.5238332748413086,
            2.7034575939178467,
            2.750033378601074,
            2.796574592590332,
            2.8431503772735596,
            2.89312481880188,
            3.0949485301971436,
            3.1463534832000732,
            3.1979756355285645,
            3.2500951290130615,
            3.3220880031585693,
            3.441977024078369,
            3.5325963497161865,
            3.614743947982788
        ],
        "memory_usages": [
            2.0,
            3.0,
            3.0,
            3.0,
            3.0,
            3.0,
            3.0,
            4.0,
            4.0,
            4.0,
            4.0,
            4.0,
            4.0,
            5.0,
            5.0,
            5.0,
            5.0,
            5.0,
            5.0,
            5.0,
            6.0,
            6.0,
            6.0,
            4.8359375,
            5.8359375,
            5.8359375,
            6.8359375,
            6.8359375,
            5.79296875,
            6.79296875,
            5.94921875,
            6.0078125,
            6.0703125,
            6.1328125,
            6.2265625,
            6.28515625,
            6.34765625,
            6.41015625,
            6.8046875,
            6.875,
            7.1796875,
            7.32421875,
            7.47265625,
            7.703125,
            7.8515625,
            8.0,
            8.1484375,
            9.54296875,
            9.69140625,
            8.8984375,
            8.96875,
            9.0390625,
            9.10546875,
            9.17578125,
            9.25,
            9.37109375,
            9.4375,
            9.5078125,
            9.578125,
            9.64453125
        ]
    },
    "run_count": 6,
    "seed": 40
}