{
    "dataset": "32_shuttle",
    "model": "LODA",
    "auc": 0.8424702862710389,
    "total_runtime": 1.7395260334014893,
    "total_memory_usage": 6.46875,
    "Instances": 49097,
    "window_metric": {
        "window_size": 1000,
        "auc_scores": [
            0.8249021711688967,
            0.8004576753391334,
            0.8162835119821432,
            0.8246166417275725,
            0.8319467436249828,
            0.8389828409255777,
            0.832225413904184,
            0.8318817850350466,
            0.8335617982440436,
            0.8347589979579789,
            0.8343611971527221,
            0.8370348378812198,
            0.8344423605758412,
            0.8365581513724726,
            0.837418014619083,
            0.8383030421184532,
            0.837233656050434,
            0.8375305794804422,
            0.8382110852186568,
            0.8371482989060368,
            0.8375438942969944,
            0.8385691615318812,
            0.8398057105190117,
            0.8393317162693156,
            0.8396826861034725,
            0.8393257196950175,
            0.8395579516078826,
            0.8395232879879683,
            0.8383440811888694,
            0.8368617739877724,
            0.8378092249686607,
            0.8387837644499316,
            0.8394062917293232,
            0.8395566067152278,
            0.8413921336477723,
            0.8417229006686779,
            0.8412841356700629,
            0.8411883201449447,
            0.8411743502945733,
            0.8411975038659297,
            0.8423641168678194,
            0.8426300218312536,
            0.8427705262520447,
            0.8433596796909741,
            0.8436133004791482,
            0.8434738717700789,
            0.8424649755661117,
            0.8425503077967305,
            0.8425733824359489
        ],
        "runtimes": [
            0.027467727661132812,
            0.05282759666442871,
            0.07760858535766602,
            0.10194778442382812,
            0.1268901824951172,
            0.15221691131591797,
            0.17796611785888672,
            0.20416569709777832,
            0.23062825202941895,
            0.25769639015197754,
            0.28531432151794434,
            0.3133716583251953,
            0.3422887325286865,
            0.3711283206939697,
            0.40074801445007324,
            0.43085312843322754,
            0.4614899158477783,
            0.4922981262207031,
            0.5242640972137451,
            0.5563855171203613,
            0.589374303817749,
            0.6227731704711914,
            0.6568217277526855,
            0.6911914348602295,
            0.7262485027313232,
            0.7616159915924072,
            0.7978513240814209,
            0.8344171047210693,
            0.8716466426849365,
            0.9089934825897217,
            0.9467768669128418,
            0.9849212169647217,
            1.0231614112854004,
            1.0630722045898438,
            1.1034538745880127,
            1.1445224285125732,
            1.1855618953704834,
            1.22745680809021,
            1.2693498134613037,
            1.310715675354004,
            1.3522827625274658,
            1.3957099914550781,
            1.4402344226837158,
            1.483778953552246,
            1.5283639430999756,
            1.5734400749206543,
            1.6200830936431885,
            1.666489839553833,
            1.7135260105133057
        ],
        "memory_usages": [
            2.0,
            2.0,
            2.0,
            2.0,
            2.0,
            2.0,
            2.0,
            2.0,
            2.0,
            3.0,
            3.0,
            3.0,
            3.0,
            3.0,
            4.0,
            4.0,
            4.0,
            4.0,
            4.0,
            4.0,
            3.45703125,
            3.453125,
            4.453125,
            3.85546875,
            4.85546875,
            4.85546875,
            4.74609375,
            4.30078125,
            5.30078125,
            5.28125,
            4.8203125,
            4.88671875,
            5.2109375,
            5.2890625,
            5.39453125,
            5.4609375,
            5.53125,
            5.63671875,
            6.00390625,
            6.15625,
            6.3046875,
            6.45703125,
            6.6015625,
            6.8359375,
            6.984375,
            7.1328125,
            7.28125,
            6.37109375,
            6.44140625
        ]
    },
    "run_count": 4,
    "seed": 21
}