{
    "dataset": "1_ALOI",
    "model": "LODA",
    "auc": 0.5770088091099196,
    "total_runtime": 1.7802579402923584,
    "total_memory_usage": 5.73046875,
    "Instances": 49534,
    "window_metric": {
        "window_size": 1000,
        "auc_scores": [
            NaN,
            0.5737570356472795,
            0.5746230114989936,
            0.5894975326881565,
            0.5628387811777432,
            0.555403092087082,
            0.5515827458700477,
            0.5525558083321485,
            0.5572184158239168,
            0.5579615578275574,
            0.5635503051012664,
            0.5684423195745452,
            0.5777924973294766,
            0.5773733916497009,
            0.5762272622896287,
            0.5808377493189327,
            0.5815015074093175,
            0.5766738603589491,
            0.5762875078626319,
            0.5783990897777288,
            0.5772309635565648,
            0.5794767356970774,
            0.5793311964577776,
            0.5788618446594156,
            0.575833169235105,
            0.5750378459528387,
            0.5746155968835701,
            0.5718955594822479,
            0.5743261796728134,
            0.5729745536091662,
            0.5716282228764281,
            0.5714702182178671,
            0.5730129221483895,
            0.5730162388881033,
            0.5733882646982327,
            0.5740370426879443,
            0.57340014755819,
            0.5745239282124551,
            0.5762414284101209,
            0.5767073339983698,
            0.5758764962235242,
            0.5733226997584878,
            0.5747520502498197,
            0.5756805431435869,
            0.5787278083520833,
            0.5804437229617889,
            0.5806381470050641,
            0.5790005428046604,
            0.5784232877082636
        ],
        "runtimes": [
            0.027707576751708984,
            0.054122209548950195,
            0.08087682723999023,
            0.10795855522155762,
            0.13509392738342285,
            0.16251420974731445,
            0.1915121078491211,
            0.21947669982910156,
            0.247847318649292,
            0.27624034881591797,
            0.30498480796813965,
            0.3341183662414551,
            0.3634617328643799,
            0.3928978443145752,
            0.42258310317993164,
            0.4530012607574463,
            0.48386096954345703,
            0.5146541595458984,
            0.5465087890625,
            0.5787262916564941,
            0.611469030380249,
            0.6449306011199951,
            0.6789960861206055,
            0.7131369113922119,
            0.7482097148895264,
            0.7830653190612793,
            0.8186466693878174,
            0.8554785251617432,
            0.892467737197876,
            0.9311425685882568,
            0.9696235656738281,
            1.0088651180267334,
            1.0490477085113525,
            1.090137004852295,
            1.130763053894043,
            1.1714670658111572,
            1.2139389514923096,
            1.2564945220947266,
            1.2980427742004395,
            1.3404464721679688,
            1.383845567703247,
            1.4273602962493896,
            1.4704675674438477,
            1.514214038848877,
            1.558988094329834,
            1.6038446426391602,
            1.6486525535583496,
            1.6961510181427002,
            1.7436244487762451
        ],
        "memory_usages": [
            1.0,
            1.0,
            1.0,
            1.0,
            2.0,
            2.0,
            2.0,
            2.0,
            2.0,
            2.0,
            2.0,
            2.0,
            2.0,
            3.0,
            3.0,
            3.0,
            3.0,
            3.0,
            4.0,
            4.0,
            2.671875,
            3.671875,
            3.671875,
            3.18359375,
            4.18359375,
            4.03125,
            3.68359375,
            4.68359375,
            4.5,
            3.89453125,
            3.98828125,
            4.05078125,
            4.11328125,
            4.171875,
            4.265625,
            4.328125,
            4.38671875,
            4.44921875,
            4.84765625,
            4.91796875,
            4.984375,
            5.0546875,
            5.17578125,
            5.40234375,
            5.546875,
            5.6953125,
            5.83984375,
            5.984375,
            6.12890625
        ]
    },
    "run_count": 8,
    "seed": 82
}