{
    "dataset": "32_shuttle",
    "model": "LODA",
    "auc": 0.9487541165100346,
    "total_runtime": 1.8072454929351807,
    "total_memory_usage": 7.52734375,
    "Instances": 49097,
    "window_metric": {
        "window_size": 1000,
        "auc_scores": [
            0.9416024993688462,
            0.9318091232699734,
            0.9351314724422968,
            0.9399508869723713,
            0.9406476417080519,
            0.9426383399015225,
            0.9438206423006329,
            0.9416207167647448,
            0.9435318941993063,
            0.9433924346020962,
            0.9417593037168025,
            0.9406459069020866,
            0.9415626552716154,
            0.9429170378244042,
            0.9427157207594261,
            0.9440980121548478,
            0.9430393912723105,
            0.942539814568993,
            0.9430964182031607,
            0.9436659867479191,
            0.944134830018272,
            0.943735478991805,
            0.9447831585142411,
            0.9448160236220953,
            0.9446751131173324,
            0.944797076318275,
            0.944507917737954,
            0.9446049331639984,
            0.944444148887875,
            0.9445364492107644,
            0.9452181386236848,
            0.945883042861,
            0.9465600962406016,
            0.9473801699065532,
            0.9475550312731401,
            0.94744230130359,
            0.9476493548315528,
            0.9477858996427595,
            0.9476192196148003,
            0.9473440436958332,
            0.947888687780479,
            0.9482280301915169,
            0.9484243161372894,
            0.9488996788949531,
            0.9490948514152312,
            0.9491732145567909,
            0.9487663856795809,
            0.9485932613262463,
            0.9486814486375641
        ],
        "runtimes": [
            0.027191877365112305,
            0.053296804428100586,
            0.08060383796691895,
            0.10858511924743652,
            0.13671088218688965,
            0.1638038158416748,
            0.19067835807800293,
            0.2182025909423828,
            0.24599790573120117,
            0.2741415500640869,
            0.30229806900024414,
            0.3310830593109131,
            0.3605797290802002,
            0.390610933303833,
            0.4214651584625244,
            0.4523885250091553,
            0.4843404293060303,
            0.516876220703125,
            0.5497794151306152,
            0.5831289291381836,
            0.6169397830963135,
            0.651918888092041,
            0.6876771450042725,
            0.7238242626190186,
            0.7600338459014893,
            0.7973692417144775,
            0.8350141048431396,
            0.8731889724731445,
            0.911780595779419,
            0.9510185718536377,
            0.9903395175933838,
            1.0297207832336426,
            1.0695624351501465,
            1.1095690727233887,
            1.1515920162200928,
            1.1940464973449707,
            1.2371845245361328,
            1.2805092334747314,
            1.3246724605560303,
            1.3682515621185303,
            1.4111411571502686,
            1.4556567668914795,
            1.5007891654968262,
            1.5462806224822998,
            1.5910985469818115,
            1.637129783630371,
            1.6841604709625244,
            1.7323224544525146,
            1.7808656692504883
        ],
        "memory_usages": [
            3.0,
            3.0,
            3.0,
            3.0,
            3.0,
            3.0,
            3.0,
            4.0,
            4.0,
            4.0,
            4.0,
            4.0,
            4.0,
            4.0,
            5.0,
            5.0,
            5.0,
            5.0,
            5.0,
            6.0,
            6.0,
            4.703125,
            5.703125,
            5.1953125,
            6.1953125,
            6.1953125,
            5.44921875,
            6.44921875,
            5.625,
            5.703125,
            5.88671875,
            6.046875,
            6.20703125,
            6.37109375,
            6.90234375,
            6.22265625,
            6.30078125,
            6.37890625,
            6.82421875,
            6.89453125,
            6.96484375,
            7.03515625,
            7.4296875,
            7.55078125,
            7.62109375,
            7.75,
            7.8984375,
            8.2265625,
            8.37890625
        ]
    },
    "run_count": 3,
    "seed": 36
}