{
    "dataset": "49_kddcup99_prob",
    "model": "LODA",
    "auc": 0.31714874455829295,
    "total_runtime": 3.58321213722229,
    "total_memory_usage": 9.13671875,
    "Instances": 64759,
    "window_metric": {
        "window_size": 1000,
        "auc_scores": [
            0.8581338883107874,
            0.13244233345169582,
            0.15009279838691197,
            0.16321919273903238,
            0.20945539606178287,
            0.2148059099149212,
            0.20672897517210176,
            0.19180547583944288,
            0.20208606882900562,
            0.21578980933781894,
            0.22158434103233135,
            0.12167086168143994,
            0.1560636264470269,
            0.22971299042047177,
            0.3056104821970138,
            0.3085015674527911,
            0.31304556454592475,
            0.31998386835225834,
            0.32932972850393705,
            0.32529730510604316,
            0.3361529780109004,
            0.330860465601484,
            0.3361346263792465,
            0.3405927794441834,
            0.34476803010986895,
            0.34823046672231966,
            0.3607095300799609,
            0.3586960033851915,
            0.35550748511982866,
            0.35510141882804824,
            0.35525576934862313,
            0.3544650009678432,
            0.3476965466079427,
            0.34484968647396164,
            0.344723687984785,
            0.3440108797283227,
            0.34330921700434547,
            0.34090067468318797,
            0.3368768432395644,
            0.3305932838776402,
            0.33021016257141256,
            0.33010737045771404,
            0.3309308918324215,
            0.3324414799249726,
            0.33257932746797075,
            0.3318302552094573,
            0.3315428715343527,
            0.33111476180725463,
            0.33195425846762633,
            0.3321304781819882,
            0.32961194052956855,
            0.3285839574678886,
            0.32791884361124096,
            0.32559269603890584,
            0.32386655972394335,
            0.32399140709414326,
            0.32416844175115356,
            0.3233927241780579,
            0.32174656425168086,
            0.32096771547494596,
            0.3210378403480124,
            0.3208800989857724,
            0.3214694587051935,
            0.31949920624529593
        ],
        "runtimes": [
            0.02860736846923828,
            0.12195253372192383,
            0.18439650535583496,
            0.3357222080230713,
            0.37638258934020996,
            0.40253162384033203,
            0.4292771816253662,
            0.4963109493255615,
            0.5945098400115967,
            0.6211297512054443,
            0.6474881172180176,
            0.6740944385528564,
            0.7405655384063721,
            0.8384702205657959,
            0.8695213794708252,
            0.9169926643371582,
            1.0122499465942383,
            1.0482499599456787,
            1.0813302993774414,
            1.1151437759399414,
            1.14902663230896,
            1.2186799049377441,
            1.309352159500122,
            1.3809120655059814,
            1.4410524368286133,
            1.477229356765747,
            1.5141139030456543,
            1.5518059730529785,
            1.5901310443878174,
            1.6291313171386719,
            1.6760303974151611,
            1.7458460330963135,
            1.807948112487793,
            1.8834137916564941,
            2.0093994140625,
            2.063920497894287,
            2.1066150665283203,
            2.1503310203552246,
            2.2630715370178223,
            2.358092784881592,
            2.402249574661255,
            2.446866273880005,
            2.49180006980896,
            2.5372684001922607,
            2.583259105682373,
            2.6298410892486572,
            2.6766955852508545,
            2.724551200866699,
            2.772507667541504,
            2.8204760551452637,
            2.86922287940979,
            2.9188613891601562,
            2.968045949935913,
            3.018455982208252,
            3.0689892768859863,
            3.120220184326172,
            3.1713340282440186,
            3.2221052646636963,
            3.272937536239624,
            3.3232076168060303,
            3.3760104179382324,
            3.4300687313079834,
            3.483555316925049,
            3.5358569622039795
        ],
        "memory_usages": [
            2.0,
            3.0,
            3.0,
            3.0,
            3.0,
            3.0,
            3.0,
            4.0,
            4.0,
            4.0,
            4.0,
            4.0,
            4.0,
            4.0,
            5.0,
            5.0,
            5.0,
            5.0,
            5.0,
            5.0,
            5.0,
            5.0,
            6.0,
            6.0,
            6.0,
            6.0,
            6.0,
            6.0,
            5.2890625,
            5.28515625,
            6.08984375,
            5.6796875,
            6.375,
            5.8203125,
            6.73828125,
            5.9921875,
            6.0625,
            6.1328125,
            6.234375,
            6.3046875,
            6.375,
            6.44140625,
            6.51171875,
            6.625,
            6.6953125,
            6.76171875,
            6.828125,
            6.8984375,
            6.96484375,
            7.08203125,
            7.19140625,
            7.3359375,
            7.4765625,
            7.62109375,
            7.76171875,
            8.10546875,
            8.23828125,
            8.37109375,
            8.48828125,
            8.6171875,
            8.84375,
            8.921875,
            9.0,
            9.078125
        ]
    },
    "run_count": 9,
    "seed": 77
}