{
    "dataset": "3_backdoor",
    "model": "LODA",
    "auc": 0.6744764378084646,
    "total_runtime": 5.441967487335205,
    "total_memory_usage": 11.75390625,
    "Instances": 95329,
    "window_metric": {
        "window_size": 1000,
        "auc_scores": [
            0.5818794394729501,
            0.5717005408006359,
            0.5681297934287236,
            0.561051451712044,
            0.5603155825044621,
            0.5603517158837994,
            0.5589564267657862,
            0.5552863328704642,
            0.5562278983764213,
            0.5534527347266914,
            0.5499078455233797,
            0.544422036239816,
            0.5397392684198998,
            0.5355873838317493,
            0.5322229487072736,
            0.5280610645612391,
            0.5270762425671112,
            0.5281872762474719,
            0.5341670624241466,
            0.5438017019248178,
            0.5788062459389213,
            0.5710060562492196,
            0.5797072195652788,
            0.5845762607702207,
            0.5851678290390571,
            0.5893353747991225,
            0.6003909717941778,
            0.6033911426165647,
            0.6091128380802182,
            0.6109679989826304,
            0.609959470732462,
            0.6153599418566529,
            0.6222184207500553,
            0.6232303573262672,
            0.6302058832368284,
            0.6273207268209668,
            0.6261618621842258,
            0.6259686677123811,
            0.6283079545393154,
            0.6293784220624523,
            0.6289155960772751,
            0.6279976100499165,
            0.6266088174378771,
            0.6243809929562967,
            0.6221816542898775,
            0.6204528336632473,
            0.6191196658555519,
            0.6175196228954514,
            0.615466882175792,
            0.6134604271396248,
            0.6106662884374505,
            0.6088304450167001,
            0.6076253003564142,
            0.6059976473656522,
            0.6033078024533942,
            0.60078804978725,
            0.5986487960227309,
            0.5969141645016354,
            0.5963751887234358,
            0.5960399203108788,
            0.5956196203112212,
            0.5948117347901871,
            0.5940993172380606,
            0.5937632557686522,
            0.5931966490526416,
            0.5928666996642807,
            0.5925442841761436,
            0.592350276030922,
            0.5916097558431845,
            0.5913425342470644,
            0.5909454462537564,
            0.5904111457479783,
            0.5896052856252705,
            0.5883457243499041,
            0.5867553041410911,
            0.5860708230107952,
            0.5850498767584045,
            0.5845826674197705,
            0.5858614731801404,
            0.5889871624713816,
            0.5904806530436941,
            0.593340688896969,
            0.5938609769491885,
            0.5944784301055737,
            0.5948739402416465,
            0.5980523789629287,
            0.6270457309850942,
            0.6390865605760783,
            0.6448180424972734,
            0.6532307484412712,
            0.663368881452276,
            0.6717993784857348,
            0.681490835453068,
            0.6890188454284957,
            0.692872370967742
        ],
        "runtimes": [
            0.040627241134643555,
            0.07833480834960938,
            0.1168982982635498,
            0.15552258491516113,
            0.19523286819458008,
            0.23436260223388672,
            0.27410078048706055,
            0.3148069381713867,
            0.355694055557251,
            0.396867036819458,
            0.4386458396911621,
            0.4810643196105957,
            0.5233674049377441,
            0.5657875537872314,
            0.6086864471435547,
            0.6527957916259766,
            0.6976611614227295,
            0.7431685924530029,
            0.7892537117004395,
            0.835752010345459,
            0.8813092708587646,
            0.9270901679992676,
            0.9734466075897217,
            1.020500898361206,
            1.0687601566314697,
            1.117006540298462,
            1.1662311553955078,
            1.2158658504486084,
            1.2668259143829346,
            1.3180127143859863,
            1.367835283279419,
            1.4189043045043945,
            1.470388650894165,
            1.5206923484802246,
            1.5716605186462402,
            1.6228857040405273,
            1.6740758419036865,
            1.7252998352050781,
            1.7755296230316162,
            1.8263492584228516,
            1.878401279449463,
            1.9303765296936035,
            1.9832441806793213,
            2.0358262062072754,
            2.0887632369995117,
            2.142010450363159,
            2.1963882446289062,
            2.250905990600586,
            2.306748151779175,
            2.363525629043579,
            2.420496940612793,
            2.4774348735809326,
            2.5357115268707275,
            2.5941319465637207,
            2.6530227661132812,
            2.7127437591552734,
            2.7739808559417725,
            2.834645986557007,
            2.895730495452881,
            2.957170248031616,
            3.020481586456299,
            3.083468198776245,
            3.1476962566375732,
            3.211723566055298,
            3.275909423828125,
            3.3419506549835205,
            3.4063823223114014,
            3.471799612045288,
            3.5369725227355957,
            3.603264331817627,
            3.6703083515167236,
            3.7377405166625977,
            3.8053925037384033,
            3.8730199337005615,
            3.9410927295684814,
            4.00925612449646,
            4.077232360839844,
            4.145346164703369,
            4.2154622077941895,
            4.285705804824829,
            4.355581760406494,
            4.425983905792236,
            4.496928930282593,
            4.568697690963745,
            4.640269041061401,
            4.716090202331543,
            4.7891645431518555,
            4.862412214279175,
            4.9373939037323,
            5.013565301895142,
            5.088672399520874,
            5.164681673049927,
            5.23978853225708,
            5.313670873641968,
            5.388596057891846
        ],