{
    "dataset": "49_kddcup99_prob",
    "model": "LODA",
    "auc": 0.41387365298633283,
    "total_runtime": 3.519531726837158,
    "total_memory_usage": 10.140625,
    "Instances": 64759,
    "window_metric": {
        "window_size": 1000,
        "auc_scores": [
            0.8554924090824195,
            0.23062986414097558,
            0.2562916810906179,
            0.2730356721540086,
            0.3195518149286289,
            0.3321498247775519,
            0.32000297892450835,
            0.2940430448099955,
            0.3416688132276767,
            0.3861393797474489,
            0.4135542418929037,
            0.2950776879988424,
            0.3756945966381698,
            0.41845299971734506,
            0.44975067411442743,
            0.451872914552801,
            0.4608937874085568,
            0.47301734027327574,
            0.488813182992126,
            0.47971013036087284,
            0.47286523796631796,
            0.46505108791861893,
            0.46871164326954307,
            0.4719080481370388,
            0.47287089070475563,
            0.47399518496853443,
            0.4759967421180832,
            0.4728934423902913,
            0.4663696469409625,
            0.46607266079042664,
            0.4661517001991636,
            0.4635260472723728,
            0.4510817968879346,
            0.44717745645473167,
            0.44619478995893785,
            0.4448439269561981,
            0.4435728845441773,
            0.4399122003491218,
            0.43130294569781624,
            0.4392019277575462,
            0.4395549584939409,
            0.43950378517374405,
            0.441034217687426,
            0.44329373955492524,
            0.44414914629167523,
            0.44253029209735245,
            0.44215005072637176,
            0.44121343270978364,
            0.44196256043650384,
            0.4415568846041039,
            0.43721475379912855,
            0.4332014609426684,
            0.4322454107103622,
            0.42937143365770586,
            0.42711260866996104,
            0.42690684202576945,
            0.4263987050724476,
            0.4245195531939543,
            0.41989960104963764,
            0.41912415697440414,
            0.4192192522982303,
            0.41932926303170637,
            0.42066700281454555,
            0.4180224854294031
        ],
        "runtimes": [
            0.028174638748168945,
            0.053980350494384766,
            0.08100414276123047,
            0.10880494117736816,
            0.13457989692687988,
            0.16010117530822754,
            0.1885828971862793,
            0.23970437049865723,
            0.288515567779541,
            0.36173057556152344,
            0.4765181541442871,
            0.5203433036804199,
            0.5666563510894775,
            0.6997251510620117,
            0.7308244705200195,
            0.7600131034851074,
            0.7896342277526855,
            0.8210227489471436,
            0.8545844554901123,
            0.888141393661499,
            0.9189810752868652,
            0.9505956172943115,
            0.9888057708740234,
            1.0567982196807861,
            1.1181070804595947,
            1.1520342826843262,
            1.1852269172668457,
            1.2215240001678467,
            1.257354736328125,
            1.2943923473358154,
            1.3354377746582031,
            1.4422171115875244,
            1.5066614151000977,
            1.5471508502960205,
            1.5878992080688477,
            1.7035243511199951,
            1.7929296493530273,
            1.835559368133545,
            1.8789687156677246,
            1.922445297241211,
            2.075632095336914,
            2.119032621383667,
            2.163032054901123,
            2.3203623294830322,
            2.3767662048339844,
            2.4211549758911133,
            2.506915807723999,
            2.581467628479004,
            2.627246856689453,
            2.684596538543701,
            2.748198986053467,
            2.795940637588501,
            2.8436694145202637,
            2.918348789215088,
            2.9646825790405273,
            3.0125298500061035,
            3.0579802989959717,
            3.1047184467315674,
            3.152211904525757,
            3.2048330307006836,
            3.301690101623535,
            3.3719449043273926,
            3.421816825866699,
            3.472134828567505
        ],
        "memory_usages": [
            2.0,
            2.0,
            3.0,
            3.0,
            3.0,
            3.0,
            3.0,
            4.0,
            4.0,
            4.0,
            4.0,
            4.0,
            4.0,
            4.0,
            5.0,
            5.0,
            5.0,
            5.0,
            5.0,
            5.0,
            6.0,
            6.0,
            6.0,
            6.0,
            6.0,
            6.0,
            5.640625,
            5.51171875,
            6.51171875,
            6.13671875,
            5.75390625,
            6.4921875,
            5.890625,
            6.6796875,
            6.05859375,
            7.0390625,
            6.19921875,
            6.26953125,
            6.37109375,
            6.44140625,
            6.51171875,
            6.578125,
            6.6484375,
            6.80078125,
            6.86328125,
            6.921875,
            6.984375,
            7.046875,
            7.1171875,
            8.1640625,
            8.296875,
            8.42578125,
            8.84765625,
            10.0859375,
            10.21875,
            9.54296875,
            9.60546875,
            9.66796875,
            9.7265625,
            9.7890625,
            9.8515625,
            10.546875,
            10.6640625,
            10.7265625
        ]
    },
    "run_count": 3,
    "seed": 72
}