{
    "dataset": "48_chess",
    "model": "LODA",
    "auc": 0.8636399073446417,
    "total_runtime": 1.4287819862365723,
    "total_memory_usage": 5.26953125,
    "Instances": 28056,
    "window_metric": {
        "window_size": 1000,
        "auc_scores": [
            0.8798798798798799,
            0.9117008846603238,
            0.9099099099099098,
            0.9104328246184638,
            0.9194855884707767,
            0.9190293529019347,
            0.85072194424589,
            0.8586022850471187,
            0.8583500111185235,
            0.8634615659533101,
            0.8633156164312354,
            0.8725817211474316,
            0.8727582358374384,
            0.8792167872159294,
            0.8719043684013325,
            0.8715398569029644,
            0.8512766816369783,
            0.846108794365675,
            0.8508851573079319,
            0.8666516516516516,
            0.8668994280266922,
            0.8704564313554712,
            0.8628886128233331,
            0.8625766801386119,
            0.8635579515763198,
            0.8658356111645813,
            0.8606507120817197,
            0.8636383496784596
        ],
        "runtimes": [
            0.024706125259399414,
            0.048087358474731445,
            0.07117581367492676,
            0.09488248825073242,
            0.11926889419555664,
            0.1448991298675537,
            0.17110514640808105,
            0.1979832649230957,
            0.22727251052856445,
            0.25670862197875977,
            0.3222391605377197,
            0.4094240665435791,
            0.47467851638793945,
            0.5512287616729736,
            0.6134288311004639,
            0.6795434951782227,
            0.7500550746917725,
            0.8127841949462891,
            0.8812313079833984,
            0.933953046798706,
            0.9683778285980225,
            1.0138072967529297,
            1.0862932205200195,
            1.1453704833984375,
            1.1815965175628662,
            1.2181320190429688,
            1.2557227611541748,
            1.3863677978515625
        ],
        "memory_usages": [
            2.0,
            2.0,
            2.0,
            2.0,
            3.0,
            3.0,
            3.0,
            3.0,
            3.0,
            3.0,
            4.0,
            4.0,
            4.0,
            4.0,
            4.0,
            4.0,
            5.0,
            5.0,
            5.0,
            5.0,
            5.0,
            5.0,
            4.3828125,
            5.3828125,
            5.3828125,
            4.80078125,
            4.6875,
            5.4765625
        ]
    },
    "run_count": 6,
    "seed": 84
}