{
    "dataset": "1_ALOI",
    "model": "LODA",
    "auc": 0.6745714440045241,
    "total_runtime": 1.7927939891815186,
    "total_memory_usage": 7.08984375,
    "Instances": 49534,
    "window_metric": {
        "window_size": 1000,
        "auc_scores": [
            NaN,
            0.7086635504949214,
            0.6926405906656901,
            0.6960195703173231,
            0.6869783453501904,
            0.6833115931417126,
            0.6823367145073326,
            0.6857202130841304,
            0.6802423026648408,
            0.6774597342982192,
            0.6739798892491904,
            0.6696500984456011,
            0.6677654781875708,
            0.6685739881481707,
            0.6716486771608837,
            0.6731274402926778,
            0.6713012568821352,
            0.6691329241860534,
            0.6661042016327585,
            0.6686860358569281,
            0.6702216402730142,
            0.6723616928078552,
            0.6723998159083067,
            0.6733465444359588,
            0.6730330569106204,
            0.6739274687647695,
            0.6744289361493137,
            0.6733279122149282,
            0.6723125338415303,
            0.6722523163466053,
            0.6728375019472079,
            0.6730103317093913,
            0.6735399474954019,
            0.6732010303454414,
            0.6739940033979374,
            0.67278771212392,
            0.6724310010011596,
            0.6729858817208145,
            0.6727578983428047,
            0.6731033159668577,
            0.6723575583652439,
            0.6724485447038562,
            0.6726306544408166,
            0.6722371488370038,
            0.6725648620765281,
            0.6736242601715898,
            0.675204822207933,
            0.6751461447632758,
            0.675396956427228
        ],
        "runtimes": [
            0.026745319366455078,
            0.05288243293762207,
            0.07900857925415039,
            0.1041874885559082,
            0.1295485496520996,
            0.15541338920593262,
            0.18179941177368164,
            0.20870423316955566,
            0.23589205741882324,
            0.26387810707092285,
            0.29201698303222656,
            0.320589542388916,
            0.34987473487854004,
            0.37947988510131836,
            0.4097588062286377,
            0.44068074226379395,
            0.47159838676452637,
            0.5031125545501709,
            0.5352292060852051,
            0.5682058334350586,
            0.6020894050598145,
            0.6355581283569336,
            0.6694169044494629,
            0.7040619850158691,
            0.7398951053619385,
            0.7757148742675781,
            0.812084436416626,
            0.8490381240844727,
            0.8861398696899414,
            0.9235169887542725,
            0.9612851142883301,
            0.9996709823608398,
            1.0398821830749512,
            1.080768346786499,
            1.1222360134124756,
            1.1639888286590576,
            1.2053260803222656,
            1.2475173473358154,
            1.2898430824279785,
            1.3323633670806885,
            1.3763959407806396,
            1.4238038063049316,
            1.4698104858398438,
            1.5159015655517578,
            1.5626850128173828,
            1.6104497909545898,
            1.6586077213287354,
            1.706254482269287,
            1.7556018829345703
        ],
        "memory_usages": [
            1.0,
            2.0,
            2.0,
            2.0,
            3.0,
            3.0,
            3.0,
            3.0,
            3.0,
            3.0,
            3.0,
            3.0,
            4.0,
            4.0,
            4.0,
            4.0,
            4.0,
            4.0,
            5.0,
            5.0,
            5.0,
            5.0,
            5.0,
            5.0,
            5.0,
            4.44140625,
            5.44140625,
            4.60546875,
            4.78515625,
            4.85546875,
            5.05078125,
            5.2109375,
            5.51171875,
            5.66015625,
            5.88671875,
            6.046875,
            6.19921875,
            6.359375,
            5.9453125,
            6.71875,
            6.08203125,
            6.9921875,
            6.22265625,
            6.66796875,
            6.73828125,
            6.80859375,
            6.87890625,
            6.9453125,
            7.01953125
        ]
    },
    "run_count": 5,
    "seed": 34
}