{
    "dataset": "5_campaign",
    "model": "LODA",
    "auc": 0.5555306814279191,
    "total_runtime": 1.5307080745697021,
    "total_memory_usage": 6.0078125,
    "Instances": 41188,
    "window_metric": {
        "window_size": 1000,
        "auc_scores": [
            0.5488105759316542,
            0.5470737730120296,
            0.5581949865393799,
            0.5731436969610771,
            0.5690365731310614,
            0.5618350488563562,
            0.5643066065680163,
            0.5588143788191602,
            0.5568505742334366,
            0.5586946091433921,
            0.5627445446975339,
            0.5642500038362148,
            0.5610272419561281,
            0.560556606060606,
            0.5602385862707276,
            0.5590702831891078,
            0.5602754221737778,
            0.5610011190261743,
            0.5594716078229568,
            0.5600033556515063,
            0.5574232626267762,
            0.5575600394809836,
            0.5560634542790335,
            0.5555908778649301,
            0.5570010963249489,
            0.5576018803697236,
            0.5572344656504611,
            0.5577527895233496,
            0.5564808820050364,
            0.5576279666904912,
            0.556740127840983,
            0.5553512853712488,
            0.5547474414696791,
            0.5543278774498901,
            0.5555633964953729,
            0.5556249710818622,
            0.5568411768564606,
            0.5561060223455969,
            0.5556506151364935,
            0.5557328875361771,
            0.5556952131733688
        ],
        "runtimes": [
            0.03062272071838379,
            0.05962181091308594,
            0.08882975578308105,
            0.11663246154785156,
            0.145033597946167,
            0.17392396926879883,
            0.20326614379882812,
            0.23291420936584473,
            0.26299023628234863,
            0.2938263416290283,
            0.32511210441589355,
            0.35723328590393066,
            0.38941311836242676,
            0.42251014709472656,
            0.4562067985534668,
            0.49001193046569824,
            0.5242767333984375,
            0.5588235855102539,
            0.5944328308105469,
            0.6301946640014648,
            0.6668193340301514,
            0.7039248943328857,
            0.7419114112854004,
            0.7801859378814697,
            0.8190085887908936,
            0.8582744598388672,
            0.8981177806854248,
            0.9382905960083008,
            0.9785611629486084,
            1.019592046737671,
            1.0619947910308838,
            1.1050207614898682,
            1.1487271785736084,
            1.1927430629730225,
            1.2373647689819336,
            1.2817912101745605,
            1.3251440525054932,
            1.3692474365234375,
            1.4144341945648193,
            1.4604380130767822,
            1.5059046745300293
        ],
        "memory_usages": [
            2.0,
            2.0,
            2.0,
            3.0,
            3.0,
            3.0,
            3.0,
            3.0,
            3.0,
            3.0,
            3.0,
            4.0,
            4.0,
            4.0,
            4.0,
            4.0,
            4.0,
            5.0,
            5.0,
            3.72265625,
            4.72265625,
            4.72265625,
            3.92578125,
            4.92578125,
            4.453125,
            5.453125,
            5.453125,
            5.1953125,
            4.78515625,
            5.53125,
            4.99609375,
            5.94921875,
            5.37109375,
            5.44140625,
            5.80859375,
            5.8828125,
            5.9609375,
            6.0390625,
            6.15234375,
            6.234375,
            6.39453125
        ]
    },
    "run_count": 3,
    "seed": 71
}