{
    "dataset": "51_kddcup99_u2r",
    "model": "LODA",
    "auc": 0.8394058459071615,
    "total_runtime": 2.1495649814605713,
    "total_memory_usage": 8.234375,
    "Instances": 60821,
    "window_metric": {
        "window_size": 1000,
        "auc_scores": [
            NaN,
            0.3626813406703352,
            0.375458486162054,
            0.3833458364591148,
            0.39547909581916385,
            0.39056509418236374,
            0.5974941641655948,
            0.5222923961980991,
            0.6313906499091684,
            0.6001601601601602,
            0.5759437123073486,
            0.5322697909465806,
            0.5463028901734104,
            0.5871830565284246,
            0.571737504821793,
            0.5832924274653107,
            0.5929818113736123,
            0.5860339549123296,
            0.5700786871030491,
            0.5705426660944369,
            0.7536960979407912,
            0.8027679333004962,
            0.8022631234274291,
            0.8136283860884023,
            0.8504622733921071,
            0.859391799230284,
            0.8662830935985796,
            0.8664524668304957,
            0.8695477280528374,
            0.8720158598700769,
            0.8717950221856472,
            0.8715397946555921,
            0.8713895977938652,
            0.8710969360907203,
            0.8657661428799773,
            0.8628984308137093,
            0.8607511397523959,
            0.8606194024466165,
            0.8609442391586803,
            0.8615421717005629,
            0.8609455949886309,
            0.8596404545833121,
            0.8559626016925379,
            0.8555821519945698,
            0.8559424871263941,
            0.8558079405302841,
            0.8536600510719163,
            0.8522348043490902,
            0.8504130120102433,
            0.8498717299539049,
            0.8491124211367326,
            0.8493001492873554,
            0.8457174361038146,
            0.8452755919380794,
            0.8438268766621967,
            0.8435189733462523,
            0.8410005441896858,
            0.8411518403864677,
            0.8416494801200236,
            0.8409377417813422
        ],
        "runtimes": [
            0.021550655364990234,
            0.042848825454711914,
            0.06381034851074219,
            0.08503127098083496,
            0.10635709762573242,
            0.12810754776000977,
            0.1504502296447754,
            0.17302346229553223,
            0.1960430145263672,
            0.21921753883361816,
            0.24315285682678223,
            0.2673916816711426,
            0.2922189235687256,
            0.3173987865447998,
            0.3429079055786133,
            0.36934494972229004,
            0.39600491523742676,
            0.4228224754333496,
            0.44991135597229004,
            0.4778251647949219,
            0.5064373016357422,
            0.5352272987365723,
            0.5690340995788574,
            0.6029260158538818,
            0.6342206001281738,
            0.6652655601501465,
            0.6958398818969727,
            0.7268898487091064,
            0.7597208023071289,
            0.7930309772491455,
            0.8265042304992676,
            0.8594391345977783,
            0.891334056854248,
            0.9234840869903564,
            0.956171989440918,
            0.9900979995727539,
            1.0244529247283936,
            1.0585944652557373,
            1.0920121669769287,
            1.1268603801727295,
            1.1641597747802734,
            1.2014968395233154,
            1.2399954795837402,
            1.3143947124481201,
            1.3752315044403076,
            1.416445016860962,
            1.4586517810821533,
            1.504331111907959,
            1.5491385459899902,
            1.5908961296081543,
            1.655550479888916,
            1.70505690574646,
            1.748788833618164,
            1.7968599796295166,
            1.8472518920898438,
            1.9003582000732422,
            1.949918270111084,
            1.999983310699463,
            2.050309896469116,
            2.101430892944336
        ],
        "memory_usages": [
            2.0,
            3.0,
            3.0,
            4.0,
            4.0,
            4.0,
            4.0,
            4.0,
            4.0,
            4.0,
            5.0,
            5.0,
            5.0,
            5.0,
            5.0,
            5.0,
            6.0,
            6.0,
            6.0,
            6.0,
            6.0,
            6.0,
            6.0,
            6.0,
            6.0,
            6.0,
            6.0,
            6.0,
            7.0,
            5.65234375,
            6.65234375,
            6.65234375,
            6.65234375,
            5.92578125,
            6.92578125,
            6.08203125,
            6.14453125,
            6.26171875,
            6.88671875,
            6.671875,
            7.15625,
            6.8125,
            7.41796875,
            7.875,
            7.05859375,
            7.125,
            7.1953125,
            7.265625,
            7.33203125,
            7.44921875,
            7.58984375,
            7.671875,
            7.73828125,
            7.80859375,
            7.8828125,
            8.0,
            8.0703125,
            8.140625,
            8.2109375,
            8.33203125
        ]
    },
    "run_count": 1,
    "seed": 12
}