{
    "dataset": "49_kddcup99_prob",
    "model": "LODA",
    "auc": 0.3748506331078822,
    "total_runtime": 3.229755163192749,
    "total_memory_usage": 9.4296875,
    "Instances": 64759,
    "window_metric": {
        "window_size": 1000,
        "auc_scores": [
            0.8029296405987353,
            0.22334529849023393,
            0.2298105451417552,
            0.2502318223622371,
            0.3219005703846521,
            0.32471694972686155,
            0.3169441904882461,
            0.3089536106371118,
            0.32307986880378475,
            0.3345908652998665,
            0.33997234440757673,
            0.22044248771453437,
            0.24114063968780336,
            0.30124299958830925,
            0.361604856498543,
            0.3638623182854129,
            0.36918712591443137,
            0.3763275342489807,
            0.3854314431496063,
            0.38078218189406077,
            0.38345683546498904,
            0.37851419588639257,
            0.3843513496018211,
            0.38990527989591994,
            0.39481181132824456,
            0.39902478537361946,
            0.4195262499517507,
            0.41810681637678687,
            0.4120561368065577,
            0.4114105884294203,
            0.411131608013567,
            0.4086729476719999,
            0.4024818600462321,
            0.39988680150421874,
            0.4000332775969899,
            0.39920624318722786,
            0.39849042727288175,
            0.39608090064374823,
            0.39213678434576804,
            0.38765188851992904,
            0.3872658830502459,
            0.38703557994975357,
            0.3877025445146607,
            0.38892432393255433,
            0.3890100848093016,
            0.38818423046069633,
            0.38768036906937464,
            0.3872381861222156,
            0.38788148796758753,
            0.38793705107935383,
            0.3852144661723356,
            0.38404931737962417,
            0.38342451161202984,
            0.3816184430504457,
            0.3803213706142605,
            0.38052098151526065,
            0.3808514916038349,
            0.38016923069630304,
            0.37896121591512855,
            0.37829051107897144,
            0.3783410103331985,
            0.3781425777164703,
            0.3786533927829785,
            0.3767336951804457
        ],
        "runtimes": [
            0.024400949478149414,
            0.04647970199584961,
            0.06946349143981934,
            0.09338927268981934,
            0.11724519729614258,
            0.14189553260803223,
            0.16650843620300293,
            0.20639538764953613,
            0.257885217666626,
            0.3123443126678467,
            0.33837389945983887,
            0.3638346195220947,
            0.38889336585998535,
            0.4144735336303711,
            0.44063854217529297,
            0.46769070625305176,
            0.4954869747161865,
            0.5235731601715088,
            0.5518772602081299,
            0.579442024230957,
            0.6075479984283447,
            0.6374611854553223,
            0.6684672832489014,
            0.6994912624359131,
            0.7312180995941162,
            0.7643136978149414,
            0.7982602119445801,
            0.8318326473236084,
            0.8664240837097168,
            0.9024066925048828,
            0.9396600723266602,
            0.9788095951080322,
            1.019073247909546,
            1.0565013885498047,
            1.0933566093444824,
            1.1310887336730957,
            1.1680824756622314,
            1.2073321342468262,
            1.246211051940918,
            1.2874419689178467,
            1.3317153453826904,
            1.3764758110046387,
            1.4222137928009033,
            1.4683752059936523,
            1.5151889324188232,
            1.5619583129882812,
            1.6086876392364502,
            1.6574361324310303,
            1.705984354019165,
            1.754361867904663,
            1.8018465042114258,
            1.8603150844573975,
            1.9125337600708008,
            1.9609899520874023,
            2.0112926959991455,
            2.1331746578216553,
            2.310976266860962,
            2.4262399673461914,
            2.614666223526001,
            2.6836936473846436,
            2.735691547393799,
            2.8079447746276855,
            2.9649128913879395,
            3.1221656799316406
        ],
        "memory_usages": [
            2.0,
            2.0,
            2.0,
            3.0,
            3.0,
            3.0,
            3.0,
            3.0,
            3.0,
            4.0,
            4.0,
            4.0,
            4.0,
            4.0,
            4.0,
            4.0,
            5.0,
            5.0,
            5.0,
            5.0,
            5.0,
            6.0,
            6.0,
            6.0,
            6.0,
            6.0,
            6.0,
            5.46875,
            5.38671875,
            5.76953125,
            5.55859375,
            6.125,
            5.6953125,
            6.40234375,
            5.86328125,
            6.66015625,
            6.00390625,
            6.953125,
            6.17578125,
            6.24609375,
            6.31640625,
            6.3828125,
            6.453125,
            6.60546875,
            6.66796875,
            6.7265625,
            6.7890625,
            6.8515625,
            6.91015625,
            7.76953125,
            7.90234375,
            8.33203125,
            8.46875,
            8.9765625,
            9.1171875,
            8.24609375,
            8.30859375,
            8.37109375,
            8.4296875,
            8.4921875,
            8.5546875,
            8.6171875,
            8.734375,
            8.796875
        ]
    },
    "run_count": 5,
    "seed": 67
}