{
    "dataset": "50_bank",
    "model": "LODA",
    "auc": 0.4642252878123431,
    "total_runtime": 1.8347673416137695,
    "total_memory_usage": 6.25,
    "Instances": 41188,
    "window_metric": {
        "window_size": 1000,
        "auc_scores": [
            0.3711035999785396,
            0.48813171846879716,
            0.4619179742160714,
            0.4618292759203019,
            0.4704598884903583,
            0.4619001323468581,
            0.47063514065809064,
            0.46404696774193543,
            0.4681033572635135,
            0.4751171152418936,
            0.47107990588235293,
            0.47709700633275764,
            0.47806490216582886,
            0.4779820004438978,
            0.47756056604293023,
            0.47277186021926554,
            0.4760139759190744,
            0.47916339955293086,
            0.4830792043540629,
            0.48383081668119265,
            0.481214039444924,
            0.48544313525204574,
            0.48509185628452645,
            0.4851571513640255,
            0.48589895551485707,
            0.48411324105260917,
            0.4845360611985279,
            0.4801865684079889,
            0.4785941586659045,
            0.47776461623512967,
            0.4766551015731782,
            0.4776068772463326,
            0.4769176490772727,
            0.47700822469353504,
            0.4786371131374132,
            0.4788910079810377,
            0.47400895348603783,
            0.4742879800049146,
            0.4709709378181417,
            0.4669778765153543,
            0.46615240115810064
        ],
        "runtimes": [
            0.02392864227294922,
            0.04670453071594238,
            0.07050538063049316,
            0.09412384033203125,
            0.1185605525970459,
            0.14321112632751465,
            0.24664020538330078,
            0.2725255489349365,
            0.2996799945831299,
            0.32807326316833496,
            0.357208251953125,
            0.3878316879272461,
            0.41968655586242676,
            0.4827747344970703,
            0.5820209980010986,
            0.6124396324157715,
            0.6435401439666748,
            0.6746785640716553,
            0.708930253982544,
            0.7438247203826904,
            0.7795240879058838,
            0.816192626953125,
            0.8536357879638672,
            0.8916635513305664,
            0.9304137229919434,
            0.9694633483886719,
            1.0088603496551514,
            1.0487511157989502,
            1.0887434482574463,
            1.1289944648742676,
            1.1791691780090332,
            1.2632074356079102,
            1.3213310241699219,
            1.3632526397705078,
            1.4057164192199707,
            1.4472575187683105,
            1.487363576889038,
            1.5282652378082275,
            1.595280408859253,
            1.7638602256774902,
            1.8084051609039307
        ],
        "memory_usages": [
            3.0,
            3.0,
            3.0,
            3.0,
            3.0,
            3.0,
            3.0,
            3.0,
            3.0,
            3.0,
            3.0,
            3.0,
            4.0,
            4.0,
            4.0,
            4.0,
            4.0,
            4.0,
            5.0,
            5.0,
            5.0,
            3.82421875,
            4.82421875,
            4.1328125,
            5.1328125,
            4.31640625,
            4.390625,
            4.671875,
            4.73828125,
            4.80859375,
            4.90234375,
            5.0,
            5.140625,
            5.27734375,
            5.484375,
            5.65625,
            5.79296875,
            5.93359375,
            6.1796875,
            6.703125,
            6.8515625
        ]
    },
    "run_count": 3,
    "seed": 46
}