{
    "dataset": "5_campaign",
    "model": "LODA",
    "auc": 0.48265805619817864,
    "total_runtime": 1.592043399810791,
    "total_memory_usage": 4.625,
    "Instances": 41188,
    "window_metric": {
        "window_size": 1000,
        "auc_scores": [
            0.4673460745323317,
            0.47781188746685116,
            0.489878341581019,
            0.4896442737717094,
            0.4866997030776558,
            0.4849852023264277,
            0.48853248083122996,
            0.48878761454808806,
            0.48624865362734093,
            0.4841762560461851,
            0.4866335230211437,
            0.4846278158153814,
            0.4825201139917826,
            0.4849514716394716,
            0.4851730872657635,
            0.48416619710906117,
            0.48563355263971286,
            0.4861446970592963,
            0.4866702384085785,
            0.4878649981322599,
            0.48653145817471377,
            0.48753065414330404,
            0.4842089068912739,
            0.4835345834259398,
            0.48471579120004443,
            0.4834650876033401,
            0.4835554749043143,
            0.4820785321027115,
            0.48336649265110165,
            0.4846286345628207,
            0.48493373079234536,
            0.4834057874149046,
            0.4841909283409055,
            0.4839500792290164,
            0.48314310050000375,
            0.4828751954866113,
            0.48344641086595286,
            0.4837384402325526,
            0.4830249035416959,
            0.4833033309965042,
            0.48267380180703956
        ],
        "runtimes": [
            0.03184008598327637,
            0.061173439025878906,
            0.09094095230102539,
            0.12061810493469238,
            0.15073060989379883,
            0.18064641952514648,
            0.21134376525878906,
            0.24265837669372559,
            0.27438902854919434,
            0.3061833381652832,
            0.3385477066040039,
            0.3716099262237549,
            0.40507054328918457,
            0.4387021064758301,
            0.4725620746612549,
            0.5071558952331543,
            0.5426812171936035,
            0.57792067527771,
            0.6141412258148193,
            0.6513979434967041,
            0.6892099380493164,
            0.7287585735321045,
            0.7681591510772705,
            0.8073997497558594,
            0.8482108116149902,
            0.8897554874420166,
            0.9311800003051758,
            0.9734311103820801,
            1.016709566116333,
            1.0609285831451416,
            1.1030457019805908,
            1.1473972797393799,
            1.1924619674682617,
            1.2378032207489014,
            1.2822926044464111,
            1.3273522853851318,
            1.3725636005401611,
            1.4185266494750977,
            1.4663481712341309,
            1.515838623046875,
            1.565377950668335
        ],
        "memory_usages": [
            1.0,
            1.0,
            1.0,
            1.0,
            1.0,
            1.0,
            1.0,
            2.0,
            2.0,
            2.0,
            2.0,
            2.0,
            2.0,
            3.0,
            3.0,
            3.0,
            3.0,
            3.0,
            3.0,
            3.0,
            4.0,
            4.0,
            4.0,
            4.0,
            4.0,
            3.74609375,
            3.51953125,
            4.19921875,
            3.68359375,
            4.4921875,
            3.8515625,
            4.8515625,
            4.23828125,
            4.31640625,
            4.4296875,
            4.50390625,
            4.578125,
            4.65625,
            4.76953125,
            4.84765625,
            4.92578125
        ]
    },
    "run_count": 2,
    "seed": 99
}