{
    "dataset": "34_smtp",
    "model": "LODA",
    "auc": 0.686395587606613,
    "total_runtime": 4.258732795715332,
    "total_memory_usage": 12.359375,
    "Instances": 95156,
    "window_metric": {
        "window_size": 1000,
        "auc_scores": [
            NaN,
            NaN,
            NaN,
            NaN,
            NaN,
            NaN,
            NaN,
            NaN,
            NaN,
            NaN,
            NaN,
            NaN,
            NaN,
            NaN,
            0.997765772975857,
            0.997531648310406,
            0.9975592194936399,
            0.997643597298904,
            0.9975975464994268,
            0.9976792607502569,
            0.9977715142340863,
            0.997869370362207,
            0.9979185559731085,
            0.997998916079543,
            0.9462155950189249,
            0.9460423744653715,
            0.9458502292193836,
            0.9458581331482068,
            0.9459887039063193,
            0.945967642042477,
            0.9459341084913926,
            0.9458803405061144,
            0.9457497119990298,
            0.9457024320938874,
            0.9456803129415032,
            0.9455363593778534,
            0.94558172590401,
            0.9455400861971704,
            0.945540890136386,
            0.9454451915313218,
            0.9453559055008331,
            0.9454052711448034,
            0.9454323999175812,
            0.945339750959721,
            0.9452289918768381,
            0.9452053730638518,
            0.9451858000255395,
            0.9450524260052039,
            0.945083434917265,
            0.8906174975992317,
            0.8905220265181234,
            0.8906322137580794,
            0.890672184055564,
            0.8905659547273266,
            0.890499963625782,
            0.743872085752568,
            0.7437591926283458,
            0.743505993962915,
            0.7433882153454854,
            0.7432590245935807,
            0.7428965969659697,
            0.7364174721249576,
            0.7362355765639713,
            0.7359343148816833,
            0.7358025071382928,
            0.7355130128992163,
            0.7354318019810083,
            0.7011098546591117,
            0.7008077857810304,
            0.700746466886035,
            0.700529453749686,
            0.7005043698156203,
            0.7001723405471895,
            0.7000436797458836,
            0.6997620689195225,
            0.6995228215485129,
            0.6993829740623316,
            0.6990861766023531,
            0.6991776553505673,
            0.6991435257349755,
            0.6988057452668239,
            0.6991543266563154,
            0.6992763154887105,
            0.6990122616223418,
            0.6992722466366821,
            0.6993055797885335,
            0.6993103924058713,
            0.6990991153432616,
            0.686503690382526,
            0.6863095105775999,
            0.6862108387380454,
            0.6865053821898444,
            0.6864701875156861,
            0.6864272285481182,
            0.6863539363307711
        ],
        "runtimes": [
            0.026502132415771484,
            0.050220489501953125,
            0.07488560676574707,
            0.09901618957519531,
            0.12352824211120605,
            0.14845037460327148,
            0.17380166053771973,
            0.19967889785766602,
            0.22543001174926758,
            0.2517867088317871,
            0.27808713912963867,
            0.3045773506164551,
            0.33109545707702637,
            0.3578073978424072,
            0.38877367973327637,
            0.4194350242614746,
            0.45052456855773926,
            0.48252367973327637,
            0.5157923698425293,
            0.5482726097106934,
            0.581475019454956,
            0.6151227951049805,
            0.6490423679351807,
            0.6834306716918945,
            0.7184622287750244,
            0.7533111572265625,
            0.7883188724517822,
            0.8234720230102539,
            0.8585073947906494,
            0.8942966461181641,
            0.9296021461486816,
            0.9654872417449951,
            1.002448320388794,
            1.0397868156433105,
            1.077594518661499,
            1.1163394451141357,
            1.155644178390503,
            1.1943228244781494,
            1.2343628406524658,
            1.2749102115631104,
            1.3151671886444092,
            1.3558719158172607,
            1.3973438739776611,
            1.4393727779388428,
            1.481947898864746,
            1.5256145000457764,
            1.5701446533203125,
            1.6161742210388184,
            1.6616768836975098,
            1.7072093486785889,
            1.7543113231658936,
            1.8004863262176514,
            1.8472349643707275,
            1.8955745697021484,
            1.943345069885254,
            1.9903359413146973,
            2.039476156234741,
            2.0893001556396484,
            2.138481855392456,
            2.1876981258392334,
            2.2368621826171875,
            2.2864880561828613,
            2.3374547958374023,
            2.3903262615203857,
            2.4431328773498535,
            2.496493339538574,
            2.5513765811920166,
            2.606074333190918,
            2.6603307723999023,
            2.715498924255371,
            2.770874500274658,
            2.8274219036102295,
            2.883234977722168,
            2.9398958683013916,
            2.996575117111206,
            3.0528626441955566,
            3.110762596130371,
            3.168450355529785,
            3.2259082794189453,
            3.2848563194274902,
            3.3439176082611084,
            3.4026401042938232,
            3.4621188640594482,
            3.5220794677734375,
            3.58241868019104,
            3.642704725265503,
            3.703730344772339,
            3.7646517753601074,
            3.829773187637329,
            3.893434762954712,
            3.9559502601623535,
            4.018608808517456,
            4.082608938217163,
            4.147141218185425,
            4.21245265007019
        ],