{
    "dataset": "8_celeba",
    "model": "LODA",
    "auc": 0.5234698199299976,
    "total_runtime": 14.898479461669922,
    "total_memory_usage": 22.5625,
    "Instances": 202599,
    "window_metric": {
        "window_size": 1000,
        "auc_scores": [
            0.4814507772020725,
            0.506817730073544,
            0.5165719074828385,
            0.5069957111720453,
            0.5179587343300543,
            0.5304982530634079,
            0.5244870617419545,
            0.5290148857303333,
            0.517204661941504,
            0.5090731728142076,
            0.5086330694747043,
            0.5128398955524793,
            0.5197502421925011,
            0.5183702995359303,
            0.5142124509129643,
            0.5180907894692799,
            0.5205388652875863,
            0.5250149049955791,
            0.5211099863480595,
            0.5210129774651528,
            0.5227670434551862,
            0.5214669749360059,
            0.5189605029369194,
            0.521749772805435,
            0.5165913622074826,
            0.5190656269181992,
            0.5229303396279555,
            0.5195290840791804,
            0.5180409325179061,
            0.5184457832561615,
            0.5174199381071177,
            0.5179471164924496,
            0.516278157411008,
            0.516684239733301,
            0.5143027845846955,
            0.5159926887197892,
            0.5169094403602799,
            0.5165321711454279,
            0.5140269938063602,
            0.5117632730672828,
            0.5146092902447921,
            0.5175614565088972,
            0.5169604160362293,
            0.5144708062877966,
            0.5142299501785318,
            0.5157610379335824,
            0.5192369661823051,
            0.5211356330783862,
            0.5216766681109511,
            0.5200364936030266,
            0.5191917339622222,
            0.5194977423450494,
            0.521018006623993,
            0.5226367782498061,
            0.5237539909069573,
            0.523952906265313,
            0.5249082539184304,
            0.524127075957056,
            0.525033728340607,
            0.5239793509809603,
            0.5245899509192443,
            0.5243392370634335,
            0.5227397107792355,
            0.5214036960189548,
            0.5194608382458533,
            0.5198382428040862,
            0.519260185174701,
            0.5202684032871878,
            0.5215180258482741,
            0.5207077400386739,
            0.5209442807173263,
            0.5199065291273933,
            0.5197470775194468,
            0.5198377712015753,
            0.5194904550735295,
            0.5191991449608108,
            0.5197526547182516,
            0.5190419899031306,
            0.5179664349377673,
            0.5196239109609717,
            0.5198496433603644,
            0.5197194940319894,
            0.51881274496337,
            0.5184887351680345,
            0.5192352709085784,
            0.518614780394387,
            0.5194631723612078,
            0.519333685951219,
            0.5192222655036675,
            0.520181034090909,
            0.5213923576151865,
            0.5204382147373946,
            0.5210032021839499,
            0.5214854592173224,
            0.5220563436878852,
            0.5218232549565827,
            0.5226812780487489,
            0.5229515109606823,
            0.5218735056057656,
            0.5203621279495654,
            0.5206895207869434,
            0.5194663715356087,
            0.5196520207755604,
            0.5193941291221383,
            0.5204313837552784,
            0.5198908197380778,
            0.5198457491806852,
            0.5204093195957112,
            0.5197298426506487,
            0.5204349385951719,
            0.5199951377561999,
            0.520413809009552,
            0.5202657859644637,
            0.5206292600580853,
            0.5219804805056987,
            0.5214739283705035,
            0.5219214274128178,
            0.5216453229829898,
            0.5210664997195686,
            0.5218334993284087,
            0.5220194819992363,
            0.5216767253403399,
            0.5212137841643107,
            0.5203037971833806,
            0.5211706343341482,
            0.5209075236286487,
            0.5190757846294721,
            0.5188305375090805,
            0.5182945949093151,
            0.5179882723626756,
            0.5176567721333475,
            0.5184927565869485,
            0.5181297326467599,
            0.5191020159484923,
            0.5195035080139601,
            0.5198524298010856,
            0.5200647736738354,
            0.5195199645692955,
            0.5186924918121567,
            0.5185364186099388,
            0.5185616725738543,
            0.5184860724438773,
            0.5186268977341146,
            0.5189616678681949,
            0.5191284761412089,
            0.5195485869505367,
            0.5196545868454048,
            0.5194971529129365,
            0.5200780574332182,
            0.5200554844020144,
            0.519861896400016,
            0.5193865363191561,
            0.5200902938277289,
            0.5204201214095172,
            0.5199728990412958,
            0.520849494227831,
            0.5206991657189566,
            0.5207976714045804,
            0.5210255706829175,
            0.5212069782043617,
            0.5207055084400957,
            0.5206014950020679,
            0.5206496213929027,
            0.5202889851124176,
            0.5208657940824587,
            0.5211228895412613,
            0.5210246549103251,
            0.5212318119337928,
            0.5212180796611234,
            0.5214052667898432,
            0.5218387737151019,
            0.5221493418237838,
            0.5221838978116271,
            0.5213598806408495,
            0.5213904817875102,
            0.5216975014880346,
            0.5223343736309817,
            0.5225115098567454,
            0.5225649273678209,
            0.522779327517067,
            0.5229856701056127,
            0.5233805440517969,
            0.5234446854831057,
            0.5237623632414682,
            0.5238039060264218,
            0.5243062666029377,
            0.5248643188979857,
            0.5240820131377871,
            0.523987529775004,
            0.5237891622319114,
            0.5235172912645896,
            0.5233773762096623,
            0.5236921576438719,
            0.5237955665457543,
            0.5235236065366825,
            0.5237695112806683,
            0.5235105800736648,
            0.5237464162959126,
            0.52400740489003,
            0.5239690866362526,
            0.5241100914747492,
            0.5238509018967006
        ],