{
    "dataset": "8_celeba",
    "model": "LODA",
    "auc": 0.5325774117538429,
    "total_runtime": 14.800373554229736,
    "total_memory_usage": 24.2265625,
    "Instances": 202599,
    "window_metric": {
        "window_size": 1000,
        "auc_scores": [
            0.5311917098445595,
            0.5381037567084079,
            0.5280175857893185,
            0.5363101591745338,
            0.5430448524450442,
            0.5559771978802722,
            0.550880382261694,
            0.5476370537866339,
            0.5397831187304871,
            0.537894894125683,
            0.5443515788921245,
            0.5405229531652742,
            0.5386793076362196,
            0.540224216003375,
            0.5373529552327808,
            0.5424999440649967,
            0.5405542636719285,
            0.5361586324469289,
            0.5321678724332959,
            0.533564166505088,
            0.5334716903019452,
            0.5381593007499187,
            0.5357456295298338,
            0.5324597534194463,
            0.5306519856379881,
            0.5329424352799703,
            0.5386832102598148,
            0.537571902726484,
            0.5369883462072785,
            0.5357139695365003,
            0.5369776048973429,
            0.5352794252851932,
            0.5353948789504799,
            0.5369944697186665,
            0.5360817356518033,
            0.5364927255568537,
            0.53654869408516,
            0.53489678689767,
            0.5349119833362838,
            0.5347993476951824,
            0.5371958767861351,
            0.5372632680768155,
            0.5373849204123631,
            0.5347922479317315,
            0.5341101881438761,
            0.5351606728694477,
            0.5351070715699724,
            0.533396381184458,
            0.5340873199657111,
            0.5334056113422262,
            0.5328366480912152,
            0.5326361944104123,
            0.5331297790026757,
            0.5332983598771128,
            0.5340235551163749,
            0.5325820306071697,
            0.5335681953734432,
            0.5321818218237764,
            0.5321428626896734,
            0.531051216000142,
            0.5324960929961071,
            0.5325490028486755,
            0.5318174799918869,
            0.5328257827550664,
            0.532401415113591,
            0.5327451370033611,
            0.5315766808098187,
            0.5325019673310101,
            0.5327619199543965,
            0.5316894631435108,
            0.5321121873883826,
            0.5311421414858701,
            0.5305435465739268,
            0.5298437340569827,
            0.53048766916444,
            0.52988988203626,
            0.5293299241448916,
            0.5300813545573683,
            0.5298077192437968,
            0.5301162488462448,
            0.5308304030417718,
            0.5316276436904599,
            0.5316166107398597,
            0.5316300873266828,
            0.5322097932497576,
            0.5309547552089465,
            0.5315894878498022,
            0.5320769020076481,
            0.531847553531668,
            0.5321815624999999,
            0.5330969504990127,
            0.5325587379016905,
            0.5333184895229506,
            0.5329750003729259,
            0.5329497833212653,
            0.5332982980366032,
            0.5327313883590281,
            0.5328391551722046,
            0.5334027144241215,
            0.5329479276698122,
            0.5323670832871212,
            0.5311934044441803,
            0.5318479838657051,
            0.5318493382396149,
            0.5320775118690814,
            0.5316546146826895,
            0.5314816762289654,
            0.5312886317125137,
            0.5310665436739295,
            0.5316528667176914,
            0.531482171973855,
            0.5311696872058116,
            0.5302433846889465,
            0.5300341120162336,
            0.5296181142717035,
            0.5292106012672718,
            0.5291175567468953,
            0.5283510451247779,
            0.5286985425802087,
            0.5292963358902105,
            0.5297764453299721,
            0.5296350073172069,
            0.5291221188739574,
            0.5286292772808764,
            0.529743044767675,
            0.5299574160178908,
            0.5290549642228815,
            0.5289089382994048,
            0.5291358967202051,
            0.5286325260429586,
            0.5285584600410966,
            0.529512715505619,
            0.5290963735157589,
            0.5290626802593715,
            0.5288880588060189,
            0.5291985896160798,
            0.5299872363959159,
            0.5309198371272206,
            0.5309594391568097,
            0.5305059600554232,
            0.5303164059358569,
            0.5307908081988554,
            0.5307687562885502,
            0.5311868657232685,
            0.5311141113131567,
            0.5316583562514047,
            0.5316929467422284,
            0.5319808950023868,
            0.5318097777505786,
            0.5322323916954191,
            0.5324288412657424,
            0.5319968781670308,
            0.5319668706267978,
            0.5319824882092041,
            0.5310895760228131,
            0.5310993154283057,
            0.531456362022295,
            0.531215654475743,
            0.5315763922085047,
            0.5313291514251489,
            0.5315398880515123,
            0.5312538609129365,
            0.5312285471646752,
            0.5311359825946566,
            0.5315420525945781,
            0.5317641038302195,
            0.5319106572238774,
            0.532148956906695,
            0.5325258993545307,
            0.5324186937115348,
            0.5331471448262836,
            0.5330054068164489,
            0.533454701544917,
            0.533344368635959,
            0.5332552622280551,
            0.5329312817092247,
            0.5336838285929042,
            0.5338077628830954,
            0.5340471229653647,
            0.5336851041043297,
            0.5338632920369969,
            0.5343059060663329,
            0.53420162428265,
            0.5342628966507565,
            0.5341299099324439,
            0.5344284870907675,
            0.5344302960869529,
            0.5340071316704554,
            0.5335650915731341,
            0.5332183472162869,
            0.533476952454687,
            0.5337373506754017,
            0.5335225826244988,
            0.5332380628562597,
            0.5328913392949779,
            0.5323722420787326,
            0.5318650109306264,
            0.5320231073087714,
            0.5321439217720851,
            0.5326670063755912,
            0.5326013786461988,
            0.5325001267210676
        ],