{
    "dataset": "50_bank",
    "model": "LODA",
    "auc": 0.49303871880342526,
    "total_runtime": 2.3759853839874268,
    "total_memory_usage": 6.58203125,
    "Instances": 41188,
    "window_metric": {
        "window_size": 1000,
        "auc_scores": [
            0.37952679864799616,
            0.47156962887299964,
            0.4577921609548036,
            0.4661102346882753,
            0.4751418729358287,
            0.48178863083864143,
            0.4936487363207399,
            0.48600309677419357,
            0.492918369311407,
            0.5003174904071435,
            0.49473380392156857,
            0.49357142857142855,
            0.4979228656607965,
            0.4997000352114439,
            0.5035410799951299,
            0.5061047915185363,
            0.5045033944000086,
            0.5047908041943343,
            0.5080369406760967,
            0.5058149213361336,
            0.5024591744531774,
            0.5042178448260434,
            0.5011616070402416,
            0.5011716056749919,
            0.5002545429826029,
            0.4967280983946729,
            0.49496454235651133,
            0.4908627122164358,
            0.4877036887050277,
            0.4846605187345535,
            0.4774977245244526,
            0.4791529315096512,
            0.4786250897833153,
            0.4786945733704493,
            0.48026491772543456,
            0.47990913493319265,
            0.48258544556641847,
            0.48683831636035996,
            0.48879280237040573,
            0.4899982684931392,
            0.49386444434657095
        ],
        "runtimes": [
            0.028551578521728516,
            0.06704354286193848,
            0.09950757026672363,
            0.12871694564819336,
            0.15855026245117188,
            0.18912315368652344,
            0.21968889236450195,
            0.24999260902404785,
            0.28069639205932617,
            0.31180882453918457,
            0.3434154987335205,
            0.37566614151000977,
            0.4080026149749756,
            0.44084715843200684,
            0.48446130752563477,
            0.5705235004425049,
            0.6214475631713867,
            0.6558182239532471,
            0.6906218528747559,
            0.7266838550567627,
            0.7625815868377686,
            0.8297455310821533,
            0.9396090507507324,
            0.9769883155822754,
            1.0144715309143066,
            1.0525658130645752,
            1.090620756149292,
            1.1290597915649414,
            1.222895622253418,
            1.3333654403686523,
            1.3738441467285156,
            1.4174394607543945,
            1.488123893737793,
            1.6714425086975098,
            1.7540309429168701,
            1.7974176406860352,
            1.8536500930786133,
            1.9382655620574951,
            2.090937852859497,
            2.156020402908325,
            2.3387632369995117
        ],
        "memory_usages": [
            2.0,
            2.0,
            2.0,
            2.0,
            2.0,
            2.0,
            3.0,
            3.0,
            3.0,
            3.0,
            3.0,
            3.0,
            4.0,
            4.0,
            4.0,
            4.0,
            4.0,
            4.0,
            4.0,
            5.0,
            5.0,
            5.0,
            3.765625,
            4.765625,
            4.1015625,
            5.1015625,
            4.2421875,
            4.3359375,
            4.4453125,
            4.59765625,
            4.8125,
            4.99609375,
            5.1484375,
            5.3046875,
            5.84375,
            6.75390625,
            5.98046875,
            6.33984375,
            6.4453125,
            6.5078125,
            6.5703125
        ]
    },
    "run_count": 6,
    "seed": 70
}