{
    "dataset": "49_kddcup99_prob",
    "model": "LODA",
    "auc": 0.329768112195725,
    "total_runtime": 3.8950955867767334,
    "total_memory_usage": 9.90625,
    "Instances": 64759,
    "window_metric": {
        "window_size": 1000,
        "auc_scores": [
            0.7944715707462846,
            0.12871274365383784,
            0.14650007338410975,
            0.16212117566964687,
            0.21646420503763583,
            0.22129843917839162,
            0.21308814042634158,
            0.19597185673136605,
            0.22139966435953695,
            0.24635395391962273,
            0.25997751677417213,
            0.15786517189460467,
            0.24915413555095056,
            0.2988152553627583,
            0.33986438928329077,
            0.34156251965933987,
            0.34758681325278945,
            0.35665678142039065,
            0.3690775080314961,
            0.3631724458200115,
            0.3666781467988721,
            0.36046319536324706,
            0.3638947270157931,
            0.3674519099418163,
            0.36891958546375414,
            0.37039395014548515,
            0.3792828805852051,
            0.37781504501371366,
            0.3751499621356582,
            0.3751551340638404,
            0.37541994399316764,
            0.3748380178156986,
            0.36499296597903785,
            0.3619693780072408,
            0.3615036866053601,
            0.360539073952791,
            0.3596473209779553,
            0.35685633165905145,
            0.3501052333126552,
            0.3453451767187202,
            0.34570886824217073,
            0.34580307305666513,
            0.34702552133393616,
            0.348742282129571,
            0.34943252238634315,
            0.34839093024057516,
            0.3481570075892947,
            0.34777326638080486,
            0.3485135320247989,
            0.3485396367952349,
            0.345740971623941,
            0.34312994384463263,
            0.34244256763538744,
            0.3403188892351834,
            0.33856297940566227,
            0.33858682715432603,
            0.33840340271281205,
            0.3373363234444341,
            0.3343241407300077,
            0.3337740486161993,
            0.3338296861072745,
            0.3339462501571577,
            0.3349637141929111,
            0.33301282211237293
        ],
        "runtimes": [
            0.027337312698364258,
            0.05229043960571289,
            0.07817578315734863,
            0.104888916015625,
            0.13241052627563477,
            0.16082262992858887,
            0.18979406356811523,
            0.21928858757019043,
            0.24948883056640625,
            0.27970457077026367,
            0.3101377487182617,
            0.3408365249633789,
            0.37184906005859375,
            0.4036219120025635,
            0.43596577644348145,
            0.4688436985015869,
            0.502173662185669,
            0.5356290340423584,
            0.5683550834655762,
            0.601351261138916,
            0.6347229480743408,
            0.6693398952484131,
            0.7051358222961426,
            0.7418091297149658,
            0.779625415802002,
            0.8170304298400879,
            0.8798770904541016,
            0.9150254726409912,
            0.9502894878387451,
            0.9875876903533936,
            1.0273792743682861,
            1.066957950592041,
            1.1064825057983398,
            1.1672680377960205,
            1.2072629928588867,
            1.2536447048187256,
            1.395188808441162,
            1.4396696090698242,
            1.5411195755004883,
            1.6531155109405518,
            1.7069368362426758,
            1.7793018817901611,
            1.8584883213043213,
            1.998826265335083,
            2.070479393005371,
            2.2419872283935547,
            2.3246095180511475,
            2.3697307109832764,
            2.503430128097534,
            2.5722057819366455,
            2.6854686737060547,
            2.804438352584839,
            2.85857892036438,
            2.942502737045288,
            2.9890987873077393,
            3.0383596420288086,
            3.142676591873169,
            3.2119967937469482,
            3.3736371994018555,
            3.475776195526123,
            3.557999610900879,
            3.6750106811523438,
            3.7867610454559326,
            3.8433303833007812
        ],
        "memory_usages": [
            3.0,
            3.0,
            3.0,
            3.0,
            4.0,
            4.0,
            4.0,
            4.0,
            4.0,
            4.0,
            5.0,
            5.0,
            5.0,
            5.0,
            5.0,
            5.0,
            5.0,
            6.0,
            6.0,
            6.0,
            6.0,
            6.0,
            6.0,
            6.0,
            5.7578125,
            5.64453125,
            5.51171875,
            6.23828125,
            5.91015625,
            6.91015625,
            6.31640625,
            6.3828125,
            6.453125,
            6.5234375,
            6.890625,
            6.9609375,
            7.03125,
            7.1015625,
            7.6640625,
            7.68359375,
            7.75,
            7.87890625,
            8.015625,
            8.234375,
            8.37109375,
            8.49609375,
            8.6328125,
            8.6328125,
            8.76171875,
            8.98828125,
            9.1171875,
            9.24609375,
            9.7109375,
            9.7890625,
            9.859375,
            9.98046875,
            10.05078125,
            10.12109375,
            9.7734375,
            9.84375,
            10.08203125,
            10.1484375,
            11.07421875,
            11.16015625
        ]
    },
    "run_count": 6,
    "seed": 92
}