{
    "dataset": "5_campaign",
    "model": "LODA",
    "auc": 0.6249786947632401,
    "total_runtime": 1.5259981155395508,
    "total_memory_usage": 6.77734375,
    "Instances": 41188,
    "window_metric": {
        "window_size": 1000,
        "auc_scores": [
            0.611595964059508,
            0.5918367346938775,
            0.6070712094926874,
            0.5924385657169045,
            0.6031163672108555,
            0.6052590451208878,
            0.6074582619075907,
            0.6136261770814061,
            0.6150394178874442,
            0.6176374044312685,
            0.6184879670431976,
            0.616812205032091,
            0.618052382101103,
            0.6177371002331002,
            0.6194496520153647,
            0.6194465093619761,
            0.6199265893723762,
            0.6198350876873762,
            0.6199914739651945,
            0.6203707386789878,
            0.6193280301232641,
            0.6231936075894542,
            0.622067914566436,
            0.6211824400719742,
            0.6211896155492668,
            0.6209680075968154,
            0.6219006117002158,
            0.6228582015756055,
            0.6220506629029423,
            0.6231807139034875,
            0.6229268127557679,
            0.6227481292913603,
            0.6219840078626322,
            0.6207074359309431,
            0.6209209536902951,
            0.6213845078981218,
            0.6220396791830987,
            0.623461738156905,
            0.6234769480279262,
            0.6239275054170526,
            0.624743767374283
        ],
        "runtimes": [
            0.030497074127197266,
            0.05955982208251953,
            0.08844804763793945,
            0.11708498001098633,
            0.1454029083251953,
            0.17362356185913086,
            0.20222973823547363,
            0.23234891891479492,
            0.2640814781188965,
            0.29669904708862305,
            0.32936573028564453,
            0.3610982894897461,
            0.3926985263824463,
            0.42478132247924805,
            0.4574089050292969,
            0.49024319648742676,
            0.5234887599945068,
            0.5571997165679932,
            0.591515302658081,
            0.6264398097991943,
            0.6620345115661621,
            0.698584794998169,
            0.7360129356384277,
            0.7734549045562744,
            0.8118131160736084,
            0.8516964912414551,
            0.8912656307220459,
            0.9311704635620117,
            0.9717235565185547,
            1.0129525661468506,
            1.0546784400939941,
            1.0969161987304688,
            1.1397631168365479,
            1.1831214427947998,
            1.2260198593139648,
            1.2696819305419922,
            1.3140628337860107,
            1.359825611114502,
            1.4060988426208496,
            1.4527058601379395,
            1.5000221729278564
        ],
        "memory_usages": [
            3.0,
            3.0,
            3.0,
            3.0,
            3.0,
            3.0,
            3.0,
            3.0,
            3.0,
            4.0,
            4.0,
            4.0,
            4.0,
            4.0,
            4.0,
            5.0,
            5.0,
            5.0,
            5.0,
            5.0,
            5.0,
            4.51953125,
            5.51953125,
            5.51953125,
            5.51953125,
            4.984375,
            5.984375,
            5.15234375,
            5.21875,
            5.2890625,
            5.75,
            5.9140625,
            6.078125,
            6.24609375,
            6.4765625,
            6.63671875,
            6.80078125,
            6.96875,
            6.3046875,
            7.21484375,
            6.4609375
        ]
    },
    "run_count": 9,
    "seed": 96
}