{
    "dataset": "50_bank",
    "model": "LODA",
    "auc": 0.4718972369354613,
    "total_runtime": 2.220013380050659,
    "total_memory_usage": 5.31640625,
    "Instances": 41188,
    "window_metric": {
        "window_size": 1000,
        "auc_scores": [
            0.36707977895809857,
            0.4180650809864293,
            0.4322438557600297,
            0.44268773787930377,
            0.45740686814162435,
            0.47079203692275795,
            0.48058752582947256,
            0.4682167741935484,
            0.458255058252186,
            0.463006017759639,
            0.4603098352941176,
            0.46423225594210055,
            0.46173183945729984,
            0.45920103398154655,
            0.456012636684605,
            0.4580796211230994,
            0.457966982292179,
            0.4619148667840086,
            0.46314664378914094,
            0.4631688973851169,
            0.46210586625878974,
            0.4661788239262204,
            0.4665672051305531,
            0.46984450923532944,
            0.4688734568889274,
            0.46774282268250017,
            0.4686190112165617,
            0.4617643996912749,
            0.4609028243932941,
            0.4621051001513453,
            0.4615747012059951,
            0.46370127770761405,
            0.4631683805487529,
            0.46474142364807913,
            0.46898985286006606,
            0.4750326474363204,
            0.4676428188090123,
            0.46947739312646897,
            0.4714325438111395,
            0.47352918257037535,
            0.47338165658698733
        ],
        "runtimes": [
            0.02968120574951172,
            0.05751347541809082,
            0.08590197563171387,
            0.11458349227905273,
            0.1438586711883545,
            0.17314696311950684,
            0.2029726505279541,
            0.23300552368164062,
            0.2639007568359375,
            0.2948789596557617,
            0.3267197608947754,
            0.35863685607910156,
            0.42253661155700684,
            0.5156111717224121,
            0.5479438304901123,
            0.5806028842926025,
            0.6139788627624512,
            0.6584994792938232,
            0.7435235977172852,
            0.8411502838134766,
            0.979961633682251,
            1.0430898666381836,
            1.10548734664917,
            1.2420654296875,
            1.317720651626587,
            1.3576178550720215,
            1.3973100185394287,
            1.4347898960113525,
            1.4714257717132568,
            1.5388157367706299,
            1.6687078475952148,
            1.733790636062622,
            1.7738738059997559,
            1.8146164417266846,
            1.858555793762207,
            1.9023585319519043,
            1.947763204574585,
            1.9915125370025635,
            2.0374045372009277,
            2.082698106765747,
            2.129243850708008
        ],
        "memory_usages": [
            1.0,
            1.0,
            1.0,
            1.0,
            2.0,
            2.0,
            2.0,
            2.0,
            2.0,
            2.0,
            2.0,
            3.0,
            3.0,
            3.0,
            3.0,
            3.0,
            4.0,
            4.0,
            4.0,
            4.0,
            4.0,
            4.0,
            5.0,
            5.0,
            3.77734375,
            4.77734375,
            4.77734375,
            3.9921875,
            4.05078125,
            4.11328125,
            4.20703125,
            4.6171875,
            4.9296875,
            5.0,
            5.10546875,
            5.16796875,
            5.2421875,
            5.390625,
            5.6171875,
            5.765625,
            5.91796875
        ]
    },
    "run_count": 1,
    "seed": 59
}