{
    "dataset": "1_ALOI",
    "model": "LODA",
    "auc": 0.7238212369714414,
    "total_runtime": 1.7878339290618896,
    "total_memory_usage": 6.67578125,
    "Instances": 49534,
    "window_metric": {
        "window_size": 1000,
        "auc_scores": [
            NaN,
            0.7043100752625563,
            0.726359327554206,
            0.7248119712523045,
            0.7243044731269047,
            0.7317222955752756,
            0.7253963324517358,
            0.7218588558699464,
            0.7179055537223791,
            0.7198787343619397,
            0.7250704488269334,
            0.7263535258896258,
            0.72852138634557,
            0.7266470169555732,
            0.72868714420413,
            0.7298312304016998,
            0.7320778123867817,
            0.7273261177672512,
            0.728174751807723,
            0.7290967748043315,
            0.72742980048674,
            0.729130207246562,
            0.7276709216580989,
            0.7263058990381962,
            0.7263000192853055,
            0.7280353493870786,
            0.727332020947124,
            0.7261920519722483,
            0.726384328443172,
            0.7256751255226931,
            0.7247604304687583,
            0.725230316531257,
            0.7263999471382736,
            0.7265651761331334,
            0.7283697306391866,
            0.7281056369200747,
            0.727292917804767,
            0.7266802927046835,
            0.7263780906328099,
            0.7249008785042246,
            0.72366429315436,
            0.7223766373866691,
            0.7219144350730997,
            0.722532089672801,
            0.7239128522919914,
            0.7253352225452984,
            0.7251379611210973,
            0.7242980652556863,
            0.7238078321609269
        ],
        "runtimes": [
            0.026027441024780273,
            0.051877498626708984,
            0.07750988006591797,
            0.10356950759887695,
            0.13031792640686035,
            0.15727686882019043,
            0.1843094825744629,
            0.21132159233093262,
            0.23889970779418945,
            0.2668335437774658,
            0.2956883907318115,
            0.32512617111206055,
            0.3547043800354004,
            0.38417863845825195,
            0.41338086128234863,
            0.4436511993408203,
            0.47448086738586426,
            0.5060019493103027,
            0.5381448268890381,
            0.571159839630127,
            0.6048007011413574,
            0.6391639709472656,
            0.6750733852386475,
            0.7110600471496582,
            0.7468113899230957,
            0.7836325168609619,
            0.8210866451263428,
            0.8586132526397705,
            0.8952760696411133,
            0.9339425563812256,
            0.973569393157959,
            1.0134937763214111,
            1.0529851913452148,
            1.0931787490844727,
            1.1338696479797363,
            1.1746809482574463,
            1.2146573066711426,
            1.254915714263916,
            1.2964367866516113,
            1.3382608890533447,
            1.3806774616241455,
            1.4264311790466309,
            1.471909761428833,
            1.5165438652038574,
            1.5622482299804688,
            1.6091742515563965,
            1.6561238765716553,
            1.702251672744751,
            1.7496554851531982
        ],
        "memory_usages": [
            1.0,
            2.0,
            3.0,
            3.0,
            3.0,
            3.0,
            3.0,
            3.0,
            3.0,
            3.0,
            3.0,
            4.0,
            4.0,
            4.0,
            4.0,
            4.0,
            4.0,
            4.0,
            5.0,
            5.0,
            5.0,
            3.98828125,
            4.98828125,
            4.3828125,
            5.3828125,
            5.3828125,
            4.625,
            4.72265625,
            4.796875,
            4.8671875,
            5.265625,
            5.41015625,
            5.55078125,
            6.078125,
            5.66015625,
            6.421875,
            5.78125,
            6.6796875,
            5.94140625,
            6.00390625,
            6.0625,
            6.125,
            6.1875,
            6.2890625,
            6.3515625,
            6.4140625,
            6.4765625,
            6.53515625,
            6.59765625
        ]
    },
    "run_count": 10,
    "seed": 28
}