{
    "dataset": "1_ALOI",
    "model": "LODA",
    "auc": 0.639875894478466,
    "total_runtime": 1.8815791606903076,
    "total_memory_usage": 7.2734375,
    "Instances": 49534,
    "window_metric": {
        "window_size": 1000,
        "auc_scores": [
            NaN,
            0.6796489185051002,
            0.6816567226801118,
            0.6652633253999004,
            0.6761120909938898,
            0.6638996884529171,
            0.6522419395658214,
            0.6364909842107243,
            0.6209393467975035,
            0.6207556401968588,
            0.6230920691555419,
            0.6261764047079952,
            0.6253814209123449,
            0.6206757470669824,
            0.6178472202016168,
            0.6179824082947805,
            0.6211108531416233,
            0.6227184903089417,
            0.6208639296114753,
            0.624375133041975,
            0.6240954937099952,
            0.6262187585916946,
            0.6285303988258415,
            0.6277142866240446,
            0.627642865949964,
            0.6281250934100281,
            0.6282745229064426,
            0.6300862159078302,
            0.6305824535017854,
            0.6323625301680849,
            0.6331601727357794,
            0.6346298685640378,
            0.6367640293303406,
            0.6367872720189682,
            0.6380545051179727,
            0.6369566417738507,
            0.637145636884286,
            0.634437372414898,
            0.6337129109205543,
            0.6346899979354281,
            0.6329838047983932,
            0.6342832628169537,
            0.6343521112120045,
            0.6333840247288863,
            0.6347082093941603,
            0.6360149149693647,
            0.6379204225373465,
            0.6383455406377778,
            0.6388438365495481
        ],
        "runtimes": [
            0.028806686401367188,
            0.05722403526306152,
            0.08570456504821777,
            0.11435699462890625,
            0.1429746150970459,
            0.1725928783416748,
            0.2017812728881836,
            0.23089051246643066,
            0.26053333282470703,
            0.29065418243408203,
            0.3207991123199463,
            0.3515748977661133,
            0.3830528259277344,
            0.41490793228149414,
            0.44623541831970215,
            0.4782991409301758,
            0.5114612579345703,
            0.5449655055999756,
            0.57855224609375,
            0.6125500202178955,
            0.6471645832061768,
            0.6825399398803711,
            0.7187166213989258,
            0.7553226947784424,
            0.7928040027618408,
            0.831148624420166,
            0.8703415393829346,
            0.9097988605499268,
            0.9491419792175293,
            0.9891088008880615,
            1.0302131175994873,
            1.0714170932769775,
            1.1125645637512207,
            1.154583215713501,
            1.1980392932891846,
            1.2395901679992676,
            1.2823817729949951,
            1.3263084888458252,
            1.3710312843322754,
            1.4149765968322754,
            1.4593396186828613,
            1.5043690204620361,
            1.5502500534057617,
            1.5964250564575195,
            1.6457204818725586,
            1.6942188739776611,
            1.742767333984375,
            1.7921538352966309,
            1.8425347805023193
        ],
        "memory_usages": [
            2.0,
            3.0,
            3.0,
            3.0,
            3.0,
            3.0,
            3.0,
            3.0,
            3.0,
            3.0,
            4.0,
            4.0,
            4.0,
            4.0,
            4.0,
            4.0,
            4.0,
            5.0,
            5.0,
            5.0,
            5.0,
            5.0,
            5.0,
            4.5546875,
            5.5546875,
            5.5546875,
            4.7734375,
            5.7734375,
            5.1484375,
            6.1484375,
            5.3125,
            5.3828125,
            5.51171875,
            5.66015625,
            5.9375,
            6.484375,
            6.05859375,
            6.7734375,
            7.48046875,
            6.60546875,
            6.671875,
            6.7421875,
            6.8125,
            6.9140625,
            6.9765625,
            7.0390625,
            7.1015625,
            7.16015625,
            7.22265625
        ]
    },
    "run_count": 2,
    "seed": 41
}