{
    "dataset": "3_backdoor",
    "model": "LODA",
    "auc": 0.5993505681057447,
    "total_runtime": 5.705308198928833,
    "total_memory_usage": 12.09375,
    "Instances": 95329,
    "window_metric": {
        "window_size": 1000,
        "auc_scores": [
            0.7266035751840169,
            0.6975386771828158,
            0.6724873616000111,
            0.662296809384346,
            0.6550521642710811,
            0.6522004533623229,
            0.6510588698146501,
            0.6471243509351924,
            0.6449672707872111,
            0.6433606303540409,
            0.6410578476665071,
            0.6383856529809648,
            0.6357321710245367,
            0.6341671067394774,
            0.6319282445102982,
            0.6301364254560203,
            0.6283200437274786,
            0.6352747104078108,
            0.6449834643371358,
            0.6535890482703031,
            0.4269446474983756,
            0.4386842308225516,
            0.4422064362296717,
            0.4486657777687275,
            0.4536757739367119,
            0.459932578450789,
            0.4673290128225165,
            0.47261683805874466,
            0.4730022029791434,
            0.4784593522455919,
            0.48099010940607095,
            0.4890697594047121,
            0.4973945599875042,
            0.49727670682093955,
            0.5010525982138847,
            0.5019543434263792,
            0.5065665663940055,
            0.50732748173877,
            0.5086648452115097,
            0.5071911967701113,
            0.5053755847434577,
            0.5026565147488968,
            0.4997861427367931,
            0.4965204206002415,
            0.4932194343557747,
            0.49044450338621215,
            0.48783983776571477,
            0.4853463003386146,
            0.48292731764153973,
            0.48037746192647435,
            0.4775452316020581,
            0.4752137126794066,
            0.4732907315268432,
            0.47107387806818873,
            0.4687976032613408,
            0.46697518155734946,
            0.46490223452774215,
            0.4629163714011703,
            0.4612920044803565,
            0.4596224013254461,
            0.4581995610779525,
            0.45671558690079467,
            0.4556558691417331,
            0.4546091241584772,
            0.4533823372270155,
            0.45222470509879215,
            0.45098520029551836,
            0.44975198650339654,
            0.44879748247497797,
            0.4477155745878731,
            0.4465815757543929,
            0.44520666207273785,
            0.4442218359358633,
            0.4426138234163264,
            0.44110605133636743,
            0.43999424946866605,
            0.4387687660583818,
            0.4376888690684525,
            0.438252233392438,
            0.4420769963164883,
            0.44380384654934696,
            0.4458201557738741,
            0.4473116682637479,
            0.4495609906795944,
            0.45215299829355254,
            0.46272306482559944,
            0.4998138020464249,
            0.5160678679098001,
            0.5311780302248299,
            0.5450239934192704,
            0.5552545490306484,
            0.5677125723375441,
            0.5787605638922997,
            0.5878738731562024,
            0.6019709193548387
        ],
        "runtimes": [
            0.04338574409484863,
            0.08376455307006836,
            0.12403702735900879,
            0.16516351699829102,
            0.20703768730163574,
            0.24963998794555664,
            0.29239869117736816,
            0.3354804515838623,
            0.3787877559661865,
            0.42311620712280273,
            0.46715283393859863,
            0.5114176273345947,
            0.5558128356933594,
            0.6005697250366211,
            0.6446738243103027,
            0.6892685890197754,
            0.7341091632843018,
            0.7784163951873779,
            0.8234694004058838,
            0.8690962791442871,
            0.9139649868011475,
            0.9606633186340332,
            1.007636547088623,
            1.0546543598175049,
            1.1031780242919922,
            1.1517443656921387,
            1.201223611831665,
            1.2521746158599854,
            1.304581642150879,
            1.3571324348449707,
            1.410463571548462,
            1.464165210723877,
            1.5174932479858398,
            1.5712835788726807,
            1.6258883476257324,
            1.6788437366485596,
            1.73323392868042,
            1.7889893054962158,
            1.8449227809906006,
            1.9008591175079346,
            1.957252025604248,
            2.014070510864258,
            2.074291467666626,
            2.1338822841644287,
            2.192781686782837,
            2.2535579204559326,
            2.314237594604492,
            2.3742573261260986,
            2.436415672302246,
            2.497722625732422,
            2.5588250160217285,
            2.620866060256958,
            2.6835432052612305,
            2.7462236881256104,
            2.8095765113830566,
            2.872626781463623,
            2.9345176219940186,
            2.9965169429779053,
            3.0591022968292236,
            3.1215412616729736,
            3.185519218444824,
            3.250610113143921,
            3.3163323402404785,
            3.3816018104553223,
            3.451092004776001,
            3.517756938934326,
            3.5850369930267334,
            3.652726411819458,
            3.7204573154449463,
            3.7889342308044434,
            3.8574976921081543,
            3.926478385925293,
            3.9961063861846924,
            4.066205739974976,
            4.137381553649902,
            4.209151029586792,
            4.2818827629089355,
            4.354495525360107,
            4.428090810775757,
            4.502615928649902,
            4.576188325881958,
            4.650794506072998,
            4.725033760070801,
            4.802201747894287,
            4.876202821731567,
            4.951517105102539,
            5.026975393295288,
            5.103816986083984,
            5.181041479110718,
            5.2582619190216064,
            5.336278200149536,
            5.414289712905884,
            5.492451906204224,
            5.571244716644287,
            5.649916648864746
        ],