{
    "dataset": "3_backdoor",
    "model": "LODA",
    "auc": 0.7460261360960677,
    "total_runtime": 5.341690301895142,
    "total_memory_usage": 10.93359375,
    "Instances": 95329,
    "window_metric": {
        "window_size": 1000,
        "auc_scores": [
            0.7366037897808966,
            0.7041705457170054,
            0.6936562493516553,
            0.690659559191938,
            0.6884241072716706,
            0.6881127850232682,
            0.6883666716578734,
            0.6849196224836306,
            0.6836495295246912,
            0.6818164106161005,
            0.6783594453213666,
            0.674584485287714,
            0.6714129710257974,
            0.6682967646237048,
            0.6651797231500453,
            0.6618739276790273,
            0.6602608478941101,
            0.6631385438137151,
            0.663741830434881,
            0.6718828476706707,
            0.6367272782651071,
            0.6374593338149885,
            0.6414275615227387,
            0.6477615073595577,
            0.6543032225038499,
            0.6516883967193929,
            0.6591322535108021,
            0.6611744000026026,
            0.6631884702166841,
            0.667341628284505,
            0.6714695464320954,
            0.6719957637295384,
            0.6782423787023633,
            0.6774027208858423,
            0.6817116536260377,
            0.6840696468553468,
            0.6833784157597781,
            0.6817677786640034,
            0.6850703200068973,
            0.6859847195690221,
            0.6860123860554747,
            0.6848956339180251,
            0.6838789311916631,
            0.6823782101777287,
            0.6805128968167002,
            0.6791277519759622,
            0.678167721938689,
            0.6770313576009009,
            0.6762255265868335,
            0.6751457847559144,
            0.673882291670317,
            0.6726593386313522,
            0.6717208494710464,
            0.6705943922683983,
            0.6690103306494342,
            0.6677875410295575,
            0.6663888611120494,
            0.6651114946712103,
            0.6640341278507154,
            0.6627218948576694,
            0.6617380276262367,
            0.6606609413683603,
            0.6597919361096786,
            0.6588296513553149,
            0.6577791502200593,
            0.6567208061248759,
            0.6559733784498074,
            0.6553804766122302,
            0.6543194116014068,
            0.6534911653689311,
            0.652617215781771,
            0.6517268867882497,
            0.650943242267702,
            0.6500533583495449,
            0.6490593512599288,
            0.6482228222176749,
            0.647345786730212,
            0.6465772417673188,
            0.6471446544380286,
            0.6497720275443832,
            0.650473472206228,
            0.6521791936988477,
            0.6534588954205625,
            0.6556872063398606,
            0.6539945221295955,
            0.6740742993108859,
            0.6945714412137091,
            0.7003974279503848,
            0.707980950717412,
            0.7143945668447388,
            0.7229791275571145,
            0.7290705569189495,
            0.7349369941975522,
            0.7406183472112705,
            0.7455062688172042
        ],
        "runtimes": [
            0.03868269920349121,
            0.07537436485290527,
            0.11278629302978516,
            0.15069007873535156,
            0.18906807899475098,
            0.22748041152954102,
            0.26652050018310547,
            0.30620789527893066,
            0.3469209671020508,
            0.3871283531188965,
            0.42790722846984863,
            0.4694690704345703,
            0.5114684104919434,
            0.5537445545196533,
            0.596548318862915,
            0.6398913860321045,
            0.6836960315704346,
            0.7269375324249268,
            0.7701277732849121,
            0.8146555423736572,
            0.8591723442077637,
            0.9048032760620117,
            0.9503300189971924,
            0.996800422668457,
            1.0423226356506348,
            1.087660312652588,
            1.134516716003418,
            1.1819658279418945,
            1.2300381660461426,
            1.2782325744628906,
            1.3269329071044922,
            1.3769092559814453,
            1.4278287887573242,
            1.4779431819915771,
            1.5278451442718506,
            1.5779919624328613,
            1.6287283897399902,
            1.6793582439422607,
            1.731316328048706,
            1.783607006072998,
            1.8351774215698242,
            1.8876087665557861,
            1.9391465187072754,
            1.991612195968628,
            2.0443458557128906,
            2.0966956615448,
            2.1497631072998047,
            2.2027664184570312,
            2.2562966346740723,
            2.3100907802581787,
            2.365356206893921,
            2.4219303131103516,
            2.4786453247070312,
            2.535299777984619,
            2.592857599258423,
            2.6506564617156982,
            2.709151029586792,
            2.7681610584259033,
            2.8274378776550293,
            2.8876595497131348,
            2.948637008666992,
            3.010087490081787,
            3.072584629058838,
            3.135221004486084,
            3.198810338973999,
            3.2625341415405273,
            3.327195882797241,
            3.3937525749206543,
            3.458737850189209,
            3.5241379737854004,
            3.5901312828063965,
            3.656707525253296,
            3.7241525650024414,
            3.791663646697998,
            3.8600759506225586,
            3.9294180870056152,
            3.998399257659912,
            4.067161798477173,
            4.135581970214844,
            4.204295873641968,
            4.272534370422363,
            4.3423357009887695,
            4.412571668624878,
            4.482150077819824,
            4.552530288696289,
            4.623088836669922,
            4.694520473480225,
            4.768699645996094,
            4.8415687084198,
            4.915202617645264,
            4.988543748855591,
            5.062412977218628,
            5.136798143386841,
            5.212492942810059,
            5.287310600280762
        ],