{
    "dataset": "5_campaign",
    "model": "LODA",
    "auc": 0.5716070363772914,
    "total_runtime": 1.5897669792175293,
    "total_memory_usage": 4.77734375,
    "Instances": 41188,
    "window_metric": {
        "window_size": 1000,
        "auc_scores": [
            0.5935704816615113,
            0.5612148814327991,
            0.5808988231194008,
            0.566481139082476,
            0.5658257582667031,
            0.5649033516215641,
            0.5660394132703574,
            0.5654236210721463,
            0.5651890175272145,
            0.5675070213761898,
            0.5747203656436196,
            0.574266630126159,
            0.5753913856416947,
            0.5745517202797203,
            0.5743712495066513,
            0.5736565842784599,
            0.5731264542661407,
            0.5737010046974839,
            0.5716230937116966,
            0.5732111740603154,
            0.573177099822876,
            0.5726953401814544,
            0.572662966927842,
            0.5699791189161018,
            0.5718150732823878,
            0.5714849908210256,
            0.5719696994601626,
            0.5703421471955259,
            0.5702567691696805,
            0.5706837748365022,
            0.5713778683239957,
            0.5691229306093695,
            0.5693347315027069,
            0.5697426506541262,
            0.5692311272222536,
            0.5691288006144526,
            0.5694874042339841,
            0.5699798000376355,
            0.5702613360141571,
            0.5705438032323932,
            0.5712143051941925
        ],
        "runtimes": [
            0.03136467933654785,
            0.06074070930480957,
            0.08896017074584961,
            0.1177530288696289,
            0.1468496322631836,
            0.17642617225646973,
            0.20629382133483887,
            0.23665452003479004,
            0.2675795555114746,
            0.2992532253265381,
            0.3313314914703369,
            0.3638279438018799,
            0.3972022533416748,
            0.4312450885772705,
            0.46511292457580566,
            0.4996306896209717,
            0.534588098526001,
            0.5707404613494873,
            0.6066031455993652,
            0.6428189277648926,
            0.6796557903289795,
            0.7180633544921875,
            0.7565920352935791,
            0.7955622673034668,
            0.835162878036499,
            0.8778812885284424,
            0.9209294319152832,
            0.9644932746887207,
            1.006500482559204,
            1.0503895282745361,
            1.0945477485656738,
            1.1391818523406982,
            1.1825494766235352,
            1.2268271446228027,
            1.2713379859924316,
            1.316793441772461,
            1.364358901977539,
            1.4133496284484863,
            1.4629065990447998,
            1.5118024349212646,
            1.5610277652740479
        ],
        "memory_usages": [
            1.0,
            1.0,
            1.0,
            1.0,
            1.0,
            1.0,
            1.0,
            2.0,
            2.0,
            2.0,
            2.0,
            2.0,
            2.0,
            3.0,
            3.0,
            3.0,
            3.0,
            3.0,
            4.0,
            4.0,
            2.765625,
            3.765625,
            3.765625,
            2.96875,
            3.43359375,
            4.43359375,
            4.43359375,
            3.89453125,
            3.73828125,
            4.21484375,
            3.921875,
            4.59375,
            4.07421875,
            4.91796875,
            4.26171875,
            4.3359375,
            4.4140625,
            4.4921875,
            4.9375,
            5.0078125,
            5.078125
        ]
    },
    "run_count": 5,
    "seed": 91
}