{
    "dataset": "34_smtp",
    "model": "LODA",
    "auc": 0.7691808758909235,
    "total_runtime": 4.319654226303101,
    "total_memory_usage": 12.48828125,
    "Instances": 95156,
    "window_metric": {
        "window_size": 1000,
        "auc_scores": [
            NaN,
            NaN,
            NaN,
            NaN,
            NaN,
            NaN,
            NaN,
            NaN,
            NaN,
            NaN,
            NaN,
            NaN,
            NaN,
            NaN,
            1.0,
            1.0,
            1.0,
            1.0,
            1.0,
            0.9999999999999999,
            1.0,
            1.0,
            1.0,
            1.0,
            0.9380510228585152,
            0.9377054677793537,
            0.9373855226519572,
            0.9371701156700799,
            0.9371272831219013,
            0.9368872140332154,
            0.9368078671473754,
            0.9366575555376906,
            0.936457891226581,
            0.936267875007356,
            0.9361438452932194,
            0.9359492977427729,
            0.9358579694247244,
            0.9357263202232401,
            0.935702193461389,
            0.935577452108238,
            0.9354239426703195,
            0.935442766636498,
            0.935390924619976,
            0.9352813557560522,
            0.9351798337260482,
            0.935179029642562,
            0.9351493758019107,
            0.9350524855463795,
            0.9351053653813626,
            0.8867950244078106,
            0.8866200670798682,
            0.8868305632502309,
            0.8868608919673863,
            0.8867453782602251,
            0.8865374472573839,
            0.8141291648057167,
            0.8141367266344889,
            0.8137183268650281,
            0.8131459092835948,
            0.8130614422676116,
            0.8125264452644527,
            0.8065023537729393,
            0.8066255320475383,
            0.8063917011285433,
            0.8064443863006343,
            0.8065499297973189,
            0.8063055814089815,
            0.773091364014775,
            0.7723870952259295,
            0.7719710481041653,
            0.7714161053640656,
            0.7714558402115028,
            0.771049812419577,
            0.771199244438291,
            0.7712890363584264,
            0.7707950265959016,
            0.7706520906440806,
            0.7702249156295511,
            0.7707176663279713,
            0.7708979850023219,
            0.7705555714072174,
            0.7708849092551234,
            0.7711173700491114,
            0.7707336564060088,
            0.7709064228404093,
            0.771061933875858,
            0.7711500345537294,
            0.7706881460544012,
            0.7682709527556104,
            0.7685035752658294,
            0.7682627972591697,
            0.7686607951868363,
            0.76882722025026,
            0.7690841048561597,
            0.7691997472886174
        ],
        "runtimes": [
            0.02562570571899414,
            0.04862356185913086,
            0.07149600982666016,
            0.09468269348144531,
            0.11844158172607422,
            0.14332127571105957,
            0.1686694622039795,
            0.19415640830993652,
            0.21993160247802734,
            0.24592828750610352,
            0.27214837074279785,
            0.29843568801879883,
            0.32494044303894043,
            0.3518083095550537,
            0.3826901912689209,
            0.41368722915649414,
            0.44470977783203125,
            0.47617673873901367,
            0.5079267024993896,
            0.540104866027832,
            0.5722794532775879,
            0.6053681373596191,
            0.6397712230682373,
            0.6751155853271484,
            0.710482120513916,
            0.7463159561157227,
            0.7824625968933105,
            0.8192212581634521,
            0.8566708564758301,
            0.8939235210418701,
            0.9319753646850586,
            0.9696784019470215,
            1.0076899528503418,
            1.0461530685424805,
            1.0842297077178955,
            1.1227936744689941,
            1.1617591381072998,
            1.2011187076568604,
            1.241353988647461,
            1.281874179840088,
            1.3227639198303223,
            1.3635129928588867,
            1.4054267406463623,
            1.4487481117248535,
            1.4910495281219482,
            1.5346651077270508,
            1.5787513256072998,
            1.6230316162109375,
            1.6683545112609863,
            1.714217185974121,
            1.7612688541412354,
            1.8091559410095215,
            1.8560383319854736,
            1.9041314125061035,
            1.9530346393585205,
            2.001817226409912,
            2.0515711307525635,
            2.1015796661376953,
            2.1507608890533447,
            2.2013354301452637,
            2.2534167766571045,
            2.304625988006592,
            2.3561055660247803,
            2.408562183380127,
            2.4607789516448975,
            2.5158982276916504,
            2.571803569793701,
            2.6275064945220947,
            2.68424391746521,
            2.741166830062866,
            2.797510862350464,
            2.85606050491333,
            2.9150962829589844,
            2.974966287612915,
            3.0339267253875732,
            3.093843698501587,
            3.154024362564087,
            3.2147305011749268,
            3.275319814682007,
            3.334998846054077,
            3.3946845531463623,
            3.4540841579437256,
            3.5145370960235596,
            3.5752363204956055,
            3.6361420154571533,
            3.6978743076324463,
            3.759397029876709,
            3.8208935260772705,
            3.8832039833068848,
            3.947849750518799,
            4.011749505996704,
            4.0758020877838135,
            4.140394449234009,
            4.206514358520508,
            4.2725465297698975
        ],