{
    "dataset": "51_kddcup99_u2r",
    "model": "LODA",
    "auc": 0.696063409559497,
    "total_runtime": 3.1005916595458984,
    "total_memory_usage": 9.25,
    "Instances": 60821,
    "window_metric": {
        "window_size": 1000,
        "auc_scores": [
            NaN,
            0.37718859429714857,
            0.38879626542180723,
            0.3960990247561891,
            0.40708141628325667,
            0.40140023337222874,
            0.7792625410890381,
            0.6480271385692846,
            0.5962011394110158,
            0.5703303303303303,
            0.5499218226490954,
            0.5133936020595457,
            0.5165949903660887,
            0.5450465126036939,
            0.5336049340680418,
            0.5461781799009775,
            0.5552740428954797,
            0.548832253190728,
            0.5341055567273665,
            0.536285371179926,
            0.6796937196786722,
            0.7241509388627927,
            0.7234949850067212,
            0.7256439923180193,
            0.7475779922571707,
            0.7499904232416432,
            0.7548567796765027,
            0.7555849217114554,
            0.7480282603374084,
            0.7400035657971965,
            0.7402335478507354,
            0.7403022339448686,
            0.7403257771406107,
            0.7397795005963814,
            0.7323546424677111,
            0.7247992942994761,
            0.724330633284333,
            0.7249212265013496,
            0.7267435720005524,
            0.7288092374242126,
            0.730004625707789,
            0.7285045670717898,
            0.7266152561349488,
            0.7259851390357404,
            0.7271030378997678,
            0.7273344559064014,
            0.723574369024289,
            0.7198231525088667,
            0.7181978211951747,
            0.715743523558342,
            0.7127151778957317,
            0.7130318511597888,
            0.7098450757967526,
            0.7085353743928118,
            0.703555427120874,
            0.7026165535231668,
            0.7010293791355017,
            0.7014433098168116,
            0.7026953176772326,
            0.7007524793043975
        ],
        "runtimes": [
            0.0788419246673584,
            0.18750882148742676,
            0.26756834983825684,
            0.37435078620910645,
            0.4267091751098633,
            0.4964263439178467,
            0.5880389213562012,
            0.6505203247070312,
            0.7081131935119629,
            0.7684202194213867,
            0.847583532333374,
            0.9028923511505127,
            0.9351217746734619,
            0.9673802852630615,
            0.9991624355316162,
            1.0314791202545166,
            1.0642197132110596,
            1.0962340831756592,
            1.127838134765625,
            1.159391164779663,
            1.1916940212249756,
            1.2238950729370117,
            1.25754976272583,
            1.2932488918304443,
            1.3305978775024414,
            1.364508867263794,
            1.397925615310669,
            1.4330296516418457,
            1.4672653675079346,
            1.503829002380371,
            1.5424151420593262,
            1.5805401802062988,
            1.6494197845458984,
            1.7312953472137451,
            1.8234658241271973,
            1.8814425468444824,
            1.9706096649169922,
            2.0211269855499268,
            2.061310291290283,
            2.1012802124023438,
            2.142402172088623,
            2.1951277256011963,
            2.2387938499450684,
            2.281614065170288,
            2.324535846710205,
            2.36905574798584,
            2.4117586612701416,
            2.455637216567993,
            2.4999539852142334,
            2.5450284481048584,
            2.5914671421051025,
            2.638087749481201,
            2.687682867050171,
            2.7388453483581543,
            2.7898850440979004,
            2.8416686058044434,
            2.8949778079986572,
            2.9489505290985107,
            3.002732038497925,
            3.053718090057373
        ],
        "memory_usages": [
            3.0,
            3.0,
            3.0,
            3.0,
            4.0,
            4.0,
            4.0,
            4.0,
            4.0,
            4.0,
            5.0,
            5.0,
            5.0,
            5.0,
            5.0,
            5.0,
            5.0,
            5.0,
            6.0,
            6.0,
            6.0,
            6.0,
            6.0,
            6.0,
            7.0,
            7.0,
            7.0,
            7.0,
            7.0,
            7.0,
            6.78515625,
            6.3359375,
            7.05078125,
            6.4609375,
            7.37890625,
            6.61328125,
            7.53125,
            6.73828125,
            7.1328125,
            7.203125,
            7.2734375,
            7.34375,
            7.41015625,
            7.5234375,
            7.59375,
            7.6953125,
            7.84765625,
            7.99609375,
            8.140625,
            8.37890625,
            8.515625,
            8.66796875,
            8.65234375,
            8.80078125,
            8.94140625,
            9.19140625,
            9.3359375,
            9.484375,
            9.625,
            8.7265625
        ]
    },
    "run_count": 7,
    "seed": 55
}