{
    "dataset": "5_campaign",
    "model": "LODA",
    "auc": 0.6003776564027278,
    "total_runtime": 1.5966846942901611,
    "total_memory_usage": 5.97265625,
    "Instances": 41188,
    "window_metric": {
        "window_size": 1000,
        "auc_scores": [
            0.5673608042421565,
            0.5819040893193436,
            0.6011972838332493,
            0.5988779847974842,
            0.6005930339788608,
            0.6003729975073988,
            0.5993696753977817,
            0.5961045253784277,
            0.595165577780185,
            0.6015611834919644,
            0.6023758980107994,
            0.6022286658667597,
            0.6014745632900642,
            0.6013713504273505,
            0.6002501313280673,
            0.59922544071308,
            0.6021559369412047,
            0.6021563240141804,
            0.6004425839845047,
            0.5986693635497489,
            0.5957369395595378,
            0.5968786730250425,
            0.5939325886733591,
            0.5943950823964512,
            0.5949053310611729,
            0.5958075788533778,
            0.5974759969413893,
            0.5986314377606002,
            0.598449689274967,
            0.5985224839362271,
            0.5991863130781305,
            0.5993322431233346,
            0.6003696835897921,
            0.5995222806187046,
            0.5992052801553494,
            0.599117179378823,
            0.5986026757045783,
            0.5995368851168975,
            0.5996124311167377,
            0.6000028495983494,
            0.6003498673124148
        ],
        "runtimes": [
            0.03187394142150879,
            0.0618138313293457,
            0.09280109405517578,
            0.12445211410522461,
            0.1567552089691162,
            0.18892455101013184,
            0.2214953899383545,
            0.25457191467285156,
            0.28794407844543457,
            0.3221926689147949,
            0.35626745223999023,
            0.3908417224884033,
            0.42597389221191406,
            0.46083855628967285,
            0.4959726333618164,
            0.5322041511535645,
            0.5678884983062744,
            0.6037890911102295,
            0.6402099132537842,
            0.6763951778411865,
            0.713054895401001,
            0.7505240440368652,
            0.7893450260162354,
            0.8273642063140869,
            0.8667898178100586,
            0.9066920280456543,
            0.9467146396636963,
            0.9870917797088623,
            1.0281732082366943,
            1.0694191455841064,
            1.1116459369659424,
            1.1550555229187012,
            1.1987152099609375,
            1.2439920902252197,
            1.289717435836792,
            1.3347554206848145,
            1.3809654712677002,
            1.4280455112457275,
            1.4765071868896484,
            1.5234482288360596,
            1.5709705352783203
        ],
        "memory_usages": [
            3.0,
            3.0,
            3.0,
            3.0,
            3.0,
            3.0,
            3.0,
            3.0,
            3.0,
            4.0,
            4.0,
            4.0,
            4.0,
            4.0,
            4.0,
            5.0,
            5.0,
            5.0,
            5.0,
            5.0,
            5.0,
            5.0,
            4.5859375,
            5.5859375,
            5.5859375,
            4.83984375,
            4.91796875,
            5.25390625,
            5.328125,
            5.40625,
            5.77734375,
            5.84375,
            5.9140625,
            5.984375,
            6.0859375,
            6.328125,
            6.48046875,
            6.62890625,
            6.2734375,
            6.42578125,
            6.5703125
        ]
    },
    "run_count": 7,
    "seed": 73
}