{
    "dataset": "8_celeba",
    "model": "LODA",
    "auc": 0.6059232262016514,
    "total_runtime": 14.569668292999268,
    "total_memory_usage": 23.890625,
    "Instances": 202599,
    "window_metric": {
        "window_size": 1000,
        "auc_scores": [
            0.5679348630643968,
            0.5507453786523554,
            0.580679069998686,
            0.5872413227401627,
            0.5919372136794631,
            0.5984511610023572,
            0.6016408343353816,
            0.6007217630122992,
            0.5919497761603025,
            0.5924304132513663,
            0.5920096882763302,
            0.585096321004575,
            0.5904470166544703,
            0.6000060750949234,
            0.5989763975116189,
            0.5992106381857962,
            0.5982372367325723,
            0.598700678220942,
            0.5970729744204116,
            0.5967029635334755,
            0.6031729225354646,
            0.6029245668607657,
            0.6073393105160414,
            0.6054253869992834,
            0.6003717313571351,
            0.6029758418250895,
            0.6061906850777683,
            0.6072965207870851,
            0.6078031057476645,
            0.6060413727830081,
            0.60505469053347,
            0.608331897809665,
            0.6066541924993871,
            0.6078499103562638,
            0.606482982701501,
            0.6092946930069219,
            0.609170516736562,
            0.6093622186017723,
            0.6072937362706619,
            0.6055170472849563,
            0.6055634652455645,
            0.6066368625053113,
            0.6076322285093042,
            0.6067003186188449,
            0.6034327895475945,
            0.6016077180514898,
            0.6041259928865379,
            0.6023345212755976,
            0.6035855042075717,
            0.6028947865444263,
            0.6020745590608638,
            0.6035268638590069,
            0.6060558076163349,
            0.605483368684642,
            0.605646650357196,
            0.6060886359436582,
            0.6051880898875405,
            0.6045239010853725,
            0.6055746242771574,
            0.6062314079829596,
            0.6075543548187166,
            0.6070133673157786,
            0.6076172120981918,
            0.6075104811105182,
            0.6084636301159498,
            0.6089876566167369,
            0.6091954277703201,
            0.6093622208271413,
            0.6102043175151161,
            0.6104207834203357,
            0.6109487763310112,
            0.6106928742865148,
            0.6095764213881134,
            0.6107158161008515,
            0.6103804091715787,
            0.6112192225477001,
            0.6125092408432826,
            0.6122474800728588,
            0.6114709325262604,
            0.6142844427568669,
            0.6142182247728731,
            0.6130947086366134,
            0.6124099163629415,
            0.6113301380917175,
            0.6113242948391442,
            0.610962874229054,
            0.6115593545449846,
            0.6104269653703773,
            0.609427460182664,
            0.6103795738636364,
            0.6097636394865316,
            0.6087810845009423,
            0.608219070715698,
            0.6087645211083478,
            0.60977780460274,
            0.6106972859183606,
            0.6110038913751672,
            0.6106065679174097,
            0.610332233865219,
            0.608687968635323,
            0.6084731579830451,
            0.6078176632864281,
            0.607770069826268,
            0.6080958654143631,
            0.6073398631338173,
            0.6075257970981197,
            0.6074776468562322,
            0.6076206168151026,
            0.6065531177135998,
            0.6063315669181479,
            0.605643095989977,
            0.606212357298535,
            0.6064659137919634,
            0.6072241622513744,
            0.6069359886132046,
            0.6066136115491091,
            0.6068150996626779,
            0.6061790681065482,
            0.6069149636692268,
            0.6075104443959372,
            0.6081459457034419,
            0.6081028295295299,
            0.6073919588361558,
            0.6065140956492947,
            0.6075296456678261,
            0.6067783585590124,
            0.605308612578676,
            0.6051287770497433,
            0.604510662906234,
            0.6045464339519191,
            0.6047432607138188,
            0.6056338472573555,
            0.6056226885909142,
            0.6063887123043068,
            0.6065591193184274,
            0.6068628706452786,
            0.6068298334390125,
            0.6070316764357193,
            0.6061006327013976,
            0.6061197300623549,
            0.6067009691114167,
            0.6072231839226374,
            0.6074720348424686,
            0.6075815377325442,
            0.607329848483265,
            0.6075925935602907,
            0.6077842060548948,
            0.6077521798332952,
            0.6075104401456614,
            0.6083328739638856,
            0.6077494994588102,
            0.6073167329557576,
            0.6078468188008734,
            0.607524902900391,
            0.6072168051030747,
            0.6077479792449714,
            0.6071650455641244,
            0.6074185098380199,
            0.6073333723264651,
            0.6068056368079351,
            0.6057330980689636,
            0.6045183620020729,
            0.6048799143911706,
            0.6052358807509877,
            0.6056596789359256,
            0.6060003765940287,
            0.6056864881363583,
            0.6058496733579146,
            0.6052870662172793,
            0.6049069579936626,
            0.6053578713095639,
            0.604920453002346,
            0.6045216473681836,
            0.6046944868461767,
            0.6043561320902094,
            0.6042873862079148,
            0.604552273983982,
            0.6045296486655056,
            0.60415764712131,
            0.6045399344242848,
            0.6047512613208345,
            0.6050575672790703,
            0.6047594294068206,
            0.6053932928418407,
            0.6054397715541505,
            0.6051819938978709,
            0.6059680266374131,
            0.6050039792814128,
            0.6051732296705747,
            0.6051792691837746,
            0.6045895897628016,
            0.6046217107740776,
            0.605249867281991,
            0.6054763590522165,
            0.6062610066510536,
            0.6061088326502788,
            0.6055962870605867,
            0.6056349432781212,
            0.6056809103409266,
            0.6055917888266984,
            0.6051832812159341,
            0.6055540637705137
        ],