{
    "dataset": "3_backdoor",
    "model": "LODA",
    "auc": 0.6020550977160348,
    "total_runtime": 5.802605628967285,
    "total_memory_usage": 11.6328125,
    "Instances": 95329,
    "window_metric": {
        "window_size": 1000,
        "auc_scores": [
            0.5311058177214103,
            0.5145869726670781,
            0.5093188749576415,
            0.5086389909038787,
            0.507627813799727,
            0.507210244205227,
            0.5093027284284453,
            0.5085767673941668,
            0.5089227289619904,
            0.5092237678912385,
            0.5088772062564411,
            0.5074035304022035,
            0.5065781698363848,
            0.506469436029017,
            0.5064325777130463,
            0.5059077608850574,
            0.5058253140203636,
            0.512463065556009,
            0.5188816701288715,
            0.5259129765885603,
            0.4779104735217674,
            0.4989656106693269,
            0.4995070437461278,
            0.5054382432138151,
            0.5100340980832534,
            0.5134547176762274,
            0.5176043468552366,
            0.5206450956202694,
            0.5206983885120344,
            0.5260817845435519,
            0.5295952864672194,
            0.5335208440263329,
            0.539053768190472,
            0.5371437930930586,
            0.5386761628181375,
            0.5401430184097712,
            0.5423212661833853,
            0.543273892756849,
            0.541843276126104,
            0.5390873873498696,
            0.5362891173410846,
            0.5339943562754267,
            0.5314055972331556,
            0.5290647627137856,
            0.5275036666187682,
            0.5259883154051284,
            0.5244094375873924,
            0.5226419833142762,
            0.5212179170585328,
            0.5200436055244633,
            0.518924893659606,
            0.5176035343610784,
            0.5167577355244398,
            0.5158304779017711,
            0.5148020758698054,
            0.5139648987834665,
            0.5131572478655404,
            0.5123186990686623,
            0.5116810407083561,
            0.5107539060714904,
            0.5093764148203718,
            0.5081758529989476,
            0.5074126707849499,
            0.506678074184079,
            0.5057974399276839,
            0.5049277348844047,
            0.5041567634771636,
            0.5032733853209401,
            0.5027611801717101,
            0.5017144628044138,
            0.5012319285620035,
            0.5004415518058352,
            0.4994676226128968,
            0.49831955718258847,
            0.4971297872212428,
            0.4964659045734305,
            0.49561971641964214,
            0.49490690090251255,
            0.4951848116561871,
            0.49784843928343936,
            0.4984224489710165,
            0.49941266517494975,
            0.5010311012830185,
            0.5032242379936993,
            0.5047341862136611,
            0.5074600316021481,
            0.5357572516916311,
            0.5473018574202747,
            0.5568742836150513,
            0.5629242748550044,
            0.5606940164314391,
            0.5760623707032329,
            0.5872638911396048,
            0.5957065114202416,
            0.6035267150537634
        ],
        "runtimes": [
            0.04460477828979492,
            0.08683276176452637,
            0.12940573692321777,
            0.17230916023254395,
            0.21532702445983887,
            0.2585759162902832,
            0.3018972873687744,
            0.34615015983581543,
            0.3909151554107666,
            0.43616747856140137,
            0.4815847873687744,
            0.5274558067321777,
            0.5740828514099121,
            0.6203978061676025,
            0.6670873165130615,
            0.7141027450561523,
            0.7606818675994873,
            0.8075363636016846,
            0.8543870449066162,
            0.9009201526641846,
            0.9473154544830322,
            0.9944331645965576,
            1.0428154468536377,
            1.0908944606781006,
            1.1401605606079102,
            1.1895039081573486,
            1.2390971183776855,
            1.2893314361572266,
            1.3398478031158447,
            1.3912711143493652,
            1.444087028503418,
            1.4992687702178955,
            1.5534923076629639,
            1.6078574657440186,
            1.663815975189209,
            1.7176885604858398,
            1.774298906326294,
            1.830806016921997,
            1.8874635696411133,
            1.945876121520996,
            2.0040032863616943,
            2.060960292816162,
            2.118461847305298,
            2.176576614379883,
            2.237433433532715,
            2.2985904216766357,
            2.359565019607544,
            2.422715187072754,
            2.4864003658294678,
            2.5483999252319336,
            2.611649990081787,
            2.6747570037841797,
            2.737565517425537,
            2.801335096359253,
            2.8659958839416504,
            2.930741786956787,
            2.995112419128418,
            3.0595951080322266,
            3.123992681503296,
            3.187835454940796,
            3.252664089202881,
            3.3181562423706055,
            3.384410858154297,
            3.4518721103668213,
            3.521033763885498,
            3.588421583175659,
            3.6563804149627686,
            3.7248618602752686,
            3.793778896331787,
            3.8622639179229736,
            3.9318273067474365,
            4.002861738204956,
            4.073687791824341,
            4.144535303115845,
            4.215649604797363,
            4.287106513977051,
            4.360116720199585,
            4.4337074756622314,
            4.50792670249939,
            4.581817150115967,
            4.657372713088989,
            4.732361555099487,
            4.810115337371826,
            4.885953664779663,
            4.962052822113037,
            5.038905620574951,
            5.116091728210449,
            5.192813873291016,
            5.2714316844940186,
            5.348714351654053,
            5.426879405975342,
            5.505982875823975,
            5.585448741912842,
            5.665140867233276,
            5.745962619781494
        ],