{
    "dataset": "3_backdoor",
    "model": "LODA",
    "auc": 0.6106027137956667,
    "total_runtime": 5.666045665740967,
    "total_memory_usage": 13.796875,
    "Instances": 95329,
    "window_metric": {
        "window_size": 1000,
        "auc_scores": [
            0.6137685358054893,
            0.6077783240410464,
            0.6199835406883865,
            0.6223740825107568,
            0.6278508979839158,
            0.6299164263251932,
            0.6319366762673995,
            0.6307947402329062,
            0.6307583920619974,
            0.6306186025812195,
            0.6294998686169747,
            0.6280799659835484,
            0.627011703453677,
            0.626637838849969,
            0.6265747018491699,
            0.6256763378663484,
            0.6255136353402785,
            0.6316878486674042,
            0.636546022556561,
            0.6426919421971585,
            0.4674638564002599,
            0.4694067672472237,
            0.4684591017705795,
            0.47559567893932303,
            0.4800592703492091,
            0.4822514826619938,
            0.48420857430350317,
            0.4861514662904931,
            0.4845373463122207,
            0.4906041715998223,
            0.4937082387856254,
            0.4967935605980986,
            0.5017082020418844,
            0.4992373259756091,
            0.4994740871356256,
            0.5024001469190087,
            0.5058246363084814,
            0.5055692620249342,
            0.5057657213021804,
            0.5054510833302763,
            0.5040939628048265,
            0.5024793433609247,
            0.500847038132507,
            0.49936980759921606,
            0.4983847723224666,
            0.49682233751493826,
            0.4954877868835466,
            0.49388880691442744,
            0.4925676240831023,
            0.49133701706321087,
            0.4898837350017152,
            0.48862028833560167,
            0.4875956306451454,
            0.4865821716453325,
            0.48567269000256613,
            0.484628240877345,
            0.4838131797980312,
            0.48284499624202115,
            0.48190120999987346,
            0.48121889678702245,
            0.4801966243129404,
            0.4795273633598466,
            0.47852207766218857,
            0.4777178668537482,
            0.4770775940457212,
            0.4766265691554571,
            0.47604310733749344,
            0.4756843374475509,
            0.47514120538837723,
            0.47452914077749875,
            0.47411493370137037,
            0.47378245773242367,
            0.47336449126084157,
            0.4725696356425037,
            0.4718461132898796,
            0.4715638795580734,
            0.4710343362705366,
            0.4707912824515365,
            0.47068278220817583,
            0.47295372574808725,
            0.47294009563486517,
            0.4732735740663481,
            0.4742436337687912,
            0.47620363426132173,
            0.4773405875280867,
            0.48201042794525345,
            0.5219780231368436,
            0.5356902627295655,
            0.5507366735506125,
            0.5660919340269795,
            0.5774862883084206,
            0.5875032797374957,
            0.5994594478288748,
            0.6065891831559309,
            0.616497559139785
        ],
        "runtimes": [
            0.04338836669921875,
            0.0843656063079834,
            0.12516379356384277,
            0.16641473770141602,
            0.20784425735473633,
            0.24930644035339355,
            0.2917063236236572,
            0.33531856536865234,
            0.3785395622253418,
            0.4221796989440918,
            0.4663064479827881,
            0.5112714767456055,
            0.555950403213501,
            0.6011886596679688,
            0.6462306976318359,
            0.6913478374481201,
            0.7364997863769531,
            0.780867338180542,
            0.8254637718200684,
            0.8703024387359619,
            0.9152922630310059,
            0.9611947536468506,
            1.0066540241241455,
            1.0533132553100586,
            1.1010477542877197,
            1.1485774517059326,
            1.1972150802612305,
            1.2459766864776611,
            1.2953903675079346,
            1.3458707332611084,
            1.3977274894714355,
            1.454909086227417,
            1.507258653640747,
            1.5610313415527344,
            1.6143922805786133,
            1.6679949760437012,
            1.722923994064331,
            1.7770657539367676,
            1.8332343101501465,
            1.8957417011260986,
            1.9516489505767822,
            2.007485866546631,
            2.063652276992798,
            2.1201391220092773,
            2.1802330017089844,
            2.240224599838257,
            2.2996749877929688,
            2.360929250717163,
            2.4218063354492188,
            2.4834468364715576,
            2.5451152324676514,
            2.606574296951294,
            2.668086051940918,
            2.730544090270996,
            2.793153762817383,
            2.856397867202759,
            2.919543504714966,
            2.9825937747955322,
            3.0447170734405518,
            3.106532096862793,
            3.1702980995178223,
            3.2339749336242676,
            3.298825263977051,
            3.365147829055786,
            3.4301207065582275,
            3.4985742568969727,
            3.5649056434631348,
            3.6312930583953857,
            3.6988792419433594,
            3.7661943435668945,
            3.834909439086914,
            3.904076337814331,
            3.9735264778137207,
            4.043643951416016,
            4.113061904907227,
            4.18467378616333,
            4.254729986190796,
            4.3271214962005615,
            4.399306058883667,
            4.4710693359375,
            4.544753074645996,
            4.617908716201782,
            4.691046953201294,
            4.765049695968628,
            4.841938257217407,
            4.916588544845581,
            4.99118971824646,
            5.066949129104614,
            5.1443400382995605,
            5.221232891082764,
            5.298265695571899,
            5.376224994659424,
            5.454161643981934,
            5.531713008880615,
            5.609302282333374
        ],