{
    "dataset": "32_shuttle",
    "model": "LODA",
    "auc": 0.9366580002157542,
    "total_runtime": 1.7580668926239014,
    "total_memory_usage": 7.69921875,
    "Instances": 49097,
    "window_metric": {
        "window_size": 1000,
        "auc_scores": [
            0.9094767735420348,
            0.9071283277670116,
            0.9176994162231108,
            0.9256066966392609,
            0.9277034141537283,
            0.9300048479958668,
            0.932054046334794,
            0.9304749927471088,
            0.9310877382621541,
            0.9323435337610931,
            0.9313910049595099,
            0.9307747030497593,
            0.9305825574303438,
            0.9309388357000097,
            0.9306878793739528,
            0.931473386297117,
            0.9304168372359588,
            0.9307175794838607,
            0.9312833644752995,
            0.9315680935307571,
            0.9325435810690583,
            0.9320782863660596,
            0.9326178230502798,
            0.9328836196686392,
            0.9328580844074026,
            0.9333198362084283,
            0.9338968813773262,
            0.9341712764937155,
            0.9336517825324081,
            0.9338370629283453,
            0.934174345538333,
            0.9348064189685519,
            0.9351430736842107,
            0.9356637352056842,
            0.9364238342257281,
            0.9366740336444347,
            0.9363383015331871,
            0.93663698544832,
            0.9367676362909579,
            0.9366182240954983,
            0.9372968704300757,
            0.9375315868392939,
            0.9374046953357081,
            0.9375968645319036,
            0.9374745385820442,
            0.9373669813483201,
            0.9370030256694999,
            0.937077709195733,
            0.9366073089972081
        ],
        "runtimes": [
            0.026257753372192383,
            0.050885677337646484,
            0.07560348510742188,
            0.1004934310913086,
            0.12540245056152344,
            0.15148639678955078,
            0.17870640754699707,
            0.20691800117492676,
            0.2351224422454834,
            0.264171838760376,
            0.29351186752319336,
            0.3232753276824951,
            0.3535492420196533,
            0.384415864944458,
            0.4154360294342041,
            0.44728565216064453,
            0.47928476333618164,
            0.5116353034973145,
            0.5440375804901123,
            0.5767414569854736,
            0.6094338893890381,
            0.6431553363800049,
            0.6786251068115234,
            0.7146720886230469,
            0.7505247592926025,
            0.786698579788208,
            0.8240187168121338,
            0.8609914779663086,
            0.8987751007080078,
            0.9371964931488037,
            0.9758851528167725,
            1.0143437385559082,
            1.0531184673309326,
            1.092773675918579,
            1.1319305896759033,
            1.1718227863311768,
            1.2118501663208008,
            1.2524645328521729,
            1.2936158180236816,
            1.3354339599609375,
            1.3761916160583496,
            1.4183990955352783,
            1.4616096019744873,
            1.5047228336334229,
            1.548553466796875,
            1.5928471088409424,
            1.6379201412200928,
            1.6832644939422607,
            1.730175495147705
        ],
        "memory_usages": [
            2.0,
            2.0,
            2.0,
            2.0,
            2.0,
            3.0,
            3.0,
            3.0,
            3.0,
            3.0,
            3.0,
            4.0,
            4.0,
            4.0,
            4.0,
            4.0,
            4.0,
            5.0,
            5.0,
            5.0,
            5.0,
            5.0,
            5.0,
            4.5234375,
            5.5234375,
            5.5234375,
            4.77734375,
            5.77734375,
            4.95703125,
            5.03125,
            5.140625,
            5.21484375,
            5.29296875,
            5.37109375,
            5.48046875,
            5.5546875,
            5.66796875,
            5.83984375,
            6.5625,
            6.71484375,
            6.86328125,
            7.015625,
            7.65234375,
            6.87890625,
            6.94921875,
            7.015625,
            7.0859375,
            7.15625,
            7.2265625
        ]
    },
    "run_count": 1,
    "seed": 1
}