{
    "dataset": "8_celeba",
    "model": "LODA",
    "auc": 0.5578955243557626,
    "total_runtime": 14.55366563796997,
    "total_memory_usage": 24.1328125,
    "Instances": 202599,
    "window_metric": {
        "window_size": 1000,
        "auc_scores": [
            0.554759437453738,
            0.5353369111508646,
            0.5616585757357302,
            0.5598060333348248,
            0.543418445257289,
            0.5698158193884886,
            0.5746076231414767,
            0.5714620565823283,
            0.5624452203399571,
            0.5604913763661201,
            0.5520520187683394,
            0.5460679434853168,
            0.5492436141888598,
            0.5503282238784981,
            0.5496560096967484,
            0.545228339015801,
            0.5461087813781164,
            0.5507988365374826,
            0.5522776451795648,
            0.5529565317304723,
            0.5540227965784766,
            0.5524738779032919,
            0.556289272040767,
            0.554278885411323,
            0.5543288904128908,
            0.5538986907928612,
            0.5565337158634442,
            0.5575134626534556,
            0.5584263980186429,
            0.5588516802248013,
            0.5576569971966043,
            0.5562973780385013,
            0.5558204043657344,
            0.5563226742323322,
            0.554975406147399,
            0.555695676731956,
            0.5564329088541059,
            0.5542322281407248,
            0.5524276325949984,
            0.5510429091137669,
            0.5507207097737676,
            0.5521362355038294,
            0.5532340123669457,
            0.5522266395459151,
            0.5494390033397126,
            0.5527535483289288,
            0.5546888681709531,
            0.5559515035976256,
            0.5575292037951818,
            0.5556622015793761,
            0.5557776043801002,
            0.5587941207499473,
            0.5609977322226809,
            0.5605166872716466,
            0.5595906121322617,
            0.5602811939480693,
            0.5601524401562237,
            0.5602978000898,
            0.5623897551783227,
            0.5624208117792724,
            0.5637578855969635,
            0.5621204770105677,
            0.5605803464486872,
            0.5597702883620163,
            0.5589591248012972,
            0.5586979531946245,
            0.5571863187024853,
            0.5587079582099556,
            0.5603094691392339,
            0.5599970404852963,
            0.559303856846323,
            0.5584217894019865,
            0.5571990575813053,
            0.5591149051151744,
            0.5589022082397226,
            0.5590804132689415,
            0.5603813249694181,
            0.559535423820046,
            0.5589290549957805,
            0.5599297354367634,
            0.5600378341167032,
            0.560473509813498,
            0.5597034590198581,
            0.5596739834712877,
            0.560822592635693,
            0.5600609650998949,
            0.561192086466694,
            0.56090641324151,
            0.5593988021852792,
            0.5595571420454545,
            0.5583673001318951,
            0.558146898890648,
            0.5585607038136511,
            0.5590122057633419,
            0.5591784692216765,
            0.5592838150323531,
            0.5601071373112011,
            0.5598228093799662,
            0.5586184612442159,
            0.5581663194591433,
            0.5587365497001185,
            0.5585805990620984,
            0.5582966842032054,
            0.5587164770249249,
            0.5588290905746327,
            0.5595558772894845,
            0.5594696881628742,
            0.5607239382703084,
            0.5600754882596979,
            0.5609107687272328,
            0.5601297520529784,
            0.5591799413041129,
            0.5594461659784281,
            0.5594120433173504,
            0.5605438993873239,
            0.5606859157874863,
            0.5599405406204326,
            0.5602154746952358,
            0.5607359224855829,
            0.5602848739847991,
            0.5609198109349234,
            0.5596861480948869,
            0.5588014326615258,
            0.5583164801092707,
            0.5590498268281041,
            0.5591494203561447,
            0.5585443848527781,
            0.5588247575409433,
            0.557976937615716,
            0.5587669884826942,
            0.5587084507175908,
            0.5586660764785071,
            0.55818346762662,
            0.5581344758725708,
            0.5584399278336035,
            0.5583916877695465,
            0.5582322496893515,
            0.5586755689324543,
            0.5585180682454944,
            0.558401135214128,
            0.5593231332718902,
            0.5596797245326754,
            0.5594541607433836,
            0.5594225958479775,
            0.5594819360839395,
            0.5589614208868743,
            0.5594676845344048,
            0.5594827722088844,
            0.559644653667828,
            0.5592693902533121,
            0.5588671479680354,
            0.5586091080828344,
            0.5594200186306673,
            0.5588235034966657,
            0.5586141864102134,
            0.5588207915086882,
            0.5581447186633733,
            0.5582689953909804,
            0.5587242415861765,
            0.5581804413557826,
            0.5576553761384401,
            0.5568895855442745,
            0.5571651394911415,
            0.5566191810380833,
            0.5568672733237148,
            0.5573481464105734,
            0.557116088257043,
            0.5571775820152127,
            0.5573161938958646,
            0.5573314634076261,
            0.5567636109146709,
            0.5568083327237547,
            0.556464275802994,
            0.5559554908862852,
            0.5560332705220749,
            0.5561540334961872,
            0.5570371685428469,
            0.556985951921157,
            0.5573592691641291,
            0.5572769731496414,
            0.5574310143957377,
            0.5576630388688787,
            0.5572438784812539,
            0.5571322923453161,
            0.5570273510280541,
            0.5570615740971845,
            0.5575907910762667,
            0.5572331162139639,
            0.5581329753643188,
            0.5579171850759382,
            0.5577542177782276,
            0.5581443655530249,
            0.5583876036192337,
            0.558300771839232,
            0.5585764618486956,
            0.5581527351591471,
            0.5579789443017505,
            0.5583920574594718,
            0.5580866950188215,
            0.55780555581684,
            0.5579638919883542,
            0.5578427502364887
        ],