{
    "dataset": "32_shuttle",
    "model": "LODA",
    "auc": 0.8616254387015116,
    "total_runtime": 1.848210096359253,
    "total_memory_usage": 7.1640625,
    "Instances": 49097,
    "window_metric": {
        "window_size": 1000,
        "auc_scores": [
            0.8522784650340824,
            0.8352849819266345,
            0.8375864627535629,
            0.8417059882091047,
            0.845951000082253,
            0.8504159328814042,
            0.8497812254185864,
            0.8484821757957586,
            0.8526215111572979,
            0.8539409011506934,
            0.8502320927726998,
            0.8522675569823436,
            0.8517785177071621,
            0.8530872588722294,
            0.8536166104978251,
            0.8538655076504096,
            0.8521143769444899,
            0.8526096730858413,
            0.852735125148422,
            0.853857362458229,
            0.854942310401452,
            0.8549335474032657,
            0.8559982312353387,
            0.85546142008853,
            0.8561870785882207,
            0.8564491808352362,
            0.8567635341414714,
            0.8566557403762511,
            0.8560894985960826,
            0.8549643981488793,
            0.8558436504246897,
            0.8561887397514906,
            0.8565360189044039,
            0.8568787720331549,
            0.8572411755244022,
            0.857339454114933,
            0.8574356644309264,
            0.8585838297131501,
            0.8584638706392416,
            0.8580899197502067,
            0.8596222846794428,
            0.8608171968374898,
            0.8613285622958057,
            0.86210897284943,
            0.8623790697061061,
            0.862762553548682,
            0.8620557078078297,
            0.8620808478137367,
            0.861504094795227
        ],
        "runtimes": [
            0.029160261154174805,
            0.05655336380004883,
            0.08415675163269043,
            0.11246776580810547,
            0.14102411270141602,
            0.1698014736175537,
            0.19860005378723145,
            0.22799468040466309,
            0.25817394256591797,
            0.28885746002197266,
            0.32027435302734375,
            0.3518335819244385,
            0.3834969997406006,
            0.4159426689147949,
            0.4485287666320801,
            0.4823307991027832,
            0.5158395767211914,
            0.5499818325042725,
            0.5843279361724854,
            0.6190078258514404,
            0.6542017459869385,
            0.6899411678314209,
            0.7253673076629639,
            0.7612447738647461,
            0.7973997592926025,
            0.8335976600646973,
            0.8707728385925293,
            0.9085037708282471,
            0.946636438369751,
            0.9848020076751709,
            1.0238125324249268,
            1.0631182193756104,
            1.1026628017425537,
            1.142984390258789,
            1.1836063861846924,
            1.2245335578918457,
            1.2660768032073975,
            1.3089401721954346,
            1.352412223815918,
            1.3974816799163818,
            1.4428977966308594,
            1.4877357482910156,
            1.5338637828826904,
            1.579948902130127,
            1.6260058879852295,
            1.6773407459259033,
            1.725301742553711,
            1.7718768119812012,
            1.8209209442138672
        ],
        "memory_usages": [
            2.0,
            2.0,
            2.0,
            2.0,
            2.0,
            2.0,
            3.0,
            3.0,
            3.0,
            3.0,
            3.0,
            3.0,
            4.0,
            4.0,
            4.0,
            4.0,
            4.0,
            4.0,
            5.0,
            3.6796875,
            4.6796875,
            4.6796875,
            3.8828125,
            4.8828125,
            4.578125,
            4.48828125,
            5.48828125,
            5.3515625,
            4.7421875,
            5.6875,
            5.19140625,
            5.2578125,
            5.328125,
            5.39453125,
            5.765625,
            5.83203125,
            5.90234375,
            5.96875,
            6.15625,
            6.3046875,
            6.45703125,
            6.60546875,
            6.75390625,
            6.984375,
            7.1328125,
            7.82421875,
            7.97265625,
            8.125,
            8.2734375
        ]
    },
    "run_count": 9,
    "seed": 7
}