{
    "dataset": "48_chess",
    "model": "LODA",
    "auc": 0.8821828714439939,
    "total_runtime": 0.971717357635498,
    "total_memory_usage": 4.0078125,
    "Instances": 28056,
    "window_metric": {
        "window_size": 1000,
        "auc_scores": [
            0.928928928928929,
            0.8926723418461026,
            0.8930041152263375,
            0.8931698774080561,
            0.9174839871897518,
            0.9166527685123416,
            0.8900643316654754,
            0.9055333166541573,
            0.9058631680379512,
            0.8987434060985546,
            0.89829891749295,
            0.8897598398932621,
            0.8899034020935961,
            0.9100332079101112,
            0.9027054216218158,
            0.9031472686942756,
            0.8911624699332223,
            0.8779093689185433,
            0.8684736497981166,
            0.8851651651651652,
            0.8852168732125835,
            0.8904062102569769,
            0.886308247414523,
            0.8862840179255227,
            0.876267035237636,
            0.8767430221366699,
            0.8784812725644637,
            0.8821826867442284
        ],
        "runtimes": [
            0.02713322639465332,
            0.052994728088378906,
            0.07867670059204102,
            0.1044912338256836,
            0.1308307647705078,
            0.15752458572387695,
            0.1882321834564209,
            0.21592426300048828,
            0.24404644966125488,
            0.27237987518310547,
            0.3011741638183594,
            0.3507061004638672,
            0.3963797092437744,
            0.4239389896392822,
            0.45249199867248535,
            0.48231959342956543,
            0.5412797927856445,
            0.5969834327697754,
            0.6320300102233887,
            0.666633129119873,
            0.70068359375,
            0.7353761196136475,
            0.7728569507598877,
            0.8076550960540771,
            0.8431835174560547,
            0.8797359466552734,
            0.9180686473846436,
            0.9560892581939697
        ],
        "memory_usages": [
            2.0,
            2.0,
            2.0,
            2.0,
            3.0,
            3.0,
            3.0,
            3.0,
            3.0,
            3.0,
            4.0,
            4.0,
            4.0,
            4.0,
            4.0,
            4.0,
            4.0,
            4.0,
            4.0,
            4.0,
            2.921875,
            3.921875,
            3.24609375,
            4.24609375,
            3.77734375,
            4.77734375,
            4.77734375,
            4.0078125
        ]
    },
    "run_count": 8,
    "seed": 26
}