{
    "dataset": "3_backdoor",
    "model": "LODA",
    "auc": 0.5740362655069091,
    "total_runtime": 5.607612133026123,
    "total_memory_usage": 12.640625,
    "Instances": 95329,
    "window_metric": {
        "window_size": 1000,
        "auc_scores": [
            0.7787291572780533,
            0.7492442389564744,
            0.7257519069979737,
            0.7192030950573092,
            0.7174844084270751,
            0.718517553215203,
            0.7207948349818996,
            0.7193165280198358,
            0.7181206523498687,
            0.7159387119333716,
            0.7125488493269648,
            0.7095264848471394,
            0.7050751734559935,
            0.7006037165063144,
            0.6989717430681723,
            0.6966756610486964,
            0.6931876874400282,
            0.692874821367464,
            0.6942372326483229,
            0.696291628776216,
            0.323330389051332,
            0.3338434201009426,
            0.32996199971061535,
            0.3285315362583852,
            0.3301137588600468,
            0.3290051613191452,
            0.3288871822299054,
            0.33289696248981254,
            0.330146215595465,
            0.3296109861912847,
            0.33114680216009473,
            0.3334125350081139,
            0.3369790780106007,
            0.33548946518167355,
            0.3346066214136568,
            0.3328138830714345,
            0.3330942973262209,
            0.3331548097467736,
            0.3392085702481896,
            0.342199826623988,
            0.34506912096624254,
            0.34523410415863653,
            0.34451752026184845,
            0.34346914012821766,
            0.3417572915597852,
            0.34060114786889445,
            0.3398779894883104,
            0.33891764506371713,
            0.33740268354065706,
            0.33585736618647527,
            0.33408130905231503,
            0.3326785118990252,
            0.33134360485813874,
            0.3301126246708195,
            0.3283970543081788,
            0.32721408565174237,
            0.3258083012154865,
            0.32477928988166405,
            0.32392037011007774,
            0.3227795950191961,
            0.3220049188727253,
            0.3210381043615711,
            0.3202633886824001,
            0.3193507938997586,
            0.31840715368941397,
            0.31760049678391256,
            0.3168902359232409,
            0.3160270944685659,
            0.3154207633638847,
            0.3150085503842576,
            0.31425304162697926,
            0.31356595720479274,
            0.3130119201230931,
            0.31240160093972935,
            0.3118833786088504,
            0.31137052942756627,
            0.31094946206840945,
            0.3106690635825307,
            0.3104205775382438,
            0.3120035284580635,
            0.31244300319575635,
            0.3121683805104657,
            0.31303049498668145,
            0.31501429168888023,
            0.3151298998390962,
            0.3885446533570299,
            0.4342689166238106,
            0.45641793566902905,
            0.477031928003836,
            0.48991517677565793,
            0.5012570448035543,
            0.5183641030014915,
            0.5332586812343217,
            0.5431157962391776,
            0.5595075913978494
        ],
        "runtimes": [
            0.04026460647583008,
            0.07842755317687988,
            0.11722445487976074,
            0.15653109550476074,
            0.19672513008117676,
            0.23704957962036133,
            0.27799201011657715,
            0.3195033073425293,
            0.3620641231536865,
            0.4041562080383301,
            0.44678211212158203,
            0.49016666412353516,
            0.5336766242980957,
            0.5775966644287109,
            0.6221315860748291,
            0.6688063144683838,
            0.7160940170288086,
            0.7622528076171875,
            0.8087139129638672,
            0.8566360473632812,
            0.9057104587554932,
            0.953808069229126,
            1.0013110637664795,
            1.0496270656585693,
            1.0987355709075928,
            1.1497063636779785,
            1.2024080753326416,
            1.253946304321289,
            1.30631422996521,
            1.36000394821167,
            1.4138848781585693,
            1.4672400951385498,
            1.5219159126281738,
            1.5763328075408936,
            1.630831003189087,
            1.6855289936065674,
            1.7411644458770752,
            1.7973968982696533,
            1.8543660640716553,
            1.9132578372955322,
            1.9706032276153564,
            2.0263750553131104,
            2.0824813842773438,
            2.1395866870880127,
            2.1968181133270264,
            2.2547998428344727,
            2.313133716583252,
            2.3721301555633545,
            2.433539628982544,
            2.4909050464630127,
            2.548577070236206,
            2.60705828666687,
            2.6658172607421875,
            2.725095272064209,
            2.7849080562591553,
            2.8453567028045654,
            2.9071784019470215,
            2.9687306880950928,
            3.0306878089904785,
            3.0951290130615234,
            3.15916109085083,
            3.2233657836914062,
            3.2882957458496094,
            3.3532567024230957,
            3.4183409214019775,
            3.4834558963775635,
            3.5489089488983154,
            3.615217685699463,
            3.681459903717041,
            3.748363733291626,
            3.8155155181884766,
            3.8833560943603516,
            3.951526165008545,
            4.0227696895599365,
            4.091712713241577,
            4.160855293273926,
            4.230656623840332,
            4.300430059432983,
            4.37045955657959,
            4.440510272979736,
            4.510598659515381,
            4.580938339233398,
            4.652024269104004,
            4.725018501281738,
            4.797116994857788,
            4.871314764022827,
            4.945635795593262,
            5.019741773605347,
            5.094837188720703,
            5.171539783477783,
            5.247126340866089,
            5.324176549911499,
            5.399933815002441,
            5.47594952583313,
            5.553120374679565
        ],