{
    "dataset": "48_chess",
    "model": "LODA",
    "auc": 0.9537397113835803,
    "total_runtime": 1.1140527725219727,
    "total_memory_usage": 5.17578125,
    "Instances": 28056,
    "window_metric": {
        "window_size": 1000,
        "auc_scores": [
            0.998998998998999,
            0.9906526456351195,
            0.9907685463241018,
            0.991910599616379,
            0.9899419535628503,
            0.9897014676450967,
            0.9906790564689064,
            0.9924943707780836,
            0.9923282188125417,
            0.9850466755300139,
            0.9851593871424673,
            0.9805703802535023,
            0.9806515548029556,
            0.9660317522209008,
            0.9545606192033096,
            0.9544918707988702,
            0.9569098921801147,
            0.9563154480585674,
            0.9558087576810211,
            0.9604754754754755,
            0.9603670162059105,
            0.9622518464594993,
            0.9637954090473891,
            0.9638247939398994,
            0.9590684299120408,
            0.9594209817131858,
            0.9519779730908967,
            0.9537543477771555
        ],
        "runtimes": [
            0.02998185157775879,
            0.058672428131103516,
            0.08767247200012207,
            0.11680889129638672,
            0.146165132522583,
            0.17597126960754395,
            0.20600223541259766,
            0.23799538612365723,
            0.26783037185668945,
            0.29854822158813477,
            0.3304290771484375,
            0.36319684982299805,
            0.3969447612762451,
            0.43154191970825195,
            0.4667012691497803,
            0.5023033618927002,
            0.5382988452911377,
            0.5745594501495361,
            0.6112015247344971,
            0.6528754234313965,
            0.6908588409423828,
            0.7301211357116699,
            0.7902998924255371,
            0.8736433982849121,
            0.9212234020233154,
            0.9617626667022705,
            1.0024816989898682,
            1.0497868061065674
        ],
        "memory_usages": [
            2.0,
            2.0,
            3.0,
            3.0,
            3.0,
            3.0,
            3.0,
            3.0,
            4.0,
            4.0,
            4.0,
            4.0,
            4.0,
            4.0,
            5.0,
            5.0,
            5.0,
            5.0,
            5.0,
            5.0,
            4.4453125,
            5.4453125,
            5.4453125,
            4.83203125,
            5.83203125,
            4.98828125,
            5.05859375,
            5.390625
        ]
    },
    "run_count": 1,
    "seed": 90
}