{
    "dataset": "34_smtp",
    "model": "LODA",
    "auc": 0.8223699794658315,
    "total_runtime": 4.1996071338653564,
    "total_memory_usage": 14.8828125,
    "Instances": 95156,
    "window_metric": {
        "window_size": 1000,
        "auc_scores": [
            NaN,
            NaN,
            NaN,
            NaN,
            NaN,
            NaN,
            NaN,
            NaN,
            NaN,
            NaN,
            NaN,
            NaN,
            NaN,
            NaN,
            0.9998443821973233,
            0.9997834779219654,
            0.9997871675625252,
            0.9997947235396505,
            0.9997852781862895,
            0.9997960212599728,
            0.9998057405500108,
            0.9998145757458077,
            0.9998192958561863,
            0.9998268292761143,
            0.9799201838743983,
            0.9798050598674011,
            0.9797328773649829,
            0.979696480893508,
            0.9796897024179161,
            0.9797167249478328,
            0.9797166462273286,
            0.9796160820358907,
            0.9795302769140155,
            0.9794453178199427,
            0.9793897150697013,
            0.9792756706973347,
            0.9792141428030683,
            0.9792066249971795,
            0.9791811712629442,
            0.9791301955684489,
            0.9791984719520951,
            0.9792141598219815,
            0.979189237692006,
            0.9791784398932127,
            0.9791570075769606,
            0.9791411671875292,
            0.9791244808483985,
            0.9790742538002156,
            0.9790741961260069,
            0.9612038352272728,
            0.9612378393221402,
            0.9613306498153278,
            0.9613609768986864,
            0.9613438704060462,
            0.9612898752364324,
            0.9181941938365341,
            0.9181409390083369,
            0.918102630444157,
            0.9181680373039424,
            0.9181205502292622,
            0.9181336613366133,
            0.8585955293553764,
            0.858609598117006,
            0.8586579639211217,
            0.8585680319631346,
            0.8585779479933149,
            0.8585604701950095,
            0.8303044046675079,
            0.8301885000142488,
            0.8301197688303381,
            0.8299081849361493,
            0.8298754431262784,
            0.8297051403037297,
            0.8297375625769465,
            0.8297806186208093,
            0.8296586855510656,
            0.8296044323007455,
            0.8295860662607097,
            0.8297292895384121,
            0.8297296563107575,
            0.8296465443779574,
            0.8297795814247175,
            0.8297826535985361,
            0.8296981839789517,
            0.8297601737550214,
            0.8297477216655657,
            0.8297474504977679,
            0.8296738854771498,
            0.8222134801993182,
            0.8222025860472009,
            0.822206954673702,
            0.822314885288681,
            0.8223448424222867,
            0.8223567805327942,
            0.8223386332526061
        ],
        "runtimes": [
            0.02700185775756836,
            0.05102944374084473,
            0.07472085952758789,
            0.09779214859008789,
            0.12071013450622559,
            0.14377498626708984,
            0.16711163520812988,
            0.19138097763061523,
            0.21643924713134766,
            0.242201566696167,
            0.2683272361755371,
            0.29465675354003906,
            0.3204488754272461,
            0.34560513496398926,
            0.3747978210449219,
            0.4038102626800537,
            0.4333631992340088,
            0.4629039764404297,
            0.49322080612182617,
            0.5239899158477783,
            0.5554060935974121,
            0.5873160362243652,
            0.6198005676269531,
            0.6532456874847412,
            0.6877505779266357,
            0.7223148345947266,
            0.757643461227417,
            0.7932372093200684,
            0.8298661708831787,
            0.8664529323577881,
            0.9034278392791748,
            0.9410922527313232,
            0.97930908203125,
            1.0181725025177002,
            1.05712890625,
            1.0967214107513428,
            1.1369729042053223,
            1.1772987842559814,
            1.2180626392364502,
            1.2591865062713623,
            1.3017761707305908,
            1.3446691036224365,
            1.3882746696472168,
            1.432180404663086,
            1.4766559600830078,
            1.5204455852508545,
            1.563642978668213,
            1.6078240871429443,
            1.6531078815460205,
            1.699449062347412,
            1.7446143627166748,
            1.7915265560150146,
            1.8390896320343018,
            1.8883769512176514,
            1.9376935958862305,
            1.985412359237671,
            2.0332553386688232,
            2.0819811820983887,
            2.1311233043670654,
            2.1802597045898438,
            2.2289328575134277,
            2.2778689861297607,
            2.3258867263793945,
            2.374605417251587,
            2.421967029571533,
            2.469965934753418,
            2.519221067428589,
            2.5680713653564453,
            2.6181609630584717,
            2.66888165473938,
            2.719977617263794,
            2.7717580795288086,
            2.824681282043457,
            2.8790502548217773,
            2.933664083480835,
            2.9881980419158936,
            3.0435614585876465,
            3.098961591720581,
            3.155470371246338,
            3.213069200515747,
            3.271284341812134,
            3.3296501636505127,
            3.388983726501465,
            3.4484148025512695,
            3.5095467567443848,
            3.5713257789611816,
            3.633607864379883,
            3.6971750259399414,
            3.7607219219207764,
            3.824369430541992,
            3.8896353244781494,
            3.953216314315796,
            4.022853851318359,
            4.087474584579468,
            4.152376890182495
        ],