{
    "dataset": "1_ALOI",
    "model": "LODA",
    "auc": 0.6190776028590171,
    "total_runtime": 1.8191242218017578,
    "total_memory_usage": 5.99609375,
    "Instances": 49534,
    "window_metric": {
        "window_size": 1000,
        "auc_scores": [
            NaN,
            0.5484516184684393,
            0.5580416509625162,
            0.5807528387923584,
            0.5774584043558448,
            0.5800146325563158,
            0.5932436570386441,
            0.5944458676747223,
            0.5887534678900642,
            0.5913498240191111,
            0.5924213996765111,
            0.5926255168773278,
            0.5913246881004062,
            0.5979841952961301,
            0.6047620025935401,
            0.605149067884156,
            0.6056022497450553,
            0.6043039676499369,
            0.6037204730499004,
            0.6060087780449614,
            0.6085740950106171,
            0.6115766015436702,
            0.6105299313148906,
            0.6110378001774637,
            0.6139505530637215,
            0.6122346126337578,
            0.612489469833153,
            0.611666311555543,
            0.6115806633499554,
            0.6109963716372897,
            0.606735077372059,
            0.6075862269044088,
            0.6083126328070857,
            0.6085547562656516,
            0.6117035035248134,
            0.612626027763021,
            0.612294443160651,
            0.6127391825423893,
            0.6131086037523549,
            0.614128747962648,
            0.6133038125305438,
            0.6134348737321398,
            0.6133397355560664,
            0.6140343846281191,
            0.6166053801534525,
            0.6182637876543716,
            0.6199525185411677,
            0.6196676744933842,
            0.6206997922978401
        ],
        "runtimes": [
            0.026491880416870117,
            0.05288076400756836,
            0.07892370223999023,
            0.10533452033996582,
            0.13216757774353027,
            0.16043543815612793,
            0.18956923484802246,
            0.2184619903564453,
            0.24846625328063965,
            0.27884912490844727,
            0.30970263481140137,
            0.3408191204071045,
            0.3724632263183594,
            0.40446019172668457,
            0.43672609329223633,
            0.46943235397338867,
            0.5024428367614746,
            0.5356032848358154,
            0.5691921710968018,
            0.602916955947876,
            0.637897253036499,
            0.6739366054534912,
            0.711061954498291,
            0.7484462261199951,
            0.7858216762542725,
            0.8235292434692383,
            0.8613989353179932,
            0.9003286361694336,
            0.9387078285217285,
            0.9774816036224365,
            1.0165326595306396,
            1.055490493774414,
            1.0951600074768066,
            1.1347310543060303,
            1.174597978591919,
            1.2147226333618164,
            1.2553133964538574,
            1.2965383529663086,
            1.3381502628326416,
            1.3800275325775146,
            1.4228856563568115,
            1.4658639430999756,
            1.508744716644287,
            1.5526845455169678,
            1.597102165222168,
            1.641186237335205,
            1.687283992767334,
            1.7341408729553223,
            1.782358169555664
        ],
        "memory_usages": [
            1.0,
            1.0,
            1.0,
            2.0,
            2.0,
            2.0,
            2.0,
            2.0,
            2.0,
            2.0,
            2.0,
            2.0,
            2.0,
            3.0,
            3.0,
            3.0,
            3.0,
            3.0,
            3.0,
            4.0,
            2.70703125,
            3.70703125,
            3.70703125,
            3.43359375,
            3.28125,
            4.28125,
            4.28125,
            3.6015625,
            4.47265625,
            3.74609375,
            3.96875,
            4.03515625,
            4.10546875,
            4.171875,
            4.27734375,
            4.34765625,
            4.4140625,
            4.484375,
            4.88671875,
            5.00390625,
            5.14453125,
            5.29296875,
            5.4375,
            5.6640625,
            5.8125,
            5.95703125,
            6.28515625,
            6.4296875,
            6.578125
        ]
    },
    "run_count": 1,
    "seed": 79
}