{
    "dataset": "3_backdoor",
    "model": "LODA",
    "auc": 0.697734202228101,
    "total_runtime": 5.4635279178619385,
    "total_memory_usage": 13.078125,
    "Instances": 95329,
    "window_metric": {
        "window_size": 1000,
        "auc_scores": [
            0.560226614305028,
            0.5565225577673407,
            0.5377077296523489,
            0.5111648303968512,
            0.5043796553159741,
            0.4960613719525787,
            0.49415588419226125,
            0.4885895497678382,
            0.483234115900857,
            0.48014249413965165,
            0.4793318660675849,
            0.47709951690491276,
            0.4769563141448379,
            0.4771759467173006,
            0.4767724225667793,
            0.4786559348207968,
            0.4804701185529961,
            0.48739141358732785,
            0.497937215094998,
            0.5036983466636116,
            0.6193842389538662,
            0.6201542658078244,
            0.6259254359382209,
            0.6312840556306639,
            0.63740690184994,
            0.6447364309796302,
            0.6500356370394317,
            0.6511696521627007,
            0.6534634191803266,
            0.6577815735420022,
            0.6615945166079432,
            0.6669481310743313,
            0.6710587074704202,
            0.6702492866404467,
            0.673836840473995,
            0.6755637840187898,
            0.6786382493125301,
            0.6790886871346717,
            0.679851700516196,
            0.6757124019113745,
            0.6719742567099906,
            0.6688129198113932,
            0.6658310523172467,
            0.663366559983875,
            0.6616034586605942,
            0.6597170772492041,
            0.657609031646927,
            0.6559338804564921,
            0.655138494336172,
            0.653610359224232,
            0.6520481618975277,
            0.6510793211300826,
            0.6499652427716238,
            0.6486621924891347,
            0.6481394501661475,
            0.6472222408793878,
            0.6466315777536369,
            0.6459752433753955,
            0.6454017488447567,
            0.6450701615823344,
            0.6445669719520231,
            0.6445702801960257,
            0.6442296158320547,
            0.6439553586756244,
            0.644045946236186,
            0.6440012983338372,
            0.6436771920103223,
            0.6434571945921892,
            0.6435489900484395,
            0.6430700919006622,
            0.6428448747769688,
            0.6423719784972233,
            0.6422585496885521,
            0.6413043506195291,
            0.6408014030435465,
            0.6407351455239911,
            0.6400494254789741,
            0.6389899205060225,
            0.6393580294257876,
            0.6411125234667363,
            0.6414728749549065,
            0.6431783299036231,
            0.6442893605253176,
            0.6453250610486557,
            0.647416826917245,
            0.6412636468388608,
            0.6604262776319998,
            0.6630205311438521,
            0.6635709949894435,
            0.671471769331727,
            0.6800022592206718,
            0.685859301333594,
            0.6917665382398649,
            0.6978993351932327,
            0.7032441559139785
        ],
        "runtimes": [
            0.04115939140319824,
            0.07983613014221191,
            0.1198878288269043,
            0.15936493873596191,
            0.1994166374206543,
            0.24030399322509766,
            0.2813291549682617,
            0.32291340827941895,
            0.3650834560394287,
            0.4074435234069824,
            0.4499242305755615,
            0.49246954917907715,
            0.5353589057922363,
            0.5796036720275879,
            0.6244020462036133,
            0.6696369647979736,
            0.714951753616333,
            0.7608416080474854,
            0.8063094615936279,
            0.8509886264801025,
            0.89605712890625,
            0.942450761795044,
            0.9895470142364502,
            1.0362071990966797,
            1.083543300628662,
            1.1322977542877197,
            1.1822974681854248,
            1.231766939163208,
            1.2806825637817383,
            1.3303556442260742,
            1.380756139755249,
            1.4310801029205322,
            1.481811761856079,
            1.532663345336914,
            1.583728313446045,
            1.6341042518615723,
            1.6848924160003662,
            1.7354588508605957,
            1.7867679595947266,
            1.838688611984253,
            1.8905119895935059,
            1.9431169033050537,
            1.995870590209961,
            2.0490245819091797,
            2.1026153564453125,
            2.157813310623169,
            2.2137656211853027,
            2.271007537841797,
            2.3279130458831787,
            2.3855576515197754,
            2.443391799926758,
            2.501103639602661,
            2.559480667114258,
            2.6185052394866943,
            2.6783692836761475,
            2.7377827167510986,
            2.797593832015991,
            2.8577346801757812,
            2.918605089187622,
            2.979914903640747,
            3.04272723197937,
            3.1061081886291504,
            3.1699461936950684,
            3.2330946922302246,
            3.2966909408569336,
            3.3619072437286377,
            3.4264466762542725,
            3.4916369915008545,
            3.55682635307312,
            3.6223936080932617,
            3.6888468265533447,
            3.755755662918091,
            3.8239967823028564,
            3.8909990787506104,
            3.959057331085205,
            4.0268659591674805,
            4.0956950187683105,
            4.164744853973389,
            4.233400821685791,
            4.3024091720581055,
            4.372158765792847,
            4.442201614379883,
            4.513782024383545,
            4.585708856582642,
            4.658444404602051,
            4.734484910964966,
            4.8080525398254395,
            4.8812220096588135,
            4.957420587539673,
            5.032232761383057,
            5.1077399253845215,
            5.18323826789856,
            5.258220672607422,
            5.333273410797119,
            5.409528732299805
        ],