{
    "dataset": "32_shuttle",
    "model": "LODA",
    "auc": 0.9471022454727122,
    "total_runtime": 1.7521047592163086,
    "total_memory_usage": 5.69140625,
    "Instances": 49097,
    "window_metric": {
        "window_size": 1000,
        "auc_scores": [
            0.9253187326432719,
            0.9181853791283553,
            0.9312575118349727,
            0.9378207143230343,
            0.9427491789678499,
            0.9466751909611024,
            0.9451035579840432,
            0.9432931350040652,
            0.9454773393334535,
            0.9461702728662815,
            0.9460653285163044,
            0.9453406099518459,
            0.9434513995726163,
            0.94389075611381,
            0.9443010252516405,
            0.9453962892820612,
            0.9442893912723105,
            0.9448570071020735,
            0.9455050688484375,
            0.9450667732093915,
            0.9455416670048981,
            0.9455863573810734,
            0.9457924302013331,
            0.9454924852855451,
            0.9448826170437212,
            0.945198759252931,
            0.9453319791389847,
            0.9453337661393582,
            0.944673016072981,
            0.9441722305511856,
            0.9442453299241321,
            0.9448911572354167,
            0.945425914500537,
            0.9460542466368987,
            0.9466910469238194,
            0.9462291018224833,
            0.9462521976800307,
            0.9466726824763262,
            0.9463982554124928,
            0.9465133595802453,
            0.9469466050031532,
            0.9473294692910437,
            0.9474585825325821,
            0.947585669350517,
            0.9478699443689573,
            0.9478852218612633,
            0.947227216422718,
            0.9472882497607041,
            0.9470302798459678
        ],
        "runtimes": [
            0.026449203491210938,
            0.05048108100891113,
            0.07482576370239258,
            0.09947633743286133,
            0.1250932216644287,
            0.15203356742858887,
            0.17937874794006348,
            0.2072904109954834,
            0.23549509048461914,
            0.26288676261901855,
            0.29035401344299316,
            0.3183324337005615,
            0.3466804027557373,
            0.37547922134399414,
            0.4044342041015625,
            0.4342024326324463,
            0.4644889831542969,
            0.4956321716308594,
            0.5269560813903809,
            0.5590870380401611,
            0.5918765068054199,
            0.6252553462982178,
            0.6593818664550781,
            0.6943438053131104,
            0.7296419143676758,
            0.7662253379821777,
            0.8026397228240967,
            0.8394968509674072,
            0.876725435256958,
            0.9147605895996094,
            0.953134298324585,
            0.9919300079345703,
            1.031142234802246,
            1.0712404251098633,
            1.1117451190948486,
            1.1524665355682373,
            1.193467140197754,
            1.2358930110931396,
            1.2786355018615723,
            1.3224196434020996,
            1.365962266921997,
            1.4103424549102783,
            1.4542086124420166,
            1.4975061416625977,
            1.5417497158050537,
            1.5871765613555908,
            1.6335697174072266,
            1.6791419982910156,
            1.7257423400878906
        ],
        "memory_usages": [
            1.0,
            1.0,
            1.0,
            1.0,
            2.0,
            2.0,
            2.0,
            2.0,
            2.0,
            2.0,
            3.0,
            3.0,
            3.0,
            3.0,
            3.0,
            3.0,
            3.0,
            4.0,
            4.0,
            4.0,
            4.0,
            3.48046875,
            4.48046875,
            4.48046875,
            4.140625,
            3.9296875,
            4.9296875,
            4.3125,
            5.3125,
            5.28515625,
            4.5703125,
            4.64453125,
            4.72265625,
            4.80078125,
            4.91015625,
            4.984375,
            5.0625,
            5.140625,
            5.25,
            5.328125,
            5.40625,
            5.484375,
            5.5703125,
            5.8125,
            5.97265625,
            6.1328125,
            6.29296875,
            6.45703125,
            6.6171875
        ]
    },
    "run_count": 2,
    "seed": 48
}