{
    "dataset": "34_smtp",
    "model": "LODA",
    "auc": 0.8679950802094064,
    "total_runtime": 4.316695213317871,
    "total_memory_usage": 12.41796875,
    "Instances": 95156,
    "window_metric": {
        "window_size": 1000,
        "auc_scores": [
            NaN,
            NaN,
            NaN,
            NaN,
            NaN,
            NaN,
            NaN,
            NaN,
            NaN,
            NaN,
            NaN,
            NaN,
            NaN,
            NaN,
            1.0,
            1.0,
            1.0,
            1.0,
            1.0,
            1.0,
            1.0,
            1.0,
            1.0,
            1.0,
            0.9842883443299677,
            0.9842662532572485,
            0.9842722681602101,
            0.9842395687639739,
            0.9841992686124336,
            0.9842307362483445,
            0.9842809194935962,
            0.9842565050781145,
            0.9842552251604577,
            0.9841993762137351,
            0.9842079689018465,
            0.9841148541893275,
            0.9840383620057009,
            0.9840392324991915,
            0.9839612754761783,
            0.9839283034776458,
            0.9839352810367302,
            0.9839351212308864,
            0.9838734870489395,
            0.9838877305116563,
            0.9838648214365104,
            0.9838398021758175,
            0.9838310499784131,
            0.9838807152086027,
            0.9838394060110469,
            0.9562597531209988,
            0.9562031715832418,
            0.9561463623422592,
            0.9561011343046957,
            0.9561490441612329,
            0.9560929088462098,
            0.9251301473872264,
            0.9252507240017551,
            0.9251401466149203,
            0.925202204323866,
            0.9250947894956232,
            0.9252834768347683,
            0.8988436421834837,
            0.8987867228224207,
            0.8987477934846356,
            0.8986245568672115,
            0.8986487738249822,
            0.8987181677967517,
            0.8692459613861693,
            0.8691873996017316,
            0.869031948703872,
            0.8688599860360643,
            0.8689112808367738,
            0.8688033366112848,
            0.868738867375332,
            0.8687717871600008,
            0.8687262244803938,
            0.8685864223829933,
            0.8686080899220268,
            0.8685514848532352,
            0.8685282035427497,
            0.8684692987144397,
            0.8684210858423859,
            0.868418504346554,
            0.8683457630487372,
            0.8683161273278226,
            0.868217390066177,
            0.8682878438670996,
            0.8683284734506944,
            0.867726574500768,
            0.8677225741913971,
            0.867738814993954,
            0.8679322967634372,
            0.867973539851565,
            0.8678649214288248,
            0.8679863816643852
        ],
        "runtimes": [
            0.026228666305541992,
            0.05020737648010254,
            0.07404756546020508,
            0.09855198860168457,
            0.12333250045776367,
            0.14813232421875,
            0.17334389686584473,
            0.19851183891296387,
            0.2239987850189209,
            0.24971866607666016,
            0.27567434310913086,
            0.3017692565917969,
            0.32782483100891113,
            0.3539862632751465,
            0.3848574161529541,
            0.4158213138580322,
            0.4475266933441162,
            0.4794473648071289,
            0.5114352703094482,
            0.5443804264068604,
            0.5772738456726074,
            0.6116280555725098,
            0.6462287902832031,
            0.6812279224395752,
            0.7166993618011475,
            0.7523133754730225,
            0.7878677845001221,
            0.8240334987640381,
            0.8596930503845215,
            0.8954472541809082,
            0.9314954280853271,
            0.9673984050750732,
            1.004101276397705,
            1.041490077972412,
            1.0788841247558594,
            1.1168653964996338,
            1.1556172370910645,
            1.195164680480957,
            1.2349400520324707,
            1.2749574184417725,
            1.3157079219818115,
            1.3564262390136719,
            1.3981380462646484,
            1.4409968852996826,
            1.4848015308380127,
            1.5294268131256104,
            1.5742008686065674,
            1.6188850402832031,
            1.6651501655578613,
            1.7112805843353271,
            1.757549524307251,
            1.8056752681732178,
            1.8536558151245117,
            1.900299310684204,
            1.948772668838501,
            1.9978573322296143,
            2.046543836593628,
            2.0954205989837646,
            2.1446125507354736,
            2.1939170360565186,
            2.2449471950531006,
            2.29904842376709,
            2.3530449867248535,
            2.4069721698760986,
            2.4621834754943848,
            2.519477128982544,
            2.579015016555786,
            2.6371989250183105,
            2.6936440467834473,
            2.7476038932800293,
            2.801588296890259,
            2.8585658073425293,
            2.914729595184326,
            2.9695262908935547,
            3.036722183227539,
            3.095008134841919,
            3.1529557704925537,
            3.2111809253692627,
            3.269876480102539,
            3.3285434246063232,
            3.391854763031006,
            3.4518308639526367,
            3.511453151702881,
            3.5713891983032227,
            3.631707191467285,
            3.6928539276123047,
            3.7544517517089844,
            3.8165085315704346,
            3.8790602684020996,
            3.94184947013855,
            4.006338357925415,
            4.072865724563599,
            4.1380295753479,
            4.203249216079712,
            4.2686767578125
        ],