{
    "dataset": "1_ALOI",
    "model": "LODA",
    "auc": 0.7238212369714414,
    "total_runtime": 1.7628543376922607,
    "total_memory_usage": 6.3046875,
    "Instances": 49534,
    "window_metric": {
        "window_size": 1000,
        "auc_scores": [
            NaN,
            0.7043100752625563,
            0.726359327554206,
            0.7248119712523045,
            0.7243044731269047,
            0.7317222955752756,
            0.7253963324517358,
            0.7218588558699464,
            0.7179055537223791,
            0.7198787343619397,
            0.7250704488269334,
            0.7263535258896258,
            0.72852138634557,
            0.7266470169555732,
            0.72868714420413,
            0.7298312304016998,
            0.7320778123867817,
            0.7273261177672512,
            0.728174751807723,
            0.7290967748043315,
            0.72742980048674,
            0.729130207246562,
            0.7276709216580989,
            0.7263058990381962,
            0.7263000192853055,
            0.7280353493870786,
            0.727332020947124,
            0.7261920519722483,
            0.726384328443172,
            0.7256751255226931,
            0.7247604304687583,
            0.725230316531257,
            0.7263999471382736,
            0.7265651761331334,
            0.7283697306391866,
            0.7281056369200747,
            0.727292917804767,
            0.7266802927046835,
            0.7263780906328099,
            0.7249008785042246,
            0.72366429315436,
            0.7223766373866691,
            0.7219144350730997,
            0.722532089672801,
            0.7239128522919914,
            0.7253352225452984,
            0.7251379611210973,
            0.7242980652556863,
            0.7238078321609269
        ],
        "runtimes": [
            0.02550673484802246,
            0.05069327354431152,
            0.07597088813781738,
            0.1013336181640625,
            0.12744426727294922,
            0.15367674827575684,
            0.1798715591430664,
            0.20625710487365723,
            0.23361587524414062,
            0.26159167289733887,
            0.29016661643981934,
            0.3192756175994873,
            0.348705530166626,
            0.3787040710449219,
            0.4081614017486572,
            0.43855905532836914,
            0.46964287757873535,
            0.5022218227386475,
            0.5350699424743652,
            0.5678608417510986,
            0.6009504795074463,
            0.6348004341125488,
            0.6699645519256592,
            0.7050449848175049,
            0.7403228282928467,
            0.7768588066101074,
            0.8136115074157715,
            0.8506264686584473,
            0.8874988555908203,
            0.9249577522277832,
            0.9626877307891846,
            1.002243995666504,
            1.0424504280090332,
            1.0825722217559814,
            1.1229660511016846,
            1.1633386611938477,
            1.2046289443969727,
            1.244553804397583,
            1.285226821899414,
            1.3267319202423096,
            1.3700110912322998,
            1.41273832321167,
            1.4556725025177002,
            1.499283790588379,
            1.543720006942749,
            1.5899574756622314,
            1.6361024379730225,
            1.6810505390167236,
            1.7265405654907227
        ],
        "memory_usages": [
            1.0,
            2.0,
            2.0,
            2.0,
            3.0,
            3.0,
            3.0,
            3.0,
            3.0,
            3.0,
            3.0,
            3.0,
            3.0,
            4.0,
            4.0,
            4.0,
            4.0,
            4.0,
            4.0,
            5.0,
            5.0,
            3.7109375,
            4.7109375,
            4.1953125,
            5.1953125,
            5.1953125,
            4.4140625,
            5.4140625,
            4.7890625,
            5.7890625,
            4.95703125,
            5.0234375,
            5.09375,
            5.16015625,
            5.3046875,
            5.44140625,
            5.5703125,
            5.70703125,
            6.0625,
            6.5078125,
            6.6484375,
            6.796875,
            6.94140625,
            6.26171875,
            6.33203125,
            6.39453125,
            6.46484375,
            6.53125,
            6.6015625
        ]
    },
    "run_count": 6,
    "seed": 28
}