{
    "dataset": "34_smtp",
    "model": "LODA",
    "auc": 0.7638083524308111,
    "total_runtime": 4.102563858032227,
    "total_memory_usage": 11.52734375,
    "Instances": 95156,
    "window_metric": {
        "window_size": 1000,
        "auc_scores": [
            NaN,
            NaN,
            NaN,
            NaN,
            NaN,
            NaN,
            NaN,
            NaN,
            NaN,
            NaN,
            NaN,
            NaN,
            NaN,
            NaN,
            1.0,
            0.9998460287445088,
            0.9998460361090608,
            0.9998503192476618,
            0.9998460485109245,
            0.999853751092056,
            0.9998607196396304,
            0.999867054308315,
            0.99986949145169,
            0.9998749322549715,
            0.9379738367771666,
            0.9376312519928314,
            0.9373140570242773,
            0.9371037559596124,
            0.9370632127825256,
            0.9368348086249774,
            0.9367594581884906,
            0.936612893140749,
            0.9364167482308512,
            0.9362279425982126,
            0.936103012633625,
            0.935909599764988,
            0.9358193447713806,
            0.9356924731668057,
            0.9356692145898527,
            0.9355452979971562,
            0.9353925730737325,
            0.9354172479261794,
            0.9353643378907419,
            0.9352569973563016,
            0.935157604588094,
            0.9351557306260911,
            0.9351326534955702,
            0.9350480199582021,
            0.9351024490962433,
            0.8867325044014084,
            0.8865587733406559,
            0.8867620325484765,
            0.8867901158840404,
            0.886674755483106,
            0.8864669722100975,
            0.8120732469852613,
            0.8120810881965774,
            0.811642259594653,
            0.8110562102585842,
            0.8109859107961651,
            0.8104429684296843,
            0.802044020364902,
            0.8021615377783895,
            0.8019089071720651,
            0.8019308305273245,
            0.8020357374032362,
            0.8017869003042132,
            0.7691312572958346,
            0.7684289099016628,
            0.7679920597646611,
            0.7674343916092002,
            0.7674839339024961,
            0.7670685425811576,
            0.7671953454266094,
            0.7672750704985237,
            0.7667726205870752,
            0.7666366956834169,
            0.7661964505813168,
            0.7666817020128298,
            0.7668439292001972,
            0.7664860003091784,
            0.7668182902363704,
            0.7670627751532629,
            0.7666719093085914,
            0.766852301332828,
            0.7670004199491489,
            0.7670785228052632,
            0.7666068637823044,
            0.7629448128582668,
            0.7631506798562483,
            0.7629163460481476,
            0.7633315211482006,
            0.7634864293141156,
            0.7637238835089213,
            0.7638243655891335
        ],
        "runtimes": [
            0.026036739349365234,
            0.04944944381713867,
            0.07292056083679199,
            0.09571409225463867,
            0.11837387084960938,
            0.14121007919311523,
            0.16426634788513184,
            0.18754982948303223,
            0.21112823486328125,
            0.23469924926757812,
            0.25857090950012207,
            0.28290462493896484,
            0.3076300621032715,
            0.33260035514831543,
            0.3612174987792969,
            0.3899993896484375,
            0.419450044631958,
            0.44928979873657227,
            0.47934389114379883,
            0.5096392631530762,
            0.5405592918395996,
            0.5717220306396484,
            0.6037335395812988,
            0.6357250213623047,
            0.6680033206939697,
            0.7008645534515381,
            0.7345230579376221,
            0.7683672904968262,
            0.8033697605133057,
            0.8387267589569092,
            0.8745670318603516,
            0.9110443592071533,
            0.9477176666259766,
            0.9848222732543945,
            1.0221011638641357,
            1.0607318878173828,
            1.100297451019287,
            1.1402196884155273,
            1.1802165508270264,
            1.220876693725586,
            1.2620584964752197,
            1.302443027496338,
            1.3426377773284912,
            1.3842618465423584,
            1.42630934715271,
            1.4691030979156494,
            1.5113518238067627,
            1.5549917221069336,
            1.5988109111785889,
            1.6434192657470703,
            1.6886117458343506,
            1.7335948944091797,
            1.779062271118164,
            1.8245654106140137,
            1.8705217838287354,
            1.9160404205322266,
            1.9620716571807861,
            2.0079240798950195,
            2.054888963699341,
            2.100846290588379,
            2.148298740386963,
            2.19461989402771,
            2.241966724395752,
            2.2908437252044678,
            2.3395819664001465,
            2.389408826828003,
            2.4390175342559814,
            2.489065170288086,
            2.539522171020508,
            2.590388774871826,
            2.6424663066864014,
            2.695239543914795,
            2.748842477798462,
            2.803445816040039,
            2.8580493927001953,
            2.9129951000213623,
            2.968277931213379,
            3.024409532546997,
            3.08109974861145,
            3.139349937438965,
            3.197490930557251,
            3.2556443214416504,
            3.3142452239990234,
            3.3737270832061768,
            3.434051752090454,
            3.4943723678588867,
            3.555774688720703,
            3.6173951625823975,
            3.678943634033203,
            3.7411086559295654,
            3.8050081729888916,
            3.8679425716400146,
            3.9306111335754395,
            3.994105100631714,
            4.057246685028076
        ],