{
    "dataset": "49_kddcup99_prob",
    "model": "LODA",
    "auc": 0.3858619557598676,
    "total_runtime": 4.2356884479522705,
    "total_memory_usage": 12.37109375,
    "Instances": 64759,
    "window_metric": {
        "window_size": 1000,
        "auc_scores": [
            0.9405800581659063,
            0.1549792514100955,
            0.16849827624751437,
            0.18252977392624142,
            0.23452029025644747,
            0.23919584600045862,
            0.23335441075495572,
            0.22194409678765123,
            0.25044644484672957,
            0.27809685581282395,
            0.29273421767835184,
            0.18347190297146437,
            0.27159697158771023,
            0.33092921070538495,
            0.3782363895672991,
            0.3788944677294077,
            0.38453684973767827,
            0.3936650747330299,
            0.40774668094488187,
            0.40104228657283614,
            0.41499786457939136,
            0.40925158114430715,
            0.4126979683929202,
            0.41584863575584546,
            0.41704622997092833,
            0.41840615157799144,
            0.42503564014579975,
            0.4228512182077959,
            0.43263208505746764,
            0.43206075160643953,
            0.4317695218546657,
            0.4348434768747439,
            0.4269225153024316,
            0.4240959322752169,
            0.4232929300778177,
            0.42204146575681034,
            0.4209784630940278,
            0.41813515652614963,
            0.41252622540363637,
            0.4036957622265531,
            0.4035569925394232,
            0.403168812598019,
            0.40396605177381684,
            0.40528821264443005,
            0.4054787852699182,
            0.40467464242090356,
            0.40424244125958053,
            0.40343004121245307,
            0.4038631502358515,
            0.40354630026513105,
            0.40068391190929065,
            0.39828131467505495,
            0.3974738766280881,
            0.3958379653339942,
            0.39448206846559314,
            0.3942767552369555,
            0.3939141201731191,
            0.39265048443953965,
            0.3901838715903704,
            0.38955843853095085,
            0.38939521522373793,
            0.3893472794842112,
            0.3901098105737371,
            0.38828441316864
        ],
        "runtimes": [
            0.028113126754760742,
            0.05378222465515137,
            0.07953190803527832,
            0.10552191734313965,
            0.13274812698364258,
            0.16067814826965332,
            0.18930506706237793,
            0.21871614456176758,
            0.24872350692749023,
            0.2800166606903076,
            0.31129932403564453,
            0.3421134948730469,
            0.373429536819458,
            0.40521812438964844,
            0.43746161460876465,
            0.4702885150909424,
            0.5034539699554443,
            0.5370664596557617,
            0.6170749664306641,
            0.7041921615600586,
            0.7384989261627197,
            0.7736349105834961,
            0.8089561462402344,
            0.8448915481567383,
            0.9329593181610107,
            1.0122718811035156,
            1.0477612018585205,
            1.085519552230835,
            1.1520190238952637,
            1.2309606075286865,
            1.3913590908050537,
            1.428748607635498,
            1.4687049388885498,
            1.5093035697937012,
            1.7107291221618652,
            1.8150043487548828,
            1.863246202468872,
            1.9060165882110596,
            2.0056328773498535,
            2.121981382369995,
            2.252704620361328,
            2.369837522506714,
            2.412714719772339,
            2.4717447757720947,
            2.590759754180908,
            2.634254217147827,
            2.794196844100952,
            2.8566629886627197,
            2.9170725345611572,
            3.0216000080108643,
            3.144826650619507,
            3.25894832611084,
            3.3191683292388916,
            3.4200356006622314,
            3.480069637298584,
            3.5279927253723145,
            3.5768492221832275,
            3.628347635269165,
            3.7564878463745117,
            3.8122451305389404,
            3.8678054809570312,
            3.9234039783477783,
            3.97914981842041,
            4.151571750640869
        ],
        "memory_usages": [
            3.0,
            3.0,
            3.0,
            4.0,
            4.0,
            4.0,
            4.0,
            4.0,
            5.0,
            5.0,
            5.0,
            5.0,
            5.0,
            5.0,
            5.0,
            6.0,
            6.0,
            6.0,
            6.0,
            6.0,
            6.0,
            6.0,
            6.0,
            7.0,
            7.0,
            7.0,
            5.6875,
            6.6875,
            6.6875,
            5.89453125,
            6.41015625,
            6.2890625,
            7.2890625,
            7.03125,
            6.53125,
            7.3984375,
            6.671875,
            6.73828125,
            6.84375,
            6.9140625,
            6.984375,
            7.05078125,
            7.12109375,
            7.23046875,
            7.296875,
            7.36328125,
            7.43359375,
            7.9765625,
            8.03125,
            8.1484375,
            8.21875,
            8.31640625,
            8.51953125,
            8.6640625,
            9.02734375,
            9.3671875,
            9.5,
            9.6328125,
            9.74609375,
            9.87890625,
            10.13671875,
            10.21484375,
            10.296875,
            10.37109375
        ]
    },
    "run_count": 7,
    "seed": 3
}