{
    "dataset": "51_kddcup99_u2r",
    "model": "LODA",
    "auc": 0.2766086190258211,
    "total_runtime": 2.894116163253784,
    "total_memory_usage": 8.37890625,
    "Instances": 60821,
    "window_metric": {
        "window_size": 1000,
        "auc_scores": [
            NaN,
            0.4102051025512756,
            0.4121373791263755,
            0.4176044011002751,
            0.42548509701940385,
            0.43123853975662607,
            0.8269496450859892,
            0.71875,
            0.4655828668174347,
            0.446986986986987,
            0.4362957999321635,
            0.4405675669233153,
            0.4815167630057804,
            0.49586582057908135,
            0.4861574134932624,
            0.4935752536668828,
            0.5211062262934173,
            0.5336845453461094,
            0.5212822833907521,
            0.5239002966298464,
            0.37302711582217274,
            0.36148776414901673,
            0.35992692930755177,
            0.3741129087801135,
            0.3290774609535514,
            0.30247669868283394,
            0.29299845591124074,
            0.2923390115649194,
            0.28193929965182873,
            0.27441762790859625,
            0.2731759704415954,
            0.2720398278658724,
            0.27105080617464705,
            0.27008908994834285,
            0.27190471819495377,
            0.2729082814946165,
            0.2733976210419341,
            0.2729843912990983,
            0.27269832388618487,
            0.27251215243641586,
            0.27514083329617905,
            0.27752565508727833,
            0.2784129096923509,
            0.27776304163729637,
            0.27735267338689096,
            0.27689245495144055,
            0.2780101431201378,
            0.2773554741554742,
            0.2784279379953994,
            0.2787821750773674,
            0.2793415886676025,
            0.27877136027889765,
            0.2773817808816432,
            0.2763988051911154,
            0.27682555418354216,
            0.276658269664691,
            0.2766503069835513,
            0.2762233966311611,
            0.2760978792861143,
            0.27570289761913985
        ],
        "runtimes": [
            0.045943498611450195,
            0.1017911434173584,
            0.13773560523986816,
            0.16168951988220215,
            0.1849992275238037,
            0.20831871032714844,
            0.23586726188659668,
            0.26280951499938965,
            0.29047179222106934,
            0.31783199310302734,
            0.34364867210388184,
            0.36966466903686523,
            0.39591455459594727,
            0.42238569259643555,
            0.4536566734313965,
            0.48212599754333496,
            0.5098488330841064,
            0.5382058620452881,
            0.5671615600585938,
            0.5959627628326416,
            0.6263303756713867,
            0.6571915149688721,
            0.6883683204650879,
            0.7196290493011475,
            0.7556970119476318,
            0.8528201580047607,
            0.8878419399261475,
            0.924020528793335,
            0.959378719329834,
            0.9947938919067383,
            1.0313572883605957,
            1.067683219909668,
            1.1268231868743896,
            1.1625125408172607,
            1.2029497623443604,
            1.2431766986846924,
            1.283719778060913,
            1.3292927742004395,
            1.3686647415161133,
            1.4060046672821045,
            1.444218397140503,
            1.4822003841400146,
            1.5237016677856445,
            1.5693302154541016,
            1.67889404296875,
            1.7235989570617676,
            1.770205020904541,
            1.845858097076416,
            1.9719758033752441,
            2.0215108394622803,
            2.067887306213379,
            2.1131272315979004,
            2.1622142791748047,
            2.2887895107269287,
            2.3930373191833496,
            2.4437451362609863,
            2.4946157932281494,
            2.545912504196167,
            2.656447649002075,
            2.771507978439331
        ],
        "memory_usages": [
            2.0,
            3.0,
            3.0,
            3.0,
            3.0,
            3.0,
            3.0,
            3.0,
            4.0,
            4.0,
            4.0,
            4.0,
            4.0,
            4.0,
            5.0,
            5.0,
            5.0,
            5.0,
            5.0,
            5.0,
            5.0,
            6.0,
            6.0,
            4.87890625,
            5.87890625,
            5.87890625,
            5.87890625,
            6.87890625,
            6.87890625,
            6.87890625,
            5.87890625,
            6.87890625,
            6.0,
            6.0625,
            6.15625,
            6.21484375,
            6.27734375,
            6.33984375,
            6.4375,
            6.5,
            6.5625,
            6.95703125,
            7.09375,
            7.61328125,
            8.21875,
            8.36328125,
            8.515625,
            8.66015625,
            8.80859375,
            8.0390625,
            8.109375,
            8.1796875,
            8.24609375,
            8.31640625,
            8.390625,
            8.51171875,
            8.58203125,
            8.65234375,
            8.71875,
            8.78515625
        ]
    },
    "run_count": 4,
    "seed": 9
}