{
    "dataset": "5_campaign",
    "model": "LODA",
    "auc": 0.5738844028448182,
    "total_runtime": 1.6108944416046143,
    "total_memory_usage": 6.31640625,
    "Instances": 41188,
    "window_metric": {
        "window_size": 1000,
        "auc_scores": [
            0.5569855648843718,
            0.5729947346170107,
            0.57676192955039,
            0.5739932679087849,
            0.57092106729902,
            0.5708935597503279,
            0.5739067517229062,
            0.5784027354147546,
            0.5791491201931378,
            0.5764375292557341,
            0.5806477864583333,
            0.5835121099208825,
            0.5802171016295593,
            0.5778915058275058,
            0.5776189265980333,
            0.5740351549650724,
            0.5760410746388382,
            0.579085158195123,
            0.580579230176805,
            0.5797833062618192,
            0.5790814946265299,
            0.578979699337475,
            0.5783734812564321,
            0.5792237055554741,
            0.5801914552052103,
            0.5795487988366699,
            0.581201225723538,
            0.5813474796758177,
            0.5807642305382549,
            0.5810916041783718,
            0.5797397872511064,
            0.5781517525483496,
            0.5779226233804717,
            0.5772529296562301,
            0.5758659354257413,
            0.574584596734641,
            0.5747836284833995,
            0.5749330816574852,
            0.5748826201814117,
            0.5738530979864616,
            0.5740441124152736
        ],
        "runtimes": [
            0.031050682067871094,
            0.06036090850830078,
            0.08999443054199219,
            0.11992812156677246,
            0.1504535675048828,
            0.18125200271606445,
            0.2126312255859375,
            0.24393343925476074,
            0.2760353088378906,
            0.3087882995605469,
            0.3417174816131592,
            0.37468719482421875,
            0.4083428382873535,
            0.4425036907196045,
            0.477161169052124,
            0.5119280815124512,
            0.5475413799285889,
            0.5845956802368164,
            0.6220135688781738,
            0.6605968475341797,
            0.6993560791015625,
            0.7387981414794922,
            0.7787935733795166,
            0.8196346759796143,
            0.8601293563842773,
            0.9014067649841309,
            0.9442124366760254,
            0.9875316619873047,
            1.0290617942810059,
            1.0720503330230713,
            1.1161680221557617,
            1.1608474254608154,
            1.2047832012176514,
            1.249582290649414,
            1.2948894500732422,
            1.3401563167572021,
            1.38651704788208,
            1.4356355667114258,
            1.484525442123413,
            1.53338623046875,
            1.5831129550933838
        ],
        "memory_usages": [
            2.0,
            2.0,
            2.0,
            2.0,
            2.0,
            2.0,
            2.0,
            2.0,
            2.0,
            3.0,
            3.0,
            3.0,
            3.0,
            3.0,
            4.0,
            4.0,
            4.0,
            4.0,
            4.0,
            4.0,
            3.94921875,
            3.53125,
            4.53125,
            4.01953125,
            5.01953125,
            5.01953125,
            5.01953125,
            4.37890625,
            5.37890625,
            4.52734375,
            4.63671875,
            4.7109375,
            4.7890625,
            4.8671875,
            5.5078125,
            5.65234375,
            5.8046875,
            6.39453125,
            6.625,
            5.94921875,
            6.91796875
        ]
    },
    "run_count": 10,
    "seed": 72
}