{
    "dataset": "5_campaign",
    "model": "LODA",
    "auc": 0.5762598276522515,
    "total_runtime": 1.545759916305542,
    "total_memory_usage": 5.109375,
    "Instances": 41188,
    "window_metric": {
        "window_size": 1000,
        "auc_scores": [
            0.5865462512888496,
            0.5753007417656328,
            0.5882892053657196,
            0.5748213467343036,
            0.5761047436637987,
            0.5713514292973336,
            0.579083350103734,
            0.5777835483085018,
            0.5767188716050593,
            0.5794404353253237,
            0.5819608605645895,
            0.587842187003227,
            0.5891856616386224,
            0.5892687365967366,
            0.5874081658958381,
            0.584382791879468,
            0.5837961275926284,
            0.5815412235292691,
            0.5805980657481177,
            0.5805792017995703,
            0.5780644930225777,
            0.5795913605291616,
            0.5781418731455115,
            0.5774306807799369,
            0.57801839929496,
            0.5779191124681305,
            0.5789369092515739,
            0.5777200873806236,
            0.5786337645088796,
            0.5780686265547677,
            0.576851314291547,
            0.57540120345914,
            0.5752042176984684,
            0.5754042670299114,
            0.5746193976345377,
            0.5750662649487494,
            0.5748584812061425,
            0.5755629395791232,
            0.5753244376840557,
            0.5749983687081913,
            0.5760679393443945
        ],
        "runtimes": [
            0.028445005416870117,
            0.0557711124420166,
            0.08421111106872559,
            0.11380171775817871,
            0.1441633701324463,
            0.17476654052734375,
            0.20444321632385254,
            0.23441243171691895,
            0.26483607292175293,
            0.2958710193634033,
            0.3270590305328369,
            0.3585853576660156,
            0.3907337188720703,
            0.42340946197509766,
            0.4568498134613037,
            0.4905853271484375,
            0.5254039764404297,
            0.5605857372283936,
            0.5959439277648926,
            0.6323850154876709,
            0.6691899299621582,
            0.7073547840118408,
            0.7454679012298584,
            0.7839410305023193,
            0.8235642910003662,
            0.8634426593780518,
            0.903782844543457,
            0.9448831081390381,
            0.9861807823181152,
            1.0280089378356934,
            1.0698890686035156,
            1.1122610569000244,
            1.155383825302124,
            1.1997225284576416,
            1.244544267654419,
            1.2899408340454102,
            1.3355145454406738,
            1.381361484527588,
            1.4264037609100342,
            1.4718577861785889,
            1.519291639328003
        ],
        "memory_usages": [
            2.0,
            2.0,
            2.0,
            2.0,
            2.0,
            2.0,
            2.0,
            2.0,
            2.0,
            2.0,
            3.0,
            3.0,
            3.0,
            3.0,
            3.0,
            3.0,
            4.0,
            4.0,
            4.0,
            4.0,
            4.0,
            4.0,
            4.0,
            3.2265625,
            3.69140625,
            4.69140625,
            4.69140625,
            4.43359375,
            4.24609375,
            5.07421875,
            4.65234375,
            5.43359375,
            4.7890625,
            5.7265625,
            4.9609375,
            5.02734375,
            5.09765625,
            5.16796875,
            5.26953125,
            5.33984375,
            5.41015625
        ]
    },
    "run_count": 8,
    "seed": 49
}