{
    "dataset": "49_kddcup99_prob",
    "model": "LODA",
    "auc": 0.3229748090046098,
    "total_runtime": 3.496077299118042,
    "total_memory_usage": 9.40625,
    "Instances": 64759,
    "window_metric": {
        "window_size": 1000,
        "auc_scores": [
            0.858560794044665,
            0.13305231035343507,
            0.15033276752223662,
            0.16405299351572697,
            0.21102197038270545,
            0.21593782526046437,
            0.20859659312463422,
            0.1935197805112454,
            0.22491198103774823,
            0.25741711086696145,
            0.27371436433919777,
            0.17521914721743048,
            0.2671046341897122,
            0.30980676414151265,
            0.3427608037434627,
            0.342878345357842,
            0.3484940977610286,
            0.3581470243642795,
            0.37363645480314966,
            0.3661767950438397,
            0.3713497888567897,
            0.36449855862062686,
            0.3673247541462281,
            0.369627277655307,
            0.37027706477158706,
            0.37075304452580804,
            0.37896225060237504,
            0.37705441149642327,
            0.3744475711581725,
            0.3739851486838921,
            0.3738520061045917,
            0.37332966378226257,
            0.363145499161044,
            0.3597295112641495,
            0.35875915598377234,
            0.3574773957330609,
            0.3562017454549574,
            0.35311350405042397,
            0.3461190455862807,
            0.34264353524079577,
            0.34282997127080994,
            0.34274210010993666,
            0.3438287427536934,
            0.34540437132177215,
            0.3459901396844436,
            0.34503089456722774,
            0.34461309776241605,
            0.34398170966276653,
            0.3445027458624248,
            0.3443311932932477,
            0.34117254371694566,
            0.3382369296904976,
            0.3373960703387407,
            0.33518222859625924,
            0.33332403501044233,
            0.3331048552938853,
            0.3326715012377047,
            0.33134368233382105,
            0.32804859238141193,
            0.3274010211945907,
            0.32738622773372844,
            0.3274067932205391,
            0.3283676906134808,
            0.3262874361264918
        ],
        "runtimes": [
            0.02512383460998535,
            0.06285929679870605,
            0.10920572280883789,
            0.15642380714416504,
            0.20917129516601562,
            0.2360060214996338,
            0.2600729465484619,
            0.2842717170715332,
            0.3094780445098877,
            0.33464717864990234,
            0.36336207389831543,
            0.3909447193145752,
            0.41967272758483887,
            0.4466121196746826,
            0.47347450256347656,
            0.5007803440093994,
            0.5284929275512695,
            0.5570714473724365,
            0.5864980220794678,
            0.6162381172180176,
            0.6471908092498779,
            0.678607702255249,
            0.7101840972900391,
            0.7427210807800293,
            0.7751901149749756,
            0.8465611934661865,
            0.8956320285797119,
            0.9297635555267334,
            0.9621269702911377,
            1.1396849155426025,
            1.1727900505065918,
            1.2069261074066162,
            1.2426173686981201,
            1.278564691543579,
            1.315565824508667,
            1.3536961078643799,
            1.4162218570709229,
            1.4701998233795166,
            1.5108506679534912,
            1.5544159412384033,
            1.613586664199829,
            1.7597155570983887,
            1.8432049751281738,
            1.8893415927886963,
            1.9358410835266113,
            1.9831128120422363,
            2.0310494899749756,
            2.0795905590057373,
            2.128401756286621,
            2.177039623260498,
            2.2269465923309326,
            2.27681303024292,
            2.3477444648742676,
            2.478231191635132,
            2.5275216102600098,
            2.578383684158325,
            2.7311649322509766,
            2.8484206199645996,
            2.900505542755127,
            2.95169734954834,
            3.053607225418091,
            3.194024085998535,
            3.325843095779419,
            3.4075663089752197
        ],
        "memory_usages": [
            3.0,
            3.0,
            3.0,
            3.0,
            4.0,
            4.0,
            4.0,
            4.0,
            4.0,
            4.0,
            4.0,
            5.0,
            5.0,
            5.0,
            5.0,
            5.0,
            5.0,
            6.0,
            6.0,
            6.0,
            6.0,
            6.0,
            6.0,
            6.0,
            5.40234375,
            6.40234375,
            6.40234375,
            7.40234375,
            6.14453125,
            6.14453125,
            7.14453125,
            6.90234375,
            6.58984375,
            7.58984375,
            6.75,
            6.8125,
            6.875,
            6.9375,
            7.03515625,
            7.09765625,
            7.16015625,
            7.21875,
            7.28125,
            7.72265625,
            7.7890625,
            7.85546875,
            8.15234375,
            8.30078125,
            8.44921875,
            8.69140625,
            8.84375,
            8.9921875,
            9.13671875,
            9.9921875,
            10.1328125,
            9.36328125,
            9.43359375,
            9.5,
            9.56640625,
            9.63671875,
            9.671875,
            9.7421875,
            9.84375,
            9.95703125
        ]
    },
    "run_count": 1,
    "seed": 101
}