{
    "dataset": "8_celeba",
    "model": "LODA",
    "auc": 0.34485269747041486,
    "total_runtime": 14.446829557418823,
    "total_memory_usage": 23.3359375,
    "Instances": 202599,
    "window_metric": {
        "window_size": 1000,
        "auc_scores": [
            0.3534270910436713,
            0.37005764261578217,
            0.3674442720115345,
            0.371370315685861,
            0.3504882985901488,
            0.3590132315819389,
            0.35025374702936085,
            0.3416635550745487,
            0.3367037577563894,
            0.3329704576502732,
            0.33587246788997094,
            0.33696893637281855,
            0.3381354903453472,
            0.3430381099704683,
            0.33730972658371144,
            0.34032247806687216,
            0.34296250845152443,
            0.3457914283810947,
            0.3448644866901319,
            0.34533852090828787,
            0.3418831225741894,
            0.34212759048677477,
            0.3434001011982276,
            0.3435568389887008,
            0.34050047824089236,
            0.3449797637296166,
            0.34493337739593466,
            0.34204764693103296,
            0.34378382882632647,
            0.34410816206342,
            0.3421317888346197,
            0.3439031302926025,
            0.3401644071506107,
            0.3409855136652922,
            0.34123527132938875,
            0.3415825904525346,
            0.34149118453354477,
            0.33999221145651437,
            0.340478764472254,
            0.34045354185372567,
            0.33910137515064714,
            0.3398450373609974,
            0.3404045851255215,
            0.34018137969325707,
            0.34159865736771766,
            0.34087401175063625,
            0.3433702696708586,
            0.34599970589969453,
            0.3464505614467691,
            0.3454713268733285,
            0.34509395111696306,
            0.3439715925866363,
            0.34412791210804256,
            0.3451617572006363,
            0.346115654372789,
            0.3463275700111885,
            0.3467298164178053,
            0.3455016905056996,
            0.3456131025414033,
            0.34532870716395236,
            0.34597110327356717,
            0.34588874640569417,
            0.34579526529881566,
            0.3457164861613804,
            0.3452460646806297,
            0.3452773417902756,
            0.34491757167469395,
            0.3455200914649197,
            0.3457906494513247,
            0.34715031054215,
            0.3467289443982197,
            0.34613273171814196,
            0.3453977004013584,
            0.3448323388897169,
            0.3449505915075053,
            0.34471088591560445,
            0.3445864557754202,
            0.3452115130270257,
            0.3447729428238759,
            0.34654613004786694,
            0.34711068308249227,
            0.34790270615172936,
            0.3465683183574899,
            0.34623228843531295,
            0.34731708878022194,
            0.3465628102153761,
            0.3463347526343864,
            0.3462368751020811,
            0.3459679387197511,
            0.34575596022727273,
            0.3457054254571791,
            0.34514916024141296,
            0.34569835341850375,
            0.3462192326472148,
            0.344854174838291,
            0.3449147097896139,
            0.3459661606635656,
            0.3468393541264815,
            0.3462853326382043,
            0.3449911943146583,
            0.34472180844559336,
            0.344822284979311,
            0.3445990353217049,
            0.3443371691237068,
            0.34408810704802223,
            0.3442561210028533,
            0.3438654758416338,
            0.3435236827632956,
            0.34383811949887033,
            0.34350721335736034,
            0.3437837955330316,
            0.3437395943505077,
            0.3432476798207955,
            0.34234390475578225,
            0.34220885535150203,
            0.34253997969573646,
            0.3416878656619171,
            0.3419196165354582,
            0.3421863401657238,
            0.34272528231086663,
            0.34243442371241706,
            0.3416592127055566,
            0.341400220824829,
            0.3414661649541658,
            0.3423596606961833,
            0.34309874180765304,
            0.3423744807984219,
            0.34160917151404246,
            0.3419690282103545,
            0.3417423535124193,
            0.34142650394404295,
            0.34238716651974965,
            0.3421137460637014,
            0.3420952634121256,
            0.34177721475544304,
            0.3417314970664904,
            0.34218784741137587,
            0.3424977188471162,
            0.34194983074102125,
            0.34120164625593774,
            0.3414037023025759,
            0.34158117715810754,
            0.34154961128543293,
            0.34225594050538305,
            0.34244374076860906,
            0.34277867331805356,
            0.34258458410794823,
            0.3427016303640812,
            0.3424591541865831,
            0.34246637033999383,
            0.3422601724036391,
            0.34183345261668807,
            0.3420397988324548,
            0.3422334903190079,
            0.3417436513136658,
            0.3426603382166117,
            0.3422676962648376,
            0.3422593943604836,
            0.3428496406080446,
            0.34253375634572153,
            0.3424073176914325,
            0.341847545255873,
            0.3417768124641244,
            0.34169370972968977,
            0.341931716575566,
            0.34206065565441374,
            0.34207488376841977,
            0.3424386859306121,
            0.3425069085068613,
            0.3425032848580308,
            0.34295850306562425,
            0.34321251273088826,
            0.34370344499404804,
            0.3433275841238682,
            0.3431549731321253,
            0.34326071731479435,
            0.3440025724534196,
            0.34439952477436225,
            0.34440176746633433,
            0.3445951448957246,
            0.34483953761860586,
            0.3450533969651916,
            0.34489615890461,
            0.34483127579702155,
            0.34467373005881746,
            0.344834166494952,
            0.34531132069022097,
            0.3448260921266125,
            0.34507755961956044,
            0.3453716911649427,
            0.34566586018942586,
            0.3458903210974973,
            0.3458446630749209,
            0.34585165656033046,
            0.34542347447162164,
            0.3456188765362264,
            0.3453453634791689,
            0.3453783338130686,
            0.34524948047907306,
            0.3453961241518018,
            0.34542062152794717,
            0.3449253266150607
        ],