{
    "dataset": "32_shuttle",
    "model": "LODA",
    "auc": 0.9299106056773415,
    "total_runtime": 1.7522649765014648,
    "total_memory_usage": 6.84765625,
    "Instances": 49097,
    "window_metric": {
        "window_size": 1000,
        "auc_scores": [
            0.9308571067912144,
            0.8971364367294768,
            0.9109203684171798,
            0.9146320677064286,
            0.91997871226643,
            0.925072710108327,
            0.9253468320410534,
            0.9228211777262815,
            0.9237807593263252,
            0.9243543378431999,
            0.9249794817595037,
            0.923120179775281,
            0.9241929516698515,
            0.9251123204407482,
            0.9253503209914594,
            0.9274880978795768,
            0.926537682168004,
            0.9263332767415918,
            0.9270961697941592,
            0.9272360247135684,
            0.9285293998069802,
            0.9279684846080412,
            0.928593985581663,
            0.9291453103003274,
            0.9283675055917678,
            0.9288787082397293,
            0.9293646977940119,
            0.9295597122649347,
            0.9286372397305205,
            0.9277456182397255,
            0.9278067550801357,
            0.9283816973169651,
            0.9286114990332975,
            0.9291625632575056,
            0.9296452525377409,
            0.9295143564669729,
            0.9293900071236844,
            0.9300255151586099,
            0.930094959655055,
            0.9301367038316426,
            0.9307588616546782,
            0.9308957615808877,
            0.9313494604243181,
            0.9312306855074666,
            0.9312626553961608,
            0.9309278989045318,
            0.930561342802538,
            0.9302873782294139,
            0.9297759467338389
        ],
        "runtimes": [
            0.02720332145690918,
            0.052986860275268555,
            0.07864093780517578,
            0.10518527030944824,
            0.1319577693939209,
            0.15900731086730957,
            0.18706464767456055,
            0.215317964553833,
            0.2435741424560547,
            0.2724936008453369,
            0.3015775680541992,
            0.3307516574859619,
            0.3601803779602051,
            0.3898160457611084,
            0.4196043014526367,
            0.44965028762817383,
            0.4799776077270508,
            0.5109653472900391,
            0.5419864654541016,
            0.5736055374145508,
            0.6055517196655273,
            0.6381888389587402,
            0.6714982986450195,
            0.7059156894683838,
            0.740694522857666,
            0.7755849361419678,
            0.8107700347900391,
            0.8463926315307617,
            0.882587194442749,
            0.9188401699066162,
            0.955998420715332,
            0.99391770362854,
            1.0331246852874756,
            1.0733821392059326,
            1.113917350769043,
            1.1544723510742188,
            1.195380687713623,
            1.2373111248016357,
            1.279787540435791,
            1.3221240043640137,
            1.365788221359253,
            1.4103925228118896,
            1.4533379077911377,
            1.4980871677398682,
            1.5438716411590576,
            1.5897397994995117,
            1.6344873905181885,
            1.6797220706939697,
            1.7258830070495605
        ],
        "memory_usages": [
            2.0,
            2.0,
            2.0,
            2.0,
            2.0,
            3.0,
            3.0,
            3.0,
            3.0,
            3.0,
            3.0,
            4.0,
            4.0,
            4.0,
            4.0,
            4.0,
            4.0,
            5.0,
            5.0,
            5.0,
            5.0,
            5.0,
            5.0,
            4.1875,
            4.65625,
            5.65625,
            5.65625,
            4.91015625,
            5.91015625,
            5.0625,
            5.16796875,
            5.2421875,
            5.3203125,
            5.3984375,
            5.68359375,
            5.82421875,
            5.97265625,
            6.1171875,
            6.453125,
            6.52734375,
            6.60546875,
            6.68359375,
            6.7578125,
            6.87109375,
            6.94140625,
            7.0078125,
            7.078125,
            7.1484375,
            7.328125
        ]
    },
    "run_count": 6,
    "seed": 47
}