{
    "dataset": "50_bank",
    "model": "LODA",
    "auc": 0.5060676347212736,
    "total_runtime": 2.3464865684509277,
    "total_memory_usage": 6.7109375,
    "Instances": 41188,
    "window_metric": {
        "window_size": 1000,
        "auc_scores": [
            0.4524384355383873,
            0.4873048300014593,
            0.47610827134194716,
            0.4808874186606251,
            0.4758009872509677,
            0.48290575732826335,
            0.49298138563152527,
            0.49264464516129036,
            0.48910022729531,
            0.48966313183688487,
            0.49070807843137254,
            0.49380006579488445,
            0.49689306795495597,
            0.4983090997385008,
            0.4942294385772971,
            0.5003846125865761,
            0.4994780416604291,
            0.49949023886942323,
            0.5004829337696549,
            0.49941626648561355,
            0.4970590967142692,
            0.5016121708334633,
            0.49844921588245317,
            0.5004863521757479,
            0.5004672948040869,
            0.4966019475482639,
            0.49342594733047246,
            0.49167675664310206,
            0.4972056180939434,
            0.49896576400076614,
            0.507473439145836,
            0.507668139038055,
            0.507106577865065,
            0.5069545962120708,
            0.5058713553838758,
            0.5038623566656167,
            0.5027921332450029,
            0.504162413583122,
            0.505919733493944,
            0.5071282867813884,
            0.5069439957235734
        ],
        "runtimes": [
            0.07459449768066406,
            0.18374037742614746,
            0.24469900131225586,
            0.2766425609588623,
            0.322695255279541,
            0.4566941261291504,
            0.48642921447753906,
            0.512601375579834,
            0.5390031337738037,
            0.5661680698394775,
            0.5957722663879395,
            0.6262016296386719,
            0.6744811534881592,
            0.7613887786865234,
            0.8220021724700928,
            0.8842968940734863,
            1.0083894729614258,
            1.0849547386169434,
            1.1477651596069336,
            1.2176189422607422,
            1.256903886795044,
            1.2916486263275146,
            1.327117919921875,
            1.3944308757781982,
            1.5614216327667236,
            1.6287174224853516,
            1.6676886081695557,
            1.7043256759643555,
            1.7391679286956787,
            1.7747225761413574,
            1.8106236457824707,
            1.8482048511505127,
            1.8889446258544922,
            1.9277362823486328,
            1.9664702415466309,
            2.0055761337280273,
            2.0455219745635986,
            2.0872862339019775,
            2.130411386489868,
            2.173149824142456,
            2.303570508956909
        ],
        "memory_usages": [
            3.0,
            3.0,
            3.0,
            3.0,
            3.0,
            3.0,
            4.0,
            4.0,
            4.0,
            4.0,
            4.0,
            4.0,
            5.0,
            5.0,
            5.0,
            5.0,
            5.0,
            5.0,
            5.0,
            5.0,
            5.0,
            5.0,
            4.28515625,
            5.28515625,
            4.62109375,
            5.62109375,
            4.76171875,
            4.85546875,
            4.921875,
            4.9921875,
            5.09375,
            5.16015625,
            5.2265625,
            5.3203125,
            5.94140625,
            6.078125,
            6.21875,
            6.359375,
            7.01953125,
            6.34375,
            7.3125
        ]
    },
    "run_count": 4,
    "seed": 35
}