{
    "dataset": "48_chess",
    "model": "LODA",
    "auc": 0.8431003339134204,
    "total_runtime": 0.9757640361785889,
    "total_memory_usage": 4.4140625,
    "Instances": 28056,
    "window_metric": {
        "window_size": 1000,
        "auc_scores": [
            0.950950950950951,
            0.8639626105825404,
            0.8658658658658659,
            0.8653990492869652,
            0.8880104083266613,
            0.8874249499666444,
            0.8281343817012151,
            0.8302268367942623,
            0.8304054554888445,
            0.8496233077439921,
            0.8498525035412146,
            0.8304807371581053,
            0.8304052493842364,
            0.8580703019905249,
            0.8556441223419271,
            0.8560561225226266,
            0.8425173672436124,
            0.8352960800667223,
            0.8190455237038712,
            0.8378803803803803,
            0.8379456625357484,
            0.8442409312785581,
            0.837380023579867,
            0.8375234116121595,
            0.8246021122040974,
            0.8358837343599615,
            0.8381447091501217,
            0.8431119426007354
        ],
        "runtimes": [
            0.0340113639831543,
            0.05971384048461914,
            0.08551406860351562,
            0.11268782615661621,
            0.14131903648376465,
            0.16994881629943848,
            0.1987168788909912,
            0.22830462455749512,
            0.26428961753845215,
            0.32181310653686523,
            0.3718070983886719,
            0.40520811080932617,
            0.436312198638916,
            0.4678192138671875,
            0.4996161460876465,
            0.5316817760467529,
            0.5641918182373047,
            0.5977632999420166,
            0.6317377090454102,
            0.6659913063049316,
            0.7011547088623047,
            0.7364816665649414,
            0.7726502418518066,
            0.8093681335449219,
            0.8464865684509277,
            0.8840758800506592,
            0.9215261936187744,
            0.9595503807067871
        ],
        "memory_usages": [
            1.0,
            1.0,
            2.0,
            2.0,
            2.0,
            2.0,
            2.0,
            2.0,
            3.0,
            3.0,
            3.0,
            3.0,
            3.0,
            3.0,
            4.0,
            4.0,
            4.0,
            4.0,
            4.0,
            4.0,
            5.0,
            3.5703125,
            4.5703125,
            3.87890625,
            4.87890625,
            4.25,
            5.25,
            4.4140625
        ]
    },
    "run_count": 10,
    "seed": 24
}