{
    "dataset": "1_ALOI",
    "model": "OIF",
    "auc": 0.6092111108914148,
    "total_runtime": 38.19530463218689,
    "total_memory_usage": 8.75390625,
    "Instances": 49534,
    "window_metric": {
        "window_size": 1000,
        "auc_scores": [
            NaN,
            0.19044230230100712,
            0.3262390574665235,
            0.3866896615588983,
            0.4026380115519824,
            0.42254709817158004,
            0.4652511200279741,
            0.4935908671925945,
            0.5252067280253667,
            0.5381185725119976,
            0.5341141667812404,
            0.5353412502743027,
            0.5448781230351918,
            0.5575592251720145,
            0.5709927525575623,
            0.5783409450819295,
            0.58228855690727,
            0.5920102488402061,
            0.5858020127124427,
            0.5796929319496393,
            0.5794548576277774,
            0.5779186456149543,
            0.5831156840297371,
            0.5868353546041244,
            0.5955971918427222,
            0.5948720168898326,
            0.5951332940151609,
            0.5935865329045834,
            0.5838086102501582,
            0.5760526897400768,
            0.5764108218350632,
            0.5738475648350256,
            0.5716289236523713,
            0.5699857847073395,
            0.567095301431499,
            0.5736486083268145,
            0.5779477035359857,
            0.5840108736452101,
            0.5834705214566022,
            0.5890917152236119,
            0.5914383391888657,
            0.5960584839629061,
            0.5986675933310848,
            0.6017518729067678,
            0.6061510961740334,
            0.6040002035355326,
            0.6048033542376996,
            0.6062087262495861,
            0.6074710251353794
        ],
        "runtimes": [
            0.19417071342468262,
            0.44451427459716797,
            1.170853614807129,
            2.0966527462005615,
            2.8226301670074463,
            3.5466582775115967,
            4.486916780471802,
            5.195247173309326,
            5.909710645675659,
            6.609878301620483,
            7.334478139877319,
            8.262779474258423,
            9.12600064277649,
            9.849478721618652,
            10.604937076568604,
            11.386516332626343,
            12.096675634384155,
            12.821900367736816,
            13.567444324493408,
            14.430602550506592,
            15.1824049949646,
            15.929356336593628,
            16.68432641029358,
            17.50894331932068,
            18.2537841796875,
            19.13757038116455,
            20.103026151657104,
            20.949756145477295,
            21.92102861404419,
            22.840868949890137,
            23.62215542793274,
            24.473472118377686,
            25.454017400741577,
            26.237461805343628,
            27.009480714797974,
            27.856520414352417,
            28.649404287338257,
            29.37850856781006,
            30.106120347976685,
            30.864616870880127,
            31.623963832855225,
            32.37781047821045,
            33.120853424072266,
            33.868985652923584,
            34.62353157997131,
            35.37146520614624,
            36.22345948219299,
            37.03643870353699,
            37.775216579437256
        ],
        "memory_usages": [
            2.0,
            3.0,
            4.0,
            4.0,
            4.0,
            4.0,
            4.0,
            4.0,
            4.0,
            4.0,
            4.0,
            5.0,
            5.0,
            5.0,
            5.0,
            6.0,
            6.0,
            6.0,
            6.0,
            6.0,
            6.0,
            5.4296875,
            6.4296875,
            5.82421875,
            6.82421875,
            6.82421875,
            6.06640625,
            6.16796875,
            6.640625,
            6.71484375,
            7.0390625,
            7.19140625,
            7.5078125,
            7.65625,
            8.171875,
            7.77734375,
            8.57421875,
            7.9140625,
            8.01953125,
            8.08203125,
            8.140625,
            8.203125,
            8.265625,
            8.3671875,
            8.4296875,
            8.4921875,
            8.5546875,
            8.61328125,
            8.67578125
        ]
    },
    "run_count": 3,
    "seed": 13
}