{
    "dataset": "8_celeba",
    "model": "OIF",
    "auc": 0.808201609318039,
    "total_runtime": 211.51103854179382,
    "total_memory_usage": 25.1640625,
    "Instances": 202599,
    "window_metric": {
        "window_size": 1000,
        "auc_scores": [
            0.6983123612139157,
            0.6950864639236733,
            0.7447983067640657,
            0.7520543975933133,
            0.7743748002414858,
            0.786780224510607,
            0.7939208807925492,
            0.7971706308666148,
            0.7939148136516557,
            0.7961460467896174,
            0.7948651632200651,
            0.794823585030575,
            0.8003305509612785,
            0.8043123048797637,
            0.8004650718219027,
            0.8038007086040015,
            0.8040785395765835,
            0.8038690421740499,
            0.8020529918181227,
            0.8034047444003993,
            0.8070562155312875,
            0.8074542374799556,
            0.808581172184585,
            0.8078523437064703,
            0.8071555798372274,
            0.811243063326711,
            0.8123329098809403,
            0.8122386633883444,
            0.8144026050461805,
            0.813602937699783,
            0.8123511889278134,
            0.8113909428172911,
            0.8123070522875303,
            0.8109532551695633,
            0.81014500644386,
            0.8116906633829055,
            0.8111174640502847,
            0.8102064065478298,
            0.8096125820259876,
            0.8082513130741685,
            0.8080605500144057,
            0.8099706060668871,
            0.8105485128048362,
            0.8098250548361489,
            0.8090332914967224,
            0.8104456808157052,
            0.8105320413829358,
            0.8096185029917601,
            0.8088171592310134,
            0.8076511885888976,
            0.8070946418662247,
            0.8075406112976353,
            0.8086553346004218,
            0.8087486291601566,
            0.8091069911888789,
            0.808506185018833,
            0.8092137982972248,
            0.8082800289302318,
            0.8103352061233892,
            0.8109370636387264,
            0.8114383165579295,
            0.8110474576588788,
            0.8100971595178144,
            0.8097236407905517,
            0.8105794165901139,
            0.8103418376946989,
            0.80927908699741,
            0.8094957157024456,
            0.8097215019817336,
            0.8096396685537379,
            0.8089743254784448,
            0.8090867807773742,
            0.8094232302138054,
            0.8099406908070993,
            0.8098909231099063,
            0.8107118003325153,
            0.8112136626943891,
            0.8099907568531044,
            0.809281768697107,
            0.8100146750081103,
            0.8096590817671878,
            0.809584303102254,
            0.809352450141704,
            0.8087281393199443,
            0.8094397966748796,
            0.8099506977120579,
            0.8106663696454129,
            0.810649405927042,
            0.810906794557786,
            0.81125521875,
            0.8111531080820916,
            0.8103321683586813,
            0.810199437141808,
            0.8098110145028606,
            0.8107549077909745,
            0.8109301214672607,
            0.8114877833412611,
            0.8119802525748808,
            0.8121366214600407,
            0.8116956187393156,
            0.8117066992000319,
            0.8110497298956418,
            0.8109029183195213,
            0.8110002218329702,
            0.8109987268040748,
            0.8105570439091884,
            0.8112187674484774,
            0.8116650856000789,
            0.8116130975504212,
            0.8118753286422665,
            0.8117624202082582,
            0.8113376984346052,
            0.81145876142638,
            0.8114974934686879,
            0.8116703073364014,
            0.8120795142111382,
            0.8117517758531843,
            0.8117333304550641,
            0.812134521139119,
            0.8117424381670246,
            0.8117005864916667,
            0.8114454231696707,
            0.8114349770577511,
            0.811035300793114,
            0.811398414775187,
            0.8114190882099631,
            0.8104941860111863,
            0.8104238171984545,
            0.8091554684647387,
            0.8088814842728046,
            0.8090660330704029,
            0.8099214535139044,
            0.8097527579537871,
            0.8101342459816396,
            0.810280391318699,
            0.8107568718609187,
            0.811066790173969,
            0.8106980373016627,
            0.8102873106887464,
            0.8093736576683216,
            0.8092538709530371,
            0.8087124508275079,
            0.8081765502590421,
            0.8077919459815279,
            0.8074101387234206,
            0.8074988072357685,
            0.8078579600912382,
            0.8071935950752002,
            0.8070891028507754,
            0.8069991580674467,
            0.8068363839707704,
            0.8069701392499522,
            0.8073708274702348,
            0.8073913891605413,
            0.8072900219095028,
            0.8077656067604043,
            0.807607023679425,
            0.8076008450430716,
            0.8080162144408591,
            0.8081170136053984,
            0.8079992663407728,
            0.8075770311870551,
            0.8074700824828823,
            0.8072913682993635,
            0.8075755285559454,
            0.8079401694314953,
            0.8081368176130648,
            0.8084410083204836,
            0.8078875885376117,
            0.8079337016671061,
            0.8080432425765345,
            0.8075512002378926,
            0.8078031213798189,
            0.8071728237148996,
            0.8069346241178544,
            0.8072255669679085,
            0.8075077253715947,
            0.807618812108891,
            0.8077564737705188,
            0.8077551152419477,
            0.8077833225812728,
            0.8079510149909555,
            0.8080100417837474,
            0.8082766065442821,
            0.8085569086744478,
            0.8088186346063763,
            0.8088753164546977,
            0.8082620762635645,
            0.8084747240425854,
            0.8082819191496177,
            0.8078789573283975,
            0.8076496690145735,
            0.8078899104728802,
            0.808161076514208,
            0.8080332002521993,
            0.8080812121921618,
            0.8080721581705788,
            0.8082217261628203,
            0.8081588833121292,
            0.8082568358488357,
            0.8081790759690055,
            0.8080129938814888
        ],