{
    "dataset": "34_smtp",
    "model": "OIF",
    "auc": 0.8419874692513087,
    "total_runtime": 55.54295635223389,
    "total_memory_usage": 13.37890625,
    "Instances": 95156,
    "window_metric": {
        "window_size": 1000,
        "auc_scores": [
            NaN,
            NaN,
            NaN,
            NaN,
            NaN,
            NaN,
            NaN,
            NaN,
            NaN,
            NaN,
            NaN,
            NaN,
            NaN,
            NaN,
            0.9782357387399404,
            0.9711833172144676,
            0.97134460288637,
            0.9719284440471965,
            0.9718309288541552,
            0.971023472949725,
            0.9717700701166656,
            0.9719309662003072,
            0.9728809929358065,
            0.9723568214834317,
            0.9746429429051697,
            0.9750909830568109,
            0.9748705678076462,
            0.9751559453195986,
            0.9753008841706834,
            0.9756743623214643,
            0.9758070465002627,
            0.974980125233361,
            0.9754960979116681,
            0.9754772973745491,
            0.9755106124082286,
            0.9758318711244849,
            0.975674193324115,
            0.9759535467954359,
            0.9761819261126704,
            0.9762488299476245,
            0.9763961213236576,
            0.9760481384951447,
            0.976294607546643,
            0.976505511493917,
            0.9765149157515671,
            0.9763188796590266,
            0.9762011176581474,
            0.9762728414835279,
            0.976424751095065,
            0.9784893665973112,
            0.9784822199121294,
            0.9782396987534626,
            0.9783342612864261,
            0.9781821928719621,
            0.9783050523788739,
            0.8393325591782047,
            0.8396503729706012,
            0.8402677015955152,
            0.8405995760915642,
            0.8409677365568987,
            0.8417357933579337,
            0.8158965284164967,
            0.8162616429969104,
            0.8169847117215538,
            0.8176387798692448,
            0.8181180741167403,
            0.818318161381784,
            0.8308604227259192,
            0.8311319250119616,
            0.8314942298755297,
            0.8318856803580286,
            0.8321637211156409,
            0.8326803420725947,
            0.832771836493239,
            0.8328857273088123,
            0.8332435380288034,
            0.8333402772831147,
            0.8337750684494103,
            0.8339023622377312,
            0.8339247115010225,
            0.8341492207299421,
            0.8344986599550135,
            0.834595303136659,
            0.834885114277959,
            0.835100738223467,
            0.8352664230400066,
            0.8351222107725961,
            0.8355802205977754,
            0.8407017346671162,
            0.8407913749027454,
            0.8410923014913343,
            0.8416338661157623,
            0.8418020149869133,
            0.8418218580398,
            0.8419041100698466
        ],
        "runtimes": [
            0.14614319801330566,
            0.34392356872558594,
            0.8898491859436035,
            1.6184194087982178,
            2.3292250633239746,
            3.031618595123291,
            3.5906083583831787,
            4.133784770965576,
            4.694087743759155,
            5.254043102264404,
            5.887711524963379,
            6.500300168991089,
            7.054378509521484,
            7.611743927001953,
            8.171231746673584,
            8.737950801849365,
            9.311716794967651,
            9.86928415298462,
            10.428102493286133,
            11.053640365600586,
            11.659972190856934,
            12.223506927490234,
            12.968760251998901,
            13.62051272392273,
            14.237155675888062,
            14.787964344024658,
            15.342141151428223,
            15.900874376296997,
            16.452885627746582,
            17.012234449386597,
            17.688753604888916,
            18.248029232025146,
            18.81484079360962,
            19.39162302017212,
            19.961034536361694,
            20.52787733078003,
            21.105101108551025,
            21.68789315223694,
            22.257731199264526,
            22.88534164428711,
            23.45156240463257,
            24.0124728679657,
            24.578483819961548,
            25.21467161178589,
            25.838767290115356,
            26.402230262756348,
            26.965071201324463,
            27.53219771385193,
            28.09624457359314,
            28.65614342689514,
            29.227117776870728,
            29.795583248138428,
            30.421613216400146,
            30.999394178390503,
            31.570680379867554,
            32.14649152755737,
            32.727779150009155,
            33.30380988121033,
            33.87798833847046,
            34.46330714225769,
            35.17065215110779,
            35.866047859191895,
            36.44535183906555,
            37.02101945877075,
            37.59045720100403,
            38.15803050994873,
            38.72551226615906,
            39.35437059402466,
            39.93268847465515,
            40.50381803512573,
            41.1476309299469,
            41.77964973449707,
            42.35346031188965,
            42.92604374885559,
            43.51456928253174,
            44.09408974647522,
            44.79109215736389,
            45.36740708351135,
            45.9516236782074,
            46.53600215911865,
            47.11817145347595,
            47.70130777359009,
            48.27499580383301,
            48.85576581954956,
            49.43402671813965,
            50.01597285270691,
            50.669793128967285,
            51.31751084327698,
            51.909358978271484,
            52.48732137680054,
            53.07278060913086,
            53.65923523902893,
            54.23676943778992,
            54.81710982322693,
            55.405447483062744
        ],