{
    "dataset": "3_backdoor",
    "model": "OIF",
    "auc": 0.7702666842107693,
    "total_runtime": 167.43019437789917,
    "total_memory_usage": 20.49609375,
    "Instances": 95329,
    "window_metric": {
        "window_size": 1000,
        "auc_scores": [
            0.5770510096783192,
            0.2895113965627255,
            0.43882737778269554,
            0.5305089385792282,
            0.5848663844451131,
            0.6236715489422118,
            0.6503601008810947,
            0.6685566441392303,
            0.6810959441311997,
            0.6927126593778904,
            0.7006125617080912,
            0.7071016173183355,
            0.7117471032888485,
            0.7164463376921265,
            0.7202821734673401,
            0.7236805574213887,
            0.7247528590812173,
            0.7061229037322689,
            0.6981258864159879,
            0.6889593790501013,
            0.7724976648797921,
            0.7500155973305058,
            0.7405105060321242,
            0.7344593081612067,
            0.7279282191758112,
            0.7254708106856534,
            0.7275697837643011,
            0.7190935423308811,
            0.7174124685951583,
            0.7100285240136346,
            0.702799243742398,
            0.702374810897357,
            0.6987790060601264,
            0.6968760212894793,
            0.6983072259106864,
            0.6909938637970321,
            0.6881198068249937,
            0.6877205309902384,
            0.6919540649684686,
            0.6958430270419494,
            0.7003933818416422,
            0.7049177401694211,
            0.7084378407294949,
            0.7111888850360999,
            0.7146244710053569,
            0.7186766835443812,
            0.7220652544531523,
            0.7252796445506965,
            0.7284537904002999,
            0.7312958981657516,
            0.7328086162774673,
            0.7359665835237933,
            0.7386986813850704,
            0.7413516379798402,
            0.7441883182063571,
            0.746971031515894,
            0.7493979148348013,
            0.7503952830890716,
            0.7528826505571774,
            0.7553517366038462,
            0.7578170764075893,
            0.7598226179883093,
            0.7617189933549079,
            0.7637169270642945,
            0.7654894695957629,
            0.7676365774906889,
            0.7695497941678378,
            0.7713031596109627,
            0.7729567077445142,
            0.7747668890752487,
            0.7761211080933672,
            0.7772479999392835,
            0.7788015953249229,
            0.7790190535228507,
            0.7791915756536845,
            0.780090711652361,
            0.7807903151955067,
            0.7821336283769941,
            0.7790719540436403,
            0.7762221563572494,
            0.7754174632310556,
            0.7751279012514846,
            0.7720398614659072,
            0.7698583555215195,
            0.7679771361279668,
            0.7968631059891758,
            0.7948777667432001,
            0.7853207042802135,
            0.7790814485182076,
            0.7798510947017584,
            0.7821682205151038,
            0.7823845672543894,
            0.7821466842656901,
            0.7762689275441316,
            0.7800690376344085
        ],
        "runtimes": [
            0.4984245300292969,
            1.0667285919189453,
            2.8220572471618652,
            4.493952751159668,
            6.2858288288116455,
            8.15648865699768,
            9.73122525215149,
            11.327448844909668,
            13.006808519363403,
            14.586116313934326,
            16.154361963272095,
            17.74521780014038,
            19.392219066619873,
            21.14363145828247,
            22.874728202819824,
            24.786707162857056,
            26.55678129196167,
            28.19051504135132,
            30.070969581604004,
            31.853520393371582,
            33.56810903549194,
            35.2595591545105,
            36.945223569869995,
            38.83948564529419,
            40.78236699104309,
            42.41223955154419,
            44.42102670669556,
            46.08793306350708,
            47.989463806152344,
            49.794137477874756,
            51.711538791656494,
            53.34320068359375,
            55.14830684661865,
            56.99638390541077,
            58.7941312789917,
            60.679941177368164,
            62.345436096191406,
            64.08344078063965,
            65.8479437828064,
            67.48395824432373,
            69.40778136253357,
            71.2600519657135,
            72.97429919242859,
            74.65079879760742,
            76.33971810340881,
            78.20434141159058,
            80.16095566749573,
            81.98679637908936,
            83.72877025604248,
            85.50946378707886,
            87.35545253753662,
            89.21006155014038,
            90.96699380874634,
            92.8289647102356,
            94.47647285461426,
            96.2328691482544,
            97.87686324119568,
            99.51511025428772,
            101.41460514068604,
            103.0882215499878,
            104.75454306602478,
            106.45330619812012,
            108.31427145004272,
            110.0266466140747,
            111.77778673171997,
            113.61270022392273,
            115.38499879837036,
            117.22696018218994,
            119.05801844596863,
            120.96634268760681,
            122.65254282951355,
            124.39772415161133,
            126.4027829170227,
            128.1688506603241,
            129.91182661056519,
            131.628258228302,
            133.60167455673218,
            135.63377475738525,
            137.53079748153687,
            139.2783398628235,
            141.15058851242065,
            143.13144850730896,
            144.98128390312195,
            146.73619103431702,
            148.51495933532715,
            150.25937819480896,
            152.01227521896362,
            153.87810397148132,
            155.66572284698486,
            157.605375289917,
            159.35487604141235,
            161.09419655799866,
            162.93010354042053,
            164.86405682563782,
            166.83376717567444
        ],