{
    "dataset": "34_smtp",
    "model": "OIF",
    "auc": 0.8426220661718843,
    "total_runtime": 58.268128633499146,
    "total_memory_usage": 13.55859375,
    "Instances": 95156,
    "window_metric": {
        "window_size": 1000,
        "auc_scores": [
            NaN,
            NaN,
            NaN,
            NaN,
            NaN,
            NaN,
            NaN,
            NaN,
            NaN,
            NaN,
            NaN,
            NaN,
            NaN,
            NaN,
            0.9807812013694367,
            0.972819261804062,
            0.9727710330524247,
            0.972728166923975,
            0.9730625407667595,
            0.9721126424483607,
            0.9722942041043723,
            0.9721723675878403,
            0.9725028527830112,
            0.972026514361946,
            0.9739225394792512,
            0.974170157557366,
            0.973708589639072,
            0.9739589182346274,
            0.9737631960256675,
            0.9739616582976818,
            0.9739721164396824,
            0.9730998383221231,
            0.9734822565417364,
            0.9733293541037906,
            0.9734893957583033,
            0.9736286333574168,
            0.9733683015194938,
            0.9737309234229152,
            0.9739668452411488,
            0.9739908968138848,
            0.9742194198715938,
            0.9739726167225811,
            0.974041382244053,
            0.974173600691129,
            0.9744507815129786,
            0.9742079887667675,
            0.9741214708332574,
            0.9743511500378087,
            0.9744985447737254,
            0.9770651608514724,
            0.9771680821434174,
            0.9769316039550631,
            0.9769942341084101,
            0.9769214026378187,
            0.9770592354139386,
            0.8508298347476553,
            0.8515131197893812,
            0.8528455368693402,
            0.8534070368800339,
            0.8542212588578574,
            0.8555598195981959,
            0.8132233212671467,
            0.8136202993522798,
            0.8147893411051306,
            0.8154960094534995,
            0.8161919213864707,
            0.8167492593753922,
            0.8293602900628514,
            0.8302024989013375,
            0.8306820707495075,
            0.8312433587492511,
            0.8319969872922953,
            0.8327625665179222,
            0.8328604080163755,
            0.832913784134463,
            0.833538568936695,
            0.8338550255604551,
            0.8345512190872026,
            0.8346900804703954,
            0.8346775706193496,
            0.8351887585125197,
            0.835499434408889,
            0.8355815222518544,
            0.8359330951284907,
            0.8361294867741894,
            0.8362627493874238,
            0.8361391966168668,
            0.8367714438809968,
            0.8415229852759357,
            0.8416601830239708,
            0.8419896669231615,
            0.8424866804392737,
            0.8426083682908465,
            0.8426047320066687,
            0.8425632655926434
        ],
        "runtimes": [
            0.13231348991394043,
            0.3125917911529541,
            1.3398709297180176,
            2.0286054611206055,
            2.8355722427368164,
            3.3648598194122314,
            3.888007402420044,
            4.685427188873291,
            5.3296732902526855,
            5.953531503677368,
            6.474916696548462,
            6.99972677230835,
            7.677286386489868,
            8.321661472320557,
            8.853507995605469,
            9.389812707901001,
            10.118534564971924,
            10.875421047210693,
            11.567156553268433,
            12.107970237731934,
            12.72459077835083,
            13.336641550064087,
            13.888216257095337,
            14.440402746200562,
            15.239097356796265,
            15.78922176361084,
            16.5440936088562,
            17.20715069770813,
            17.918625354766846,
            18.58619999885559,
            19.13397789001465,
            19.674981832504272,
            20.279611349105835,
            20.875680923461914,
            21.43045997619629,
            21.98567485809326,
            22.539953231811523,
            23.2385151386261,
            23.794925928115845,
            24.35750699043274,
            24.914424180984497,
            25.589648723602295,
            26.15252375602722,
            26.715136766433716,
            27.27475142478943,
            27.90881037712097,
            28.593806743621826,
            29.157850742340088,
            29.716670751571655,
            30.446259021759033,
            31.01261281967163,
            31.575483083724976,
            32.20420956611633,
            33.010714530944824,
            33.63116478919983,
            34.20033097267151,
            34.77674889564514,
            35.3523428440094,
            35.91954708099365,
            36.61282753944397,
            37.18510150909424,
            37.75308084487915,
            38.32057499885559,
            39.22009253501892,
            39.85069274902344,
            40.491929054260254,
            41.127448320388794,
            41.70037055015564,
            42.46998834609985,
            43.12706780433655,
            43.70931005477905,
            44.29252529144287,
            44.866883754730225,
            45.443761587142944,
            46.02567267417908,
            46.69019079208374,
            47.361329793930054,
            47.94004273414612,
            48.51944422721863,
            49.10456418991089,
            49.687313079833984,
            50.26712203025818,
            50.84750509262085,
            51.431416749954224,
            52.01078963279724,
            52.60031580924988,
            53.18925642967224,
            53.77355098724365,
            54.355294942855835,
            55.05913329124451,
            55.648489236831665,
            56.22966909408569,
            56.890777587890625,
            57.542518615722656,
            58.130383014678955
        ],