{
    "dataset": "1_ALOI",
    "model": "OIF",
    "auc": 0.5944330579777687,
    "total_runtime": 38.31450963020325,
    "total_memory_usage": 6.91015625,
    "Instances": 49534,
    "window_metric": {
        "window_size": 1000,
        "auc_scores": [
            NaN,
            0.18236209053071964,
            0.3725457079668044,
            0.44177894461214884,
            0.47407393481424764,
            0.47843971363177923,
            0.5128088408314191,
            0.525929791573714,
            0.5511935985475578,
            0.5686335618107103,
            0.5593694145341994,
            0.5540657603469007,
            0.5621268884085896,
            0.5721530214350448,
            0.575181992118721,
            0.5803330347448624,
            0.5810530856689274,
            0.5884693872955685,
            0.5802415700758392,
            0.5740977459031678,
            0.574773041623279,
            0.5720439651418603,
            0.5769833053666011,
            0.5800850322967765,
            0.5873370290060932,
            0.5872528181128597,
            0.5855582819762251,
            0.5827839123446906,
            0.5756307549898287,
            0.5718553414034783,
            0.576250840492283,
            0.572134218098168,
            0.5686852262761524,
            0.5646735201254192,
            0.5616224793853934,
            0.5660884805948929,
            0.5698629436722916,
            0.5738837675551722,
            0.5738475313283457,
            0.5790959249929228,
            0.5811861536742089,
            0.5845144019017019,
            0.586339164547012,
            0.5892175116252184,
            0.5930438806270905,
            0.5913425469628133,
            0.592524735745067,
            0.5918661514681742,
            0.5919584585626707
        ],
        "runtimes": [
            0.19091033935546875,
            0.443378210067749,
            1.321366786956787,
            2.2140893936157227,
            3.033123731613159,
            3.8169283866882324,
            4.674237489700317,
            5.560805082321167,
            6.479046821594238,
            7.173590660095215,
            7.997774362564087,
            8.72007155418396,
            9.839453935623169,
            10.606873750686646,
            11.331703424453735,
            12.184874534606934,
            13.024256229400635,
            13.74903154373169,
            14.468007802963257,
            15.218524932861328,
            16.092829942703247,
            16.822574377059937,
            17.669403553009033,
            18.400249004364014,
            19.140023231506348,
            19.870460271835327,
            20.744247913360596,
            21.563571214675903,
            22.544475555419922,
            23.3259494304657,
            24.076709985733032,
            24.90190839767456,
            25.74302387237549,
            26.63302707672119,
            27.400280237197876,
            28.1835880279541,
            28.927920818328857,
            29.679561376571655,
            30.420367002487183,
            31.178874492645264,
            31.92138433456421,
            32.657679080963135,
            33.413620948791504,
            34.162954807281494,
            34.90162110328674,
            35.629377603530884,
            36.394803524017334,
            37.15393853187561,
            37.90285897254944
        ],
        "memory_usages": [
            1.0,
            2.0,
            3.0,
            3.0,
            3.0,
            4.0,
            4.0,
            4.0,
            4.0,
            4.0,
            4.0,
            4.0,
            4.0,
            4.0,
            4.0,
            4.0,
            4.0,
            4.0,
            5.0,
            5.0,
            5.0,
            5.0,
            5.0,
            5.0,
            4.51171875,
            5.51171875,
            5.51171875,
            4.71875,
            4.80859375,
            4.94140625,
            5.4921875,
            5.9296875,
            5.609375,
            6.21484375,
            5.78125,
            6.578125,
            5.91796875,
            5.98828125,
            6.09375,
            6.31640625,
            6.38671875,
            6.4609375,
            6.53515625,
            6.6484375,
            6.72265625,
            6.79296875,
            6.8671875,
            7.0234375,
            7.1796875
        ]
    },
    "run_count": 4,
    "seed": 78
}