{
    "dataset": "51_kddcup99_u2r",
    "model": "OIF",
    "auc": 0.9119317383948873,
    "total_runtime": 26.357174158096313,
    "total_memory_usage": 7.015625,
    "Instances": 60821,
    "window_metric": {
        "window_size": 1000,
        "auc_scores": [
            NaN,
            0.8034017008504252,
            0.8619539846615538,
            0.8872218054513629,
            0.8849769953990798,
            0.8848141356892816,
            0.8608451241008052,
            0.8614619809904952,
            0.8056327932871142,
            0.79993993993994,
            0.7938930666203394,
            0.7621689590236228,
            0.7311352601156069,
            0.7397564906616908,
            0.7505683789509071,
            0.7604855375031059,
            0.7539612096164647,
            0.7540248896664149,
            0.7424301014788254,
            0.7459137241735048,
            0.8601421708135958,
            0.8873484784776366,
            0.8890024012224406,
            0.8703632881895258,
            0.891844204613037,
            0.891689416788185,
            0.8996033945588383,
            0.9008904165895966,
            0.9050997342353552,
            0.9088149180270789,
            0.9055618118118118,
            0.9067149439270632,
            0.9076312349746037,
            0.9082401761517616,
            0.9067032985003843,
            0.9061412406114704,
            0.9044717226074263,
            0.9055676435656153,
            0.9067574045050305,
            0.9078531443672371,
            0.9075020063310892,
            0.9065821351067387,
            0.9058674006118251,
            0.9068498476007728,
            0.9079031695870237,
            0.9084669290208219,
            0.9086185165389868,
            0.9089868945868945,
            0.9091969608064067,
            0.9099833015139938,
            0.9105188844823723,
            0.9104786938193941,
            0.9103080595128116,
            0.910556703899104,
            0.9111191074479523,
            0.9102313018212356,
            0.9103207999742893,
            0.9108496375953384,
            0.9115761503568354,
            0.9116011457573868
        ],
        "runtimes": [
            0.249070405960083,
            0.5590283870697021,
            1.5851209163665771,
            2.69820237159729,
            3.3505992889404297,
            4.215599298477173,
            4.8498852252960205,
            5.432646989822388,
            6.106990575790405,
            6.628310203552246,
            7.068743944168091,
            7.505534648895264,
            7.945099353790283,
            8.357983112335205,
            8.756510734558105,
            9.147279262542725,
            9.538986682891846,
            9.949233055114746,
            10.359551906585693,
            10.767256021499634,
            11.141670942306519,
            11.526978492736816,
            11.913957357406616,
            12.301235675811768,
            12.70993185043335,
            13.111534595489502,
            13.498913288116455,
            13.879713296890259,
            14.264108896255493,
            14.650994062423706,
            15.043972492218018,
            15.433283567428589,
            15.819559574127197,
            16.21091914176941,
            16.59887719154358,
            16.976717948913574,
            17.353962182998657,
            17.73236322402954,
            18.105913162231445,
            18.466483116149902,
            18.821218967437744,
            19.1876802444458,
            19.55912137031555,
            19.983445644378662,
            20.369146823883057,
            20.738263368606567,
            21.10596513748169,
            21.476221561431885,
            21.8525447845459,
            22.2293438911438,
            22.604854106903076,
            22.98043179512024,
            23.362932920455933,
            23.74724054336548,
            24.13071060180664,
            24.51298499107361,
            24.89841938018799,
            25.280667781829834,
            25.66355562210083,
            26.040378093719482
        ],
        "memory_usages": [
            2.0,
            2.0,
            3.0,
            3.0,
            3.0,
            3.0,
            3.0,
            3.0,
            3.0,
            3.0,
            3.0,
            3.0,
            3.0,
            3.0,
            3.0,
            3.0,
            3.0,
            3.0,
            4.0,
            4.0,
            4.0,
            4.0,
            4.0,
            4.0,
            4.0,
            2.8515625,
            3.8515625,
            3.2421875,
            4.2421875,
            4.2421875,
            3.85546875,
            3.78125,
            4.78125,
            4.78125,
            5.78125,
            5.78125,
            4.4296875,
            5.40234375,
            4.59765625,
            4.66015625,
            4.72265625,
            4.78515625,
            4.84375,
            4.94921875,
            5.01171875,
            5.0703125,
            5.1328125,
            5.1953125,
            5.2578125,
            5.36328125,
            5.42578125,
            5.515625,
            6.24609375,
            6.3828125,
            6.515625,
            6.75390625,
            6.88671875,
            7.0234375,
            7.15625,
            7.2890625
        ]
    },
    "run_count": 5,
    "seed": 38
}