{
    "dataset": "8_celeba",
    "model": "OIF",
    "auc": 0.6867339519868316,
    "total_runtime": 211.0256383419037,
    "total_memory_usage": 27.20703125,
    "Instances": 202599,
    "window_metric": {
        "window_size": 1000,
        "auc_scores": [
            0.6128645447816432,
            0.6475014907573048,
            0.6844767766015248,
            0.6708542927695006,
            0.6802308320607977,
            0.694822610708972,
            0.6929341393904391,
            0.7003043990015106,
            0.6878644707592076,
            0.6816839566256832,
            0.6784221611053376,
            0.6749905738528309,
            0.6807381453386733,
            0.6856868513570524,
            0.6802754636508619,
            0.6830376529778298,
            0.6837202340241761,
            0.6830833432606865,
            0.6805145636177333,
            0.6825166987131153,
            0.6889415610844531,
            0.6883252815017645,
            0.6908480895921972,
            0.6917829537791149,
            0.689301471173618,
            0.6937776114363099,
            0.6954434891005169,
            0.6957223362793155,
            0.6976980204231468,
            0.6973438701879789,
            0.6940562060517245,
            0.6924012303786725,
            0.6933311642377653,
            0.690759157661579,
            0.6880487406219005,
            0.6892262637744309,
            0.6896804414228659,
            0.6877663242922375,
            0.6871351345524449,
            0.6845320898683461,
            0.6846600787519087,
            0.6876450005700013,
            0.6882312482011351,
            0.6880248597772449,
            0.6861870019837661,
            0.6879610672529625,
            0.6896335971447581,
            0.6896329387160441,
            0.6892617953421674,
            0.6889674104371885,
            0.6876226890791828,
            0.6869801799669797,
            0.6881024705534028,
            0.6885219500179995,
            0.6885057392616993,
            0.6869939022049812,
            0.6876073223804531,
            0.6866441846781148,
            0.6884091444442719,
            0.6886220475241315,
            0.6893267682624973,
            0.689513610636666,
            0.68667147104278,
            0.6858614866131794,
            0.6865106848607455,
            0.6863089062727862,
            0.6850717725174911,
            0.684917972564918,
            0.6851509218643285,
            0.6862645498600128,
            0.6853929165541535,
            0.684595833046506,
            0.6850285500390643,
            0.6850619579040237,
            0.6846448126402734,
            0.6856780342015677,
            0.686355688990711,
            0.6846906382014742,
            0.6834575451429793,
            0.6835745142952637,
            0.6832318815628431,
            0.6834581280010731,
            0.6829788240244057,
            0.6818773958067956,
            0.6824593337827727,
            0.6832296186734828,
            0.6841468169432608,
            0.6838103746047353,
            0.6837817676802878,
            0.6847174517045453,
            0.6845731862586221,
            0.6831835835024546,
            0.6827922697336245,
            0.6825282913297143,
            0.6836855451210291,
            0.6845207717875651,
            0.6851966588551479,
            0.6858461670973299,
            0.6852580919972219,
            0.6840853293921323,
            0.6840407463335978,
            0.6834589046906517,
            0.6827075815559323,
            0.6825950204675325,
            0.682966619833296,
            0.6823751701980572,
            0.6828578149122253,
            0.6834262739757481,
            0.6831159864573755,
            0.6839504335886322,
            0.6832367552647232,
            0.682915979497464,
            0.6828738832885819,
            0.6835755099195542,
            0.6842241862466758,
            0.684722824457665,
            0.684373733355125,
            0.6844008926808802,
            0.6848477253449264,
            0.6843160033130009,
            0.6839614310550282,
            0.6836984046436313,
            0.6841044318231106,
            0.6842570159066442,
            0.6850405777435087,
            0.685709827536087,
            0.6844891741940956,
            0.6843167314163352,
            0.6832194996460825,
            0.6833131191777543,
            0.683317641938993,
            0.6841908793648178,
            0.6842315443539462,
            0.6852879947808133,
            0.6853194966472275,
            0.6860557557027551,
            0.6864894738107913,
            0.6861525984776246,
            0.6857629278754076,
            0.6848038554680768,
            0.6844962223871768,
            0.6840746896889778,
            0.6835584090845594,
            0.683069832097833,
            0.6825988488194271,
            0.6826691412958166,
            0.6831473711078826,
            0.6828835273322498,
            0.6831995385814988,
            0.6833202492823348,
            0.6833270266089098,
            0.6833883154552226,
            0.6839925483178113,
            0.6840846690178126,
            0.6839653232827392,
            0.6843362749738177,
            0.6838401037224275,
            0.6837574336391523,
            0.6842130506669389,
            0.6843922063074703,
            0.6842150736519316,
            0.6835891913098378,
            0.683738107649826,
            0.6834590093474693,
            0.6838531277571338,
            0.6842311126085872,
            0.684599440091551,
            0.684841422466868,
            0.6843681624743566,
            0.6846790689338392,
            0.6846296146671633,
            0.6839674783927177,
            0.6843588151969864,
            0.6835137189075307,
            0.6832696491107084,
            0.6833360510891532,
            0.6840891070997571,
            0.6842769275109251,
            0.684078558492131,
            0.6843626328703162,
            0.6843653689200572,
            0.6848308147400921,
            0.6848522543567553,
            0.6852219748778681,
            0.6857285584749045,
            0.6861394558796247,
            0.6866064006939654,
            0.6860530516907501,
            0.6862324615457184,
            0.6861208890632217,
            0.6853241996484476,
            0.6852326517041173,
            0.6856540269102249,
            0.6860004854677856,
            0.686029731940246,
            0.6863577836060555,
            0.6863567024288612,
            0.686466249793523,
            0.6865835246784209,
            0.686724181257417,
            0.686697358545498,
            0.6866895779892314
        ],