{
    "dataset": "32_shuttle",
    "model": "OIF",
    "auc": 0.9933508045231624,
    "total_runtime": 27.49766445159912,
    "total_memory_usage": 8.359375,
    "Instances": 49097,
    "window_metric": {
        "window_size": 1000,
        "auc_scores": [
            0.9226521080535219,
            0.960692148050413,
            0.9717984252741054,
            0.976890153497483,
            0.9805087594012198,
            0.9831397477076215,
            0.985441657770536,
            0.9862217450635569,
            0.9864175076748196,
            0.9872902936252166,
            0.988669344528827,
            0.988208179775281,
            0.9886177779303406,
            0.9891687314265182,
            0.9887516330699164,
            0.9889428932993662,
            0.9895476502374326,
            0.9900778345341037,
            0.9902659264606953,
            0.9906465547666407,
            0.9909798574742679,
            0.9913890886323906,
            0.9917398542789173,
            0.9919309454983739,
            0.9913893748631482,
            0.9916624236435639,
            0.9917923476237499,
            0.9920430467894773,
            0.9919978590827893,
            0.9920935221693263,
            0.9922143123077809,
            0.992355117530644,
            0.9925741714285715,
            0.9927585547134244,
            0.9929424955785374,
            0.9930910637939593,
            0.9932694661052613,
            0.9932753955186306,
            0.9932779819943035,
            0.9934100677367538,
            0.9933758499345358,
            0.993521179428264,
            0.9935228623746925,
            0.9932987168049984,
            0.9932475721179692,
            0.9930769076436785,
            0.9932299761154034,
            0.9933410548705864,
            0.9933359839753086
        ],
        "runtimes": [
            0.14321684837341309,
            0.3341536521911621,
            0.8678839206695557,
            1.4061062335968018,
            1.9471001625061035,
            2.563849925994873,
            3.1602847576141357,
            3.818193197250366,
            4.35622239112854,
            4.98507285118103,
            5.529400110244751,
            6.139461517333984,
            6.738776683807373,
            7.400990724563599,
            7.942894220352173,
            8.482971906661987,
            9.01930832862854,
            9.664801359176636,
            10.548579216003418,
            11.091322898864746,
            11.636467218399048,
            12.181396245956421,
            12.727814435958862,
            13.286704778671265,
            13.830608606338501,
            14.37595796585083,
            14.921324968338013,
            15.46469259262085,
            16.01443648338318,
            16.563904762268066,
            17.16624689102173,
            17.71197819709778,
            18.262981176376343,
            18.808691263198853,
            19.555596113204956,
            20.10414433479309,
            20.686185359954834,
            21.298691511154175,
            21.852636098861694,
            22.406250715255737,
            22.957638263702393,
            23.50901961326599,
            24.06191396713257,
            24.61745023727417,
            25.17532181739807,
            25.731764316558838,
            26.29661464691162,
            26.860880851745605,
            27.415951013565063
        ],
        "memory_usages": [
            2.0,
            2.0,
            3.0,
            3.0,
            3.0,
            3.0,
            3.0,
            3.0,
            4.0,
            4.0,
            4.0,
            4.0,
            4.0,
            4.0,
            5.0,
            5.0,
            5.0,
            5.0,
            5.0,
            5.0,
            5.0,
            5.0,
            5.0,
            6.0,
            5.50390625,
            6.50390625,
            5.66015625,
            6.1484375,
            7.1484375,
            7.1484375,
            6.40625,
            6.4765625,
            6.54296875,
            6.61328125,
            6.71875,
            6.78515625,
            6.85546875,
            6.92578125,
            7.48046875,
            7.6328125,
            7.78515625,
            7.9375,
            8.08984375,
            8.328125,
            8.484375,
            8.6328125,
            8.7890625,
            8.94140625,
            9.09375
        ]
    },
    "run_count": 9,
    "seed": 63
}