{
    "dataset": "51_kddcup99_u2r",
    "model": "OIF",
    "auc": 0.9241252970278253,
    "total_runtime": 25.069974660873413,
    "total_memory_usage": 9.890625,
    "Instances": 60821,
    "window_metric": {
        "window_size": 1000,
        "auc_scores": [
            NaN,
            0.919959979989995,
            0.9399799933311104,
            0.9534883720930233,
            0.9615923184636928,
            0.9661610268378064,
            0.977704730598828,
            0.9730490245122561,
            0.8446100421409063,
            0.8394194194194194,
            0.8312982403891496,
            0.7967777883721485,
            0.7830597302504817,
            0.7871107392406438,
            0.7953264704044273,
            0.8011520304460861,
            0.7946160487064093,
            0.7973003061508489,
            0.7965509210433804,
            0.7996164525994711,
            0.8871149876948152,
            0.9066464037290213,
            0.9080069853743724,
            0.8901218228679787,
            0.9080619406089395,
            0.90673780282774,
            0.9140378263676758,
            0.9146102711693223,
            0.9177593801567344,
            0.921056685294615,
            0.9186188141266267,
            0.919335505984842,
            0.9199515656914846,
            0.9202343345743328,
            0.919416362148723,
            0.9192392233499597,
            0.9181265913175591,
            0.9191161052056921,
            0.9198473597024575,
            0.9205377179785352,
            0.9202089370903741,
            0.9196432661887443,
            0.9187202248757648,
            0.9193831645356881,
            0.9203190903449552,
            0.9208881974178609,
            0.9216052734722965,
            0.9220320716320716,
            0.9226107791362799,
            0.923140337689187,
            0.9235032406314848,
            0.9232593511418414,
            0.9230991502045457,
            0.9232246158615377,
            0.9236928690306995,
            0.9228390081222096,
            0.9230224607262537,
            0.923362490601287,
            0.9239424415612638,
            0.9239368004851184
        ],
        "runtimes": [
            0.11696815490722656,
            0.5961885452270508,
            1.5291144847869873,
            1.9857909679412842,
            2.9798624515533447,
            3.6665871143341064,
            4.191888332366943,
            4.78761887550354,
            5.250070333480835,
            5.670089960098267,
            6.083994150161743,
            6.482842206954956,
            6.890283823013306,
            7.304649591445923,
            7.694372892379761,
            8.074347734451294,
            8.452747583389282,
            8.860382556915283,
            9.261605501174927,
            9.658092498779297,
            10.029541492462158,
            10.407822370529175,
            10.795253038406372,
            11.183977842330933,
            11.584722757339478,
            11.97573971748352,
            12.363762855529785,
            12.738012552261353,
            13.112943887710571,
            13.498728513717651,
            13.884843349456787,
            14.264322757720947,
            14.64763617515564,
            15.029561281204224,
            15.409406661987305,
            15.784358978271484,
            16.163378953933716,
            16.541390895843506,
            16.913907766342163,
            17.272717475891113,
            17.628020763397217,
            17.9877712726593,
            18.409499406814575,
            18.785602807998657,
            19.15313172340393,
            19.51867389678955,
            19.885420560836792,
            20.248071908950806,
            20.61728549003601,
            20.991204023361206,
            21.359187364578247,
            21.72921657562256,
            22.104347467422485,
            22.486168146133423,
            22.86336588859558,
            23.239096641540527,
            23.620421171188354,
            24.000345468521118,
            24.37921118736267,
            24.754926681518555
        ],
        "memory_usages": [
            2.0,
            4.0,
            4.0,
            4.0,
            4.0,
            4.0,
            4.0,
            4.0,
            4.0,
            5.0,
            5.0,
            5.0,
            5.0,
            5.0,
            5.0,
            6.0,
            6.0,
            6.0,
            6.0,
            6.0,
            6.0,
            6.0,
            7.0,
            7.0,
            7.0,
            7.0,
            7.0,
            7.0,
            7.0,
            8.0,
            6.60546875,
            7.60546875,
            7.60546875,
            6.7890625,
            7.7890625,
            6.9453125,
            7.9453125,
            7.359375,
            7.46484375,
            7.53125,
            7.6015625,
            7.671875,
            7.73828125,
            8.0390625,
            8.1796875,
            8.3125,
            8.4140625,
            8.5546875,
            8.69140625,
            8.921875,
            9.0625,
            9.19921875,
            9.33984375,
            9.4765625,
            9.6171875,
            8.78125,
            8.8515625,
            8.921875,
            8.9921875,
            9.05859375
        ]
    },
    "run_count": 7,
    "seed": 31
}