{
    "dataset": "51_kddcup99_u2r",
    "model": "OIF",
    "auc": 0.9060875250195366,
    "total_runtime": 23.034743309020996,
    "total_memory_usage": 9.83984375,
    "Instances": 60821,
    "window_metric": {
        "window_size": 1000,
        "auc_scores": [
            NaN,
            0.8044022011005503,
            0.808269423141047,
            0.8142035508877219,
            0.8133626725345069,
            0.8178029671611935,
            0.8207326949645086,
            0.8144072036018009,
            0.7130587377500958,
            0.7309109109109109,
            0.7414191050554686,
            0.7309360921074588,
            0.6938789980732177,
            0.7033609027566956,
            0.72145229172548,
            0.7331179967638914,
            0.7238230786833182,
            0.7254789073993082,
            0.7159691462185662,
            0.7185590639981263,
            0.847748827524851,
            0.8791571258664809,
            0.8809329151299992,
            0.8662353830036351,
            0.8875408605017217,
            0.888309246721982,
            0.8959812958163418,
            0.8974114354416778,
            0.9016303288643602,
            0.9049579814168184,
            0.9019464175714176,
            0.9028318173131601,
            0.9037843663575729,
            0.9044812742828074,
            0.9022104389120387,
            0.9012239765880954,
            0.9001261198114621,
            0.9009949070822605,
            0.9022399402616661,
            0.9035357853655155,
            0.9033620535913326,
            0.9025987746988869,
            0.9010592346509391,
            0.9019987509463764,
            0.9034705893144286,
            0.9041666796699456,
            0.9042752657521231,
            0.9041113553113553,
            0.9039502585702305,
            0.90449202074794,
            0.9048124414593073,
            0.9048149530755007,
            0.9043598836709901,
            0.9045414518250198,
            0.9047664968213622,
            0.9044038724941591,
            0.9044719969443796,
            0.9050012541740003,
            0.9058332467662725,
            0.906061748093046
        ],
        "runtimes": [
            0.12557220458984375,
            0.2867269515991211,
            0.7118432521820068,
            1.1394178867340088,
            1.566063404083252,
            1.9834835529327393,
            2.400132894515991,
            2.8232455253601074,
            3.232922077178955,
            3.6125152111053467,
            3.9977118968963623,
            4.371155023574829,
            4.758087873458862,
            5.150184631347656,
            5.521124839782715,
            5.881504535675049,
            6.2513933181762695,
            6.6395275592803955,
            7.033140182495117,
            7.42404580116272,
            7.791496753692627,
            8.168505191802979,
            8.553144931793213,
            8.940075397491455,
            9.336303472518921,
            9.720520257949829,
            10.100274562835693,
            10.475568771362305,
            10.852441787719727,
            11.233819246292114,
            11.616399765014648,
            11.994643211364746,
            12.409193515777588,
            12.819276571273804,
            13.199904680252075,
            13.579982280731201,
            13.965246200561523,
            14.344001770019531,
            14.720827102661133,
            15.093939781188965,
            15.464669227600098,
            15.838965654373169,
            16.21821093559265,
            16.597650289535522,
            16.978718757629395,
            17.35707449913025,
            17.73957324028015,
            18.12648916244507,
            18.512863397598267,
            18.899300813674927,
            19.28430414199829,
            19.663955688476562,
            20.04538106918335,
            20.429672718048096,
            20.814087629318237,
            21.195420742034912,
            21.57872986793518,
            21.960146188735962,
            22.34029722213745,
            22.718050003051758
        ],
        "memory_usages": [
            2.0,
            4.0,
            4.0,
            4.0,
            4.0,
            4.0,
            4.0,
            4.0,
            4.0,
            4.0,
            4.0,
            4.0,
            4.0,
            4.0,
            4.0,
            4.0,
            5.0,
            5.0,
            5.0,
            5.0,
            5.0,
            5.0,
            5.0,
            6.0,
            4.66015625,
            5.66015625,
            5.66015625,
            5.66015625,
            6.66015625,
            6.66015625,
            5.53125,
            6.53125,
            6.53125,
            6.58203125,
            6.67578125,
            6.734375,
            6.75,
            6.875,
            7.0703125,
            7.23046875,
            7.35546875,
            7.48046875,
            7.6015625,
            8.26953125,
            7.66015625,
            8.53515625,
            7.796875,
            9.76171875,
            8.89453125,
            9.0078125,
            9.078125,
            9.1484375,
            9.21875,
            9.2890625,
            9.359375,
            9.4765625,
            9.546875,
            9.6171875,
            9.6875,
            9.80078125
        ]
    },
    "run_count": 10,
    "seed": 74
}