{
    "dataset": "48_chess",
    "model": "OIF",
    "auc": 0.7579107881651677,
    "total_runtime": 16.1632182598114,
    "total_memory_usage": 4.62109375,
    "Instances": 28056,
    "window_metric": {
        "window_size": 1000,
        "auc_scores": [
            0.7277277277277276,
            0.6950425638457687,
            0.739183628072517,
            0.7684096405637562,
            0.8286629303442754,
            0.837224816544363,
            0.7736097212294497,
            0.7756025352347595,
            0.7802609146838633,
            0.7943846406770454,
            0.7968577406401476,
            0.7802076384256171,
            0.7826739532019705,
            0.7807303140779445,
            0.7620861156592122,
            0.7648858928648758,
            0.756152125279642,
            0.75162635529608,
            0.7475822020321587,
            0.7370845845845846,
            0.7390610104861773,
            0.7467322704139665,
            0.7496459063610252,
            0.750559224743894,
            0.7474824664778553,
            0.7521524542829644,
            0.7564734701792609,
            0.7580087147527179
        ],
        "runtimes": [
            0.14771294593811035,
            0.3537735939025879,
            1.2317733764648438,
            2.2251031398773193,
            3.0171561241149902,
            3.571565628051758,
            4.507840871810913,
            5.4339940547943115,
            6.4284892082214355,
            7.177243709564209,
            7.748040676116943,
            8.295276403427124,
            8.837546586990356,
            9.359769821166992,
            9.863825559616089,
            10.367655515670776,
            10.868890285491943,
            11.364939212799072,
            11.861767768859863,
            12.350841045379639,
            12.833726644515991,
            13.310534238815308,
            13.78363585472107,
            14.258548974990845,
            14.734756708145142,
            15.20002031326294,
            15.665669202804565,
            16.12688446044922
        ],
        "memory_usages": [
            1.0,
            1.0,
            2.0,
            2.0,
            2.0,
            2.0,
            2.0,
            2.0,
            2.0,
            2.0,
            2.0,
            2.0,
            2.0,
            3.0,
            3.0,
            3.0,
            3.0,
            3.0,
            3.0,
            4.0,
            4.0,
            4.0,
            2.75,
            3.75,
            3.265625,
            4.265625,
            3.62109375,
            4.62109375
        ]
    },
    "run_count": 6,
    "seed": 87
}