{
    "dataset": "48_chess",
    "model": "OIF",
    "auc": 0.8388692663550847,
    "total_runtime": 13.753345966339111,
    "total_memory_usage": 3.734375,
    "Instances": 28056,
    "window_metric": {
        "window_size": 1000,
        "auc_scores": [
            0.8618618618618619,
            0.8412618928392589,
            0.8549660771882994,
            0.8676507380535401,
            0.8774519615692554,
            0.8792528352234823,
            0.8658184417441029,
            0.8619172712867984,
            0.8627974205025573,
            0.8687080956669668,
            0.8695013710023263,
            0.872435790527018,
            0.8737877155172414,
            0.8564261530163308,
            0.8522103771987004,
            0.8539293945561537,
            0.8480639518258734,
            0.8505272912612363,
            0.8400767249954294,
            0.8351901901901901,
            0.8355910390848427,
            0.8398666259351458,
            0.841073279579677,
            0.8413754274751857,
            0.8348271714325005,
            0.8347872954764197,
            0.8405059573036142,
            0.8389386061426958
        ],
        "runtimes": [
            0.13555169105529785,
            0.40886497497558594,
            1.136040449142456,
            1.8713078498840332,
            2.5901312828063965,
            3.156076669692993,
            3.7035536766052246,
            4.244091033935547,
            4.767587184906006,
            5.267863035202026,
            5.7711451053619385,
            6.263336420059204,
            6.755844831466675,
            7.2486326694488525,
            7.742764711380005,
            8.219747066497803,
            8.684462785720825,
            9.148984670639038,
            9.616267442703247,
            10.085872411727905,
            10.550344705581665,
            11.015738248825073,
            11.47124719619751,
            11.926045894622803,
            12.376491069793701,
            12.824361562728882,
            13.271744728088379,
            13.718035459518433
        ],
        "memory_usages": [
            1.0,
            1.0,
            1.0,
            1.0,
            1.0,
            1.0,
            1.0,
            1.0,
            1.0,
            1.0,
            2.0,
            2.0,
            2.0,
            2.0,
            2.0,
            2.0,
            2.0,
            3.0,
            3.0,
            3.0,
            3.0,
            3.0,
            3.0,
            4.0,
            2.7421875,
            2.734375,
            3.734375,
            3.734375
        ]
    },
    "run_count": 9,
    "seed": 34
}