{
    "dataset": "48_chess",
    "model": "OIF",
    "auc": 0.8135066458945297,
    "total_runtime": 16.506248712539673,
    "total_memory_usage": 4.69140625,
    "Instances": 28056,
    "window_metric": {
        "window_size": 1000,
        "auc_scores": [
            0.8988988988988988,
            0.8105491570689368,
            0.8234901568234902,
            0.8372946376449004,
            0.820006004803843,
            0.8243829219479653,
            0.8319085060757684,
            0.8429238595613378,
            0.8421354977392336,
            0.8242626981744363,
            0.8253823861938117,
            0.7897765176784523,
            0.7918719211822659,
            0.7998362349638352,
            0.7805380047323065,
            0.7821499198868311,
            0.7842424854081513,
            0.792452970067649,
            0.7919252829931425,
            0.8040240240240241,
            0.8045948522402288,
            0.809967956425939,
            0.8156695337041755,
            0.8152075008151412,
            0.8050275818970845,
            0.8090918190567855,
            0.8092094381484164,
            0.8134907867507158
        ],
        "runtimes": [
            0.14691829681396484,
            0.3858358860015869,
            1.2622430324554443,
            2.675672769546509,
            3.7561371326446533,
            4.920149326324463,
            5.758593797683716,
            6.657933235168457,
            7.259028911590576,
            7.811607599258423,
            8.357542514801025,
            8.885027647018433,
            9.388110876083374,
            9.880268812179565,
            10.369955778121948,
            10.859209775924683,
            11.345996141433716,
            11.832278728485107,
            12.311434268951416,
            12.782428503036499,
            13.245078325271606,
            13.709372997283936,
            14.175492525100708,
            14.639026641845703,
            15.097596168518066,
            15.557827949523926,
            16.014692544937134,
            16.469011783599854
        ],
        "memory_usages": [
            2.0,
            2.0,
            3.0,
            3.0,
            3.0,
            3.0,
            3.0,
            3.0,
            3.0,
            3.0,
            3.0,
            3.0,
            3.0,
            4.0,
            4.0,
            4.0,
            4.0,
            4.0,
            4.0,
            4.0,
            5.0,
            3.62890625,
            4.62890625,
            4.62890625,
            4.23046875,
            5.23046875,
            5.23046875,
            4.7734375
        ]
    },
    "run_count": 5,
    "seed": 53
}