{
    "dataset": "51_kddcup99_u2r",
    "model": "OIF",
    "auc": 0.9082976986803813,
    "total_runtime": 28.683279991149902,
    "total_memory_usage": 9.5390625,
    "Instances": 60821,
    "window_metric": {
        "window_size": 1000,
        "auc_scores": [
            NaN,
            0.7753876938469235,
            0.818272757585862,
            0.824706176544136,
            0.8215643128625725,
            0.8233038839806635,
            0.8320708875232242,
            0.8009629814907454,
            0.7252808363919475,
            0.7414514514514515,
            0.7538612993158448,
            0.7405544563895974,
            0.7199260115606937,
            0.7293581038555235,
            0.7443986389075057,
            0.7527285729003169,
            0.7463092274514427,
            0.7495145322253588,
            0.7297994445616256,
            0.7326824896328479,
            0.8560518829927339,
            0.8863849878061966,
            0.8874550488861315,
            0.869020429790829,
            0.8902159875170866,
            0.8913735965792671,
            0.899345094701065,
            0.900649113767216,
            0.9042146388372443,
            0.9077027437052954,
            0.9042686015342265,
            0.9052902520252445,
            0.9060539920105561,
            0.9064909095692899,
            0.905111602067715,
            0.9041281583329017,
            0.9023146877377006,
            0.9034576704315751,
            0.9046632189019737,
            0.9059230565887044,
            0.90578793080387,
            0.9051633357554008,
            0.9039839387573806,
            0.9052564068047724,
            0.9066889907539754,
            0.9075281573001448,
            0.9077543322050002,
            0.9077067271352985,
            0.9074936922362886,
            0.9081580602731425,
            0.9086321617467793,
            0.9085104731899806,
            0.9079822472962287,
            0.9079613591839935,
            0.908160319833456,
            0.9070314998549422,
            0.9068785916210239,
            0.9073720378110686,
            0.9081274977582116,
            0.9081759223059321
        ],
        "runtimes": [
            0.12225055694580078,
            0.2731814384460449,
            0.8519537448883057,
            1.4265775680541992,
            1.8834924697875977,
            2.536619186401367,
            3.3446578979492188,
            4.133298397064209,
            5.161972284317017,
            6.29076623916626,
            6.966090202331543,
            7.899062156677246,
            8.73663330078125,
            9.635446071624756,
            10.187466621398926,
            10.632285833358765,
            11.070545673370361,
            11.524349689483643,
            11.976594924926758,
            12.428025245666504,
            12.838984727859497,
            13.26312804222107,
            13.688768863677979,
            14.113470077514648,
            14.548190116882324,
            14.96420407295227,
            15.365850448608398,
            15.761029958724976,
            16.15935707092285,
            16.567646265029907,
            16.973109245300293,
            17.36961603164673,
            17.76631212234497,
            18.160314321517944,
            18.563674688339233,
            18.96585249900818,
            19.372881412506104,
            19.768126487731934,
            20.156602382659912,
            20.53120994567871,
            20.897074937820435,
            21.276895761489868,
            21.6625394821167,
            22.048949241638184,
            22.434234619140625,
            22.81864905357361,
            23.230889081954956,
            23.65412211418152,
            24.04757809638977,
            24.440332651138306,
            24.8294358253479,
            25.2165207862854,
            25.60833764076233,
            26.004088163375854,
            26.400141716003418,
            26.796730279922485,
            27.193007707595825,
            27.58397102355957,
            27.973032474517822,
            28.357776641845703
        ],
        "memory_usages": [
            3.0,
            3.0,
            3.0,
            3.0,
            3.0,
            3.0,
            3.0,
            3.0,
            3.0,
            3.0,
            3.0,
            3.0,
            5.0,
            5.0,
            5.0,
            5.0,
            5.0,
            5.0,
            5.0,
            5.0,
            5.0,
            5.0,
            5.0,
            6.0,
            6.0,
            4.94140625,
            4.7421875,
            5.7421875,
            5.6015625,
            5.1796875,
            6.1796875,
            6.1328125,
            5.4140625,
            6.4140625,
            5.62109375,
            5.6875,
            5.76171875,
            5.83203125,
            6.234375,
            6.3046875,
            6.375,
            6.44140625,
            6.5078125,
            6.9609375,
            7.03125,
            7.09765625,
            7.546875,
            7.671875,
            7.796875,
            8.484375,
            8.6015625,
            8.72265625,
            8.84375,
            8.9609375,
            9.08203125,
            9.3046875,
            8.375,
            8.4375,
            8.5,
            8.55859375
        ]
    },
    "run_count": 1,
    "seed": 50
}