{
    "dataset": "32_shuttle",
    "model": "OIF",
    "auc": 0.9773032084745522,
    "total_runtime": 27.10409140586853,
    "total_memory_usage": 6.984375,
    "Instances": 49097,
    "window_metric": {
        "window_size": 1000,
        "auc_scores": [
            0.9070310527644535,
            0.9471989719484876,
            0.954145613088376,
            0.95969117207461,
            0.9627949465055815,
            0.9654644187378775,
            0.9687447325542196,
            0.9696699307662278,
            0.9699698332760895,
            0.9714251625874634,
            0.9727462384039003,
            0.9710142664526485,
            0.9710101284335723,
            0.9721671370077325,
            0.9712834790721068,
            0.9715849821986078,
            0.9725221569510399,
            0.9732472075393873,
            0.9736357366078398,
            0.9742159894326026,
            0.9746805991274625,
            0.9749629923505124,
            0.9754320336206007,
            0.9751624476923217,
            0.9741788913026063,
            0.9744417283244736,
            0.9747863227137962,
            0.975256522328759,
            0.9750542748261845,
            0.9752659185678744,
            0.9753692672098813,
            0.975578601404001,
            0.9760386474758326,
            0.9762874729340962,
            0.9764348742498994,
            0.9766192583744921,
            0.9769752470457761,
            0.9770633157384687,
            0.9771193603113262,
            0.9772717872621456,
            0.9771562777765719,
            0.9774444375328596,
            0.9775603207660719,
            0.977053953045592,
            0.9770946431342798,
            0.9768383937016653,
            0.9772167210052938,
            0.9773185311052958,
            0.9772648548861338
        ],
        "runtimes": [
            0.14511704444885254,
            0.3375210762023926,
            0.8749477863311768,
            1.5416877269744873,
            2.071450710296631,
            2.5995121002197266,
            3.1307199001312256,
            3.6513891220092773,
            4.280260801315308,
            4.945718765258789,
            5.5944983959198,
            6.251409292221069,
            6.781441688537598,
            7.440580606460571,
            8.027498722076416,
            8.553913831710815,
            9.08443832397461,
            9.608148097991943,
            10.196524858474731,
            10.72000241279602,
            11.31097674369812,
            11.894973278045654,
            12.41862416267395,
            12.952181100845337,
            13.486002445220947,
            14.012058734893799,
            14.537781476974487,
            15.065069913864136,
            15.594485521316528,
            16.119309902191162,
            16.773093938827515,
            17.31140375137329,
            17.904072284698486,
            18.592448949813843,
            19.122806310653687,
            19.654385805130005,
            20.189150094985962,
            20.72734546661377,
            21.265824794769287,
            21.80349564552307,
            22.41072988510132,
            23.017470121383667,
            23.55996870994568,
            24.10294485092163,
            24.641815185546875,
            25.182706594467163,
            25.846842050552368,
            26.471437454223633,
            27.02350664138794
        ],
        "memory_usages": [
            1.0,
            1.0,
            2.0,
            2.0,
            2.0,
            2.0,
            2.0,
            2.0,
            3.0,
            3.0,
            3.0,
            3.0,
            3.0,
            4.0,
            4.0,
            4.0,
            4.0,
            4.0,
            4.0,
            4.0,
            5.0,
            5.0,
            5.0,
            3.82421875,
            4.82421875,
            3.96875,
            4.09375,
            4.7734375,
            4.62109375,
            5.62109375,
            5.0703125,
            6.015625,
            5.20703125,
            5.53125,
            5.640625,
            5.70703125,
            5.77734375,
            5.84765625,
            5.94921875,
            6.01953125,
            6.64453125,
            6.7109375,
            6.78515625,
            7.01171875,
            7.15625,
            7.29296875,
            7.4375,
            7.578125,
            7.72265625
        ]
    },
    "run_count": 5,
    "seed": 99
}