{
    "dataset": "50_bank",
    "model": "OIF",
    "auc": 0.5889175323995275,
    "total_runtime": 21.73527455329895,
    "total_memory_usage": 4.52734375,
    "Instances": 41188,
    "window_metric": {
        "window_size": 1000,
        "auc_scores": [
            0.4889210794570524,
            0.5269833163091591,
            0.5040512793387157,
            0.5063554168722593,
            0.5064739514897546,
            0.5097350279617529,
            0.5044971148157569,
            0.5148867096774193,
            0.5236067294316376,
            0.5130425059254552,
            0.5048839529411764,
            0.5058166790032075,
            0.5166966353558683,
            0.511388927363742,
            0.5010109555024074,
            0.5003199999693688,
            0.4979567770375757,
            0.500710960504022,
            0.4948375604011766,
            0.4950700514611854,
            0.4893347770559165,
            0.4915907416465565,
            0.4906353340118508,
            0.4930108952980279,
            0.5161176910469198,
            0.5120737237885493,
            0.5094670611545911,
            0.5426921134077453,
            0.5521417752047328,
            0.5469762818617295,
            0.5411194417296554,
            0.5391154398524949,
            0.5358832346852258,
            0.5322976104327477,
            0.5303893369121259,
            0.5311656473031163,
            0.5563336157228033,
            0.5614897976815195,
            0.5776689023776884,
            0.5829460443345638,
            0.5885831502069251
        ],
        "runtimes": [
            0.1510753631591797,
            0.35059332847595215,
            1.0889644622802734,
            2.2528467178344727,
            3.2596683502197266,
            4.169212102890015,
            5.03595495223999,
            5.7651777267456055,
            6.511131048202515,
            7.286843776702881,
            7.835731029510498,
            8.357980251312256,
            8.880277156829834,
            9.392954111099243,
            9.880324125289917,
            10.368931531906128,
            10.84970211982727,
            11.33285641670227,
            11.818905591964722,
            12.278139114379883,
            12.726297616958618,
            13.168335199356079,
            13.602468013763428,
            14.042125701904297,
            14.485680103302002,
            14.939121723175049,
            15.379535913467407,
            15.816760063171387,
            16.2719087600708,
            16.71338200569153,
            17.146833419799805,
            17.594563722610474,
            18.029877424240112,
            18.471630334854126,
            18.9077787399292,
            19.34585928916931,
            19.781648635864258,
            20.234556198120117,
            20.72861123085022,
            21.179744482040405,
            21.635010480880737
        ],
        "memory_usages": [
            2.0,
            2.0,
            2.0,
            2.0,
            2.0,
            2.0,
            2.0,
            2.0,
            2.0,
            2.0,
            2.0,
            2.0,
            3.0,
            3.0,
            3.0,
            3.0,
            3.0,
            4.0,
            4.0,
            4.0,
            4.0,
            4.0,
            4.0,
            4.0,
            3.98828125,
            3.66796875,
            4.66796875,
            3.83203125,
            3.8984375,
            3.96875,
            4.0703125,
            4.1328125,
            4.203125,
            4.2734375,
            4.37890625,
            4.4453125,
            4.515625,
            4.5859375,
            4.6875,
            4.796875,
            4.9453125
        ]
    },
    "run_count": 6,
    "seed": 20
}