{
    "dataset": "51_kddcup99_u2r",
    "model": "OIF",
    "auc": 0.8863901322050691,
    "total_runtime": 26.876524686813354,
    "total_memory_usage": 9.8984375,
    "Instances": 60821,
    "window_metric": {
        "window_size": 1000,
        "auc_scores": [
            NaN,
            0.7603801900950475,
            0.7752584194731577,
            0.7849462365591398,
            0.789757951590318,
            0.7819636606101017,
            0.8002477252155686,
            0.7914894947473736,
            0.7517393937147023,
            0.7500900900900901,
            0.7468997923543379,
            0.7137761912707683,
            0.7046597302504818,
            0.717846573814231,
            0.7272395208161383,
            0.738136793262753,
            0.7328125108348185,
            0.7284728241421812,
            0.7096025510323654,
            0.709145026406961,
            0.8313281187435184,
            0.8574665721596848,
            0.859034455818656,
            0.8462356183499523,
            0.8694002029005101,
            0.8715134215076116,
            0.8798091931146432,
            0.8814605848813414,
            0.8850002292818555,
            0.8894014528058813,
            0.8848815010924386,
            0.8863355572568541,
            0.8875690123230844,
            0.8885026524719131,
            0.8867502515009609,
            0.8862195717286996,
            0.8832404784135743,
            0.8847481260361475,
            0.8862988266037634,
            0.887776615784204,
            0.8872858241562264,
            0.8858454078392888,
            0.8846572948950012,
            0.8855852909454626,
            0.8868970681838485,
            0.887642356646652,
            0.8867374547182136,
            0.8872048374905518,
            0.8871448719051315,
            0.8876674337918898,
            0.8877430909346328,
            0.8868772671286472,
            0.8863730710646572,
            0.8865169548184729,
            0.8869259839026447,
            0.8852269003262201,
            0.8848623564742194,
            0.8855502832671931,
            0.8865472623316271,
            0.8860582127288373
        ],
        "runtimes": [
            0.13833141326904297,
            0.32007646560668945,
            0.9816341400146484,
            1.794053554534912,
            2.504991054534912,
            3.2833755016326904,
            4.074100732803345,
            5.014444589614868,
            5.560656785964966,
            6.112232446670532,
            6.803438901901245,
            7.295862913131714,
            7.770782709121704,
            8.220191478729248,
            8.650071859359741,
            9.065056085586548,
            9.479134559631348,
            9.90546464920044,
            10.33634901046753,
            10.762832641601562,
            11.163214683532715,
            11.576745748519897,
            11.995910167694092,
            12.409715175628662,
            12.832002639770508,
            13.244335412979126,
            13.648374557495117,
            14.047777652740479,
            14.449474811553955,
            14.850455284118652,
            15.249851942062378,
            15.645658731460571,
            16.040263175964355,
            16.43180251121521,
            16.822975635528564,
            17.213529586791992,
            17.60255217552185,
            17.986948490142822,
            18.371918439865112,
            18.74015998840332,
            19.10314393043518,
            19.48047423362732,
            19.868740797042847,
            20.263569593429565,
            20.69848084449768,
            21.08341693878174,
            21.471812963485718,
            21.861966133117676,
            22.25415301322937,
            22.641913175582886,
            23.03014349937439,
            23.41879439353943,
            23.808018684387207,
            24.200256824493408,
            24.591285705566406,
            24.98236656188965,
            25.375630140304565,
            25.768259286880493,
            26.16122078895569,
            26.551357984542847
        ],
        "memory_usages": [
            2.0,
            4.0,
            4.0,
            4.0,
            4.0,
            4.0,
            4.0,
            4.0,
            4.0,
            4.0,
            5.0,
            5.0,
            5.0,
            5.0,
            5.0,
            5.0,
            5.0,
            6.0,
            6.0,
            6.0,
            6.0,
            6.0,
            6.0,
            7.0,
            7.0,
            5.69921875,
            6.69921875,
            6.69921875,
            6.12890625,
            7.12890625,
            7.12890625,
            6.3671875,
            7.3671875,
            6.6484375,
            7.25,
            6.9453125,
            7.5,
            7.37890625,
            8.37890625,
            8.37890625,
            8.26171875,
            7.66796875,
            7.7265625,
            7.83203125,
            7.89453125,
            7.953125,
            8.015625,
            8.078125,
            8.140625,
            8.24609375,
            8.30859375,
            8.37109375,
            8.4609375,
            8.5859375,
            8.70703125,
            9.57421875,
            9.7109375,
            9.84375,
            9.98046875,
            10.11328125
        ]
    },
    "run_count": 6,
    "seed": 81
}