{
    "dataset": "51_kddcup99_u2r",
    "model": "OIF",
    "auc": 0.902912399990619,
    "total_runtime": 26.582191228866577,
    "total_memory_usage": 8.01953125,
    "Instances": 60821,
    "window_metric": {
        "window_size": 1000,
        "auc_scores": [
            NaN,
            0.7893946973486743,
            0.8202734244748249,
            0.827456864216054,
            0.8255651130226045,
            0.8233038839806635,
            0.8847601352960793,
            0.897292396198099,
            0.7570286335718435,
            0.7582282282282282,
            0.7581383035928491,
            0.7345236108793594,
            0.6923745664739884,
            0.7036003149380861,
            0.7174698678343846,
            0.7299788501512002,
            0.7213891450721512,
            0.7219641366148464,
            0.7152455529775715,
            0.7185387561583525,
            0.8494595072946158,
            0.8826881630005167,
            0.8845570376497891,
            0.8624871468031491,
            0.8856057861331401,
            0.8873822165130555,
            0.8946720943264636,
            0.8961762952915305,
            0.9000545218765237,
            0.9035203154067308,
            0.9006262873450372,
            0.9012965701354514,
            0.902149083563798,
            0.9024838352145658,
            0.8998879785442118,
            0.8991765374318182,
            0.8979615120423377,
            0.8985850803942307,
            0.8998738849544904,
            0.9012396523936589,
            0.9012225244103615,
            0.9004137153925326,
            0.898594881308611,
            0.8992888308009608,
            0.9001753171341791,
            0.9007169422841664,
            0.9006452164617852,
            0.9009115413686842,
            0.9010746150476951,
            0.901460886392334,
            0.9017064513891334,
            0.9018454440008328,
            0.9015358858500513,
            0.9017130340128608,
            0.902227221988132,
            0.9015227790498475,
            0.9016957333798103,
            0.9020625240661719,
            0.9025749670746661,
            0.9025967536287014
        ],
        "runtimes": [
            0.12304377555847168,
            0.28715968132019043,
            1.0587184429168701,
            2.0214855670928955,
            3.016307830810547,
            3.703763723373413,
            4.8075032234191895,
            5.549880266189575,
            6.101814031600952,
            6.847939968109131,
            7.286966562271118,
            7.717839956283569,
            8.155096769332886,
            8.563294410705566,
            8.955851316452026,
            9.346303224563599,
            9.734368801116943,
            10.150513648986816,
            10.56062388420105,
            10.969343662261963,
            11.34666895866394,
            11.729738712310791,
            12.116610527038574,
            12.50339961051941,
            12.905728578567505,
            13.309343814849854,
            13.697539806365967,
            14.073810815811157,
            14.456427812576294,
            14.839499235153198,
            15.225740194320679,
            15.61305284500122,
            15.996018886566162,
            16.382892608642578,
            16.773270845413208,
            17.15656328201294,
            17.535144567489624,
            17.918748378753662,
            18.293673753738403,
            18.655699968338013,
            19.01298713684082,
            19.379384756088257,
            19.753714323043823,
            20.155913591384888,
            20.567901134490967,
            20.938645124435425,
            21.31165838241577,
            21.685705184936523,
            22.062021255493164,
            22.43974018096924,
            22.818752765655518,
            23.197535514831543,
            23.57878088951111,
            23.96187949180603,
            24.34530520439148,
            24.726081371307373,
            25.1109037399292,
            25.494911670684814,
            25.879841566085815,
            26.261438369750977
        ],
        "memory_usages": [
            3.0,
            3.0,
            3.0,
            3.0,
            3.0,
            3.0,
            3.0,
            3.0,
            3.0,
            3.0,
            4.0,
            4.0,
            4.0,
            4.0,
            4.0,
            4.0,
            5.0,
            5.0,
            5.0,
            5.0,
            5.0,
            5.0,
            5.0,
            5.0,
            6.0,
            6.0,
            6.0,
            6.0,
            6.0,
            6.0,
            5.47265625,
            6.47265625,
            5.84765625,
            6.84765625,
            6.04296875,
            7.04296875,
            6.30859375,
            6.2265625,
            6.83984375,
            6.40234375,
            7.11328125,
            6.5390625,
            7.38671875,
            6.71875,
            7.7109375,
            6.85546875,
            6.92578125,
            6.99609375,
            7.06640625,
            7.1796875,
            7.25,
            7.3203125,
            7.390625,
            7.4609375,
            7.53125,
            7.6484375,
            7.71875,
            7.7890625,
            7.8984375,
            8.03515625
        ]
    },
    "run_count": 4,
    "seed": 68
}