{
    "dataset": "3_backdoor",
    "model": "OIF",
    "auc": 0.6843953171096552,
    "total_runtime": 162.93096375465393,
    "total_memory_usage": 15.09765625,
    "Instances": 95329,
    "window_metric": {
        "window_size": 1000,
        "auc_scores": [
            0.6189188609197622,
            0.30491950752622937,
            0.5161653953346842,
            0.6326323999607435,
            0.6999699091917114,
            0.7445327315937297,
            0.776285309117173,
            0.7997197118062419,
            0.8189257157449059,
            0.8341013824884792,
            0.8462427250143962,
            0.8566066540414176,
            0.8653417354896557,
            0.8733438755761784,
            0.8800052962125254,
            0.8857867013647664,
            0.8902213944394346,
            0.8828181932903516,
            0.8826027165654927,
            0.876279537929151,
            0.6474285250162443,
            0.596651991961308,
            0.5928864633562299,
            0.6006665196320189,
            0.5985710964951381,
            0.6078421871721706,
            0.6156172759224968,
            0.6090641512687193,
            0.6138940579320076,
            0.6180737255869655,
            0.6166604382051181,
            0.6227624412190994,
            0.6226796593765707,
            0.6211821706590215,
            0.6272945611913137,
            0.6275395846138176,
            0.6300581726505032,
            0.6281998381689724,
            0.6234619723945647,
            0.6272322618459067,
            0.631134615458884,
            0.6341920237176082,
            0.6384921398913207,
            0.6429298212227341,
            0.6480407440616881,
            0.652722771650893,
            0.656975539548247,
            0.6603447294796351,
            0.6643408175919953,
            0.667807840101692,
            0.6698327033160933,
            0.67366887585918,
            0.6768474056722397,
            0.6794256176146825,
            0.6826136873090847,
            0.6857641413947104,
            0.6888332534586625,
            0.6903880733382285,
            0.6936126496460607,
            0.696635556392992,
            0.699225573800111,
            0.7015694052895051,
            0.7042264374087072,
            0.7069785655463383,
            0.7094439955190119,
            0.7121526286396302,
            0.7146338337244508,
            0.7169780026318366,
            0.7189935114628884,
            0.7214611790909098,
            0.7238732041525427,
            0.7259186382705148,
            0.7277875415235532,
            0.7287947550063594,
            0.7298835768796351,
            0.7315473025438822,
            0.7329825063172948,
            0.7348690882600968,
            0.7330037762009939,
            0.7315971013546815,
            0.7303480351378558,
            0.7314392788572882,
            0.7311488031485119,
            0.7287625042639009,
            0.7295819976917252,
            0.7716381572125484,
            0.7730497185339061,
            0.7648596688653879,
            0.7543567007242313,
            0.7570841506761847,
            0.7592273863761148,
            0.7621441436617793,
            0.7641951969070249,
            0.7583660702089576,
            0.7430573844086021
        ],
        "runtimes": [
            0.5097866058349609,
            1.091275691986084,
            2.924877882003784,
            4.6686482429504395,
            6.297138929367065,
            7.937718868255615,
            9.56164002418518,
            11.257874011993408,
            13.082728385925293,
            14.90691351890564,
            16.642818212509155,
            18.251153707504272,
            19.862186431884766,
            21.47432041168213,
            23.281392097473145,
            25.084244966506958,
            26.826046466827393,
            28.603134393692017,
            30.24107313156128,
            31.86137819290161,
            33.50218367576599,
            35.21735143661499,
            36.85994505882263,
            38.62620806694031,
            40.248425245285034,
            42.01230239868164,
            43.60175800323486,
            45.24132204055786,
            47.13013744354248,
            48.82603597640991,
            50.60366725921631,
            52.438868284225464,
            54.20568895339966,
            55.9876024723053,
            57.699477434158325,
            59.455857276916504,
            61.18399786949158,
            62.84586215019226,
            64.52719044685364,
            66.19610047340393,
            67.85119843482971,
            69.68784475326538,
            71.48906970024109,
            73.18082547187805,
            74.83909511566162,
            76.495854139328,
            78.15075325965881,
            79.80195808410645,
            81.46678709983826,
            83.12298130989075,
            84.77302765846252,
            86.73197531700134,
            88.45833110809326,
            90.11021876335144,
            91.74912166595459,
            93.53700256347656,
            95.5075614452362,
            97.412522315979,
            99.53819465637207,
            101.33062505722046,
            102.99530148506165,
            104.66772651672363,
            106.32695960998535,
            107.98228192329407,
            109.65231966972351,
            111.40088486671448,
            113.19386553764343,
            114.85530972480774,
            116.52430748939514,
            118.32496976852417,
            120.2091965675354,
            121.8703100681305,
            123.6267523765564,
            125.34196853637695,
            127.01649904251099,
            128.69132661819458,
            130.36653232574463,
            132.1120150089264,
            133.85276126861572,
            135.71378445625305,
            137.7859194278717,
            139.49761748313904,
            141.17933702468872,
            142.8683340549469,
            144.5657603740692,
            146.335599899292,
            148.09965991973877,
            149.9352250099182,
            151.6324281692505,
            153.45766925811768,
            155.1329700946808,
            156.82766723632812,
            158.7241656780243,
            160.46670603752136,
            162.23826694488525
        ],