{
    "dataset": "5_campaign",
    "model": "OIF",
    "auc": 0.6674772111215105,
    "total_runtime": 45.81186485290527,
    "total_memory_usage": 6.14453125,
    "Instances": 41188,
    "window_metric": {
        "window_size": 1000,
        "auc_scores": [
            0.5581731477389895,
            0.5693795879933894,
            0.6070138598617653,
            0.613521073341867,
            0.6209009009009008,
            0.6321986390260315,
            0.6344652747638202,
            0.6374622854599112,
            0.6414203091376456,
            0.6472317249180839,
            0.6499357201413025,
            0.6506770313565475,
            0.6547410853621887,
            0.6571487179487179,
            0.6558686100904425,
            0.6563569224247857,
            0.6571739902172977,
            0.6578326980054647,
            0.6588982464711872,
            0.661472684388614,
            0.6613110287902957,
            0.662756996597349,
            0.6612046257282402,
            0.6602953597037774,
            0.6622002129860074,
            0.6639743845561279,
            0.664285674367107,
            0.6659025430513728,
            0.665561702136546,
            0.664524035830602,
            0.6647019005331742,
            0.6641778492875744,
            0.6650728793485352,
            0.6660415435248993,
            0.6654572275820276,
            0.6655845088235022,
            0.6652651851841471,
            0.6659999692074376,
            0.6658674373597255,
            0.6662929233422502,
            0.6670137381447747
        ],
        "runtimes": [
            0.2586936950683594,
            0.892423152923584,
            2.672868013381958,
            3.6766743659973145,
            4.844558238983154,
            6.034374475479126,
            7.035430431365967,
            8.285995483398438,
            9.301326513290405,
            10.64889144897461,
            11.71306848526001,
            12.796621084213257,
            13.877151489257812,
            15.103389739990234,
            16.260682582855225,
            17.816596269607544,
            18.939234972000122,
            19.95347571372986,
            21.10634136199951,
            22.129539012908936,
            23.365458488464355,
            24.453394651412964,
            25.604454040527344,
            26.63492512702942,
            27.71357536315918,
            28.884493350982666,
            29.988694190979004,
            31.113940715789795,
            32.21836471557617,
            33.49370241165161,
            34.539088010787964,
            35.58966636657715,
            36.75093054771423,
            37.7896294593811,
            39.028645753860474,
            40.14717626571655,
            41.162084102630615,
            42.35195589065552,
            43.50952219963074,
            44.550660133361816,
            45.59371519088745
        ],
        "memory_usages": [
            1.0,
            2.0,
            4.0,
            4.0,
            4.0,
            4.0,
            4.0,
            4.0,
            4.0,
            4.0,
            4.0,
            4.0,
            4.0,
            4.0,
            4.0,
            4.0,
            4.0,
            4.0,
            4.0,
            4.0,
            4.0,
            4.0,
            4.0,
            4.0,
            4.0,
            3.16015625,
            4.16015625,
            3.48046875,
            4.05859375,
            4.97265625,
            5.33984375,
            5.1640625,
            5.4765625,
            5.546875,
            5.62890625,
            5.703125,
            5.78125,
            5.859375,
            6.0078125,
            6.375,
            6.4609375
        ]
    },
    "run_count": 2,
    "seed": 4
}