{
    "dataset": "3_backdoor",
    "model": "OIF",
    "auc": 0.48206791876157096,
    "total_runtime": 163.13722157478333,
    "total_memory_usage": 16.6953125,
    "Instances": 95329,
    "window_metric": {
        "window_size": 1000,
        "auc_scores": [
            0.5254190004077341,
            0.25710519984518665,
            0.28868802688815276,
            0.31866383607353344,
            0.3409577121092832,
            0.35838257332844076,
            0.3687591566622333,
            0.3762791998952769,
            0.37976146776440434,
            0.38434451260154345,
            0.38706743769556035,
            0.38805223369575426,
            0.38663786107447384,
            0.38496106635615324,
            0.3807348904380159,
            0.3780672697892397,
            0.37357015840375435,
            0.35845083953028595,
            0.352552608822538,
            0.34919020989178584,
            0.20752903671215076,
            0.2030110095929789,
            0.20106050059564112,
            0.19860965091772254,
            0.1963033516212132,
            0.1940860748040017,
            0.2019573782696586,
            0.2042225557617812,
            0.20392070772025372,
            0.20175105572203003,
            0.19985404704228152,
            0.19831993811350018,
            0.20191457682850797,
            0.20537512592962848,
            0.20518082356982725,
            0.20311659502411628,
            0.2016657065190795,
            0.1991939529417449,
            0.19768335300030437,
            0.19926496438594227,
            0.20733959959701415,
            0.21411862142106444,
            0.2204803884781786,
            0.2257528421868883,
            0.23035927515429458,
            0.23488046409352994,
            0.23975745119998954,
            0.24406069705044955,
            0.2485896271850137,
            0.25263814499013904,
            0.25528015731305204,
            0.2583622004869144,
            0.26113154927838056,
            0.2635844435850864,
            0.26641296857873875,
            0.268866446571265,
            0.2712489401771804,
            0.2724211555610842,
            0.27373399346761973,
            0.2760037633828598,
            0.2789140913759719,
            0.2811885379006952,
            0.28265098314712883,
            0.2845300340031977,
            0.2868106554125216,
            0.2887281963178512,
            0.29012261554168733,
            0.291292862469272,
            0.2925819320431605,
            0.2936118954553893,
            0.29466599985565045,
            0.2956067150459849,
            0.2962536089402735,
            0.29615763577642235,
            0.29598679602317945,
            0.29596024718915037,
            0.29601522170793904,
            0.2966299258669346,
            0.2956751576012754,
            0.294477933325041,
            0.2945151826635395,
            0.29385285008919315,
            0.29271869358831637,
            0.29084059295719245,
            0.2886329363353463,
            0.4409771079352218,
            0.43389886176812403,
            0.4123791562117824,
            0.4062875610801605,
            0.4100436295294465,
            0.4272149684661478,
            0.4298767707836334,
            0.4353906484279514,
            0.43917989728835677,
            0.4664620698924731
        ],
        "runtimes": [
            1.0795657634735107,
            2.0653011798858643,
            4.172232151031494,
            5.967319011688232,
            7.814816951751709,
            9.420042991638184,
            11.218120813369751,
            12.828874826431274,
            14.554626703262329,
            16.348928689956665,
            18.16965365409851,
            19.779231786727905,
            21.421866416931152,
            23.124864101409912,
            24.8573637008667,
            26.7014422416687,
            28.460548639297485,
            30.22609543800354,
            31.800559043884277,
            33.55734372138977,
            35.38679003715515,
            37.0868456363678,
            38.75307631492615,
            40.43245196342468,
            42.22390341758728,
            43.81207084655762,
            45.609161615371704,
            47.23270034790039,
            48.88020324707031,
            50.4616596698761,
            52.1561279296875,
            53.75320816040039,
            55.33376097679138,
            57.267629623413086,
            59.08089017868042,
            60.81460165977478,
            62.73391842842102,
            64.40588569641113,
            66.13251495361328,
            67.71508717536926,
            69.30982232093811,
            70.97342681884766,
            72.58502554893494,
            74.30535960197449,
            75.89839625358582,
            77.6193380355835,
            79.21327424049377,
            80.798100233078,
            82.39487624168396,
            84.18247818946838,
            86.11630368232727,
            87.71084904670715,
            89.32097721099854,
            91.04941964149475,
            92.65704941749573,
            94.26098132133484,
            95.86037611961365,
            97.46834921836853,
            99.22522759437561,
            100.97607827186584,
            102.78704643249512,
            104.44328427314758,
            106.06164288520813,
            107.89835453033447,
            109.51166152954102,
            111.19219326972961,
            112.79841899871826,
            114.42454648017883,
            116.23076033592224,
            118.27262544631958,
            120.23345184326172,
            121.84460377693176,
            123.7912666797638,
            125.48216509819031,
            127.62582683563232,
            129.56828117370605,
            131.23561143875122,
            132.99924540519714,
            134.794273853302,
            136.46821641921997,
            138.33107376098633,
            140.16331505775452,
            141.82155895233154,
            143.6959743499756,
            145.37063550949097,
            147.0351881980896,
            148.6746883392334,
            150.33483219146729,
            151.97132301330566,
            153.64163279533386,
            155.32257556915283,
            156.97254872322083,
            158.94473004341125,
            160.84614491462708,
            162.57124614715576
        ],