{
    "dataset": "32_shuttle",
    "model": "OIF",
    "auc": 0.9869720391527165,
    "total_runtime": 29.418933868408203,
    "total_memory_usage": 7.43359375,
    "Instances": 49097,
    "window_metric": {
        "window_size": 1000,
        "auc_scores": [
            0.9203010603382985,
            0.9537514259404334,
            0.9588520076528735,
            0.964435452856547,
            0.9684976405368997,
            0.9719378497152736,
            0.9752702199685358,
            0.977056911020455,
            0.9763039996862243,
            0.9779911133370109,
            0.9799338439227948,
            0.9796918651685393,
            0.9801514982876564,
            0.9808240076053026,
            0.979691885682633,
            0.9800997973578258,
            0.980829427296545,
            0.9815301875161657,
            0.9822589065940863,
            0.9829441899525264,
            0.9835436310416729,
            0.9839678461176062,
            0.9844411182857397,
            0.984308455311621,
            0.983949838671188,
            0.9842679568613949,
            0.9845052783412719,
            0.9848879453900813,
            0.984706969138787,
            0.9846207901122498,
            0.984628734476401,
            0.9848325321016266,
            0.9852283462943072,
            0.9855459205975546,
            0.9857696709790122,
            0.9859612982787731,
            0.9862639446044382,
            0.9863934154112922,
            0.9865259026132991,
            0.986711573617358,
            0.9867880718260733,
            0.9870229492872818,
            0.9871895570679279,
            0.9868781852250409,
            0.9866505794512228,
            0.9865797987347651,
            0.9868184287876651,
            0.9869440759695122,
            0.986948009579647
        ],
        "runtimes": [
            0.13304638862609863,
            0.31647825241088867,
            1.308633804321289,
            1.9776737689971924,
            2.8337149620056152,
            3.361539840698242,
            3.886777400970459,
            4.653293132781982,
            5.343005895614624,
            5.918765068054199,
            6.445854902267456,
            6.976520538330078,
            7.616984128952026,
            8.296465158462524,
            8.827060222625732,
            9.363309144973755,
            10.012386083602905,
            10.693716526031494,
            11.254680633544922,
            11.77154541015625,
            12.310850381851196,
            12.917161226272583,
            13.52284550666809,
            14.070531368255615,
            14.617238759994507,
            15.375933647155762,
            15.981960535049438,
            16.670112133026123,
            17.397329807281494,
            18.138279914855957,
            18.806647300720215,
            19.354478359222412,
            19.90162181854248,
            20.515760898590088,
            21.12325930595398,
            21.674777269363403,
            22.226903676986694,
            22.766858100891113,
            23.443081617355347,
            23.996274948120117,
            24.54869556427002,
            25.10969114303589,
            25.7757728099823,
            26.333888053894043,
            26.89292573928833,
            27.44627022743225,
            28.155837535858154,
            28.775179862976074,
            29.338191986083984
        ],
        "memory_usages": [
            2.0,
            2.0,
            2.0,
            2.0,
            2.0,
            2.0,
            2.0,
            2.0,
            2.0,
            3.0,
            3.0,
            3.0,
            3.0,
            3.0,
            3.0,
            4.0,
            4.0,
            4.0,
            4.0,
            4.0,
            4.0,
            3.8828125,
            3.5625,
            4.5625,
            4.35546875,
            4.17578125,
            5.17578125,
            6.17578125,
            5.34375,
            5.4453125,
            5.81640625,
            5.89453125,
            5.96875,
            6.046875,
            6.453125,
            6.57421875,
            6.71484375,
            6.30859375,
            6.51953125,
            6.80859375,
            6.953125,
            7.09375,
            7.234375,
            7.4609375,
            7.60546875,
            6.74609375,
            6.81640625,
            6.88671875,
            6.95703125
        ]
    },
    "run_count": 2,
    "seed": 34
}