{
    "dataset": "3_backdoor",
    "model": "OIF",
    "auc": 0.5469436511124346,
    "total_runtime": 157.05037879943848,
    "total_memory_usage": 15.1171875,
    "Instances": 95329,
    "window_metric": {
        "window_size": 1000,
        "auc_scores": [
            0.5116418807270542,
            0.2494586763459869,
            0.27918588648607534,
            0.31997582632141697,
            0.352647785027968,
            0.37528935284414555,
            0.39128711475958533,
            0.40618430745458795,
            0.41781901007526245,
            0.42464402100906684,
            0.4294603605299302,
            0.4369491751181269,
            0.44244633225075997,
            0.4461504478502748,
            0.44906558704011335,
            0.4528946429051214,
            0.4545430466446504,
            0.446356805771721,
            0.4476937838614946,
            0.4466412097393716,
            0.2690465602664068,
            0.24830854058561547,
            0.2620392465868566,
            0.2680676270504979,
            0.2699760472538641,
            0.2851561848875339,
            0.294008984157052,
            0.3005128029954246,
            0.3153370554467825,
            0.3163465822466105,
            0.31783763153571865,
            0.3280975967005223,
            0.3324826231244422,
            0.34206934761843827,
            0.35305496191872554,
            0.35256338945485133,
            0.3555188421368999,
            0.3583485478734384,
            0.3599485665807523,
            0.36616106858665737,
            0.3733489181458255,
            0.3796594822246945,
            0.3871230955289901,
            0.393292207038757,
            0.3979410244659697,
            0.4030231612821624,
            0.40870520800125315,
            0.41397214763028556,
            0.420067856040953,
            0.4253106487510583,
            0.4285734844467467,
            0.4332594711835701,
            0.43777945634609594,
            0.442035095180285,
            0.4463584067523042,
            0.4505277328036913,
            0.45569719429665967,
            0.458158903756996,
            0.4621272485502367,
            0.4661925881242124,
            0.4699119279952301,
            0.4728061363603548,
            0.47536333053038854,
            0.4788250527539528,
            0.48154960852066175,
            0.4841109199142034,
            0.48666312802853207,
            0.488960404167391,
            0.49133134761251573,
            0.49376175419929047,
            0.49694811192262633,
            0.498970256852279,
            0.5007079850639204,
            0.5024286068507229,
            0.5041255512749524,
            0.505747608761268,
            0.5070883193013974,
            0.507828989918512,
            0.5065815510520776,
            0.5060679876123839,
            0.5088809272917063,
            0.5118081614059344,
            0.5103703999851319,
            0.5083552099969504,
            0.510339883211886,
            0.5824296899428565,
            0.5674462199316194,
            0.5419013773143331,
            0.5232661117877477,
            0.5280359193563035,
            0.5473807906584356,
            0.5513971861568018,
            0.5549020517840688,
            0.5618085779996532,
            0.5697289354838709
        ],
        "runtimes": [
            1.0161771774291992,
            1.8335323333740234,
            3.916132688522339,
            5.754688739776611,
            7.538745403289795,
            9.0902259349823,
            10.714808702468872,
            12.275474071502686,
            13.894325256347656,
            15.63856053352356,
            17.143651962280273,
            18.743190050125122,
            20.25439453125,
            21.829017400741577,
            23.403287649154663,
            25.032042026519775,
            26.798450469970703,
            28.63669204711914,
            30.226528644561768,
            31.742436408996582,
            33.53301453590393,
            35.15537905693054,
            36.72433662414551,
            38.25532126426697,
            40.03342151641846,
            41.77696132659912,
            43.3829779624939,
            44.92883825302124,
            46.816240072250366,
            48.51836633682251,
            50.08740711212158,
            51.82532596588135,
            53.3761682510376,
            54.92255425453186,
            56.62082576751709,
            58.30610680580139,
            60.187053203582764,
            61.94323682785034,
            63.677857398986816,
            65.32986688613892,
            66.93540048599243,
            68.48172855377197,
            70.03290057182312,
            71.58795857429504,
            73.15376234054565,
            74.85094571113586,
            76.47823095321655,
            78.10233473777771,
            79.66350078582764,
            81.22597193717957,
            82.78819108009338,
            84.5949113368988,
            86.43486499786377,
            87.9901864528656,
            89.55135726928711,
            91.24344825744629,
            92.8175048828125,
            94.37491989135742,
            95.9308135509491,
            97.49339723587036,
            99.1986312866211,
            100.90542244911194,
            102.66645169258118,
            104.35897040367126,
            105.93431115150452,
            107.63699054718018,
            109.26782894134521,
            110.96719694137573,
            112.51988863945007,
            114.11286878585815,
            115.7962634563446,
            117.54350733757019,
            119.53579759597778,
            121.22946619987488,
            123.28605580329895,
            124.98255038261414,
            126.88736176490784,
            128.4881250858307,
            130.3269259929657,
            131.89810872077942,
            133.61037349700928,
            135.31304597854614,
            136.9179790019989,
            138.78559947013855,
            140.41449356079102,
            142.06287741661072,
            143.82722735404968,
            145.4014608860016,
            146.9907350540161,
            148.5648910999298,
            150.17878580093384,
            151.77402591705322,
            153.36511158943176,
            154.95171809196472,
            156.493225812912
        ],