{
    "dataset": "1_ALOI",
    "model": "OIF",
    "auc": 0.4608677373142598,
    "total_runtime": 38.58881139755249,
    "total_memory_usage": 6.5078125,
    "Instances": 49534,
    "window_metric": {
        "window_size": 1000,
        "auc_scores": [
            NaN,
            0.19283334411593456,
            0.24395049459184615,
            0.24095593964346385,
            0.26730347653294684,
            0.30177536368811275,
            0.3437947359168194,
            0.3576135737761718,
            0.38636844818380983,
            0.4021789582581078,
            0.3962202988751662,
            0.3965904678163279,
            0.40567449296985286,
            0.41666916163214485,
            0.42060679833063475,
            0.4246760400506343,
            0.4307295422776605,
            0.44017833419434615,
            0.43399214404038283,
            0.42817293276438706,
            0.42897160829362896,
            0.4260901323464006,
            0.4289978233835451,
            0.4342371540532419,
            0.441336624105006,
            0.4429057601659352,
            0.4403069085802547,
            0.43957006589447356,
            0.4367533878194032,
            0.4345818976223397,
            0.43778032148987217,
            0.4372785652174367,
            0.4371709618644254,
            0.4366459232078674,
            0.4315532930624234,
            0.43426975032229825,
            0.4400514024754261,
            0.4450412226537934,
            0.4454104055018917,
            0.44913712822203433,
            0.4517346259028119,
            0.4567993717067863,
            0.4588598588306052,
            0.45993076306327974,
            0.4607058135146535,
            0.45883861993131536,
            0.4578533468793067,
            0.4589088199994933,
            0.4587478896347976
        ],
        "runtimes": [
            0.17892694473266602,
            0.41492724418640137,
            1.7144665718078613,
            2.7969913482666016,
            3.506600856781006,
            4.451728105545044,
            5.47119140625,
            6.227666139602661,
            6.987372875213623,
            7.856570243835449,
            8.587346076965332,
            9.52345585823059,
            10.40218472480774,
            11.288185834884644,
            11.967397212982178,
            12.667147636413574,
            13.365272045135498,
            14.116547346115112,
            14.87578272819519,
            15.672442197799683,
            16.545556783676147,
            17.243237257003784,
            17.972872972488403,
            18.875192403793335,
            19.577003479003906,
            20.274096727371216,
            20.999901294708252,
            21.72505807876587,
            22.54162073135376,
            23.265541791915894,
            23.985121488571167,
            24.755062103271484,
            25.48554301261902,
            26.251692056655884,
            27.10052251815796,
            27.905189990997314,
            28.72413468360901,
            29.43146538734436,
            30.317617416381836,
            31.059022426605225,
            31.757637977600098,
            32.4488205909729,
            33.39045977592468,
            34.15572381019592,
            35.06297731399536,
            35.86078953742981,
            36.732837438583374,
            37.46870231628418,
            38.194226026535034
        ],
        "memory_usages": [
            2.0,
            3.0,
            4.0,
            4.0,
            4.0,
            4.0,
            4.0,
            4.0,
            4.0,
            4.0,
            4.0,
            4.0,
            4.0,
            4.0,
            4.0,
            4.0,
            4.0,
            4.0,
            4.0,
            4.0,
            4.0,
            4.0,
            4.0,
            4.0,
            5.0,
            3.9453125,
            3.59765625,
            4.59765625,
            4.49609375,
            3.8125,
            3.8984375,
            3.96484375,
            4.28125,
            4.34765625,
            4.44921875,
            4.51953125,
            4.5859375,
            4.65625,
            4.765625,
            4.8828125,
            4.94921875,
            5.015625,
            5.3046875,
            5.87109375,
            6.02734375,
            6.1875,
            6.95703125,
            7.109375,
            7.26953125
        ]
    },
    "run_count": 1,
    "seed": 37
}