{
    "dataset": "51_kddcup99_u2r",
    "model": "OIF",
    "auc": 0.9225407746421986,
    "total_runtime": 23.684237718582153,
    "total_memory_usage": 8.1328125,
    "Instances": 60821,
    "window_metric": {
        "window_size": 1000,
        "auc_scores": [
            NaN,
            0.8864432216108054,
            0.916972324108036,
            0.9357339334833709,
            0.9469893978795759,
            0.953492248708118,
            0.9422133295221762,
            0.9434092046023012,
            0.8848478107737366,
            0.8783683683683684,
            0.8714003259457805,
            0.8324235417510906,
            0.770936416184971,
            0.7743367418717096,
            0.7847788655694888,
            0.7916547989148329,
            0.7840299977116862,
            0.7835012524352909,
            0.7853520705898897,
            0.7862437401083897,
            0.8819132963964685,
            0.9050493158255145,
            0.9068293523592872,
            0.8935930079993522,
            0.9115737094208475,
            0.912349676816328,
            0.9180799241051443,
            0.9185224046459326,
            0.9216159515433029,
            0.924563182071408,
            0.9232807025775776,
            0.9234326786829619,
            0.9236743759376751,
            0.9235774002157497,
            0.9220273166707023,
            0.9215527360125203,
            0.9210038585784625,
            0.921399089368566,
            0.9220447474690743,
            0.9226048000932962,
            0.921959405234295,
            0.9212714738260221,
            0.9202552666381683,
            0.9206546028156328,
            0.9217704119234794,
            0.9221211520697059,
            0.9226282795890492,
            0.9223666492237921,
            0.9221592201851342,
            0.9223508844045883,
            0.9223132109633145,
            0.9218254045577939,
            0.9215366020753337,
            0.9216299289122958,
            0.9220212923647789,
            0.9216963571102529,
            0.9216457241709218,
            0.9219809632785141,
            0.9225585253032533,
            0.9226300438743249
        ],
        "runtimes": [
            0.23026466369628906,
            0.485637903213501,
            1.0400464534759521,
            1.6569249629974365,
            2.119746685028076,
            2.5730907917022705,
            3.0201199054718018,
            3.4604907035827637,
            3.888737201690674,
            4.27215838432312,
            4.66813588142395,
            5.065507411956787,
            5.4735026359558105,
            5.885688543319702,
            6.281341552734375,
            6.666139125823975,
            7.045354127883911,
            7.4400575160980225,
            7.838069438934326,
            8.238832950592041,
            8.617568492889404,
            9.004900455474854,
            9.391192197799683,
            9.770338296890259,
            10.165978193283081,
            10.557307958602905,
            10.940932035446167,
            11.30718183517456,
            11.67412781715393,
            12.049789905548096,
            12.427709817886353,
            12.799631357192993,
            13.167578935623169,
            13.540358543395996,
            13.918428659439087,
            14.297874450683594,
            14.687288045883179,
            15.11181926727295,
            15.48758602142334,
            15.85197925567627,
            16.210410833358765,
            16.57568335533142,
            16.948654890060425,
            17.32088851928711,
            17.693527936935425,
            18.061424732208252,
            18.435829639434814,
            18.81322717666626,
            19.195642709732056,
            19.57425093650818,
            19.94887614250183,
            20.32442831993103,
            20.702815055847168,
            21.085936307907104,
            21.467735528945923,
            21.847455978393555,
            22.23487901687622,
            22.619194269180298,
            23.002914905548096,
            23.374425649642944
        ],
        "memory_usages": [
            2.0,
            4.0,
            4.0,
            4.0,
            4.0,
            4.0,
            4.0,
            4.0,
            4.0,
            4.0,
            4.0,
            4.0,
            4.0,
            4.0,
            4.0,
            4.0,
            4.0,
            4.0,
            4.0,
            5.0,
            5.0,
            5.0,
            5.0,
            5.0,
            5.0,
            5.0,
            5.0,
            4.75390625,
            4.55859375,
            5.55859375,
            5.55859375,
            5.34375,
            4.86328125,
            5.6171875,
            5.0390625,
            5.95703125,
            5.17578125,
            5.24609375,
            5.34765625,
            5.41796875,
            5.48828125,
            5.55859375,
            5.625,
            6.07421875,
            6.14453125,
            6.2109375,
            6.28125,
            6.30859375,
            6.37890625,
            6.5625,
            6.68359375,
            6.8046875,
            7.125,
            7.25,
            7.37109375,
            7.59765625,
            7.71875,
            7.84375,
            7.96484375,
            8.0859375
        ]
    },
    "run_count": 9,
    "seed": 89
}