{
    "dataset": "3_backdoor",
    "model": "OIF",
    "auc": 0.6584465989833654,
    "total_runtime": 157.2592213153839,
    "total_memory_usage": 20.42578125,
    "Instances": 95329,
    "window_metric": {
        "window_size": 1000,
        "auc_scores": [
            0.4882937402090173,
            0.23873680687036475,
            0.36662079267491476,
            0.44147955309686515,
            0.48551313072189084,
            0.5134516922211667,
            0.5345875942090258,
            0.547863315870934,
            0.5604641141452671,
            0.5692772134479356,
            0.5766764380850504,
            0.5831242881220768,
            0.589348549241332,
            0.5950081846228564,
            0.6001700794022378,
            0.6038096261638002,
            0.6077072088938225,
            0.5930531981050455,
            0.5871425663822597,
            0.578812989784155,
            0.626799666991553,
            0.6078932022949339,
            0.5947615717702605,
            0.601446765265826,
            0.6034516344832155,
            0.6072757182072668,
            0.6135446981714501,
            0.6072315814123163,
            0.6126277538672857,
            0.6173222435703185,
            0.6177387599953555,
            0.6225341722377639,
            0.6208720082124498,
            0.6205442521090245,
            0.6253169494053634,
            0.6270937811211883,
            0.6310644318142371,
            0.6258822557563772,
            0.6264081112961399,
            0.6330089963447088,
            0.6396695241133482,
            0.6465665216232959,
            0.6532534873574711,
            0.6593075939023814,
            0.6656709446041764,
            0.6717689566298743,
            0.6775581386883931,
            0.6827219728643109,
            0.6878492099315442,
            0.692801530684835,
            0.6964600991028136,
            0.7011751791284734,
            0.7058167038956074,
            0.7102217958185302,
            0.7150148032578988,
            0.719585710226141,
            0.72389670874906,
            0.7266793134551056,
            0.7305997857539942,
            0.7345948747104187,
            0.7382102903971202,
            0.7416897914437007,
            0.744902012033215,
            0.7482087782328686,
            0.751229146946204,
            0.7546291424868945,
            0.7575586093074654,
            0.7604352633748668,
            0.7632045349185606,
            0.7662608585382926,
            0.7691224423893235,
            0.7717739055888289,
            0.774376419247672,
            0.7754863772957368,
            0.7767438004249891,
            0.7788118302376011,
            0.7805654723178508,
            0.7829682077929927,
            0.7818206404162327,
            0.7798407437943291,
            0.7781834272900534,
            0.7778528348362055,
            0.777028320045297,
            0.7747864985749847,
            0.7734543969635668,
            0.7892105973903208,
            0.7758774661606285,
            0.7646381086250201,
            0.7565441041173249,
            0.7572845193927833,
            0.7564333380203959,
            0.7539290472670321,
            0.7527406875840236,
            0.7406484139924403,
            0.7210485698924731
        ],
        "runtimes": [
            0.6318705081939697,
            1.2011375427246094,
            3.0031378269195557,
            4.922979116439819,
            6.503371953964233,
            8.088973999023438,
            9.825705289840698,
            11.536122560501099,
            13.225024700164795,
            14.780309677124023,
            16.561229944229126,
            18.237757682800293,
            19.90851664543152,
            21.512964487075806,
            23.180787563323975,
            24.720380544662476,
            26.265645265579224,
            27.80929660797119,
            29.61295485496521,
            31.287174701690674,
            32.874526262283325,
            34.475388526916504,
            36.09241962432861,
            37.889384746551514,
            39.77368235588074,
            41.49921989440918,
            43.073710680007935,
            44.67924761772156,
            46.2934889793396,
            48.145848751068115,
            49.87175917625427,
            51.603954553604126,
            53.18822526931763,
            54.859687089920044,
            56.60994052886963,
            58.48246240615845,
            60.53373670578003,
            62.198137283325195,
            63.941638708114624,
            65.5300235748291,
            67.11599230766296,
            68.7652747631073,
            70.62443971633911,
            72.52918744087219,
            74.21587920188904,
            75.91942811012268,
            77.50483798980713,
            79.10516834259033,
            80.77746796607971,
            82.37725043296814,
            84.10076117515564,
            85.69307494163513,
            87.28490734100342,
            88.93850255012512,
            90.53593873977661,
            92.13368463516235,
            93.79916405677795,
            95.36494302749634,
            97.04234719276428,
            98.58500504493713,
            100.29391121864319,
            101.8657386302948,
            103.55324912071228,
            105.11122941970825,
            106.66405940055847,
            108.22265672683716,
            109.9169328212738,
            111.47501683235168,
            113.03529667854309,
            114.78950309753418,
            116.35800218582153,
            117.92800307273865,
            119.47710943222046,
            121.04186534881592,
            122.62350535392761,
            124.20648121833801,
            125.79068303108215,
            127.37606859207153,
            129.1779294013977,
            130.9570755958557,
            132.8392972946167,
            134.63964223861694,
            136.2388687133789,
            137.84387707710266,
            139.4570689201355,
            141.265775680542,
            142.99091029167175,
            144.94821619987488,
            146.86271142959595,
            148.46572017669678,
            150.06128478050232,
            151.77763724327087,
            153.4934160709381,
            155.17159008979797,
            156.7127230167389
        ],