{
    "dataset": "3_backdoor",
    "model": "OIF",
    "auc": 0.6007376348702891,
    "total_runtime": 159.7440688610077,
    "total_memory_usage": 14.71875,
    "Instances": 95329,
    "window_metric": {
        "window_size": 1000,
        "auc_scores": [
            0.45421575570291206,
            0.221403989581481,
            0.21007060906368646,
            0.20459816424671615,
            0.20057790840028195,
            0.1951344140412004,
            0.19227596088068372,
            0.1937735979815143,
            0.1913752653334823,
            0.18850120693438666,
            0.18432199836376884,
            0.18043917424722378,
            0.17637122025089863,
            0.17579019278846225,
            0.17955252464172078,
            0.1792517646516948,
            0.18057931685446285,
            0.17372234393172342,
            0.1734430039231143,
            0.18078680522381876,
            0.10144279970760234,
            0.11210584304432342,
            0.11217993327931793,
            0.11952876738256817,
            0.12472624906121207,
            0.1352010387828786,
            0.15460884607610453,
            0.16110730212021176,
            0.16242970787121547,
            0.16477164491821658,
            0.1670951024893489,
            0.1737764637919043,
            0.18190485256158345,
            0.18538961203947563,
            0.18858176264262877,
            0.18933131461759384,
            0.19313087289685404,
            0.19528501528208048,
            0.19657289728126096,
            0.20567311445971692,
            0.2155682244165467,
            0.22348269665454618,
            0.23100947704913452,
            0.2381079950226198,
            0.24285159465043424,
            0.24640522883222293,
            0.25221070930901546,
            0.25816341136815724,
            0.2629935100336694,
            0.26769213072452236,
            0.2708562220582912,
            0.27367529430352056,
            0.27697265146227584,
            0.2810177511730017,
            0.2837343894557217,
            0.2854468031263109,
            0.2885318467959322,
            0.29038721894660624,
            0.2922034696366348,
            0.29494241516720315,
            0.29829809751898406,
            0.3019853789762312,
            0.3050857439193829,
            0.30785926721901274,
            0.31096132294749446,
            0.3136811364359394,
            0.3160998143880737,
            0.31859621503714963,
            0.3207762527599454,
            0.32396273882223847,
            0.32659191163368834,
            0.32913306912838236,
            0.33086549359127904,
            0.33158266422887417,
            0.33243872534980956,
            0.3331838841109185,
            0.3343297993174626,
            0.33557160348189863,
            0.33412312514673115,
            0.33136903278698404,
            0.331902953283113,
            0.33102686672603115,
            0.32976223014823314,
            0.32799855223228946,
            0.32691237859851624,
            0.5182546565240772,
            0.5348263041048629,
            0.5334252591227333,
            0.5348783856675439,
            0.543247198661997,
            0.5692586253480492,
            0.5778776345663811,
            0.5850977977040429,
            0.5917806176408953,
            0.6077247231182795
        ],
        "runtimes": [
            0.5134007930755615,
            1.1034741401672363,
            2.899207830429077,
            4.49589991569519,
            6.378094673156738,
            8.050931453704834,
            9.699809789657593,
            11.426211833953857,
            13.089664459228516,
            14.737199544906616,
            16.595000743865967,
            18.230499267578125,
            19.9775550365448,
            21.639919996261597,
            23.273247957229614,
            25.056112051010132,
            26.6995587348938,
            28.375565767288208,
            30.07262349128723,
            31.816020965576172,
            33.5400333404541,
            35.25417685508728,
            37.14849829673767,
            38.87686562538147,
            40.597415924072266,
            42.28015661239624,
            43.93563628196716,
            45.62842273712158,
            47.31808161735535,
            49.043280363082886,
            50.91572666168213,
            52.841527462005615,
            54.57408142089844,
            56.29248595237732,
            58.13156223297119,
            59.862528800964355,
            61.6089403629303,
            63.54908061027527,
            65.41887927055359,
            67.38774418830872,
            69.18212556838989,
            70.76467156410217,
            72.35043931007385,
            74.06981015205383,
            75.80394172668457,
            77.43750166893005,
            79.03089451789856,
            80.72617053985596,
            82.32542634010315,
            83.9358217716217,
            85.61492896080017,
            87.45513987541199,
            89.26376414299011,
            90.85807228088379,
            92.51701235771179,
            94.17845678329468,
            95.80796766281128,
            97.44767618179321,
            99.0465304851532,
            100.71657013893127,
            102.31504607200623,
            103.9125018119812,
            105.52296543121338,
            107.12076139450073,
            108.71357607841492,
            110.30754017829895,
            112.03859806060791,
            113.63683772087097,
            115.24417519569397,
            116.85224962234497,
            118.53680658340454,
            120.1425929069519,
            121.93525767326355,
            123.5379548072815,
            125.21263790130615,
            127.02984285354614,
            128.78500199317932,
            130.40296578407288,
            132.02052927017212,
            133.68003869056702,
            135.59799528121948,
            137.29300379753113,
            138.9973225593567,
            140.6981737613678,
            142.4154884815216,
            144.06239223480225,
            145.71379566192627,
            147.4257357120514,
            149.2144045829773,
            150.87249398231506,
            152.6984806060791,
            154.35079097747803,
            155.99589490890503,
            157.61460304260254,
            159.1807119846344
        ],