{
    "dataset": "34_smtp",
    "model": "OIF",
    "auc": 0.8399652390864046,
    "total_runtime": 54.89080095291138,
    "total_memory_usage": 11.80078125,
    "Instances": 95156,
    "window_metric": {
        "window_size": 1000,
        "auc_scores": [
            NaN,
            NaN,
            NaN,
            NaN,
            NaN,
            NaN,
            NaN,
            NaN,
            NaN,
            NaN,
            NaN,
            NaN,
            NaN,
            NaN,
            0.9783357787559468,
            0.9716163613705366,
            0.9714623399794413,
            0.9714109763033986,
            0.9705101871320864,
            0.9694609188280074,
            0.9698824547063933,
            0.9696778865833308,
            0.9703511349224144,
            0.9693936779858321,
            0.9713982687447827,
            0.9716495695484382,
            0.970431758266191,
            0.9707455768700675,
            0.9706311421277267,
            0.9707935131632857,
            0.970558132244055,
            0.969687631195791,
            0.9701171925752052,
            0.9695567922926248,
            0.9697491241394519,
            0.9700518455589872,
            0.9694691427644437,
            0.969943813886319,
            0.9702274076408381,
            0.9701002493729949,
            0.9702128252852891,
            0.9699627767078821,
            0.969935394247961,
            0.9697744736961761,
            0.9699779613975141,
            0.9697532168175407,
            0.9695425993152976,
            0.9697396859798394,
            0.969914144566086,
            0.9733952364756723,
            0.9734598109210733,
            0.9732802400738689,
            0.9733044409633097,
            0.9731147191760522,
            0.9733331514622435,
            0.8191564091112103,
            0.8193333918385256,
            0.820123846485554,
            0.8203821958456974,
            0.8208526886202585,
            0.8216534645346453,
            0.8143163898734872,
            0.8146583691658564,
            0.8153121311016047,
            0.8158693839207283,
            0.8163479897219457,
            0.816449525541249,
            0.8289021839435581,
            0.8292810721547637,
            0.8295067069657922,
            0.829992240638357,
            0.8303167128139256,
            0.8308435235726617,
            0.8309453984529819,
            0.8310638734333597,
            0.8313866588839026,
            0.8314667548324292,
            0.8318649860536124,
            0.8318025080354683,
            0.8317338310999806,
            0.8321093247944453,
            0.8324104529818999,
            0.8323078400055856,
            0.832656512367365,
            0.8328821313884373,
            0.8329480791237142,
            0.8327583629739441,
            0.8333036082815692,
            0.8389415907983965,
            0.8390015190248601,
            0.8393576636986553,
            0.8398590119966656,
            0.8398985335771396,
            0.8397665921748075,
            0.8398662735600716
        ],
        "runtimes": [
            0.13620638847351074,
            0.32022809982299805,
            0.9496281147003174,
            1.5792412757873535,
            2.0944576263427734,
            2.614058494567871,
            3.1296286582946777,
            3.633505344390869,
            4.225373983383179,
            4.812167167663574,
            5.308182001113892,
            5.836175203323364,
            6.350451469421387,
            6.869869232177734,
            7.3958046436309814,
            7.9849066734313965,
            8.51302981376648,
            9.04580044746399,
            9.62068247795105,
            10.188401699066162,
            10.721756219863892,
            11.259118556976318,
            11.82777214050293,
            12.591220378875732,
            13.124969720840454,
            13.652940511703491,
            14.2269287109375,
            14.750799417495728,
            15.278811693191528,
            15.874947547912598,
            16.47000241279602,
            16.991766452789307,
            17.53340435028076,
            18.18719220161438,
            18.74337363243103,
            19.279194355010986,
            19.916404008865356,
            20.607383251190186,
            21.138879776000977,
            21.79127287864685,
            22.434521198272705,
            22.980120420455933,
            23.5175564289093,
            24.247930765151978,
            24.783921718597412,
            25.31489896774292,
            25.853440523147583,
            26.459664583206177,
            27.03048872947693,
            27.626200437545776,
            28.233959913253784,
            28.89401650428772,
            29.49660038948059,
            30.048416137695312,
            30.643896341323853,
            31.18669319152832,
            31.73447847366333,
            32.2802996635437,
            32.830400466918945,
            33.55800771713257,
            34.11295938491821,
            34.66347336769104,
            35.21935319900513,
            36.00026988983154,
            36.554967403411865,
            37.108083724975586,
            37.66615605354309,
            38.23846364021301,
            38.80733633041382,
            39.35747051239014,
            40.09516406059265,
            40.70601773262024,
            41.26468896865845,
            41.82650446891785,
            42.52114129066467,
            43.088711977005005,
            43.653642892837524,
            44.224204301834106,
            44.78788161277771,
            45.4777090549469,
            46.069380044937134,
            46.6360969543457,
            47.203707695007324,
            47.777113914489746,
            48.34389781951904,
            48.91861271858215,
            49.493961334228516,
            50.062392234802246,
            50.81447386741638,
            51.51983380317688,
            52.088245153427124,
            52.77644944190979,
            53.48942518234253,
            54.18277454376221,
            54.75569033622742
        ],