{
    "dataset": "48_chess",
    "model": "OIF",
    "auc": 0.7626096252162113,
    "total_runtime": 16.539154291152954,
    "total_memory_usage": 5.125,
    "Instances": 28056,
    "window_metric": {
        "window_size": 1000,
        "auc_scores": [
            0.8358358358358359,
            0.6815222834251377,
            0.7178289400511623,
            0.7437244600116755,
            0.7411429143314652,
            0.7511257505003336,
            0.7150536097212294,
            0.7376782586940205,
            0.7412348973389669,
            0.7375448528255494,
            0.7415108315681408,
            0.7415568712474984,
            0.7450257850985222,
            0.7519414604981836,
            0.7438805939506548,
            0.7453411666209564,
            0.7457570099746009,
            0.740847002131406,
            0.7434081887509257,
            0.7412487487487488,
            0.7423379408960915,
            0.7490288348835143,
            0.7532343189928706,
            0.7530236049712237,
            0.7495034562232038,
            0.7554710298363811,
            0.7564363974425514,
            0.7627368189696149
        ],
        "runtimes": [
            0.14774298667907715,
            0.35625672340393066,
            1.3405017852783203,
            2.2309679985046387,
            3.3875718116760254,
            4.404149293899536,
            5.237231254577637,
            6.269588232040405,
            7.037998676300049,
            7.601789474487305,
            8.164355039596558,
            8.709304571151733,
            9.233201026916504,
            9.74076533317566,
            10.239020109176636,
            10.733962774276733,
            11.23142385482788,
            11.726115465164185,
            12.21703028678894,
            12.697609663009644,
            13.17849087715149,
            13.655741453170776,
            14.139691352844238,
            14.619386911392212,
            15.092419147491455,
            15.56679892539978,
            16.035404920578003,
            16.50116467475891
        ],
        "memory_usages": [
            2.0,
            2.0,
            2.0,
            2.0,
            2.0,
            2.0,
            3.0,
            3.0,
            3.0,
            3.0,
            4.0,
            4.0,
            4.0,
            4.0,
            4.0,
            4.0,
            4.0,
            5.0,
            5.0,
            5.0,
            5.0,
            5.0,
            5.0,
            4.22265625,
            4.86328125,
            5.86328125,
            5.86328125,
            5.125
        ]
    },
    "run_count": 1,
    "seed": 25
}