{
    "dataset": "51_kddcup99_u2r",
    "model": "OIF",
    "auc": 0.901904886818899,
    "total_runtime": 27.844637155532837,
    "total_memory_usage": 10.8515625,
    "Instances": 60821,
    "window_metric": {
        "window_size": 1000,
        "auc_scores": [
            NaN,
            0.7713856928464232,
            0.7852617539179727,
            0.7924481120280069,
            0.7957591518303662,
            0.79463243873979,
            0.8028202563003192,
            0.7917396198099049,
            0.7640974307640974,
            0.7628828828828829,
            0.7599417599417599,
            0.7300421920812377,
            0.7149626204238921,
            0.7272033942230087,
            0.7381146843261019,
            0.7488258500845388,
            0.741959697942598,
            0.7387046240706134,
            0.7263909395579929,
            0.7292843111106899,
            0.8496378433052325,
            0.8774699359675152,
            0.878478383253484,
            0.8627356448264131,
            0.8857660506987965,
            0.8864745526376946,
            0.8943020612214443,
            0.8956549710950413,
            0.898506869351827,
            0.9026224930611515,
            0.8991589245495495,
            0.9003958141063289,
            0.9012426172206858,
            0.9018240061041387,
            0.8996741961332947,
            0.8990479555350213,
            0.8968670418603808,
            0.8981556649660463,
            0.899330616520188,
            0.9005671347430837,
            0.9002765393017967,
            0.8990531842893641,
            0.8978150715354404,
            0.898596079228018,
            0.8997343323272672,
            0.9003627329667448,
            0.8999822792327336,
            0.9006718065003779,
            0.9012693909528906,
            0.9018878605633748,
            0.90245748032841,
            0.9023751457577197,
            0.9019321470872963,
            0.901857137906607,
            0.9020584839100843,
            0.9006454025288632,
            0.9006314578103117,
            0.9011143017135722,
            0.9018963111685837,
            0.9015498660993647
        ],
        "runtimes": [
            0.1711750030517578,
            0.3361184597015381,
            0.8358328342437744,
            1.3784935474395752,
            1.9989147186279297,
            2.628021001815796,
            3.2823381423950195,
            3.8948171138763428,
            4.759848117828369,
            5.91722297668457,
            6.409475326538086,
            7.166150808334351,
            7.994321823120117,
            8.622760534286499,
            9.351601839065552,
            9.809804201126099,
            10.253533840179443,
            10.714479446411133,
            11.155368566513062,
            11.59420657157898,
            12.002606630325317,
            12.422194242477417,
            12.84483528137207,
            13.265814304351807,
            13.700283765792847,
            14.123299837112427,
            14.530200242996216,
            14.925796747207642,
            15.325064420700073,
            15.731605768203735,
            16.139066457748413,
            16.537801265716553,
            16.93913245201111,
            17.33911418914795,
            17.741227865219116,
            18.142848253250122,
            18.5488178730011,
            18.946637630462646,
            19.34318518638611,
            19.723718643188477,
            20.097963094711304,
            20.4835364818573,
            20.87319254875183,
            21.257319450378418,
            21.6442711353302,
            22.02411150932312,
            22.4073007106781,
            22.825457334518433,
            23.242209911346436,
            23.63505268096924,
            24.0253427028656,
            24.409642696380615,
            24.796749353408813,
            25.188036680221558,
            25.576953887939453,
            25.965741634368896,
            26.35689425468445,
            26.74889087677002,
            27.14072275161743,
            27.52358317375183
        ],
        "memory_usages": [
            3.0,
            3.0,
            3.0,
            4.0,
            4.0,
            4.0,
            4.0,
            5.0,
            5.0,
            5.0,
            5.0,
            5.0,
            6.0,
            6.0,
            6.0,
            6.0,
            6.0,
            6.0,
            6.0,
            7.0,
            7.0,
            7.0,
            7.0,
            7.0,
            7.0,
            7.0,
            8.0,
            6.65234375,
            7.65234375,
            7.65234375,
            7.10546875,
            8.10546875,
            8.10546875,
            7.30859375,
            7.4140625,
            7.48046875,
            7.55078125,
            7.62109375,
            7.72265625,
            7.79296875,
            7.8046875,
            7.88671875,
            7.953125,
            8.06640625,
            8.140625,
            8.2734375,
            8.4140625,
            8.546875,
            8.87890625,
            9.15625,
            9.69921875,
            9.83984375,
            9.9765625,
            10.16796875,
            10.30859375,
            9.640625,
            9.71484375,
            9.78515625,
            9.85546875,
            9.921875
        ]
    },
    "run_count": 2,
    "seed": 99
}