{
    "dataset": "3_backdoor",
    "model": "OIF",
    "auc": 0.6331819877468294,
    "total_runtime": 161.95611715316772,
    "total_memory_usage": 21.109375,
    "Instances": 95329,
    "window_metric": {
        "window_size": 1000,
        "auc_scores": [
            0.6168158114981008,
            0.31102835803721796,
            0.45509996611318193,
            0.5421257341205274,
            0.5920181039493155,
            0.6261304051111287,
            0.6495556358063295,
            0.6671269690117275,
            0.6828013743761385,
            0.6940662306526468,
            0.7025357855679939,
            0.7111350941514586,
            0.7184284879112637,
            0.7245914637089872,
            0.7293867449996518,
            0.7346836421233907,
            0.7389486382718977,
            0.7372859678103317,
            0.7400858712964369,
            0.7376899935454106,
            0.5531599252761533,
            0.5205747410062269,
            0.5163060440759896,
            0.5182295983383083,
            0.5221612251565864,
            0.5339593555480857,
            0.5458490624475077,
            0.542707004474631,
            0.5484327955550005,
            0.5474563983871592,
            0.5508388798784375,
            0.556992529691483,
            0.5594140380465514,
            0.5609553297381377,
            0.5639205783611165,
            0.5613704323848316,
            0.5644563301468304,
            0.5662511298305946,
            0.5707004800753097,
            0.5750756817493179,
            0.5790902568001314,
            0.5829423628508956,
            0.5866614048519577,
            0.5889805476911822,
            0.5912571681967302,
            0.5935803350926356,
            0.595380618334554,
            0.5975310256857238,
            0.6004686062275377,
            0.6024272867258305,
            0.6025065192997094,
            0.6041995574409235,
            0.6055069468480283,
            0.6065073109526838,
            0.6084403298068839,
            0.6102629460447254,
            0.6122179940957301,
            0.612568530946199,
            0.6141270174090808,
            0.6161938395636203,
            0.6186755054089345,
            0.6200415621791486,
            0.6215430214824429,
            0.6233529375696184,
            0.6249538977530914,
            0.6268343757245869,
            0.6284541783937966,
            0.629910978014488,
            0.6307922125520697,
            0.6326509210711085,
            0.6341372521073981,
            0.6353257152186955,
            0.6363939543871495,
            0.6365050078955219,
            0.6365707811603848,
            0.6370060792468433,
            0.6373214351489461,
            0.6380671151360442,
            0.6369254828897652,
            0.6348675924340655,
            0.6346729209160202,
            0.6341187294657445,
            0.6325096212498084,
            0.6316887004966738,
            0.6334424400668324,
            0.6974759728421677,
            0.6858849275767256,
            0.6639209686220295,
            0.6475873979889128,
            0.6497616322964725,
            0.6636532763308216,
            0.6690221673801486,
            0.672547579605514,
            0.6677720126574566,
            0.668165688172043
        ],
        "runtimes": [
            0.4866950511932373,
            1.1101787090301514,
            2.8856000900268555,
            4.724324464797974,
            6.44552206993103,
            8.0538969039917,
            9.832465410232544,
            11.602116584777832,
            13.296047687530518,
            15.014516830444336,
            16.622554302215576,
            18.257604837417603,
            20.14349341392517,
            21.890292644500732,
            23.73851442337036,
            25.35006356239319,
            26.972886323928833,
            28.723400592803955,
            30.353737831115723,
            31.99698758125305,
            33.6612012386322,
            35.32136631011963,
            37.09700155258179,
            38.95383548736572,
            40.761791944503784,
            42.5549259185791,
            44.17207598686218,
            46.005847692489624,
            47.64088320732117,
            49.54040765762329,
            51.1897246837616,
            53.08441376686096,
            54.86875534057617,
            56.51290988922119,
            58.19300985336304,
            59.95156121253967,
            61.703606605529785,
            63.338218212127686,
            65.00323629379272,
            66.65584993362427,
            68.4491171836853,
            70.2648413181305,
            71.90191292762756,
            73.54752087593079,
            75.18506264686584,
            76.90265965461731,
            78.59533071517944,
            80.23118710517883,
            81.87368726730347,
            83.62229657173157,
            85.50104546546936,
            87.13137412071228,
            88.9629282951355,
            90.83431005477905,
            92.82510638237,
            94.46973466873169,
            96.08528351783752,
            97.89015245437622,
            99.64224362373352,
            101.2691400051117,
            103.10591697692871,
            104.72263240814209,
            106.33027172088623,
            107.94523644447327,
            109.82146382331848,
            111.50063991546631,
            113.09547591209412,
            114.97564959526062,
            116.71307897567749,
            118.62360382080078,
            120.2441349029541,
            121.97451519966125,
            123.75401592254639,
            125.36697578430176,
            126.99782133102417,
            128.61052751541138,
            130.21097207069397,
            131.97920536994934,
            133.7093541622162,
            135.36620426177979,
            137.2842779159546,
            138.93590378761292,
            140.59451150894165,
            142.34145975112915,
            144.1232659816742,
            145.78348898887634,
            147.5036063194275,
            149.39009952545166,
            151.19323110580444,
            153.00087809562683,
            154.66641330718994,
            156.4730200767517,
            158.14948344230652,
            159.79827857017517,
            161.40170192718506
        ],