{
    "dataset": "34_smtp",
    "model": "OIF",
    "auc": 0.8478793039407383,
    "total_runtime": 54.202860593795776,
    "total_memory_usage": 13.1015625,
    "Instances": 95156,
    "window_metric": {
        "window_size": 1000,
        "auc_scores": [
            NaN,
            NaN,
            NaN,
            NaN,
            NaN,
            NaN,
            NaN,
            NaN,
            NaN,
            NaN,
            NaN,
            NaN,
            NaN,
            NaN,
            0.977357609710551,
            0.9659001785104243,
            0.966499268671518,
            0.9667751495738376,
            0.9665358079009525,
            0.9662626861306003,
            0.9669319102301425,
            0.966976989899626,
            0.9676573046303764,
            0.966940426064118,
            0.9695915426924792,
            0.9701789974821607,
            0.9697620988660788,
            0.9702810588967954,
            0.9707026051985688,
            0.971141294508866,
            0.9714663765202718,
            0.9709739082277068,
            0.9715463703216083,
            0.9713999882304478,
            0.9716784673052894,
            0.9720764424260228,
            0.971746066079057,
            0.9721363509864536,
            0.9725286000102601,
            0.9725421754757022,
            0.9726474545315125,
            0.9724193778878675,
            0.972740294182159,
            0.9727169683860448,
            0.9727724815974493,
            0.9727432572646334,
            0.9725541346662532,
            0.9725842656489095,
            0.9728420948259269,
            0.9758947863316261,
            0.9758588478738428,
            0.9757786049553709,
            0.9758700739845991,
            0.9756640856550088,
            0.9758441091954023,
            0.8300970075926752,
            0.8304666959192629,
            0.8312424320827942,
            0.831722594319627,
            0.8323041267194665,
            0.8332752767527676,
            0.8239711319923672,
            0.8243579994012719,
            0.8251345619766672,
            0.8258028548610791,
            0.8262566448339416,
            0.826530426025745,
            0.8386096707571535,
            0.839082792917963,
            0.8394034178691763,
            0.8399239320188576,
            0.8403614674301287,
            0.8408862472054321,
            0.8409996648267098,
            0.84109993795302,
            0.8414726308904623,
            0.841652409169777,
            0.842057104343392,
            0.8420555079363485,
            0.8419849609276466,
            0.8421755085579811,
            0.8424375483507834,
            0.8425008488632713,
            0.8427022629733829,
            0.8428879792253665,
            0.8429217711345325,
            0.8427478204189348,
            0.8431704962332807,
            0.8469918699186992,
            0.8472175910488681,
            0.8474317540581144,
            0.8478699575948679,
            0.8479161736760962,
            0.8478056826646801,
            0.8478273840862026
        ],
        "runtimes": [
            0.19752001762390137,
            0.38910698890686035,
            1.021613359451294,
            1.6490905284881592,
            2.179840087890625,
            2.7314975261688232,
            3.2712106704711914,
            3.7883310317993164,
            4.314251184463501,
            4.844279527664185,
            5.49333119392395,
            6.024778604507446,
            6.548430442810059,
            7.0784454345703125,
            7.6084511280059814,
            8.266426801681519,
            8.818367719650269,
            9.35788106918335,
            9.896074771881104,
            10.497506141662598,
            11.102574348449707,
            11.64660906791687,
            12.193350791931152,
            12.73981761932373,
            13.28831171989441,
            13.829142093658447,
            14.378417491912842,
            14.917421579360962,
            15.465442180633545,
            16.010868310928345,
            16.560047388076782,
            17.099247455596924,
            17.652868509292603,
            18.21372699737549,
            18.76402521133423,
            19.312941789627075,
            19.932807445526123,
            20.5498263835907,
            21.10236430168152,
            21.645820379257202,
            22.29278039932251,
            22.932934045791626,
            23.49248719215393,
            24.043636560440063,
            24.598408460617065,
            25.158151626586914,
            25.76235556602478,
            26.35893154144287,
            26.91795563697815,
            27.4647479057312,
            28.01605200767517,
            28.571383714675903,
            29.19071912765503,
            29.806360483169556,
            30.362667083740234,
            30.92129611968994,
            31.483082056045532,
            32.044028997421265,
            32.6015841960907,
            33.16115093231201,
            33.72112512588501,
            34.28021240234375,
            34.84527325630188,
            35.4112184047699,
            35.98094654083252,
            36.66901397705078,
            37.23090386390686,
            37.932480573654175,
            38.502727031707764,
            39.1970739364624,
            39.77180862426758,
            40.348830699920654,
            40.91317391395569,
            41.48646426200867,
            42.060707807540894,
            42.63298416137695,
            43.206403732299805,
            43.87155079841614,
            44.45378279685974,
            45.03646731376648,
            45.68089818954468,
            46.32154202461243,
            46.89984893798828,
            47.48186683654785,
            48.05699586868286,
            48.72425031661987,
            49.346211194992065,
            49.93117547035217,
            50.51541233062744,
            51.096986532211304,
            51.69013977050781,
            52.2760214805603,
            52.85765767097473,
            53.495121479034424,
            54.06767749786377
        ],