{
    "dataset": "49_kddcup99_prob",
    "model": "OIF",
    "auc": 0.8701604954629125,
    "total_runtime": 28.177294731140137,
    "total_memory_usage": 8.3671875,
    "Instances": 64759,
    "window_metric": {
        "window_size": 1000,
        "auc_scores": [
            0.9244910483203927,
            0.9098042800338915,
            0.8958410097653505,
            0.8928560726062996,
            0.902326457984751,
            0.9004245486209254,
            0.9007047791972038,
            0.912808535734907,
            0.9215598794897739,
            0.9290941562608676,
            0.9317993208207206,
            0.840998593418496,
            0.8445412895533473,
            0.8260883218353328,
            0.7928694736585012,
            0.7905442328139219,
            0.801063950158871,
            0.8107462363218397,
            0.819247813543307,
            0.8164555881427453,
            0.8205723411778363,
            0.818270995858178,
            0.8229116029884145,
            0.8276732752701383,
            0.8299546786580485,
            0.8338442705740442,
            0.8395987218845612,
            0.8417940844210829,
            0.8455618462496902,
            0.8487507618452387,
            0.8512708657381511,
            0.8532399772614494,
            0.8544358346537294,
            0.8529176817230973,
            0.8555077218339803,
            0.8571136192525158,
            0.858499292017761,
            0.8591993969485456,
            0.8605500462464586,
            0.8504756887161833,
            0.8491789690013792,
            0.85107654456772,
            0.8530346847369545,
            0.8547089047902736,
            0.8552107488696272,
            0.854802184407943,
            0.8566553764018434,
            0.8581522835187168,
            0.8599138628521689,
            0.8609160361999401,
            0.8614739026123364,
            0.8621510582170275,
            0.8632869124541185,
            0.8641306957117658,
            0.8652345754476791,
            0.8659629794007273,
            0.8664592679854589,
            0.8669575547767152,
            0.8675619459218519,
            0.8676936886038171,
            0.868412452696165,
            0.8692769699879858,
            0.8704227486201647,
            0.8699886376311635
        ],
        "runtimes": [
            0.13722825050354004,
            0.4075953960418701,
            0.9286019802093506,
            1.4215240478515625,
            1.9238834381103516,
            2.4267687797546387,
            3.0000314712524414,
            3.5451576709747314,
            4.0897228717803955,
            4.798567533493042,
            5.457334518432617,
            6.481203079223633,
            7.141669988632202,
            7.657809019088745,
            8.136402368545532,
            8.63917064666748,
            9.091729640960693,
            9.497929573059082,
            9.891921997070312,
            10.291731119155884,
            10.72613787651062,
            11.164235353469849,
            11.591793060302734,
            12.001387119293213,
            12.409106254577637,
            12.821605205535889,
            13.230608701705933,
            13.662360668182373,
            14.090350866317749,
            14.509196043014526,
            14.908952474594116,
            15.301514387130737,
            15.699124574661255,
            16.0949764251709,
            16.488983631134033,
            16.88282585144043,
            17.276630401611328,
            17.670664310455322,
            18.063202142715454,
            18.45120882987976,
            18.856308221817017,
            19.25047254562378,
            19.63741374015808,
            20.012088775634766,
            20.40303659439087,
            20.821927309036255,
            21.211753845214844,
            21.603104829788208,
            21.995378494262695,
            22.386863708496094,
            22.7754909992218,
            23.1611225605011,
            23.549346685409546,
            23.938674449920654,
            24.3289635181427,
            24.720675468444824,
            25.112146615982056,
            25.506627798080444,
            25.901163339614868,
            26.294397354125977,
            26.688364505767822,
            27.083439826965332,
            27.479433059692383,
            27.8725483417511
        ],
        "memory_usages": [
            3.0,
            3.0,
            3.0,
            3.0,
            3.0,
            3.0,
            3.0,
            3.0,
            3.0,
            3.0,
            3.0,
            3.0,
            3.0,
            3.0,
            3.0,
            3.0,
            4.0,
            4.0,
            4.0,
            4.0,
            4.0,
            4.0,
            4.0,
            5.0,
            5.0,
            3.703125,
            4.703125,
            4.703125,
            4.328125,
            4.203125,
            5.203125,
            4.8671875,
            4.453125,
            5.1171875,
            4.84375,
            5.7578125,
            4.99609375,
            5.06640625,
            5.1640625,
            5.2265625,
            5.2890625,
            5.34765625,
            5.41015625,
            5.515625,
            5.578125,
            5.63671875,
            5.69921875,
            5.76171875,
            5.8203125,
            6.453125,
            6.58984375,
            6.72265625,
            6.859375,
            6.99609375,
            7.12890625,
            7.578125,
            7.71875,
            7.85546875,
            6.98828125,
            7.05859375,
            8.39453125,
            8.53515625,
            8.921875,
            9.06640625
        ]
    },
    "run_count": 7,
    "seed": 41
}