{
    "dataset": "1_ALOI",
    "model": "OIF",
    "auc": 0.6066058962756802,
    "total_runtime": 35.21024703979492,
    "total_memory_usage": 6.52734375,
    "Instances": 49534,
    "window_metric": {
        "window_size": 1000,
        "auc_scores": [
            NaN,
            0.19895516594423238,
            0.3650619395396136,
            0.41721253368870576,
            0.42329682700283483,
            0.4377612956484974,
            0.4866601239130561,
            0.5093123182827752,
            0.5430313997176122,
            0.5615690254894292,
            0.5533772821116428,
            0.5511144148225603,
            0.5569756287616989,
            0.56900543668903,
            0.5755940645837084,
            0.5800000970076968,
            0.584770714207932,
            0.5960807056359131,
            0.5866787302842801,
            0.5774943684873981,
            0.579670174147484,
            0.5760078915444004,
            0.5784963598817351,
            0.5828414205392687,
            0.5913232327862841,
            0.5879229335319149,
            0.5840939696689574,
            0.580907914345595,
            0.5749231703189469,
            0.5716072378825868,
            0.5753085357680058,
            0.5740307454649147,
            0.572918354743624,
            0.5729364804264407,
            0.5708892317132782,
            0.5778425997217361,
            0.5824539306649894,
            0.5866724249870107,
            0.586355310176162,
            0.591856473810673,
            0.593774876609331,
            0.5967482426367877,
            0.5985649561795939,
            0.600806586529254,
            0.6042495757017176,
            0.6030628311923748,
            0.6046281113699181,
            0.6055174690217946,
            0.6048448813157642
        ],
        "runtimes": [
            0.19980788230895996,
            0.46797776222229004,
            1.231123924255371,
            1.986196517944336,
            2.7579503059387207,
            3.5152342319488525,
            4.271472930908203,
            5.019574403762817,
            5.748059034347534,
            6.458208084106445,
            7.19280481338501,
            7.961001634597778,
            8.71809720993042,
            9.457161903381348,
            10.193644523620605,
            10.924716711044312,
            11.65866732597351,
            12.386099815368652,
            13.109734296798706,
            13.883779525756836,
            14.62823748588562,
            15.350535154342651,
            16.09331703186035,
            16.81529974937439,
            17.527310371398926,
            18.22647738456726,
            18.971299409866333,
            19.715314626693726,
            20.451061487197876,
            21.19049310684204,
            21.919586181640625,
            22.630937099456787,
            23.377143144607544,
            24.125232219696045,
            24.853147506713867,
            25.583893060684204,
            26.270489931106567,
            26.96275758743286,
            27.670390129089355,
            28.38919448852539,
            29.08698868751526,
            29.80175232887268,
            30.52506923675537,
            31.248308658599854,
            31.969964504241943,
            32.68022346496582,
            33.39747619628906,
            34.10190749168396,
            34.810311794281006
        ],
        "memory_usages": [
            1.0,
            1.0,
            2.0,
            2.0,
            2.0,
            2.0,
            2.0,
            3.0,
            3.0,
            3.0,
            3.0,
            3.0,
            3.0,
            4.0,
            4.0,
            4.0,
            4.0,
            4.0,
            4.0,
            5.0,
            5.0,
            5.0,
            5.0,
            5.0,
            4.62890625,
            4.45703125,
            5.45703125,
            5.45703125,
            5.109375,
            4.73046875,
            5.421875,
            4.87890625,
            5.1953125,
            5.26171875,
            5.36328125,
            5.43359375,
            5.5,
            5.5703125,
            5.67578125,
            5.74609375,
            5.8125,
            5.8828125,
            5.953125,
            6.171875,
            6.32421875,
            6.82421875,
            6.98046875,
            7.1328125,
            7.2890625
        ]
    },
    "run_count": 10,
    "seed": 56
}