{
    "dataset": "49_kddcup99_prob",
    "model": "OIF",
    "auc": 0.8775780557810544,
    "total_runtime": 25.60970687866211,
    "total_memory_usage": 10.48046875,
    "Instances": 64759,
    "window_metric": {
        "window_size": 1000,
        "auc_scores": [
            0.9244643667120254,
            0.9516835010916301,
            0.9502424771998358,
            0.9490619688503341,
            0.9579999404221007,
            0.9595415570211732,
            0.9612068956911215,
            0.9646890710627676,
            0.966915866960631,
            0.9693560378310065,
            0.9688771930330096,
            0.8590813106681079,
            0.8586964925118026,
            0.8447034695703293,
            0.8118827642306472,
            0.8082889818626435,
            0.8166144563289736,
            0.8248578991364895,
            0.8322076422047244,
            0.8288792649165893,
            0.8350408565541272,
            0.8337422231431869,
            0.8374412739306256,
            0.8413648657439197,
            0.8437962132317978,
            0.8471692853548058,
            0.8525280590753996,
            0.8532366966439645,
            0.8576990987617571,
            0.860579245072545,
            0.8629385062435283,
            0.8650257046197141,
            0.8657300480398477,
            0.8646115359618404,
            0.8667449916056451,
            0.867936104360652,
            0.8688803278270623,
            0.8693003260112561,
            0.8698778752836968,
            0.8615340312518925,
            0.8603001690708616,
            0.8618225109043991,
            0.8634982538387752,
            0.8650926740123294,
            0.8655521961477158,
            0.8653752500027145,
            0.8669728572135678,
            0.8682052409965388,
            0.8698182950077246,
            0.8707272293567873,
            0.8713888638328886,
            0.8715906251981171,
            0.8724868028888465,
            0.8732013297451101,
            0.8740121606513533,
            0.8743979040559539,
            0.8746465856112957,
            0.8749180382163234,
            0.875129533801237,
            0.8752080420269184,
            0.8758420075438133,
            0.8766550484990141,
            0.8777414883712868,
            0.877591758064651
        ],
        "runtimes": [
            0.1343832015991211,
            0.5029582977294922,
            1.1611967086791992,
            1.6531562805175781,
            2.108119487762451,
            2.5639846324920654,
            3.000009298324585,
            3.4409801959991455,
            3.8687825202941895,
            4.279476165771484,
            4.657288312911987,
            5.0560386180877686,
            5.4900267124176025,
            5.9196953773498535,
            6.327555894851685,
            6.752826452255249,
            7.14643406867981,
            7.513907194137573,
            7.872112512588501,
            8.236042022705078,
            8.639209270477295,
            9.049449443817139,
            9.451315879821777,
            9.827915906906128,
            10.209844589233398,
            10.603708982467651,
            11.002421617507935,
            11.411685943603516,
            11.81498646736145,
            12.213105201721191,
            12.597745656967163,
            12.981346607208252,
            13.371585369110107,
            13.762516736984253,
            14.157870292663574,
            14.589807748794556,
            14.97173810005188,
            15.355705976486206,
            15.74022388458252,
            16.12836194038391,
            16.53083324432373,
            16.91634774208069,
            17.297860860824585,
            17.66454243659973,
            18.02693271636963,
            18.40446448326111,
            18.786230325698853,
            19.16666340827942,
            19.548499584197998,
            19.932631492614746,
            20.318078994750977,
            20.703768491744995,
            21.09895920753479,
            21.48474359512329,
            21.86390233039856,
            22.243547677993774,
            22.624573469161987,
            23.0135600566864,
            23.39938712120056,
            23.784637928009033,
            24.169309854507446,
            24.553345680236816,
            24.935470581054688,
            25.31350541114807
        ],
        "memory_usages": [
            3.0,
            3.0,
            4.0,
            4.0,
            4.0,
            4.0,
            4.0,
            4.0,
            4.0,
            4.0,
            4.0,
            4.0,
            4.0,
            5.0,
            5.0,
            5.0,
            5.0,
            5.0,
            5.0,
            6.0,
            6.0,
            6.0,
            6.0,
            6.0,
            6.0,
            6.0,
            7.0,
            5.52734375,
            6.52734375,
            6.52734375,
            6.30859375,
            6.04296875,
            7.04296875,
            5.6640625,
            6.41015625,
            5.8359375,
            6.6796875,
            5.97265625,
            6.078125,
            6.1484375,
            6.21875,
            6.28515625,
            6.35546875,
            6.46484375,
            6.53515625,
            6.6015625,
            6.671875,
            6.7421875,
            6.80859375,
            6.98046875,
            7.0546875,
            7.1796875,
            7.3046875,
            7.4296875,
            7.91015625,
            8.62890625,
            8.74609375,
            8.8671875,
            8.984375,
            8.05078125,
            9.046875,
            9.125,
            9.26171875,
            9.48046875
        ]
    },
    "run_count": 10,
    "seed": 72
}