{
    "dataset": "49_kddcup99_prob",
    "model": "OIF",
    "auc": 0.8682870803401291,
    "total_runtime": 29.50029468536377,
    "total_memory_usage": 10.68359375,
    "Instances": 64759,
    "window_metric": {
        "window_size": 1000,
        "auc_scores": [
            0.8191253768777181,
            0.9165122680945165,
            0.9291406751709664,
            0.9398198855259698,
            0.9500477655485783,
            0.9495254099338519,
            0.9509565602127096,
            0.9559949868663944,
            0.9586112158659446,
            0.9619917836481391,
            0.9641045202257784,
            0.8626828299799607,
            0.8624951591860984,
            0.8520080158868619,
            0.8184228170185809,
            0.8179208967337311,
            0.8264040216507796,
            0.8343913397272339,
            0.8411721977952755,
            0.8366866376773935,
            0.8385584143317912,
            0.8354710451303635,
            0.8389551376374462,
            0.8425781070434751,
            0.8449130430825065,
            0.8480717427063115,
            0.8528975844544304,
            0.8530137086843039,
            0.8562904397834319,
            0.85904583764935,
            0.8611500524387834,
            0.862583989474922,
            0.8635321198567512,
            0.8610620723742004,
            0.8630720589210295,
            0.8642470114728011,
            0.8651279511490967,
            0.8653631976375902,
            0.866325373347855,
            0.8555854158159149,
            0.8538847268886558,
            0.8556578755626452,
            0.8573396429410345,
            0.858805534330864,
            0.8590947337752037,
            0.8585860124055662,
            0.8603520747342691,
            0.8617536293396018,
            0.8634194292717603,
            0.8642980649176326,
            0.8648256112601447,
            0.8648311119953801,
            0.8656235829529109,
            0.8662510558736987,
            0.8669648457402543,
            0.8670907367173614,
            0.8671317498058342,
            0.8669538956737747,
            0.8668004672628571,
            0.8665669560466351,
            0.8670230689773086,
            0.8676097170256236,
            0.8685925098323376,
            0.8683068603741916
        ],
        "runtimes": [
            0.12234306335449219,
            0.29720616340637207,
            0.8815450668334961,
            1.519442081451416,
            1.9857969284057617,
            2.706578254699707,
            4.008485555648804,
            5.309826135635376,
            5.984992742538452,
            6.89814829826355,
            7.4849584102630615,
            7.942847967147827,
            8.758195638656616,
            9.283643960952759,
            9.763349056243896,
            10.251380920410156,
            10.68654990196228,
            11.082931995391846,
            11.471577405929565,
            11.86088252067566,
            12.283993244171143,
            12.713567733764648,
            13.133789539337158,
            13.520508527755737,
            13.914751768112183,
            14.311653852462769,
            14.711511135101318,
            15.133898496627808,
            15.55037236213684,
            15.950446367263794,
            16.341851711273193,
            16.734678745269775,
            17.13412594795227,
            17.536354541778564,
            17.929736375808716,
            18.323726892471313,
            18.718669652938843,
            19.110264539718628,
            19.49738621711731,
            19.88748860359192,
            20.29210638999939,
            20.683067798614502,
            21.0654137134552,
            21.432113647460938,
            21.792531728744507,
            22.211934804916382,
            22.617421627044678,
            23.000438451766968,
            23.383270740509033,
            23.764078617095947,
            24.148670196533203,
            24.533007383346558,
            24.921064615249634,
            25.306726217269897,
            25.691399574279785,
            26.077622890472412,
            26.46313977241516,
            26.85472869873047,
            27.245848178863525,
            27.63750982284546,
            28.029881715774536,
            28.422411680221558,
            28.814565181732178,
            29.201454639434814
        ],
        "memory_usages": [
            4.0,
            4.0,
            4.0,
            4.0,
            4.0,
            4.0,
            4.0,
            4.0,
            4.0,
            4.0,
            4.0,
            4.0,
            5.0,
            5.0,
            5.0,
            5.0,
            5.0,
            5.0,
            5.0,
            6.0,
            6.0,
            6.0,
            6.0,
            6.0,
            6.0,
            6.0,
            5.34375,
            6.34375,
            5.9609375,
            5.75390625,
            6.75390625,
            7.75390625,
            7.6875,
            6.96875,
            7.3359375,
            7.40625,
            7.4765625,
            7.546875,
            7.64453125,
            7.70703125,
            7.76953125,
            7.828125,
            7.890625,
            7.99609375,
            8.05859375,
            8.13671875,
            8.26171875,
            8.328125,
            8.44140625,
            8.65625,
            8.78125,
            8.90625,
            9.63671875,
            9.7734375,
            9.90625,
            10.140625,
            10.27734375,
            9.40234375,
            9.46875,
            9.5390625,
            10.6796875,
            10.765625,
            10.23828125,
            10.4609375
        ]
    },
    "run_count": 5,
    "seed": 83
}