{
    "dataset": "48_chess",
    "model": "OIF",
    "auc": 0.899762547520227,
    "total_runtime": 16.717103242874146,
    "total_memory_usage": 4.9453125,
    "Instances": 28056,
    "window_metric": {
        "window_size": 1000,
        "auc_scores": [
            0.960960960960961,
            0.8552829243865799,
            0.877877877877878,
            0.8900008339588026,
            0.9058246597277823,
            0.9082721814543029,
            0.8949821300929236,
            0.9086189642231673,
            0.9094581572900452,
            0.8853340195279553,
            0.8869540356850463,
            0.8821506004002669,
            0.8836784174876847,
            0.8952163713047264,
            0.8788539811426312,
            0.880455754916254,
            0.8819069485795025,
            0.8873505699193772,
            0.8858731186727443,
            0.8927327327327327,
            0.893615347950429,
            0.8984918504459886,
            0.9007331123050506,
            0.9011461263734181,
            0.8910771823120749,
            0.8944954764196343,
            0.8960409168943313,
            0.8997485670706277
        ],
        "runtimes": [
            0.14215373992919922,
            0.35247254371643066,
            1.0556766986846924,
            2.054036855697632,
            3.5876545906066895,
            4.407098054885864,
            5.582237243652344,
            6.33648157119751,
            7.271915674209595,
            7.845268249511719,
            8.400740146636963,
            8.946493148803711,
            9.4663724899292,
            9.97264838218689,
            10.473306894302368,
            10.975455284118652,
            11.47206711769104,
            11.968278169631958,
            12.454977989196777,
            12.931382656097412,
            13.408074140548706,
            13.880564451217651,
            14.35402226448059,
            14.825244188308716,
            15.293231964111328,
            15.76148533821106,
            16.220032453536987,
            16.679796934127808
        ],
        "memory_usages": [
            2.0,
            2.0,
            3.0,
            3.0,
            3.0,
            3.0,
            3.0,
            3.0,
            3.0,
            3.0,
            4.0,
            4.0,
            4.0,
            4.0,
            4.0,
            4.0,
            4.0,
            4.0,
            5.0,
            5.0,
            5.0,
            5.0,
            3.98046875,
            4.98046875,
            4.68359375,
            5.68359375,
            5.68359375,
            4.9453125
        ]
    },
    "run_count": 4,
    "seed": 54
}