{
    "dataset": "34_smtp",
    "model": "OIF",
    "auc": 0.8935839483071575,
    "total_runtime": 55.44202136993408,
    "total_memory_usage": 13.15234375,
    "Instances": 95156,
    "window_metric": {
        "window_size": 1000,
        "auc_scores": [
            NaN,
            NaN,
            NaN,
            NaN,
            NaN,
            NaN,
            NaN,
            NaN,
            NaN,
            NaN,
            NaN,
            NaN,
            NaN,
            NaN,
            0.9828486950335689,
            0.9826974801641719,
            0.9826881189688043,
            0.9829877133485296,
            0.9828465630330063,
            0.9826079259210795,
            0.9830737709424515,
            0.982996945747662,
            0.9836228503736226,
            0.9832313015704018,
            0.9844570102114327,
            0.985013908588141,
            0.9845343087950366,
            0.984818940082286,
            0.9849557914658307,
            0.9850454021400464,
            0.9851292288683368,
            0.9848750792757546,
            0.9853076196828092,
            0.9850694823919093,
            0.985300242545998,
            0.9856670451207215,
            0.985341944056052,
            0.9855943167031462,
            0.9858319103560985,
            0.9856914205686276,
            0.9857773734585329,
            0.9857027172322746,
            0.9859821470113194,
            0.9858656325714026,
            0.9859305434706671,
            0.9859569061391354,
            0.9859730253996632,
            0.986049502533477,
            0.986175350391657,
            0.9876873099391806,
            0.987698346540091,
            0.9876608668051708,
            0.9877203495394836,
            0.9876028082394783,
            0.9876986941655754,
            0.8816185797230907,
            0.8821974550241334,
            0.8830771884432944,
            0.8836110216193303,
            0.8844518549395581,
            0.8853129971299712,
            0.8736379223688213,
            0.8741435924037991,
            0.8749507170559802,
            0.8755488747177602,
            0.8761642669756595,
            0.876545053258057,
            0.8852786609299401,
            0.8858255768666391,
            0.8861281939956407,
            0.8866681339974221,
            0.8871978608242113,
            0.8877022000709777,
            0.8878684517091741,
            0.8881342164947457,
            0.8885822584752167,
            0.8888081001398198,
            0.8892395448528829,
            0.8893635769394177,
            0.8893879203625107,
            0.8898358245757635,
            0.8900978016194963,
            0.8901477416912182,
            0.8905603289148676,
            0.8907176850195138,
            0.890786347762016,
            0.8907860289537655,
            0.8913384073670046,
            0.8933086058971189,
            0.893388536919714,
            0.8937836649444872,
            0.8942223913595013,
            0.8939844394249041,
            0.8935631939271399,
            0.8935390123196799
        ],
        "runtimes": [
            0.13964414596557617,
            0.32721590995788574,
            0.8497421741485596,
            1.370300054550171,
            1.9686088562011719,
            2.571065902709961,
            3.105998992919922,
            3.622018575668335,
            4.15874171257019,
            4.757001161575317,
            5.347208499908447,
            5.877063035964966,
            6.404756546020508,
            6.934452772140503,
            7.469321966171265,
            8.01100468635559,
            8.558286666870117,
            9.10747241973877,
            9.651058673858643,
            10.294508695602417,
            10.922534704208374,
            11.47347354888916,
            12.094510078430176,
            12.664783239364624,
            13.234457731246948,
            13.788527488708496,
            14.340104818344116,
            14.890408754348755,
            15.441643476486206,
            16.0136296749115,
            16.577731370925903,
            17.133819103240967,
            17.693774461746216,
            18.38833975791931,
            18.956269025802612,
            19.64941668510437,
            20.21944570541382,
            20.797940015792847,
            21.369586944580078,
            21.932778358459473,
            22.490782499313354,
            23.0290629863739,
            23.721375226974487,
            24.29072856903076,
            24.857754945755005,
            25.427674055099487,
            25.996471881866455,
            26.56309461593628,
            27.127854585647583,
            27.774386405944824,
            28.3823459148407,
            28.949556827545166,
            29.513482332229614,
            30.136340618133545,
            30.702263832092285,
            31.271738052368164,
            31.838297367095947,
            32.40463972091675,
            33.13081622123718,
            33.90547323226929,
            34.543782472610474,
            35.13211989402771,
            35.72268009185791,
            36.310575008392334,
            36.89738750457764,
            37.6388738155365,
            38.23188018798828,
            38.8296275138855,
            39.419601917266846,
            40.0064377784729,
            40.591092109680176,
            41.17785120010376,
            41.761415004730225,
            42.3534197807312,
            42.94539785385132,
            43.53546357154846,
            44.12430667877197,
            44.88353633880615,
            45.59643483161926,
            46.19508934020996,
            46.7922682762146,
            47.39578032493591,
            47.990413427352905,
            48.58832359313965,
            49.186588525772095,
            49.782413959503174,
            50.44687533378601,
            51.092629194259644,
            51.687565088272095,
            52.2699179649353,
            52.92053699493408,
            53.52399778366089,
            54.11123585700989,
            54.705302715301514,
            55.301130294799805
        ],