{
    "dataset": "5_campaign",
    "model": "OIF",
    "auc": 0.6416569388673563,
    "total_runtime": 42.945213317871094,
    "total_memory_usage": 7.53125,
    "Instances": 41188,
    "window_metric": {
        "window_size": 1000,
        "auc_scores": [
            0.5773954190602445,
            0.6042363272992813,
            0.6193727053254646,
            0.6172682880576494,
            0.6259386495606968,
            0.6289276321662283,
            0.6388423493432064,
            0.634346198868976,
            0.6336915667638774,
            0.6362273755656109,
            0.6347357236324892,
            0.6347549897041376,
            0.6371700034192062,
            0.6372754996114997,
            0.6373780177661166,
            0.6386646556084405,
            0.6394992826951521,
            0.6425082562297006,
            0.6422606961167887,
            0.6428813681487661,
            0.64187919838342,
            0.6434252232664677,
            0.6410243814545563,
            0.6406743060189722,
            0.6428272781576932,
            0.6446615005666732,
            0.6442973983838192,
            0.6441761912863263,
            0.6438517672588804,
            0.6448783565351255,
            0.6446857355335232,
            0.6425078082388263,
            0.6421403586589722,
            0.6422559802546233,
            0.6415773402309954,
            0.6411397216455731,
            0.641838917699694,
            0.6422791877558097,
            0.6427696390813169,
            0.6420179871853925,
            0.6418215033316008
        ],
        "runtimes": [
            0.2772939205169678,
            0.6337635517120361,
            1.6870296001434326,
            2.8303751945495605,
            3.930539131164551,
            5.292620658874512,
            6.322019577026367,
            7.3567774295806885,
            8.528156757354736,
            9.54065465927124,
            10.562341451644897,
            11.592259168624878,
            12.614089965820312,
            13.632819890975952,
            14.66542935371399,
            15.692655563354492,
            16.70301866531372,
            17.750750064849854,
            18.783878087997437,
            19.980032444000244,
            21.07214593887329,
            22.088651180267334,
            23.098958492279053,
            24.119008541107178,
            25.205119848251343,
            26.23585820198059,
            27.510494470596313,
            28.696741104125977,
            29.839625597000122,
            30.922404289245605,
            32.015278339385986,
            33.02352595329285,
            34.03804111480713,
            35.05959343910217,
            36.084264039993286,
            37.363563776016235,
            38.37749433517456,
            39.40893864631653,
            40.561245918273926,
            41.59300899505615,
            42.73342156410217
        ],
        "memory_usages": [
            2.0,
            3.0,
            4.0,
            4.0,
            4.0,
            4.0,
            4.0,
            4.0,
            5.0,
            5.0,
            5.0,
            5.0,
            5.0,
            5.0,
            5.0,
            5.0,
            5.0,
            6.0,
            6.0,
            6.0,
            6.0,
            7.0,
            7.0,
            5.8984375,
            6.8984375,
            6.8984375,
            6.8984375,
            6.8984375,
            7.8984375,
            7.8984375,
            6.52734375,
            6.5859375,
            6.6484375,
            6.7109375,
            6.8046875,
            6.859375,
            6.921875,
            7.2734375,
            7.67578125,
            7.796875,
            7.94921875
        ]
    },
    "run_count": 6,
    "seed": 31
}