{
    "dataset": "8_celeba",
    "model": "OIF",
    "auc": 0.6877916356155669,
    "total_runtime": 210.82695412635803,
    "total_memory_usage": 25.87109375,
    "Instances": 202599,
    "window_metric": {
        "window_size": 1000,
        "auc_scores": [
            0.584559585492228,
            0.6395189823096801,
            0.6675728272565529,
            0.6507822370509567,
            0.6723811214886891,
            0.681969253080125,
            0.6828986653032498,
            0.6963638913792156,
            0.6917711457185141,
            0.6851940317622951,
            0.6830973511450189,
            0.6804945875720415,
            0.687682533095253,
            0.691773646463226,
            0.6874001271685373,
            0.6899963197410395,
            0.6899597844226193,
            0.6918175519607908,
            0.6895929492835053,
            0.6877437706910543,
            0.6906403060942756,
            0.6945607239618466,
            0.6951113394231634,
            0.6925153560470261,
            0.6896979675615059,
            0.6931475667516025,
            0.6933898308619268,
            0.6943270255844367,
            0.6935871376944096,
            0.692126246886619,
            0.6893110599686934,
            0.685832388124892,
            0.6877408662129164,
            0.68595033223999,
            0.6820332084325156,
            0.6834208476734762,
            0.683502153485382,
            0.6811379459607734,
            0.6811831061507043,
            0.6796755190687727,
            0.680562378959635,
            0.6824221041340643,
            0.6837658600561708,
            0.682897584361184,
            0.6823163261826826,
            0.6847836826810302,
            0.68587442808914,
            0.6850996643597929,
            0.6853685401811114,
            0.6856105939631395,
            0.6844514763370733,
            0.6839963813246392,
            0.6858954670494958,
            0.6868152521821596,
            0.68740832929055,
            0.6849570710013341,
            0.6864086100989659,
            0.6850496440886592,
            0.6869829507509279,
            0.6869051550863279,
            0.6878463555518681,
            0.6879131235992763,
            0.6857568455904691,
            0.6849951889216042,
            0.685855183800997,
            0.6859263342291474,
            0.6844195347174056,
            0.6856473113333329,
            0.6857449335955067,
            0.685702078042317,
            0.6848348165236595,
            0.6838393743741575,
            0.6832736861359833,
            0.6831885532074078,
            0.6830873988343767,
            0.6845638152165306,
            0.6848715343199563,
            0.6834038003628917,
            0.6823886633027432,
            0.6823698756707532,
            0.6817203565244485,
            0.6820952682880558,
            0.682220574336917,
            0.6818850188875485,
            0.6823592799536222,
            0.682471059323227,
            0.6836367658639037,
            0.6841174761496207,
            0.6843381819576172,
            0.685063213068182,
            0.6852888005725315,
            0.6844136479148513,
            0.683989054615992,
            0.6835931598455015,
            0.684862454355329,
            0.6857182313493123,
            0.6860132274440616,
            0.6867762055537358,
            0.6859840535877578,
            0.6846746538843448,
            0.684386464527541,
            0.6841123599742414,
            0.6833474611300999,
            0.6830527157586521,
            0.6833160809452943,
            0.6826340518014732,
            0.68322087093109,
            0.683581375703577,
            0.683300051828964,
            0.6840987332364137,
            0.6837642283426013,
            0.6836044483425773,
            0.683729603527625,
            0.6843636472517387,
            0.6850393504619601,
            0.6849126811272122,
            0.6849345312113346,
            0.6848846692951196,
            0.6853609973181939,
            0.6856153593850465,
            0.6854110017144297,
            0.6850262857088563,
            0.6848129747646544,
            0.6847780687919615,
            0.6855197545987833,
            0.6856400007572312,
            0.6843490690761792,
            0.6845625547541504,
            0.6834437650887437,
            0.6832481502141159,
            0.683543931638149,
            0.6842473828880546,
            0.6841030752004704,
            0.685186404398155,
            0.6856051250899036,
            0.6862895595215744,
            0.6868456912486648,
            0.686244513437908,
            0.6856687778060756,
            0.6847800312413158,
            0.684480848772528,
            0.6836722042654443,
            0.6832438639678308,
            0.6829275613066156,
            0.6829820495168325,
            0.6830731147505733,
            0.6833778137514165,
            0.6827839222205986,
            0.6829322422573025,
            0.6828377723532676,
            0.6829247005794097,
            0.6828680857447724,
            0.6835383034865156,
            0.6836323069567612,
            0.6834036010086532,
            0.6841326095254949,
            0.6837557390139668,
            0.6836367089108376,
            0.6842735271069948,
            0.6842569184168966,
            0.6843759642044981,
            0.6836436916084535,
            0.6835493779467026,
            0.6832902658196743,
            0.6837009575296535,
            0.6840612626976863,
            0.6842011223315181,
            0.6845711263175792,
            0.6839679384634385,
            0.6844081747047597,
            0.6848099564395207,
            0.6842157569292995,
            0.6848403422688298,
            0.68391384335307,
            0.6835650754335663,
            0.6837197876663037,
            0.6846850285878688,
            0.6848458500121928,
            0.6850890278522489,
            0.685238329104158,
            0.6852392370947387,
            0.6858274793338,
            0.6860830785350779,
            0.6866185208648211,
            0.686491932036067,
            0.6873377629866498,
            0.6877225339146879,
            0.6873243418375139,
            0.6874210406430308,
            0.6871695898434299,
            0.6864431999955543,
            0.6864018511564716,
            0.6867254089596427,
            0.6870644647884336,
            0.6871968034075355,
            0.6873485385705937,
            0.6872270121178093,
            0.6875928060276627,
            0.6876711663158694,
            0.6879216636055072,
            0.6878388907218775,
            0.6876929814152642
        ],