{
    "dataset": "1_ALOI",
    "model": "OIF",
    "auc": 0.6154017369680724,
    "total_runtime": 38.09203314781189,
    "total_memory_usage": 7.62890625,
    "Instances": 49534,
    "window_metric": {
        "window_size": 1000,
        "auc_scores": [
            NaN,
            0.1757779646761985,
            0.3633743359811123,
            0.4285368351137433,
            0.4442441001941535,
            0.4646589516050934,
            0.5062409320719213,
            0.5204195410470508,
            0.5581786797163659,
            0.5785552106460629,
            0.5745909440981153,
            0.5810927942067267,
            0.5925852813305255,
            0.6042804795599689,
            0.6057394951011347,
            0.6116131666167596,
            0.6117146284451768,
            0.6201436143623369,
            0.6123825988507972,
            0.6096143231484143,
            0.6072942391927368,
            0.6040885270100876,
            0.6085107665747936,
            0.6139242965727632,
            0.6182730358909924,
            0.6166182504891977,
            0.6124369490652084,
            0.6087359188760653,
            0.6031460176888691,
            0.5990015904692498,
            0.6019352773273766,
            0.5980590290935118,
            0.5952950326149102,
            0.5922452733519223,
            0.5874996554860403,
            0.5913576507649796,
            0.5968684503490308,
            0.6012401867957833,
            0.6003811847676931,
            0.6056278427485431,
            0.6071463185909324,
            0.6110150683725456,
            0.6128227140906777,
            0.6138413072480986,
            0.6166278849782674,
            0.6153957490286455,
            0.615265595419931,
            0.615876899388412,
            0.6142137773978854
        ],
        "runtimes": [
            0.18193626403808594,
            0.4276869297027588,
            1.3527183532714844,
            2.335291624069214,
            3.1029820442199707,
            3.8676915168762207,
            4.860074281692505,
            5.584914922714233,
            6.275804042816162,
            6.940823793411255,
            7.701355934143066,
            8.57426381111145,
            9.290220260620117,
            10.000436067581177,
            10.70503854751587,
            11.523582220077515,
            12.2184317111969,
            13.164110898971558,
            13.864436864852905,
            14.590044021606445,
            15.499225616455078,
            16.344842195510864,
            17.08630084991455,
            17.808757305145264,
            18.49285650253296,
            19.181050539016724,
            19.88879919052124,
            20.62085509300232,
            21.435269117355347,
            22.22364068031311,
            23.030337810516357,
            23.955573797225952,
            24.775434970855713,
            25.62774658203125,
            26.4359347820282,
            27.374950647354126,
            28.079198360443115,
            28.780750036239624,
            29.48399543762207,
            30.510523557662964,
            31.225603103637695,
            32.1401789188385,
            32.91728639602661,
            33.74961733818054,
            34.464025259017944,
            35.174813985824585,
            35.934887647628784,
            36.911290407180786,
            37.670236349105835
        ],
        "memory_usages": [
            2.0,
            2.0,
            3.0,
            3.0,
            3.0,
            3.0,
            3.0,
            3.0,
            3.0,
            3.0,
            3.0,
            3.0,
            3.0,
            4.0,
            4.0,
            4.0,
            4.0,
            4.0,
            4.0,
            5.0,
            5.0,
            5.0,
            5.0,
            5.0,
            5.0,
            4.43359375,
            5.43359375,
            5.43359375,
            4.66796875,
            5.66796875,
            4.83203125,
            4.921875,
            5.0703125,
            5.21875,
            5.43359375,
            5.58203125,
            5.73046875,
            5.87890625,
            6.40234375,
            7.54296875,
            7.6953125,
            6.8046875,
            6.875,
            6.98828125,
            7.0625,
            7.13671875,
            7.2109375,
            7.28125,
            7.35546875
        ]
    },
    "run_count": 2,
    "seed": 62
}