{
    "dataset": "50_bank",
    "model": "OIF",
    "auc": 0.5723649437867254,
    "total_runtime": 20.14916968345642,
    "total_memory_usage": 4.95703125,
    "Instances": 41188,
    "window_metric": {
        "window_size": 1000,
        "auc_scores": [
            0.4623638607221417,
            0.5273116396711903,
            0.5136589423876822,
            0.523270763692466,
            0.5282119393444369,
            0.5275409109187598,
            0.5175261724365587,
            0.5355267096774193,
            0.537988514134539,
            0.5290796433204354,
            0.5147427137254902,
            0.5138638045891932,
            0.5224061917328443,
            0.5177374171933086,
            0.5070886681638921,
            0.5100067235410853,
            0.505851480463654,
            0.5107999539405503,
            0.5052289877869637,
            0.5022210879650808,
            0.49422521062700975,
            0.49596749715990396,
            0.49622180444446395,
            0.49594903647388994,
            0.5187115769283263,
            0.5156265017957906,
            0.5121919194659369,
            0.5459063927116268,
            0.5524364525664079,
            0.5498563273807228,
            0.5426399913336353,
            0.5404689353340627,
            0.537044346738454,
            0.5333594448926817,
            0.5305580916840005,
            0.5333232289154827,
            0.5544239669698003,
            0.5555075980786351,
            0.5666044019971463,
            0.5708475670992652,
            0.571720724935249
        ],
        "runtimes": [
            0.14989280700683594,
            0.4545867443084717,
            1.2622766494750977,
            1.9597127437591553,
            2.9343249797821045,
            3.6458213329315186,
            4.305965185165405,
            4.81550931930542,
            5.357197523117065,
            5.865800142288208,
            6.357924222946167,
            6.832174062728882,
            7.322829723358154,
            7.816754579544067,
            8.30152702331543,
            8.786579608917236,
            9.264162302017212,
            9.730916500091553,
            10.197649478912354,
            10.639827013015747,
            11.09776496887207,
            11.547569513320923,
            11.98254656791687,
            12.428242206573486,
            12.87826943397522,
            13.322455644607544,
            13.743104219436646,
            14.163673162460327,
            14.614072322845459,
            15.058048725128174,
            15.507413864135742,
            15.948705911636353,
            16.385878801345825,
            16.845940113067627,
            17.334572076797485,
            17.7783625125885,
            18.237018823623657,
            18.681593656539917,
            19.133569717407227,
            19.58849787712097,
            20.047903299331665
        ],
        "memory_usages": [
            2.0,
            3.0,
            3.0,
            3.0,
            3.0,
            3.0,
            3.0,
            3.0,
            3.0,
            3.0,
            3.0,
            3.0,
            3.0,
            4.0,
            4.0,
            4.0,
            4.0,
            4.0,
            4.0,
            4.0,
            4.0,
            5.0,
            5.0,
            5.0,
            3.83984375,
            4.83984375,
            4.83984375,
            4.578125,
            4.10546875,
            4.84375,
            4.49609375,
            4.5625,
            4.6328125,
            4.703125,
            4.80859375,
            4.875,
            4.94140625,
            5.01171875,
            5.1171875,
            5.1875,
            5.2578125
        ]
    },
    "run_count": 8,
    "seed": 49
}