{
    "dataset": "48_chess",
    "model": "OIF",
    "auc": 0.7313483521696444,
    "total_runtime": 15.636988401412964,
    "total_memory_usage": 4.40234375,
    "Instances": 28056,
    "window_metric": {
        "window_size": 1000,
        "auc_scores": [
            0.8068068068068068,
            0.6521448839926557,
            0.6880213546880213,
            0.7140355266449837,
            0.676691353082466,
            0.6852901934623082,
            0.6681629735525374,
            0.6847635726795096,
            0.688329256541398,
            0.6785607067804607,
            0.680874842432197,
            0.6932538358905938,
            0.6964381927339902,
            0.712026982239292,
            0.7099537547926151,
            0.7121507378591259,
            0.7053161427057577,
            0.7137985358168845,
            0.7101586248996781,
            0.7151476476476477,
            0.7168946615824594,
            0.7230603238155902,
            0.7209959724321288,
            0.7215496781140287,
            0.7136774528218135,
            0.7209162656400385,
            0.7267468388362583,
            0.7313997227485234
        ],
        "runtimes": [
            0.13905715942382812,
            0.33722519874572754,
            0.9054667949676514,
            1.5089869499206543,
            2.112860918045044,
            2.7800064086914062,
            3.335252285003662,
            4.21924352645874,
            5.153546333312988,
            6.049121618270874,
            6.974886894226074,
            7.741445302963257,
            8.29951548576355,
            8.841084957122803,
            9.374096393585205,
            9.884753704071045,
            10.379756689071655,
            10.873956680297852,
            11.361523866653442,
            11.851340770721436,
            12.342949151992798,
            12.818027257919312,
            13.284427642822266,
            13.751307249069214,
            14.214426755905151,
            14.679952144622803,
            15.14268183708191,
            15.600505113601685
        ],
        "memory_usages": [
            2.0,
            3.0,
            3.0,
            3.0,
            3.0,
            3.0,
            3.0,
            3.0,
            3.0,
            3.0,
            3.0,
            3.0,
            3.0,
            3.0,
            3.0,
            3.0,
            3.0,
            4.0,
            4.0,
            4.0,
            4.0,
            4.0,
            4.0,
            3.23828125,
            3.76171875,
            4.76171875,
            4.76171875,
            4.61328125
        ]
    },
    "run_count": 2,
    "seed": 38
}