{
    "dataset": "50_bank",
    "model": "OIF",
    "auc": 0.5856750558075728,
    "total_runtime": 21.181411743164062,
    "total_memory_usage": 3.94921875,
    "Instances": 41188,
    "window_metric": {
        "window_size": 1000,
        "auc_scores": [
            0.46885562530178654,
            0.5204533294420935,
            0.49612183170721147,
            0.517697177764033,
            0.5238893426613161,
            0.5175232422772873,
            0.502870179570209,
            0.5185388387096774,
            0.5310640805097376,
            0.5229531625761512,
            0.5071234509803921,
            0.5053182827535159,
            0.5165195514982734,
            0.5140701147181054,
            0.5061495329492705,
            0.5104164153953775,
            0.5067683327006566,
            0.5095906375029929,
            0.5036922759276893,
            0.5024033792913843,
            0.4966684839398483,
            0.49644999521192185,
            0.49627753416185133,
            0.496484552168052,
            0.520276095256418,
            0.516306222688423,
            0.5131331058171555,
            0.5497330194799367,
            0.5579025676136564,
            0.5527010172215943,
            0.5430141166868854,
            0.5413392267911845,
            0.5387008314802619,
            0.5348995676819936,
            0.5325886697193076,
            0.5317871250213189,
            0.5590380663682172,
            0.5601504500433766,
            0.5761088875109557,
            0.5813726552316146,
            0.5853786916004475
        ],
        "runtimes": [
            0.21158885955810547,
            0.553325891494751,
            1.2339403629302979,
            1.9772579669952393,
            2.6120240688323975,
            3.684779167175293,
            4.25341272354126,
            5.419620990753174,
            6.22013521194458,
            7.036214113235474,
            7.584733486175537,
            8.10635757446289,
            8.608776807785034,
            9.111114501953125,
            9.595510244369507,
            10.074825525283813,
            10.5390625,
            11.006225824356079,
            11.475299596786499,
            11.91640329360962,
            12.357486009597778,
            12.799490690231323,
            13.23708438873291,
            13.671537637710571,
            14.107938766479492,
            14.543611526489258,
            14.962821006774902,
            15.379956007003784,
            15.82621431350708,
            16.2592875957489,
            16.688514232635498,
            17.134373426437378,
            17.556469202041626,
            17.983000993728638,
            18.406066417694092,
            18.83494806289673,
            19.256943702697754,
            19.69290328025818,
            20.127344608306885,
            20.63308095932007,
            21.081631183624268
        ],
        "memory_usages": [
            1.0,
            1.0,
            1.0,
            1.0,
            1.0,
            1.0,
            1.0,
            1.0,
            1.0,
            1.0,
            1.0,
            1.0,
            1.0,
            2.0,
            2.0,
            2.0,
            2.0,
            2.0,
            2.0,
            2.0,
            3.0,
            3.0,
            1.72265625,
            2.72265625,
            2.67578125,
            2.125,
            3.125,
            2.5078125,
            2.5703125,
            2.87109375,
            3.2109375,
            3.27734375,
            3.34765625,
            3.41796875,
            3.5703125,
            3.6953125,
            3.6875,
            3.81640625,
            3.86328125,
            4.00390625,
            4.12890625
        ]
    },
    "run_count": 3,
    "seed": 60
}