{
    "dataset": "5_campaign",
    "model": "OIF",
    "auc": 0.643065443224404,
    "total_runtime": 42.41389775276184,
    "total_memory_usage": 8.1171875,
    "Instances": 41188,
    "window_metric": {
        "window_size": 1000,
        "auc_scores": [
            0.5303708204448372,
            0.5679143126177025,
            0.6031813604876484,
            0.611758719322366,
            0.6108128375844911,
            0.6096803565174997,
            0.616676728907079,
            0.622419519415546,
            0.6243884464808509,
            0.624381923857076,
            0.6291265503454981,
            0.6308162738427486,
            0.6354028149240223,
            0.6390250815850815,
            0.6377757802554852,
            0.6370886891860277,
            0.6353040344987513,
            0.6364550524486658,
            0.6384122799833043,
            0.6394135126682823,
            0.6409664803172387,
            0.6422482629775453,
            0.6426142423809466,
            0.6455828691939212,
            0.647753559676439,
            0.6466705945637088,
            0.6455630393551758,
            0.6467886441736648,
            0.6464557059832057,
            0.6473274036498831,
            0.6454471778431182,
            0.6429779320290493,
            0.6432305258595382,
            0.6433298687766711,
            0.642625740360922,
            0.6420617629730623,
            0.643174246190897,
            0.6431622996386077,
            0.6429495381862345,
            0.6417051758742816,
            0.6427364593313359
        ],
        "runtimes": [
            0.2713155746459961,
            0.6203336715698242,
            1.6793851852416992,
            2.6691484451293945,
            3.78623628616333,
            4.771206855773926,
            5.984480857849121,
            6.981221437454224,
            7.972693204879761,
            8.967032432556152,
            9.96961498260498,
            10.95310640335083,
            11.944681882858276,
            12.995315790176392,
            14.067211389541626,
            15.067054510116577,
            16.11997127532959,
            17.13634753227234,
            18.21753454208374,
            19.490739345550537,
            20.539487838745117,
            21.56678795814514,
            22.590273141860962,
            23.611878156661987,
            24.730090856552124,
            25.88912296295166,
            26.914302349090576,
            28.005455017089844,
            29.088589429855347,
            30.105470657348633,
            31.312199115753174,
            32.4440803527832,
            33.580934047698975,
            34.668232440948486,
            35.68952012062073,
            36.775731325149536,
            37.78498315811157,
            39.127103090286255,
            40.15244722366333,
            41.17819380760193,
            42.199549198150635
        ],
        "memory_usages": [
            1.0,
            2.0,
            4.0,
            4.0,
            4.0,
            4.0,
            4.0,
            4.0,
            4.0,
            4.0,
            5.0,
            5.0,
            5.0,
            5.0,
            5.0,
            5.0,
            5.0,
            5.0,
            5.0,
            5.0,
            5.0,
            3.94140625,
            4.94140625,
            4.94140625,
            4.8828125,
            5.8828125,
            5.00390625,
            5.51953125,
            6.51953125,
            6.51953125,
            5.77734375,
            5.8515625,
            5.9296875,
            6.0703125,
            6.6796875,
            7.3046875,
            6.83203125,
            7.46484375,
            8.4453125,
            7.6953125,
            7.765625
        ]
    },
    "run_count": 5,
    "seed": 42
}