{
    "dataset": "8_celeba",
    "model": "OIF",
    "auc": 0.6575867561218469,
    "total_runtime": 210.7192668914795,
    "total_memory_usage": 25.1640625,
    "Instances": 202599,
    "window_metric": {
        "window_size": 1000,
        "auc_scores": [
            0.6105551443375278,
            0.6083442655535679,
            0.6577962363853959,
            0.6567414282031452,
            0.6608324159238609,
            0.6754589887828282,
            0.6748278370590594,
            0.6716455299531018,
            0.6548801877749246,
            0.6458006745218579,
            0.6491089424242763,
            0.6443648458683507,
            0.6483666390263954,
            0.65186927295739,
            0.6497599315264492,
            0.6533318499546618,
            0.6540258958615864,
            0.6503718183647701,
            0.6465890270593225,
            0.6486225300895505,
            0.6511610505713532,
            0.6555876773564189,
            0.6580401338056141,
            0.6584349032333677,
            0.6559503530793936,
            0.659068050826374,
            0.6577748104216393,
            0.6576163010685239,
            0.6615578681922217,
            0.6616793465455981,
            0.6589497522999375,
            0.6559623976583483,
            0.6565146892720791,
            0.6550255993425192,
            0.6527437555688109,
            0.6532306982553264,
            0.6539556678469477,
            0.6527580482910621,
            0.6537136650645662,
            0.6519525643250982,
            0.6516686197978504,
            0.6520724860349669,
            0.6539847067981223,
            0.6538253477734642,
            0.6537158880077764,
            0.6555642062160698,
            0.653428004944924,
            0.652621640035515,
            0.6518257667447305,
            0.6520645705983985,
            0.6520436097931294,
            0.651696992779954,
            0.6523544946581901,
            0.6518120643340901,
            0.6540217361619937,
            0.653492042464552,
            0.6538831139304214,
            0.6531234562411717,
            0.6548722632933149,
            0.6543339893550045,
            0.6551028631061937,
            0.656226199814793,
            0.6546754736695038,
            0.6542376810231585,
            0.6553101227859073,
            0.6557794606994654,
            0.6538655562616119,
            0.6534998463266635,
            0.6537175766839821,
            0.6548391933016777,
            0.6541807573774507,
            0.6535644358505002,
            0.6539091564936071,
            0.6538769570011982,
            0.6535099216992406,
            0.6540650027709604,
            0.6548169881099188,
            0.6536244980750834,
            0.6519549399271394,
            0.6526009750502778,
            0.6526871364220544,
            0.6536570989820203,
            0.6533262855090983,
            0.6522942227402795,
            0.6533986753063419,
            0.6545032321364967,
            0.6550602930578968,
            0.6549927527067188,
            0.6545694194380707,
            0.6551345198863636,
            0.6550072470686056,
            0.6538895134388172,
            0.6541810762256348,
            0.6541274021905716,
            0.6556065330927476,
            0.6570666640321609,
            0.6582039987268575,
            0.6585138527980978,
            0.6584134870969911,
            0.6575513973478762,
            0.6579010109800107,
            0.6570640297849697,
            0.6565627357928596,
            0.6568656009410974,
            0.6566455105730487,
            0.6556800219750842,
            0.6555867247457859,
            0.6558819024855098,
            0.6556280932432359,
            0.6561023254888991,
            0.6554570887580057,
            0.6551021598437312,
            0.6550735235316741,
            0.6555571018711139,
            0.6556744576349827,
            0.656454068885743,
            0.6555080630573004,
            0.655557946972396,
            0.6562028865867444,
            0.6555110311122924,
            0.655326495577316,
            0.6547644803015328,
            0.6547306606494666,
            0.6550032699290717,
            0.6559865496249823,
            0.6558962220463347,
            0.65449791322686,
            0.6544621294767997,
            0.6534673420930658,
            0.6535429886323418,
            0.6538255493868359,
            0.6547133233570032,
            0.6542209898225777,
            0.6549891601456036,
            0.6552065258431982,
            0.6558761333162293,
            0.6561608924372404,
            0.6563952560214874,
            0.6562024113847822,
            0.6554895855709421,
            0.6552645196989959,
            0.6551139578611205,
            0.6548081584777754,
            0.6545516318135252,
            0.6546061037347072,
            0.6547691389524616,
            0.6549387743516828,
            0.6545209395111485,
            0.6549218774842238,
            0.654911523644814,
            0.6548911988100444,
            0.655050179788579,
            0.6554693513046438,
            0.6554554486088939,
            0.6555090386628957,
            0.6556948033891903,
            0.6557214378316987,
            0.6558982993782264,
            0.655971692828609,
            0.6562387693139583,
            0.6558216231303757,
            0.6551347187547396,
            0.6550960651145868,
            0.654735071038779,
            0.6550627046134125,
            0.65537329560389,
            0.6555812763143894,
            0.6558374358229484,
            0.6554225283492703,
            0.655572566192846,
            0.6560583421108472,
            0.6555905199738057,
            0.6557412108911178,
            0.655309289007352,
            0.6551093040500334,
            0.6553313227064474,
            0.6560682219398597,
            0.656497055256762,
            0.6564811674762718,
            0.6566074275239553,
            0.6565762386381467,
            0.656876175357874,
            0.6567632439591907,
            0.6570316219338456,
            0.6575220380848772,
            0.6576119866921742,
            0.6579966846538798,
            0.6574965674249579,
            0.657862646562631,
            0.6580132194720942,
            0.6574276697509508,
            0.6572423819608118,
            0.6578086607127571,
            0.6579769102793713,
            0.6576556215662581,
            0.6577113826024853,
            0.6571233725545642,
            0.6571740418976507,
            0.6571618301690987,
            0.6573377282349354,
            0.6575305414685537,
            0.6574309618072615
        ],