{
    "dataset": "34_smtp",
    "model": "OIF",
    "auc": 0.8419268478999783,
    "total_runtime": 57.39951729774475,
    "total_memory_usage": 13.74609375,
    "Instances": 95156,
    "window_metric": {
        "window_size": 1000,
        "auc_scores": [
            NaN,
            NaN,
            NaN,
            NaN,
            NaN,
            NaN,
            NaN,
            NaN,
            NaN,
            NaN,
            NaN,
            NaN,
            NaN,
            NaN,
            0.976390556222489,
            0.9757832084722684,
            0.9751620017117162,
            0.9744216977218589,
            0.9746830827570281,
            0.9735174016957177,
            0.9737969658873076,
            0.97398812585059,
            0.9739819496638568,
            0.9738127383101745,
            0.9751060593932602,
            0.9755197853789404,
            0.9751167271918773,
            0.9753065308164286,
            0.9747661432612788,
            0.9749859458223362,
            0.97526302200994,
            0.9741181409723897,
            0.9743679136603407,
            0.9744243427966137,
            0.9744857126524079,
            0.9748056783987423,
            0.9746950583618512,
            0.975096088032433,
            0.9751595810950451,
            0.9751127180227366,
            0.975392294232874,
            0.9749950663826717,
            0.9750766030136058,
            0.9751122110281842,
            0.975373290738071,
            0.9750638393051301,
            0.9750655210366613,
            0.9753871664949897,
            0.975417174586325,
            0.9782180297695262,
            0.9783915051780951,
            0.9781350992613113,
            0.9781113166238864,
            0.9781601956135151,
            0.9783095991561181,
            0.843657347029924,
            0.8439771829749889,
            0.844771021992238,
            0.8450150063586265,
            0.8456363484785328,
            0.84659942599426,
            0.8152905297468253,
            0.8155970430596065,
            0.8165082375608691,
            0.8170282698625241,
            0.8175959750088561,
            0.8178292966043254,
            0.8301714879418657,
            0.8307999514038634,
            0.8311191976577488,
            0.8316412871891822,
            0.8322633781135027,
            0.8329043328029699,
            0.8329592351895594,
            0.8330715462852534,
            0.8336266243153581,
            0.8338908653012621,
            0.8344972644559715,
            0.8345202232683407,
            0.8344667183233232,
            0.8348655265678346,
            0.8350838122313232,
            0.8351094005009645,
            0.8353778952421588,
            0.8354266100523545,
            0.835512295846354,
            0.8353256079414502,
            0.8358902757530988,
            0.8408242478738152,
            0.8409521692415991,
            0.8413667509435344,
            0.841843354717118,
            0.8418600982395754,
            0.841759426767408,
            0.8418528658172757
        ],
        "runtimes": [
            0.1453554630279541,
            0.34097719192504883,
            0.8895697593688965,
            1.5860669612884521,
            2.1995887756347656,
            2.7620017528533936,
            3.3149476051330566,
            3.8472280502319336,
            4.399036169052124,
            4.987476110458374,
            5.540506362915039,
            6.1049888134002686,
            6.79322075843811,
            7.3497796058654785,
            7.91402268409729,
            8.489293098449707,
            9.067120790481567,
            9.769202470779419,
            10.342876672744751,
            11.093145847320557,
            11.72257137298584,
            12.296931266784668,
            12.87537693977356,
            13.44884729385376,
            14.082634687423706,
            14.710386514663696,
            15.278947353363037,
            15.966187715530396,
            16.52631425857544,
            17.101845026016235,
            17.675493717193604,
            18.2458713054657,
            18.837257385253906,
            19.420532703399658,
            19.990530252456665,
            20.566197633743286,
            21.155009269714355,
            21.738612174987793,
            22.31937885284424,
            22.898451328277588,
            23.472742319107056,
            24.04095220565796,
            24.61728024482727,
            25.20301079750061,
            25.786266326904297,
            26.36884570121765,
            26.95846652984619,
            27.53890633583069,
            28.116839170455933,
            28.819110870361328,
            29.404038429260254,
            30.25031876564026,
            30.890897035598755,
            31.479495763778687,
            32.17082667350769,
            32.911808252334595,
            33.509685754776,
            34.10360264778137,
            34.8363401889801,
            35.43276238441467,
            36.08166480064392,
            36.74048686027527,
            37.462459564208984,
            38.059895038604736,
            38.64872431755066,
            39.30939221382141,
            39.96288204193115,
            40.55843234062195,
            41.21489143371582,
            41.81103181838989,
            42.53234553337097,
            43.13127398490906,
            43.724029541015625,
            44.32011795043945,
            44.92977809906006,
            45.53182363510132,
            46.194000005722046,
            46.79983925819397,
            47.40287661552429,
            48.00841522216797,
            48.617334604263306,
            49.215765714645386,
            49.82005834579468,
            50.42662310600281,
            51.03098464012146,
            51.64103412628174,
            52.25396776199341,
            52.871502161026,
            53.47783327102661,
            54.222020387649536,
            54.83766055107117,
            55.445441246032715,
            56.044891595840454,
            56.64817404747009,
            57.25761604309082
        ],