{
    "dataset": "34_smtp",
    "model": "OIF",
    "auc": 0.8422278521820182,
    "total_runtime": 54.61763620376587,
    "total_memory_usage": 12.03125,
    "Instances": 95156,
    "window_metric": {
        "window_size": 1000,
        "auc_scores": [
            NaN,
            NaN,
            NaN,
            NaN,
            NaN,
            NaN,
            NaN,
            NaN,
            NaN,
            NaN,
            NaN,
            NaN,
            NaN,
            NaN,
            0.98213729936419,
            0.9779003132352728,
            0.9782141094320996,
            0.9787111204245802,
            0.9794150653686127,
            0.9786053242299801,
            0.9792545568502113,
            0.9796138277513636,
            0.9803467511737404,
            0.9803322953779451,
            0.981927021989457,
            0.9822431858913041,
            0.9819191961969699,
            0.9820624598013293,
            0.981981449172507,
            0.9821893073910682,
            0.9823307300070999,
            0.9816459879768827,
            0.9820789772284346,
            0.9820178056510664,
            0.9821704191880835,
            0.9824395995268002,
            0.9823562583525813,
            0.9825537228001294,
            0.982625631178958,
            0.982577830812213,
            0.9827449791217907,
            0.9824448285482916,
            0.9826687758805193,
            0.9828208326025812,
            0.9829454878025545,
            0.9826903840299221,
            0.9826437662282382,
            0.9827836690463289,
            0.9828245387895084,
            0.9844937880121639,
            0.9846201749568493,
            0.9843557633117882,
            0.9844304412652876,
            0.9843599492442205,
            0.9844091008293321,
            0.8265339883876731,
            0.8267155770074593,
            0.8273359206554549,
            0.8274943620178042,
            0.8278689453939142,
            0.8286025420254203,
            0.8183569786364552,
            0.8186883149803766,
            0.8192663455821351,
            0.8196835038600079,
            0.820115524252065,
            0.8201945394246769,
            0.8326695106787428,
            0.8329392813271346,
            0.8330939073773913,
            0.8334701060510874,
            0.8339522767551488,
            0.8344859719898174,
            0.8345679737492653,
            0.8347016018607656,
            0.8349746886175714,
            0.8350466969422877,
            0.8354282029702467,
            0.8354280204998866,
            0.835489502875827,
            0.8357066110088798,
            0.8359020158096282,
            0.8358026215225178,
            0.8360390430357935,
            0.8361753442046557,
            0.8361408157281586,
            0.835942143219361,
            0.836435518131171,
            0.8414701584803868,
            0.8415082805379571,
            0.8417698142244696,
            0.8422057917436846,
            0.8422322613029293,
            0.842050299741052,
            0.8421694570215155
        ],
        "runtimes": [
            0.13981413841247559,
            0.32679224014282227,
            0.8342304229736328,
            1.4098360538482666,
            1.9426774978637695,
            2.4834885597229004,
            3.013749837875366,
            3.524674892425537,
            4.075968503952026,
            4.6779890060424805,
            5.266808271408081,
            5.970806121826172,
            6.49909782409668,
            7.094880819320679,
            7.688770532608032,
            8.226260900497437,
            8.768020391464233,
            9.433964490890503,
            9.977818965911865,
            10.516122341156006,
            11.071183681488037,
            11.738017082214355,
            12.275266647338867,
            12.829602718353271,
            13.372221231460571,
            13.913138389587402,
            14.455824375152588,
            14.9917573928833,
            15.538856744766235,
            16.089171171188354,
            16.633854150772095,
            17.170640468597412,
            17.72658658027649,
            18.283050775527954,
            18.83685040473938,
            19.384398221969604,
            19.94439721107483,
            20.500118494033813,
            21.05480980873108,
            21.608860969543457,
            22.23640251159668,
            22.779844999313354,
            23.33638310432434,
            23.89712953567505,
            24.454463243484497,
            25.19115972518921,
            25.7543888092041,
            26.43944787979126,
            26.9946231842041,
            27.54802179336548,
            28.10452914237976,
            28.660903453826904,
            29.21651577949524,
            29.77327060699463,
            30.330695152282715,
            30.90532612800598,
            31.47029185295105,
            32.029202699661255,
            32.73899722099304,
            33.305195569992065,
            33.874138593673706,
            34.43222689628601,
            34.996325731277466,
            35.561206579208374,
            36.12909722328186,
            36.693947553634644,
            37.260971546173096,
            37.83057165145874,
            38.40065050125122,
            38.962934255599976,
            39.66008448600769,
            40.25323176383972,
            40.92221236228943,
            41.578813552856445,
            42.31095480918884,
            42.88505959510803,
            43.587037801742554,
            44.16447901725769,
            44.74357843399048,
            45.31760311126709,
            45.89095115661621,
            46.46757173538208,
            47.03955936431885,
            47.61499547958374,
            48.192508697509766,
            48.78286957740784,
            49.36238193511963,
            50.02734065055847,
            50.65267252922058,
            51.30362558364868,
            52.01226544380188,
            52.66388750076294,
            53.242016553878784,
            53.825868368148804,
            54.49266767501831
        ],