{
    "dataset": "49_kddcup99_prob",
    "model": "OIF",
    "auc": 0.8609863324010079,
    "total_runtime": 29.191359519958496,
    "total_memory_usage": 9.8125,
    "Instances": 64759,
    "window_metric": {
        "window_size": 1000,
        "auc_scores": [
            0.8198991435203714,
            0.9430430405795777,
            0.9478595062766637,
            0.9556310780826677,
            0.9640111145225849,
            0.9661923186917358,
            0.9681267057187963,
            0.9703488720879123,
            0.9681896093697238,
            0.9707319093005929,
            0.9719712479811201,
            0.8417513893081285,
            0.8397912485358908,
            0.8177965291183311,
            0.7814838266032123,
            0.7745080664801793,
            0.7858942954259958,
            0.7968193489569256,
            0.8062925606299213,
            0.8044170860450206,
            0.8086354491695849,
            0.8029748501923378,
            0.8074496540485092,
            0.8133805355787649,
            0.8171893908962278,
            0.8218336414692602,
            0.82943054708593,
            0.8315879301003708,
            0.8341718819343074,
            0.8378283877005843,
            0.8406129829861686,
            0.8428336673089188,
            0.8453801175615457,
            0.8416805070460189,
            0.8439035243688344,
            0.8457473153098288,
            0.8472994465533277,
            0.8482683550224207,
            0.8504053593791898,
            0.8402236299607467,
            0.8377161147033809,
            0.8397810483729875,
            0.8417634114825803,
            0.8436919060430564,
            0.8445466022094881,
            0.8441202239314949,
            0.8462204890313025,
            0.8478556333344556,
            0.849748317340201,
            0.8506229820860207,
            0.8512824770663473,
            0.8521632021012667,
            0.8533137440796378,
            0.8543001508186508,
            0.8553380483352488,
            0.8559850402574619,
            0.8566203439027888,
            0.8572106159681616,
            0.8580888906772627,
            0.8578309105736605,
            0.8585979253390258,
            0.8595129552090509,
            0.8607072314627756,
            0.8604329475414867
        ],
        "runtimes": [
            0.11365103721618652,
            0.2798771858215332,
            0.744379997253418,
            1.2752935886383057,
            1.8048720359802246,
            2.4499754905700684,
            3.42230224609375,
            4.2084455490112305,
            5.141479730606079,
            6.201901912689209,
            6.752686262130737,
            7.318351745605469,
            8.28271746635437,
            8.895830392837524,
            9.491893291473389,
            10.106544971466064,
            10.585347414016724,
            11.007936239242554,
            11.407296895980835,
            11.804939985275269,
            12.234944820404053,
            12.661431074142456,
            13.077483892440796,
            13.471925258636475,
            13.871142864227295,
            14.274088144302368,
            14.669970989227295,
            15.081489324569702,
            15.491560459136963,
            15.88891053199768,
            16.2786545753479,
            16.661359786987305,
            17.049527883529663,
            17.437914609909058,
            17.824708938598633,
            18.212625741958618,
            18.599298238754272,
            18.981581687927246,
            19.368224620819092,
            19.75943636894226,
            20.16043472290039,
            20.54459261894226,
            20.919093370437622,
            21.284405946731567,
            21.64715576171875,
            22.0185489654541,
            22.39519238471985,
            22.76975107192993,
            23.193891763687134,
            23.58234715461731,
            23.95575761795044,
            24.33098268508911,
            24.707204341888428,
            25.08398699760437,
            25.4620304107666,
            25.840208053588867,
            26.217400312423706,
            26.599650144577026,
            26.98061776161194,
            27.360191345214844,
            27.744902849197388,
            28.12792992591858,
            28.51133942604065,
            28.895655155181885
        ],
        "memory_usages": [
            3.0,
            4.0,
            4.0,
            4.0,
            4.0,
            4.0,
            4.0,
            4.0,
            4.0,
            4.0,
            4.0,
            5.0,
            5.0,
            5.0,
            5.0,
            5.0,
            5.0,
            5.0,
            5.0,
            5.0,
            6.0,
            6.0,
            6.0,
            6.0,
            6.0,
            6.0,
            6.0,
            5.6796875,
            6.6796875,
            6.6796875,
            6.6796875,
            6.2578125,
            6.0,
            6.5390625,
            6.16796875,
            6.8828125,
            6.30859375,
            7.15625,
            6.484375,
            6.5546875,
            6.62109375,
            6.6875,
            6.7578125,
            7.2109375,
            7.28125,
            7.34765625,
            7.41796875,
            7.48828125,
            7.55078125,
            7.66015625,
            7.72265625,
            8.0078125,
            8.06640625,
            8.19140625,
            8.31640625,
            8.54296875,
            8.66796875,
            8.7890625,
            8.9140625,
            9.03515625,
            9.86328125,
            9.94921875,
            10.08984375,
            10.17578125
        ]
    },
    "run_count": 2,
    "seed": 97
}