{
    "dataset": "50_bank",
    "model": "OIF",
    "auc": 0.5264968388288619,
    "total_runtime": 18.50368046760559,
    "total_memory_usage": 7.14453125,
    "Instances": 41188,
    "window_metric": {
        "window_size": 1000,
        "auc_scores": [
            0.49353506089382476,
            0.5184955493944259,
            0.49502546174967177,
            0.5180956219783682,
            0.5258183884370894,
            0.5094144779209162,
            0.49998856786827894,
            0.512925935483871,
            0.5211672638861288,
            0.5133587573456438,
            0.5016995137254903,
            0.5036304383584176,
            0.5151257574995014,
            0.5131422681398734,
            0.5051061517676142,
            0.5093534181893228,
            0.5049564321841784,
            0.5077370736530809,
            0.5027922346533742,
            0.5013390387079006,
            0.49391920201515405,
            0.49596989581178774,
            0.49535479899302287,
            0.49727049823027103,
            0.5211036617069008,
            0.5161560106381045,
            0.511450736709818,
            0.532779397473275,
            0.5352411498719858,
            0.5309518358415262,
            0.5195336155912449,
            0.5175953191610526,
            0.5149056284913712,
            0.5124460093473664,
            0.5111374707390604,
            0.5117011399526192,
            0.5224735069158654,
            0.521492844655591,
            0.5281631110805762,
            0.5260536485061456,
            0.5267291392363397
        ],
        "runtimes": [
            0.144927978515625,
            0.33517026901245117,
            0.8687152862548828,
            1.3895280361175537,
            1.8891878128051758,
            2.390439987182617,
            2.887660026550293,
            3.3621621131896973,
            3.855896472930908,
            4.331807613372803,
            4.804856538772583,
            5.269497871398926,
            5.732289552688599,
            6.2109479904174805,
            6.675261974334717,
            7.139433145523071,
            7.601381301879883,
            8.060893058776855,
            8.531845569610596,
            8.981348752975464,
            9.435902118682861,
            9.892987489700317,
            10.339776277542114,
            10.781740188598633,
            11.225159406661987,
            11.67610764503479,
            12.115272045135498,
            12.55210256576538,
            12.997448921203613,
            13.508727312088013,
            13.954827547073364,
            14.389181137084961,
            14.832920789718628,
            15.2896409034729,
            15.733827352523804,
            16.184181928634644,
            16.633328437805176,
            17.069193601608276,
            17.513070344924927,
            17.955652475357056,
            18.404582977294922
        ],
        "memory_usages": [
            3.0,
            3.0,
            3.0,
            3.0,
            4.0,
            4.0,
            4.0,
            4.0,
            4.0,
            4.0,
            4.0,
            4.0,
            4.0,
            5.0,
            5.0,
            5.0,
            5.0,
            5.0,
            5.0,
            5.0,
            6.0,
            6.0,
            4.8515625,
            5.8515625,
            5.1875,
            6.1875,
            6.1875,
            5.421875,
            6.421875,
            5.55859375,
            5.65625,
            5.72265625,
            5.79296875,
            5.86328125,
            5.96875,
            6.03125,
            6.1015625,
            6.2421875,
            6.8515625,
            6.984375,
            7.43359375
        ]
    },
    "run_count": 10,
    "seed": 73
}