{
    "dataset": "32_shuttle",
    "model": "OIF",
    "auc": 0.9922547387998056,
    "total_runtime": 27.582598447799683,
    "total_memory_usage": 8.18359375,
    "Instances": 49097,
    "window_metric": {
        "window_size": 1000,
        "auc_scores": [
            0.9275593284524111,
            0.9622246045162799,
            0.9707896931492065,
            0.9753663991174387,
            0.9788239344285513,
            0.9809878351870135,
            0.9829852722215979,
            0.9837618060952941,
            0.984266956885172,
            0.9853402118475937,
            0.9868501499954131,
            0.9864096051364365,
            0.986736315033777,
            0.9875838941246041,
            0.9868141399191138,
            0.9869199241173648,
            0.9876731107745211,
            0.9882935766854177,
            0.9885316467947722,
            0.9890498844379448,
            0.9894885910877285,
            0.9900382164420585,
            0.9904958405347329,
            0.9904823224063086,
            0.9898029677167626,
            0.9900678849027916,
            0.990292223380583,
            0.9905819446582513,
            0.9904208460730037,
            0.9904468065621805,
            0.9906162337832725,
            0.9908599521432948,
            0.9911453284640172,
            0.9913943289242994,
            0.9916001256686726,
            0.9918347739783864,
            0.9920546785986083,
            0.9921935017449645,
            0.9921903076769903,
            0.9923922312607494,
            0.9923607733254655,
            0.9925363991780864,
            0.9926335168215799,
            0.9922966828493969,
            0.9922650530356215,
            0.9920303540371489,
            0.9921970907354973,
            0.9923163645224609,
            0.9922378895470163
        ],
        "runtimes": [
            0.1439673900604248,
            0.33423614501953125,
            0.8618216514587402,
            1.3972139358520508,
            1.936678171157837,
            2.4736340045928955,
            3.0852434635162354,
            3.6320226192474365,
            4.182940244674683,
            4.722965717315674,
            5.273928165435791,
            5.8171446323394775,
            6.368624448776245,
            6.925125360488892,
            7.7022905349731445,
            8.303726434707642,
            8.938117980957031,
            9.483934164047241,
            10.152632474899292,
            10.702468633651733,
            11.248229503631592,
            11.796512842178345,
            12.35188627243042,
            12.968800783157349,
            13.577465534210205,
            14.130013704299927,
            14.68172574043274,
            15.229291200637817,
            15.787977457046509,
            16.470288515090942,
            17.09019708633423,
            17.70704436302185,
            18.26416850090027,
            18.81902265548706,
            19.375516414642334,
            19.93421220779419,
            20.491451263427734,
            21.053513765335083,
            21.609952211380005,
            22.167405128479004,
            22.79347538948059,
            23.419058084487915,
            23.982218265533447,
            24.54961061477661,
            25.114583492279053,
            25.682274341583252,
            26.24928307533264,
            26.82320809364319,
            27.501107215881348
        ],
        "memory_usages": [
            3.0,
            3.0,
            3.0,
            3.0,
            4.0,
            4.0,
            4.0,
            4.0,
            4.0,
            5.0,
            5.0,
            5.0,
            5.0,
            5.0,
            5.0,
            5.0,
            5.0,
            5.0,
            5.0,
            5.0,
            5.0,
            5.0,
            4.41015625,
            5.41015625,
            5.41015625,
            4.6171875,
            4.6796875,
            5.39453125,
            6.39453125,
            6.8125,
            7.8125,
            7.8125,
            7.296875,
            7.02734375,
            7.7734375,
            7.1953125,
            8.0546875,
            7.3359375,
            7.4375,
            7.5078125,
            7.578125,
            7.6484375,
            7.71484375,
            8.1640625,
            8.24609375,
            8.3203125,
            8.39453125,
            8.47265625,
            8.55078125
        ]
    },
    "run_count": 8,
    "seed": 97
}