{
    "dataset": "1_ALOI",
    "model": "OIF",
    "auc": 0.7644960024416483,
    "total_runtime": 38.145920515060425,
    "total_memory_usage": 8.4921875,
    "Instances": 49534,
    "window_metric": {
        "window_size": 1000,
        "auc_scores": [
            NaN,
            0.16398853809493003,
            0.4929713556296713,
            0.6080803398461283,
            0.6391091726143273,
            0.6549753348717792,
            0.6928883536409844,
            0.7054624259034992,
            0.7317526847381681,
            0.7389257606784854,
            0.7350812522844868,
            0.7386682641112946,
            0.7463952550084433,
            0.7549038811895316,
            0.7581799628191104,
            0.7665903295406375,
            0.7678888855786609,
            0.7716315795907156,
            0.7620388115279376,
            0.7594545508531612,
            0.7595588423408148,
            0.755930113893188,
            0.7601617911247958,
            0.762386307940436,
            0.767287390797522,
            0.7655139706745578,
            0.7645645110069378,
            0.7619076285879407,
            0.7566822670573856,
            0.75474426997238,
            0.7575366165027534,
            0.7525088330339116,
            0.7499162138268622,
            0.7501733950589267,
            0.745920004333748,
            0.749962952236493,
            0.7522555985269292,
            0.7540708388248898,
            0.7527680706278347,
            0.7563032319782044,
            0.7579092505321563,
            0.7587653951882561,
            0.7600898137405798,
            0.7617061979025043,
            0.7639033465955263,
            0.7617000141413675,
            0.7635881879485149,
            0.7649887884650186,
            0.7632260862697858
        ],
        "runtimes": [
            0.1936640739440918,
            0.45044922828674316,
            1.2680647373199463,
            2.1003799438476562,
            2.9118709564208984,
            3.72574782371521,
            4.564508676528931,
            5.333543300628662,
            6.089840650558472,
            6.877626180648804,
            7.734555721282959,
            8.497711896896362,
            9.261824607849121,
            10.014669179916382,
            10.780574560165405,
            11.537190675735474,
            12.285676717758179,
            13.032128095626831,
            13.797128677368164,
            14.60573935508728,
            15.438037633895874,
            16.181203365325928,
            16.945603132247925,
            17.712438821792603,
            18.473626136779785,
            19.299450874328613,
            20.11006808280945,
            20.896318197250366,
            21.701587438583374,
            22.49683952331543,
            23.27427101135254,
            24.105246782302856,
            24.926315307617188,
            25.720626831054688,
            26.50887703895569,
            27.310776233673096,
            28.075498342514038,
            28.847424268722534,
            29.676044940948486,
            30.5236234664917,
            31.287333726882935,
            32.04568266868591,
            32.80737853050232,
            33.588181018829346,
            34.36153697967529,
            35.27725124359131,
            36.132184982299805,
            36.96165633201599,
            37.71915912628174
        ],
        "memory_usages": [
            2.0,
            3.0,
            4.0,
            4.0,
            4.0,
            4.0,
            4.0,
            4.0,
            4.0,
            4.0,
            4.0,
            5.0,
            5.0,
            5.0,
            5.0,
            5.0,
            5.0,
            6.0,
            6.0,
            6.0,
            6.0,
            6.0,
            6.0,
            5.828125,
            5.61328125,
            6.61328125,
            6.61328125,
            5.84765625,
            5.91796875,
            5.98828125,
            6.34765625,
            6.41796875,
            6.48828125,
            6.5546875,
            6.65625,
            6.71875,
            6.77734375,
            6.88671875,
            7.5390625,
            7.6875,
            7.828125,
            7.9765625,
            8.12109375,
            8.34765625,
            8.49609375,
            8.640625,
            8.7890625,
            7.8984375,
            7.96875
        ]
    },
    "run_count": 9,
    "seed": 3
}