{
    "dataset": "1_ALOI",
    "model": "OIF",
    "auc": 0.5944330579777687,
    "total_runtime": 36.89410972595215,
    "total_memory_usage": 7.7109375,
    "Instances": 49534,
    "window_metric": {
        "window_size": 1000,
        "auc_scores": [
            NaN,
            0.18236209053071964,
            0.3725457079668044,
            0.44177894461214884,
            0.47407393481424764,
            0.47843971363177923,
            0.5128088408314191,
            0.525929791573714,
            0.5511935985475578,
            0.5686335618107103,
            0.5593694145341994,
            0.5540657603469007,
            0.5621268884085896,
            0.5721530214350448,
            0.575181992118721,
            0.5803330347448624,
            0.5810530856689274,
            0.5884693872955685,
            0.5802415700758392,
            0.5740977459031678,
            0.574773041623279,
            0.5720439651418603,
            0.5769833053666011,
            0.5800850322967765,
            0.5873370290060932,
            0.5872528181128597,
            0.5855582819762251,
            0.5827839123446906,
            0.5756307549898287,
            0.5718553414034783,
            0.576250840492283,
            0.572134218098168,
            0.5686852262761524,
            0.5646735201254192,
            0.5616224793853934,
            0.5660884805948929,
            0.5698629436722916,
            0.5738837675551722,
            0.5738475313283457,
            0.5790959249929228,
            0.5811861536742089,
            0.5845144019017019,
            0.586339164547012,
            0.5892175116252184,
            0.5930438806270905,
            0.5913425469628133,
            0.592524735745067,
            0.5918661514681742,
            0.5919584585626707
        ],
        "runtimes": [
            0.18984103202819824,
            0.4591047763824463,
            1.2485239505767822,
            1.9906444549560547,
            2.785365581512451,
            3.528155565261841,
            4.401061534881592,
            5.147352457046509,
            5.928170680999756,
            6.635351181030273,
            7.481551170349121,
            8.226467370986938,
            8.968657970428467,
            9.758127212524414,
            10.489440441131592,
            11.228579044342041,
            12.134480237960815,
            12.869415998458862,
            13.605552434921265,
            14.368482112884521,
            15.118378639221191,
            15.85097885131836,
            16.581483602523804,
            17.314438104629517,
            18.051236629486084,
            18.77358388900757,
            19.520307540893555,
            20.267367839813232,
            21.125519514083862,
            22.00605273246765,
            22.77017831802368,
            23.57652449607849,
            24.4287748336792,
            25.22048282623291,
            25.997472286224365,
            26.775123119354248,
            27.508885860443115,
            28.249045848846436,
            28.997361421585083,
            29.76273250579834,
            30.50520920753479,
            31.2350115776062,
            31.97766423225403,
            32.72538638114929,
            33.46916437149048,
            34.253798961639404,
            35.01029682159424,
            35.75742959976196,
            36.488160848617554
        ],
        "memory_usages": [
            2.0,
            2.0,
            3.0,
            3.0,
            3.0,
            3.0,
            3.0,
            4.0,
            4.0,
            4.0,
            4.0,
            4.0,
            4.0,
            4.0,
            5.0,
            5.0,
            5.0,
            5.0,
            5.0,
            5.0,
            6.0,
            4.5625,
            5.5625,
            5.0703125,
            5.0546875,
            6.0546875,
            5.61328125,
            5.4296875,
            6.20703125,
            5.5703125,
            5.90234375,
            5.97265625,
            6.04296875,
            6.125,
            6.22265625,
            6.28515625,
            6.34375,
            6.40625,
            6.50390625,
            6.56640625,
            6.625,
            6.71484375,
            6.84765625,
            7.0625,
            7.2421875,
            7.37890625,
            7.65234375,
            8.1484375,
            8.296875
        ]
    },
    "run_count": 7,
    "seed": 78
}