{
    "dataset": "50_bank",
    "model": "OIF",
    "auc": 0.5419642638117846,
    "total_runtime": 22.98187279701233,
    "total_memory_usage": 7.28515625,
    "Instances": 41188,
    "window_metric": {
        "window_size": 1000,
        "auc_scores": [
            0.457910832126187,
            0.5186901113867406,
            0.48930798859390556,
            0.4987316964689039,
            0.5054867005220356,
            0.4984591524234639,
            0.49741776724751424,
            0.5038523870967742,
            0.5080733306836248,
            0.49937802854873736,
            0.48510243137254905,
            0.48405358170902213,
            0.4977933995677798,
            0.49164771200710233,
            0.4845138296385913,
            0.48272440488429263,
            0.4818175043841827,
            0.48575172860017657,
            0.47987511254617765,
            0.48012313721767486,
            0.47529518069248206,
            0.4769544446189105,
            0.47844271281262174,
            0.48140274596583177,
            0.5061544613210296,
            0.5017085078338863,
            0.49958717666795804,
            0.5283035762363747,
            0.533132434791834,
            0.5302307118705083,
            0.525721005337138,
            0.5240999736932925,
            0.5208997936021583,
            0.5166815347462514,
            0.5143581870111442,
            0.5147132689887324,
            0.5318223167981584,
            0.5300869912218449,
            0.5395853490598086,
            0.54181253702969,
            0.5422572215647957
        ],
        "runtimes": [
            0.12822556495666504,
            0.3721649646759033,
            1.9653658866882324,
            2.529033899307251,
            3.1038055419921875,
            3.9973158836364746,
            5.417371511459351,
            6.166311740875244,
            7.097445726394653,
            7.89559268951416,
            8.78735065460205,
            9.472216606140137,
            10.104779481887817,
            10.65209150314331,
            11.160264730453491,
            11.646265506744385,
            12.132911682128906,
            12.618340969085693,
            13.105102777481079,
            13.569943189620972,
            14.038522005081177,
            14.497381448745728,
            14.946583271026611,
            15.388030052185059,
            15.833114385604858,
            16.278674840927124,
            16.71635365486145,
            17.153314113616943,
            17.609536170959473,
            18.057488679885864,
            18.502786874771118,
            18.95159339904785,
            19.387174129486084,
            19.84088921546936,
            20.27011799812317,
            20.695835828781128,
            21.13229990005493,
            21.562607288360596,
            21.993773221969604,
            22.43116044998169,
            22.872623682022095
        ],
        "memory_usages": [
            3.0,
            3.0,
            3.0,
            3.0,
            3.0,
            3.0,
            3.0,
            3.0,
            4.0,
            4.0,
            4.0,
            4.0,
            4.0,
            5.0,
            5.0,
            5.0,
            5.0,
            5.0,
            5.0,
            6.0,
            6.0,
            6.0,
            4.59375,
            5.59375,
            5.59375,
            4.99609375,
            5.99609375,
            5.1640625,
            5.23046875,
            5.359375,
            6.12109375,
            5.73046875,
            6.41796875,
            7.171875,
            6.84375,
            6.91015625,
            6.98046875,
            7.05078125,
            7.1484375,
            7.2109375,
            7.2734375
        ]
    },
    "run_count": 1,
    "seed": 56
}