{
    "dataset": "49_kddcup99_prob",
    "model": "OIF",
    "auc": 0.8920643001063129,
    "total_runtime": 28.454577684402466,
    "total_memory_usage": 11.28125,
    "Instances": 64759,
    "window_metric": {
        "window_size": 1000,
        "auc_scores": [
            0.8790522692707916,
            0.9502736985694549,
            0.9573139805708604,
            0.9630840034761747,
            0.9690829044166985,
            0.9704473298013414,
            0.9710692921400519,
            0.9736877524594247,
            0.9742704033363236,
            0.9759816298391826,
            0.9760477884410814,
            0.8743177701636727,
            0.8650564936455212,
            0.8616749317779936,
            0.8425413673529444,
            0.8416165972477858,
            0.8486355806177492,
            0.8551760494522539,
            0.8608486198425197,
            0.8560059424678618,
            0.8605404845787349,
            0.8590609114152893,
            0.86286460945821,
            0.8658229337573633,
            0.8674841458089274,
            0.8706052467132157,
            0.8752954985906525,
            0.8769796554144783,
            0.8791438707627666,
            0.8816396018124703,
            0.883448113852603,
            0.8848497170601887,
            0.8862474021766598,
            0.8848166684512498,
            0.8866957367553299,
            0.8877712017584054,
            0.8885407396850116,
            0.8889042088361887,
            0.8901957659472558,
            0.8776836501947586,
            0.8763332960962212,
            0.8777035168093527,
            0.8791131213759427,
            0.8802122711748017,
            0.8801699172167159,
            0.8799314407919185,
            0.8815101283945781,
            0.8827743426401249,
            0.8843054502306475,
            0.885236442988282,
            0.8859313738406771,
            0.8861731730863274,
            0.8869806518022101,
            0.8876927682797396,
            0.8884163658396886,
            0.8887290028000139,
            0.8891484078373695,
            0.8896286372851483,
            0.8900839606489352,
            0.8900256050138062,
            0.8905853806651645,
            0.8912090318723224,
            0.892072891774184,
            0.8919327028815568
        ],
        "runtimes": [
            0.13034558296203613,
            0.3071603775024414,
            0.8291544914245605,
            1.7361202239990234,
            2.603586196899414,
            3.304250478744507,
            4.264487981796265,
            4.7346038818359375,
            5.672564744949341,
            6.27547812461853,
            6.90652060508728,
            7.484687805175781,
            7.985274314880371,
            8.468313217163086,
            8.939209699630737,
            9.423139333724976,
            9.84674072265625,
            10.237373113632202,
            10.622347116470337,
            11.009146451950073,
            11.42844295501709,
            11.852699041366577,
            12.270963191986084,
            12.661926031112671,
            13.055482625961304,
            13.452131748199463,
            13.84907579421997,
            14.269567489624023,
            14.684981346130371,
            15.083372116088867,
            15.472838401794434,
            15.863142967224121,
            16.255954027175903,
            16.644322633743286,
            17.030218362808228,
            17.414469480514526,
            17.79758048057556,
            18.181312322616577,
            18.56413507461548,
            18.948701858520508,
            19.34807324409485,
            19.736273527145386,
            20.12076187133789,
            20.50993251800537,
            20.90534234046936,
            21.278095722198486,
            21.658466339111328,
            22.037354230880737,
            22.416841745376587,
            22.794270515441895,
            23.17316746711731,
            23.55093288421631,
            23.933685302734375,
            24.316049337387085,
            24.697415113449097,
            25.078336238861084,
            25.46262812614441,
            25.848511934280396,
            26.232986450195312,
            26.617438793182373,
            27.00454068183899,
            27.390445947647095,
            27.775670289993286,
            28.157569885253906
        ],
        "memory_usages": [
            3.0,
            3.0,
            4.0,
            4.0,
            4.0,
            4.0,
            5.0,
            5.0,
            5.0,
            5.0,
            6.0,
            6.0,
            6.0,
            6.0,
            6.0,
            6.0,
            6.0,
            6.0,
            6.0,
            6.0,
            6.0,
            7.0,
            7.0,
            5.76953125,
            6.76953125,
            7.76953125,
            7.76953125,
            7.76953125,
            7.76953125,
            7.76953125,
            7.76953125,
            7.76953125,
            7.76953125,
            7.06640625,
            7.2109375,
            7.3046875,
            7.42578125,
            7.546875,
            8.16796875,
            7.80859375,
            8.44140625,
            7.9453125,
            8.70703125,
            8.77734375,
            8.84765625,
            8.91015625,
            8.98046875,
            9.05078125,
            9.1171875,
            9.234375,
            9.3046875,
            9.375,
            9.4453125,
            9.515625,
            9.5859375,
            9.70703125,
            9.77734375,
            9.875,
            10.01171875,
            10.1484375,
            11.37890625,
            11.47265625,
            11.6171875,
            11.7109375
        ]
    },
    "run_count": 1,
    "seed": 73
}