{
    "dataset": "32_shuttle",
    "model": "OIF",
    "auc": 0.9894565622570992,
    "total_runtime": 29.328755378723145,
    "total_memory_usage": 5.5078125,
    "Instances": 49097,
    "window_metric": {
        "window_size": 1000,
        "auc_scores": [
            0.9226836657409746,
            0.9579089872043322,
            0.9680149132919621,
            0.9713775716031797,
            0.9742885795231396,
            0.9766946261951411,
            0.9792234380267445,
            0.9809801879662893,
            0.9802285344787104,
            0.9810346381461158,
            0.9827722411871594,
            0.98290830176565,
            0.9838349354156763,
            0.984225209782096,
            0.9826738407643925,
            0.9833083176280278,
            0.984095965695104,
            0.9848147114219985,
            0.9853754568272919,
            0.9859701149466894,
            0.986628883397039,
            0.9871945474156635,
            0.9877615523434926,
            0.9877864893359616,
            0.9872313227606596,
            0.9875862668428506,
            0.9875620589069609,
            0.9878536364258347,
            0.9877254233599588,
            0.9873553695640299,
            0.987448513561551,
            0.9877084268527441,
            0.9880586036519872,
            0.9883196635436153,
            0.988492985349398,
            0.9887512301055712,
            0.9890489708553835,
            0.9892500901249045,
            0.9893524723430653,
            0.9896305491396048,
            0.9895865435862254,
            0.9898086396095965,
            0.9899592276437033,
            0.9893043866560001,
            0.9889553679020309,
            0.988981418215372,
            0.9892249493165569,
            0.9894093743008833,
            0.9894340841745936
        ],
        "runtimes": [
            0.13772845268249512,
            0.3115661144256592,
            1.45265793800354,
            2.278587579727173,
            2.8544511795043945,
            3.3776190280914307,
            4.149451494216919,
            4.669327259063721,
            5.518985271453857,
            6.053979873657227,
            6.586308717727661,
            7.320306777954102,
            8.01085352897644,
            8.546818494796753,
            9.091556787490845,
            9.630589246749878,
            10.173219680786133,
            10.780267000198364,
            11.448091983795166,
            11.99288272857666,
            12.541303634643555,
            13.089967250823975,
            13.637271404266357,
            14.308187484741211,
            14.857885122299194,
            15.423686265945435,
            16.103049755096436,
            16.653716802597046,
            17.203306674957275,
            17.758180856704712,
            18.507417678833008,
            19.121543407440186,
            19.676104068756104,
            20.230995655059814,
            20.787954092025757,
            21.344964504241943,
            21.90133261680603,
            22.59104561805725,
            23.14268684387207,
            23.70276665687561,
            24.331005096435547,
            24.947874546051025,
            25.506465911865234,
            26.06488060951233,
            26.804160594940186,
            27.361974239349365,
            28.06556248664856,
            28.659981966018677,
            29.247498750686646
        ],
        "memory_usages": [
            1.0,
            1.0,
            2.0,
            2.0,
            2.0,
            2.0,
            2.0,
            2.0,
            2.0,
            2.0,
            2.0,
            2.0,
            2.0,
            3.0,
            3.0,
            3.0,
            3.0,
            3.0,
            3.0,
            4.0,
            4.0,
            4.0,
            4.0,
            4.0,
            3.48828125,
            4.48828125,
            4.48828125,
            3.69921875,
            4.69921875,
            4.05078125,
            5.05078125,
            4.4140625,
            4.28515625,
            4.6953125,
            4.45703125,
            5.04296875,
            4.59375,
            4.953125,
            5.06640625,
            5.14453125,
            5.22265625,
            5.30078125,
            5.37109375,
            5.4921875,
            5.5703125,
            5.64453125,
            5.72265625,
            5.80078125,
            5.87890625
        ]
    },
    "run_count": 1,
    "seed": 70
}