{
    "dataset": "51_kddcup99_u2r",
    "model": "OIF",
    "auc": 0.9029505101770484,
    "total_runtime": 24.33007836341858,
    "total_memory_usage": 7.63671875,
    "Instances": 60821,
    "window_metric": {
        "window_size": 1000,
        "auc_scores": [
            NaN,
            0.7563781890945472,
            0.770590196732244,
            0.7769442360590146,
            0.7813562712542508,
            0.7807967994665778,
            0.8217331237196894,
            0.863806903451726,
            0.8146170862220244,
            0.8059459459459459,
            0.797148388057479,
            0.7609204786536674,
            0.7395946050096339,
            0.7491157792372871,
            0.756982710504936,
            0.7660800462185807,
            0.7593032084931108,
            0.757383006639895,
            0.7479075851320631,
            0.7508871141341211,
            0.8624797184848303,
            0.8888845372962193,
            0.8906919886487666,
            0.8718111871871927,
            0.8869224620789479,
            0.8864721052438924,
            0.8931359049365157,
            0.894468366759738,
            0.8972282015333561,
            0.9002494659076213,
            0.898272596514784,
            0.8991084059298413,
            0.8998858832447626,
            0.9003462766727182,
            0.8989329474963059,
            0.8985931755959509,
            0.8981322747164849,
            0.8990607247560713,
            0.9002487213352017,
            0.9014397777604072,
            0.9009795911543091,
            0.9001877363966114,
            0.8992938609600845,
            0.9001775373492324,
            0.9013694058838919,
            0.9018578337213512,
            0.9023960567729675,
            0.9020064422350136,
            0.9019999139974112,
            0.9025859273295828,
            0.9029293353054015,
            0.902725246313881,
            0.9023428914348556,
            0.9022255080932073,
            0.9022162435574105,
            0.9019450777147233,
            0.9020092759465068,
            0.9024347146253087,
            0.9031257499991046,
            0.9029878964039959
        ],
        "runtimes": [
            0.19954156875610352,
            0.39850497245788574,
            1.0992133617401123,
            1.7310216426849365,
            2.385044813156128,
            2.9419260025024414,
            3.582981824874878,
            4.0594000816345215,
            4.50774359703064,
            4.905055999755859,
            5.296638250350952,
            5.6922643184661865,
            6.103216648101807,
            6.514400243759155,
            6.90027379989624,
            7.279675483703613,
            7.661944627761841,
            8.070863008499146,
            8.481252193450928,
            8.88722848892212,
            9.25754690170288,
            9.639293193817139,
            10.026359796524048,
            10.411344766616821,
            10.811784029006958,
            11.201807975769043,
            11.585117816925049,
            11.961469173431396,
            12.338607788085938,
            12.717616558074951,
            13.096959114074707,
            13.470046997070312,
            13.839783191680908,
            14.212514638900757,
            14.587870836257935,
            14.96084976196289,
            15.33784532546997,
            15.713093280792236,
            16.087372541427612,
            16.450739860534668,
            16.85962963104248,
            17.227049112319946,
            17.602193355560303,
            17.975979566574097,
            18.349932432174683,
            18.71938729286194,
            19.08880877494812,
            19.460215091705322,
            19.83788752555847,
            20.21552300453186,
            20.590489864349365,
            20.964996814727783,
            21.343350172042847,
            21.724737882614136,
            22.109081983566284,
            22.490221977233887,
            22.876489400863647,
            23.257662296295166,
            23.6383376121521,
            24.014124870300293
        ],
        "memory_usages": [
            2.0,
            3.0,
            4.0,
            4.0,
            4.0,
            4.0,
            4.0,
            4.0,
            4.0,
            4.0,
            4.0,
            4.0,
            4.0,
            4.0,
            4.0,
            4.0,
            4.0,
            4.0,
            4.0,
            5.0,
            5.0,
            5.0,
            5.0,
            5.0,
            5.0,
            5.0,
            6.0,
            6.0,
            4.7890625,
            5.7890625,
            5.7890625,
            5.0,
            5.0625,
            5.125,
            5.48828125,
            5.5546875,
            5.625,
            5.6953125,
            6.03515625,
            6.171875,
            6.3125,
            6.453125,
            6.5859375,
            6.80859375,
            6.94921875,
            7.0859375,
            7.22265625,
            7.36328125,
            7.5,
            6.6484375,
            6.71875,
            6.7890625,
            6.859375,
            6.9296875,
            6.99609375,
            7.1171875,
            7.1875,
            7.3125,
            7.3828125,
            7.44921875
        ]
    },
    "run_count": 8,
    "seed": 87
}