{
    "dataset": "48_chess",
    "model": "OIF",
    "auc": 0.8525614343874004,
    "total_runtime": 16.59915542602539,
    "total_memory_usage": 5.9375,
    "Instances": 28056,
    "window_metric": {
        "window_size": 1000,
        "auc_scores": [
            0.94994994994995,
            0.7920213653814056,
            0.8193749304860416,
            0.837711617046118,
            0.8650920736589272,
            0.8693712474983322,
            0.8361401000714797,
            0.8473021432741222,
            0.8496775628196576,
            0.8569141256022074,
            0.858455380696807,
            0.8424887424949967,
            0.8449045566502462,
            0.8498040668317314,
            0.8165640991423336,
            0.818727716269469,
            0.8185690736909388,
            0.8188490408673895,
            0.828106262259421,
            0.8289564564564564,
            0.830378932316492,
            0.8364716103466728,
            0.838424500906005,
            0.8389736045920883,
            0.8399692934891404,
            0.846427718960539,
            0.8489086356662541,
            0.8525668270064652
        ],
        "runtimes": [
            0.1414809226989746,
            0.34224915504455566,
            0.9482686519622803,
            1.9097888469696045,
            3.2229392528533936,
            3.943474769592285,
            4.688746452331543,
            5.834877252578735,
            6.874887704849243,
            7.622408866882324,
            8.189773321151733,
            8.730443716049194,
            9.261629343032837,
            9.776171207427979,
            10.282462120056152,
            10.78797197341919,
            11.288561582565308,
            11.784356594085693,
            12.27773118019104,
            12.7638521194458,
            13.24766731262207,
            13.726192712783813,
            14.211458683013916,
            14.69459581375122,
            15.166415691375732,
            15.636228322982788,
            16.102858781814575,
            16.56272792816162
        ],
        "memory_usages": [
            2.0,
            2.0,
            3.0,
            3.0,
            3.0,
            3.0,
            3.0,
            3.0,
            3.0,
            3.0,
            3.0,
            3.0,
            3.0,
            3.0,
            4.0,
            4.0,
            4.0,
            4.0,
            4.0,
            4.0,
            4.0,
            5.0,
            5.0,
            5.0,
            3.9375,
            4.9375,
            5.9375,
            5.9375
        ]
    },
    "run_count": 3,
    "seed": 66
}