{
    "dataset": "32_shuttle",
    "model": "OIF",
    "auc": 0.978903846305479,
    "total_runtime": 27.833457708358765,
    "total_memory_usage": 7.01171875,
    "Instances": 49097,
    "window_metric": {
        "window_size": 1000,
        "auc_scores": [
            0.8997570058066146,
            0.9379492571365741,
            0.9507315607446836,
            0.9577340170670768,
            0.9607702150398819,
            0.9639199801519196,
            0.9674477703487283,
            0.9690919380083739,
            0.969374487123413,
            0.9708254398571553,
            0.9729837474065529,
            0.9710130337078651,
            0.970795673736217,
            0.9719040204804216,
            0.9707246756701672,
            0.9710418947273445,
            0.9722457323563125,
            0.9731998527855101,
            0.973666705150242,
            0.9744470155066117,
            0.9749346408553147,
            0.9757031453402596,
            0.9763967627612056,
            0.9763680208793073,
            0.9752464192681288,
            0.9756886006600904,
            0.9757451281512987,
            0.9762396135717218,
            0.9759821746759185,
            0.9758559274359573,
            0.9760001687024837,
            0.9762908095222649,
            0.9768399054779807,
            0.9771604825256488,
            0.977364453675058,
            0.9777841976041959,
            0.9782912622863206,
            0.978418899475147,
            0.978607507092266,
            0.97889505441224,
            0.9788736410901326,
            0.9792051408525624,
            0.979453036995827,
            0.9785221634936834,
            0.9784297156816624,
            0.9782374682909292,
            0.9786237302412707,
            0.9788796284924017,
            0.9788643858399313
        ],
        "runtimes": [
            0.14478492736816406,
            0.338986873626709,
            0.8720626831054688,
            1.4157640933990479,
            1.9551444053649902,
            2.4955427646636963,
            3.0296669006347656,
            3.566511392593384,
            4.234954595565796,
            4.921565055847168,
            5.465607404708862,
            6.015195369720459,
            6.559380292892456,
            7.2019429206848145,
            7.7853169441223145,
            8.328157186508179,
            8.878306865692139,
            9.574427366256714,
            10.113702535629272,
            10.65547800064087,
            11.326698064804077,
            11.873323917388916,
            12.4850013256073,
            13.035702466964722,
            13.583789348602295,
            14.125267267227173,
            14.666183471679688,
            15.334108829498291,
            15.879211187362671,
            16.428736925125122,
            17.064936637878418,
            17.723434925079346,
            18.279263973236084,
            18.83705234527588,
            19.409664392471313,
            20.129834413528442,
            20.74905276298523,
            21.30535078048706,
            21.857741832733154,
            22.45510721206665,
            23.01128840446472,
            23.56907296180725,
            24.226646661758423,
            24.787280797958374,
            25.349058628082275,
            25.909276008605957,
            26.60268807411194,
            27.172768115997314,
            27.749346256256104
        ],
        "memory_usages": [
            2.0,
            2.0,
            2.0,
            3.0,
            3.0,
            3.0,
            3.0,
            3.0,
            3.0,
            3.0,
            3.0,
            3.0,
            3.0,
            3.0,
            3.0,
            4.0,
            4.0,
            4.0,
            4.0,
            4.0,
            4.0,
            5.0,
            5.0,
            5.0,
            5.0,
            5.0,
            4.43359375,
            5.43359375,
            5.43359375,
            4.9140625,
            4.72265625,
            5.25390625,
            5.11328125,
            5.9296875,
            5.30078125,
            6.296875,
            5.453125,
            5.53125,
            5.640625,
            5.71875,
            5.796875,
            5.875,
            6.87890625,
            6.99609375,
            7.07421875,
            7.1484375,
            7.2265625,
            7.3046875,
            7.3828125
        ]
    },
    "run_count": 6,
    "seed": 15
}