{
    "dataset": "5_campaign",
    "model": "OIF",
    "auc": 0.6141989348914795,
    "total_runtime": 42.21723437309265,
    "total_memory_usage": 8.07421875,
    "Instances": 41188,
    "window_metric": {
        "window_size": 1000,
        "auc_scores": [
            0.5610086168802475,
            0.5868283754179638,
            0.5921139845972127,
            0.5978994611166422,
            0.6049376260399882,
            0.605958072113767,
            0.6115538766296587,
            0.6142523865266352,
            0.6144622504157353,
            0.6145134771415197,
            0.6142205570123718,
            0.6129545207975343,
            0.6131784311893176,
            0.6134120031080031,
            0.6099163374200218,
            0.6108485220961265,
            0.610687949520376,
            0.6110731127426452,
            0.6111535177247374,
            0.6114967053104929,
            0.6094556670311999,
            0.6099789631479458,
            0.6086120081593718,
            0.6086424589927536,
            0.6105038468229852,
            0.6109137128079458,
            0.610788054126626,
            0.6128241023678593,
            0.6121275931168237,
            0.612410526402073,
            0.6126592361829353,
            0.6124014542204494,
            0.6112220300940774,
            0.6109759318604495,
            0.6112452857200736,
            0.6112079530276904,
            0.6113386810991124,
            0.6120442238438425,
            0.6122508764052464,
            0.612631225756044,
            0.6138438720194995
        ],
        "runtimes": [
            0.2788100242614746,
            0.714137077331543,
            1.9523284435272217,
            3.1187055110931396,
            4.291361331939697,
            5.6485185623168945,
            6.7630767822265625,
            7.807030916213989,
            8.803300857543945,
            9.816452741622925,
            10.813509941101074,
            11.805799007415771,
            12.80756950378418,
            13.796434164047241,
            14.790064334869385,
            15.791624784469604,
            16.789570569992065,
            17.860382080078125,
            18.869540691375732,
            20.018301486968994,
            21.103169679641724,
            22.096604585647583,
            23.10836172103882,
            24.10677742958069,
            25.16930842399597,
            26.389187574386597,
            27.46007227897644,
            28.468989610671997,
            29.469098329544067,
            30.589067697525024,
            31.597283363342285,
            32.60515809059143,
            33.60758590698242,
            34.60565257072449,
            35.615217447280884,
            36.6213014125824,
            37.623783826828,
            38.75886821746826,
            39.841545820236206,
            40.9919216632843,
            42.00736927986145
        ],
        "memory_usages": [
            2.0,
            2.0,
            5.0,
            5.0,
            5.0,
            5.0,
            5.0,
            5.0,
            5.0,
            5.0,
            5.0,
            5.0,
            5.0,
            5.0,
            5.0,
            5.0,
            5.0,
            5.0,
            5.0,
            5.0,
            6.0,
            6.0,
            6.0,
            4.81640625,
            5.81640625,
            6.81640625,
            6.3203125,
            7.3203125,
            7.3203125,
            6.57421875,
            7.57421875,
            6.75390625,
            6.83203125,
            6.91015625,
            7.5859375,
            7.86328125,
            8.015625,
            7.8125,
            8.3984375,
            7.99609375,
            8.67578125
        ]
    },
    "run_count": 8,
    "seed": 48
}