{
    "dataset": "1_ALOI",
    "model": "OIF",
    "auc": 0.633000846910841,
    "total_runtime": 38.65086650848389,
    "total_memory_usage": 9.109375,
    "Instances": 49534,
    "window_metric": {
        "window_size": 1000,
        "auc_scores": [
            NaN,
            0.19482677751180694,
            0.3193033046273316,
            0.3748347497136726,
            0.40435983270590453,
            0.433071260194959,
            0.48043452641990947,
            0.49791878108294074,
            0.5385281878035068,
            0.5586056341371689,
            0.5656115830055409,
            0.57197260815617,
            0.5857611938093713,
            0.6011179250210851,
            0.6041473835364468,
            0.6112566175722305,
            0.6149059307413565,
            0.6254170497262237,
            0.6187525817031325,
            0.6169911241279474,
            0.617173419714869,
            0.6162744949054325,
            0.6207122716934708,
            0.6257655536586895,
            0.6306408389604724,
            0.6293349834147111,
            0.6256934874455855,
            0.6251771216855017,
            0.6178127150372368,
            0.6143771428603347,
            0.6169422692877914,
            0.6133091481837563,
            0.6113978549055109,
            0.6103740369798434,
            0.6062364431776891,
            0.6118785165575626,
            0.617776998948618,
            0.6214842590403886,
            0.6200399144390414,
            0.6246135646774651,
            0.6266208836305966,
            0.6296190314044415,
            0.6317512774825278,
            0.6328100205974175,
            0.6348880802737953,
            0.632583576554519,
            0.632843947727656,
            0.6324204460834196,
            0.6313869754638001
        ],
        "runtimes": [
            0.19932770729064941,
            0.4974634647369385,
            1.254709243774414,
            2.0110957622528076,
            2.773923635482788,
            3.5827090740203857,
            4.379637002944946,
            5.356918096542358,
            6.14832067489624,
            6.92159366607666,
            7.790573835372925,
            8.54242753982544,
            9.327177047729492,
            10.183659315109253,
            10.91534948348999,
            11.65673542022705,
            12.396272420883179,
            13.20603322982788,
            13.95834493637085,
            14.726557970046997,
            15.675278663635254,
            16.41873526573181,
            17.17307996749878,
            18.028258800506592,
            18.883689641952515,
            19.77280020713806,
            20.546084880828857,
            21.513200044631958,
            22.29022479057312,
            23.06316351890564,
            23.842125415802002,
            24.579465627670288,
            25.33863663673401,
            26.21797251701355,
            26.98760962486267,
            27.885645389556885,
            28.61272954940796,
            29.45125985145569,
            30.207906007766724,
            30.972989797592163,
            31.71349048614502,
            32.46875238418579,
            33.29017424583435,
            34.09998941421509,
            34.863393783569336,
            35.62320351600647,
            36.409252643585205,
            37.218199014663696,
            38.220808029174805
        ],
        "memory_usages": [
            2.0,
            3.0,
            4.0,
            4.0,
            4.0,
            4.0,
            4.0,
            4.0,
            4.0,
            4.0,
            4.0,
            4.0,
            5.0,
            5.0,
            5.0,
            5.0,
            6.0,
            6.0,
            6.0,
            6.0,
            6.0,
            6.0,
            6.0,
            5.6015625,
            6.6015625,
            7.3203125,
            8.3203125,
            8.17578125,
            7.6640625,
            7.73828125,
            7.83984375,
            7.9140625,
            7.984375,
            8.0546875,
            8.296875,
            8.3671875,
            8.43359375,
            8.50390625,
            8.609375,
            8.67578125,
            8.8046875,
            8.9375,
            9.07421875,
            9.4609375,
            9.59765625,
            9.73828125,
            9.875,
            10.01171875,
            9.640625
        ]
    },
    "run_count": 6,
    "seed": 27
}