{
    "dataset": "32_shuttle",
    "model": "OIF",
    "auc": 0.987271778401937,
    "total_runtime": 27.136541843414307,
    "total_memory_usage": 6.75390625,
    "Instances": 49097,
    "window_metric": {
        "window_size": 1000,
        "auc_scores": [
            0.9252398384246403,
            0.9582972553223658,
            0.9677098408104197,
            0.9712679366618387,
            0.9748104231454534,
            0.9774868980257686,
            0.9794069207214293,
            0.9803784666134192,
            0.9798559258712176,
            0.9807169332907509,
            0.9824865472558744,
            0.9812975152487962,
            0.981204007962389,
            0.9816706963792471,
            0.9808111844497646,
            0.9809869898384295,
            0.9816804486654659,
            0.9823464303334773,
            0.9826922184393803,
            0.9834177047946037,
            0.9839441312336341,
            0.9845383652165289,
            0.9851197254000239,
            0.9851763424473285,
            0.9845805388818718,
            0.9849175493331238,
            0.9850785312986334,
            0.9854708552332571,
            0.9852362577544586,
            0.9848981904522871,
            0.985132660429502,
            0.9855039648348188,
            0.9859185563909774,
            0.9861805054335119,
            0.9863861302005891,
            0.9867385860581834,
            0.9870884151231105,
            0.9871044273277335,
            0.9872720413645315,
            0.9875229636751711,
            0.9875076921110537,
            0.9877588358637526,
            0.9877741065709994,
            0.9872204136513824,
            0.9869751031261762,
            0.9868282001400329,
            0.9870601744470004,
            0.9872610940684088,
            0.9872453599714321
        ],
        "runtimes": [
            0.14353322982788086,
            0.3348057270050049,
            0.8749945163726807,
            1.418022871017456,
            1.9538884162902832,
            2.50046443939209,
            3.035504102706909,
            3.586244583129883,
            4.198110580444336,
            4.7360005378723145,
            5.2790257930755615,
            5.820348501205444,
            6.362751007080078,
            6.907808780670166,
            7.524463653564453,
            8.124819278717041,
            8.684523105621338,
            9.22473669052124,
            9.768221378326416,
            10.303667068481445,
            10.903554201126099,
            11.445109605789185,
            11.998287439346313,
            12.54521131515503,
            13.091500282287598,
            13.893004655838013,
            14.477067708969116,
            15.0265953540802,
            15.637577295303345,
            16.19235324859619,
            16.741990566253662,
            17.29362654685974,
            17.841617584228516,
            18.389593601226807,
            18.93882966041565,
            19.4864764213562,
            20.04092311859131,
            20.637069702148438,
            21.319902181625366,
            21.874488830566406,
            22.434825658798218,
            23.07162070274353,
            23.629575729370117,
            24.187228441238403,
            24.733312368392944,
            25.368616819381714,
            25.921709537506104,
            26.490967512130737,
            27.055535078048706
        ],
        "memory_usages": [
            1.0,
            1.0,
            2.0,
            2.0,
            2.0,
            2.0,
            2.0,
            3.0,
            3.0,
            3.0,
            3.0,
            3.0,
            3.0,
            4.0,
            4.0,
            5.0,
            5.0,
            5.0,
            5.0,
            5.0,
            5.0,
            5.0,
            6.0,
            4.640625,
            5.640625,
            5.640625,
            4.8515625,
            5.3671875,
            6.3671875,
            6.3671875,
            5.65625,
            5.81640625,
            5.78125,
            6.12890625,
            5.97265625,
            6.37109375,
            6.12109375,
            6.67578125,
            6.30859375,
            7.0546875,
            6.46484375,
            7.359375,
            6.6171875,
            6.73828125,
            6.81640625,
            6.890625,
            6.96875,
            7.046875,
            7.125
        ]
    },
    "run_count": 7,
    "seed": 14
}