{
    "dataset": "50_bank",
    "model": "OIF",
    "auc": 0.5723649437867254,
    "total_runtime": 19.71660041809082,
    "total_memory_usage": 6.6484375,
    "Instances": 41188,
    "window_metric": {
        "window_size": 1000,
        "auc_scores": [
            0.4623638607221417,
            0.5273116396711903,
            0.5136589423876822,
            0.523270763692466,
            0.5282119393444369,
            0.5275409109187598,
            0.5175261724365587,
            0.5355267096774193,
            0.537988514134539,
            0.5290796433204354,
            0.5147427137254902,
            0.5138638045891932,
            0.5224061917328443,
            0.5177374171933086,
            0.5070886681638921,
            0.5100067235410853,
            0.505851480463654,
            0.5107999539405503,
            0.5052289877869637,
            0.5022210879650808,
            0.49422521062700975,
            0.49596749715990396,
            0.49622180444446395,
            0.49594903647388994,
            0.5187115769283263,
            0.5156265017957906,
            0.5121919194659369,
            0.5459063927116268,
            0.5524364525664079,
            0.5498563273807228,
            0.5426399913336353,
            0.5404689353340627,
            0.537044346738454,
            0.5333594448926817,
            0.5305580916840005,
            0.5333232289154827,
            0.5544239669698003,
            0.5555075980786351,
            0.5666044019971463,
            0.5708475670992652,
            0.571720724935249
        ],
        "runtimes": [
            0.39308738708496094,
            0.7436790466308594,
            1.4354817867279053,
            2.240410327911377,
            2.8871777057647705,
            3.425703287124634,
            3.956317663192749,
            4.442731618881226,
            4.953046798706055,
            5.445401668548584,
            5.938196897506714,
            6.411937952041626,
            6.9033262729644775,
            7.3941991329193115,
            7.863250494003296,
            8.332569360733032,
            8.797288656234741,
            9.261867761611938,
            9.73565936088562,
            10.175922393798828,
            10.625643491744995,
            11.073235750198364,
            11.508204936981201,
            11.951449871063232,
            12.396828413009644,
            12.83479619026184,
            13.257875204086304,
            13.681286096572876,
            14.132539749145508,
            14.582786798477173,
            15.037886381149292,
            15.485888242721558,
            15.98138427734375,
            16.440531492233276,
            16.879850149154663,
            17.331084966659546,
            17.79030990600586,
            18.23497223854065,
            18.68931818008423,
            19.150385856628418,
            19.61416006088257
        ],
        "memory_usages": [
            2.0,
            2.0,
            3.0,
            3.0,
            3.0,
            3.0,
            3.0,
            3.0,
            4.0,
            4.0,
            4.0,
            4.0,
            4.0,
            4.0,
            5.0,
            5.0,
            5.0,
            5.0,
            5.0,
            5.0,
            6.0,
            6.0,
            4.59765625,
            5.59765625,
            5.59765625,
            5.00390625,
            6.00390625,
            5.171875,
            5.23828125,
            5.30859375,
            5.40625,
            5.47265625,
            5.54296875,
            5.61328125,
            5.75,
            5.8203125,
            5.97265625,
            6.125,
            6.65625,
            7.09765625,
            7.25
        ]
    },
    "run_count": 9,
    "seed": 49
}