{
    "dataset": "32_shuttle",
    "model": "OIF",
    "auc": 0.986874296191637,
    "total_runtime": 28.177910327911377,
    "total_memory_usage": 7.98828125,
    "Instances": 49097,
    "window_metric": {
        "window_size": 1000,
        "auc_scores": [
            0.9163247917192628,
            0.9534971618631372,
            0.9628547425740147,
            0.9677467706942375,
            0.9712021849886618,
            0.974463289897964,
            0.9771076806382739,
            0.9785466638490826,
            0.9779189368474288,
            0.9789393889905059,
            0.9805249937054625,
            0.9795431139646871,
            0.9802617595548497,
            0.9809214692606538,
            0.9793298706220778,
            0.9797006815811062,
            0.9806602055018832,
            0.9815540244134494,
            0.9820874234519569,
            0.9827901222948796,
            0.9834050503714705,
            0.9839769275592309,
            0.9846092734914907,
            0.9844335732209176,
            0.9839946959971987,
            0.9843139627462092,
            0.9842919730036819,
            0.9845880813711978,
            0.9842845419563594,
            0.9841834543550297,
            0.9844450090552264,
            0.9848258356799439,
            0.9852463432867884,
            0.9855485527612149,
            0.9857351433938925,
            0.9860942966999635,
            0.9864255173269981,
            0.986556226383783,
            0.9866592616730557,
            0.9869608697026946,
            0.9869362730467002,
            0.9872023601082751,
            0.9873295435590729,
            0.9866505974947061,
            0.9865374834612868,
            0.9863388538842682,
            0.9865750740814392,
            0.9867854883400177,
            0.9868449722711334
        ],
        "runtimes": [
            0.14581942558288574,
            0.34197115898132324,
            0.9181408882141113,
            1.5588898658752441,
            2.190927267074585,
            2.8101253509521484,
            3.339360475540161,
            3.8880600929260254,
            4.4375319480896,
            4.973977327346802,
            5.581110715866089,
            6.218908071517944,
            6.771408796310425,
            7.320868492126465,
            7.866692066192627,
            8.415557861328125,
            8.970281600952148,
            9.527085065841675,
            10.084020614624023,
            10.64819622039795,
            11.208887338638306,
            11.76859426498413,
            12.338562488555908,
            12.899503707885742,
            13.607203006744385,
            14.166099786758423,
            14.73098111152649,
            15.29377794265747,
            15.86707854270935,
            16.441120386123657,
            17.00888991355896,
            17.581083059310913,
            18.15181016921997,
            18.724205493927002,
            19.294386863708496,
            20.02012276649475,
            20.762271881103516,
            21.452518939971924,
            22.146877765655518,
            22.79070520401001,
            23.36695885658264,
            24.029254913330078,
            24.66165518760681,
            25.23668122291565,
            25.81268811225891,
            26.38218903541565,
            26.95284366607666,
            27.524609088897705,
            28.093891859054565
        ],
        "memory_usages": [
            3.0,
            3.0,
            3.0,
            3.0,
            3.0,
            3.0,
            3.0,
            3.0,
            3.0,
            4.0,
            4.0,
            4.0,
            4.0,
            4.0,
            4.0,
            5.0,
            5.0,
            5.0,
            5.0,
            5.0,
            5.0,
            6.0,
            6.0,
            4.58984375,
            5.58984375,
            6.58984375,
            5.6875,
            5.7734375,
            6.28125,
            7.28125,
            6.83984375,
            6.80078125,
            7.125,
            7.66015625,
            7.3046875,
            8.0078125,
            7.44140625,
            8.28515625,
            7.6171875,
            7.6875,
            7.7578125,
            7.828125,
            7.89453125,
            8.0078125,
            8.078125,
            8.14453125,
            8.21484375,
            8.28515625,
            8.359375
        ]
    },
    "run_count": 10,
    "seed": 40
}