{
    "dataset": "50_bank",
    "model": "OIF",
    "auc": 0.5705646129511309,
    "total_runtime": 21.785754442214966,
    "total_memory_usage": 3.8515625,
    "Instances": 41188,
    "window_metric": {
        "window_size": 1000,
        "auc_scores": [
            0.45608669993025375,
            0.5219733450070528,
            0.4879182915863223,
            0.5066195019910628,
            0.5124272879008488,
            0.5041993015080247,
            0.4993740907882741,
            0.512464,
            0.5228397630166932,
            0.514183303164001,
            0.4986006588235294,
            0.49700921128382264,
            0.5107927103811303,
            0.5090270349349812,
            0.5031340023735827,
            0.5035551297823387,
            0.5007682344575376,
            0.5040540723316134,
            0.4986480676512867,
            0.4988472653205541,
            0.49267502612330194,
            0.4933594706433609,
            0.49301402391579247,
            0.494391100953717,
            0.5184253888178608,
            0.5141094120415902,
            0.5114701777651215,
            0.5439086543022787,
            0.5497352020610767,
            0.5449590302687459,
            0.5391800686928686,
            0.5374210918841569,
            0.5340065055732162,
            0.5310817954632834,
            0.5293662661694696,
            0.5292032407171108,
            0.5504554393431433,
            0.5526851580450578,
            0.5648368919149306,
            0.56846779877907,
            0.570721932642321
        ],
        "runtimes": [
            0.3694155216217041,
            0.721787691116333,
            1.5106205940246582,
            2.5611603260040283,
            3.3826382160186768,
            4.122065782546997,
            5.053071737289429,
            5.755709886550903,
            6.574915409088135,
            7.159397125244141,
            7.727491855621338,
            8.250550985336304,
            8.772766590118408,
            9.303088426589966,
            9.799867391586304,
            10.286954164505005,
            10.772808074951172,
            11.250962972640991,
            11.732798099517822,
            12.190719604492188,
            12.6513991355896,
            13.11543345451355,
            13.565262079238892,
            14.021990776062012,
            14.473302125930786,
            14.923933029174805,
            15.363367557525635,
            15.804628372192383,
            16.269062995910645,
            16.71928071975708,
            17.162527084350586,
            17.605995893478394,
            18.050559043884277,
            18.50607943534851,
            18.948886156082153,
            19.39852523803711,
            19.875927925109863,
            20.348249197006226,
            20.78847861289978,
            21.23476791381836,
            21.68606162071228
        ],
        "memory_usages": [
            1.0,
            1.0,
            1.0,
            1.0,
            1.0,
            1.0,
            2.0,
            2.0,
            2.0,
            2.0,
            2.0,
            2.0,
            2.0,
            2.0,
            2.0,
            2.0,
            2.0,
            3.0,
            3.0,
            3.0,
            3.0,
            3.0,
            4.0,
            4.0,
            2.734375,
            3.734375,
            3.734375,
            3.1015625,
            3.00390625,
            3.3671875,
            3.15625,
            3.5703125,
            4.33203125,
            3.6015625,
            3.703125,
            3.76953125,
            3.83984375,
            3.91015625,
            4.01171875,
            4.08203125,
            4.15234375
        ]
    },
    "run_count": 4,
    "seed": 15
}