{
    "dataset": "50_bank",
    "model": "OIF",
    "auc": 0.5556628411196612,
    "total_runtime": 23.127877473831177,
    "total_memory_usage": 3.44140625,
    "Instances": 41188,
    "window_metric": {
        "window_size": 1000,
        "auc_scores": [
            0.4690165781426042,
            0.5275670022861034,
            0.49302506744117836,
            0.5079445606573403,
            0.5089669377463688,
            0.5009554118732119,
            0.4995505743217173,
            0.5186978064516129,
            0.52460269897655,
            0.5160204110710918,
            0.4987640470588235,
            0.49921046138662717,
            0.507707723177769,
            0.5055495571868893,
            0.49552531385811327,
            0.49772381714878206,
            0.4944263737996964,
            0.4985129012152749,
            0.49298720574986843,
            0.4923994835308385,
            0.4861730245988118,
            0.4876597663602358,
            0.48787411058840935,
            0.4885044891378194,
            0.512505738194067,
            0.509252685633,
            0.5061708152732161,
            0.5394434486949699,
            0.5425497484888226,
            0.5380849057132469,
            0.5270892901875612,
            0.5259073042407099,
            0.5234922938115353,
            0.5196300961584672,
            0.5171193563140654,
            0.5187260964123299,
            0.5395236317159511,
            0.5419661730573653,
            0.5518452418741321,
            0.5540728919764765,
            0.5557670439399067
        ],
        "runtimes": [
            0.17753148078918457,
            0.3573424816131592,
            1.019160270690918,
            1.7134950160980225,
            2.8220303058624268,
            4.203920125961304,
            5.43254280090332,
            6.235211372375488,
            7.3201024532318115,
            8.055068492889404,
            8.915788888931274,
            9.468781232833862,
            10.02480173110962,
            10.562560796737671,
            11.076363563537598,
            11.58381199836731,
            12.082792282104492,
            12.57193112373352,
            13.069173336029053,
            13.537587404251099,
            14.001259088516235,
            14.456925630569458,
            14.903720378875732,
            15.360066175460815,
            15.811186075210571,
            16.258309602737427,
            16.69446611404419,
            17.126538276672363,
            17.58968687057495,
            18.03777313232422,
            18.482678174972534,
            18.93648076057434,
            19.380040168762207,
            19.834872245788574,
            20.273942232131958,
            20.72320246696472,
            21.175752878189087,
            21.620586156845093,
            22.064777851104736,
            22.577057361602783,
            23.027758598327637
        ],
        "memory_usages": [
            1.0,
            1.0,
            1.0,
            1.0,
            1.0,
            1.0,
            2.0,
            2.0,
            2.0,
            2.0,
            2.0,
            2.0,
            2.0,
            3.0,
            3.0,
            3.0,
            3.0,
            3.0,
            3.0,
            3.0,
            3.0,
            3.0,
            3.0,
            3.0,
            2.48046875,
            3.48046875,
            3.48046875,
            2.71484375,
            3.71484375,
            2.8515625,
            2.94921875,
            3.015625,
            3.0390625,
            3.109375,
            3.21484375,
            3.28125,
            3.3515625,
            3.44921875,
            3.70703125,
            3.85546875,
            4.0390625
        ]
    },
    "run_count": 5,
    "seed": 95
}