{
    "dataset": "34_smtp",
    "model": "OIF",
    "auc": 0.8848818058855272,
    "total_runtime": 54.38540554046631,
    "total_memory_usage": 11.390625,
    "Instances": 95156,
    "window_metric": {
        "window_size": 1000,
        "auc_scores": [
            NaN,
            NaN,
            NaN,
            NaN,
            NaN,
            NaN,
            NaN,
            NaN,
            NaN,
            NaN,
            NaN,
            NaN,
            NaN,
            NaN,
            0.9932528566982348,
            0.9911995804283288,
            0.9916542514411473,
            0.9919942180463669,
            0.9920350361178296,
            0.9922872944336897,
            0.9924128856324979,
            0.9923276341614451,
            0.9926513648182418,
            0.9922361792124581,
            0.9928474231283806,
            0.9931171729832547,
            0.9925119903441997,
            0.9927259548141417,
            0.9928191935022819,
            0.9926632428466617,
            0.9925888189136107,
            0.9925011835535189,
            0.9927263514391388,
            0.9923834183823592,
            0.9925643726878506,
            0.9927709982453493,
            0.9923561811032747,
            0.992502876999797,
            0.9926402151688152,
            0.9924294931797558,
            0.9924660685530251,
            0.9924107355513063,
            0.9925789792025311,
            0.9923758208780716,
            0.9924357419133573,
            0.9924713111443855,
            0.9923244613897149,
            0.9923668212752529,
            0.9924570285387662,
            0.9931202984955186,
            0.9931265200847325,
            0.9931589527546938,
            0.9931382587196135,
            0.9930060295643153,
            0.9930616179252146,
            0.8794326038410004,
            0.8801354980254497,
            0.8812888313928418,
            0.8818360322170412,
            0.8827984993747394,
            0.8839366953669536,
            0.86274249658304,
            0.8631606373336956,
            0.864295759032601,
            0.86485212375967,
            0.8656998289423675,
            0.8662291216305521,
            0.8756239349540043,
            0.8764603214044484,
            0.8767735795962761,
            0.8772781889057163,
            0.8779479665899915,
            0.8786442795650043,
            0.8787446524942906,
            0.8788593658513476,
            0.8795284407525739,
            0.879811429203744,
            0.8804732440310479,
            0.8804890839456998,
            0.8803311890215376,
            0.8809058500723332,
            0.881093776226159,
            0.8809326399460717,
            0.8814204739813705,
            0.8815636490989421,
            0.8813433078275392,
            0.8810511153341245,
            0.8817658954224334,
            0.8849526057472556,
            0.8848016005335111,
            0.8851947528489246,
            0.8856094378601718,
            0.8853404323975477,
            0.8849065304529814,
            0.8848187146818294
        ],
        "runtimes": [
            0.14168858528137207,
            0.3327651023864746,
            0.9163532257080078,
            1.5053598880767822,
            2.045596122741699,
            2.6592490673065186,
            3.257258653640747,
            3.7751200199127197,
            4.319427251815796,
            4.863483190536499,
            5.402313470840454,
            6.00040602684021,
            6.593631029129028,
            7.130815029144287,
            7.672095537185669,
            8.341562271118164,
            8.903274059295654,
            9.44980788230896,
            9.998247861862183,
            10.53626012802124,
            11.090387344360352,
            11.646197319030762,
            12.198647260665894,
            12.760157108306885,
            13.324364423751831,
            13.909626245498657,
            14.465040445327759,
            15.014420986175537,
            15.568005323410034,
            16.126253843307495,
            16.67875909805298,
            17.301189184188843,
            17.899138689041138,
            18.468684673309326,
            19.023743152618408,
            19.588747024536133,
            20.16715359687805,
            20.74446678161621,
            21.31262993812561,
            21.880942821502686,
            22.45649814605713,
            23.139896154403687,
            23.70283794403076,
            24.267151594161987,
            24.82638692855835,
            25.380946397781372,
            25.944525480270386,
            26.507944107055664,
            27.069380044937134,
            27.622549295425415,
            28.183521032333374,
            28.888631582260132,
            29.45176887512207,
            30.14391779899597,
            30.699211359024048,
            31.262193202972412,
            31.829710245132446,
            32.393746852874756,
            32.95191192626953,
            33.51713991165161,
            34.08433794975281,
            34.644630432128906,
            35.21658253669739,
            35.788106203079224,
            36.3581109046936,
            36.92889976501465,
            37.49684548377991,
            38.0726215839386,
            38.65370750427246,
            39.22612929344177,
            39.80510687828064,
            40.52733373641968,
            41.134034872055054,
            41.79380393028259,
            42.44265294075012,
            43.025662899017334,
            43.60085964202881,
            44.18050265312195,
            44.762898683547974,
            45.346768617630005,
            46.06830930709839,
            46.649582624435425,
            47.23585891723633,
            47.82684874534607,
            48.40196108818054,
            48.98789620399475,
            49.578157901763916,
            50.16726493835449,
            50.74975800514221,
            51.33538246154785,
            51.92693471908569,
            52.51013493537903,
            53.08707523345947,
            53.66677808761597,
            54.24942135810852
        ],