{
    "dataset": "3_backdoor",
    "model": "RRCF",
    "auc": 0.6540862523488322,
    "total_runtime": 300.98068356513977,
    "total_memory_usage": 23.80859375,
    "Instances": 95329,
    "window_metric": {
        "window_size": 1000,
        "auc_scores": [
            0.8836026524174339,
            0.9051977531145724,
            0.9065484546919411,
            0.9123859110842514,
            0.9107786924101089,
            0.9064022853301967,
            0.9104401363480221,
            0.9111342688251254,
            0.9087982416740575,
            0.9123275478415667,
            0.9138593251198753,
            0.9147983517731417,
            0.9154442411664689,
            0.9169908089391587,
            0.9180479361833689,
            0.9184773777857955,
            0.9189271838757329,
            0.9114607906557419,
            0.908732402253287,
            0.9021787051746166,
            0.38071119639376216,
            0.3703526262100345,
            0.37744051603816053,
            0.3842384522071348,
            0.3883371896432701,
            0.4004849201089127,
            0.41455710565296233,
            0.4133799496262257,
            0.41747918511561855,
            0.4198077785035911,
            0.4189641061853163,
            0.42768298357659007,
            0.432545266282631,
            0.4315968120703141,
            0.439443469811854,
            0.43671316954853645,
            0.43772598617189656,
            0.4390893582598897,
            0.44558492387701254,
            0.4489435668957386,
            0.4510724411560086,
            0.4508196371664157,
            0.4493068513461726,
            0.4458803139730227,
            0.44186808081262907,
            0.4389760659285702,
            0.4369244115661031,
            0.4350066457192275,
            0.43272671439879196,
            0.4300264237093707,
            0.4258939450131699,
            0.42318665019621793,
            0.4214657618803112,
            0.41860543750550505,
            0.41554754528676036,
            0.4131721907232521,
            0.4106597676192817,
            0.4070146926381405,
            0.4051169519340616,
            0.4029458508374872,
            0.4011752397452911,
            0.3991907973474137,
            0.39782436564608575,
            0.3963047985006861,
            0.39430310830395365,
            0.3927694793273846,
            0.39114931387170165,
            0.38974920460610346,
            0.3884673673157226,
            0.38698596601328816,
            0.3857822127049032,
            0.3841561955678329,
            0.3827936831734804,
            0.3803421284524962,
            0.3778407297379048,
            0.3761436100814065,
            0.3740260484188599,
            0.3727488949544171,
            0.3730458820987179,
            0.37654315774750513,
            0.37803250727111515,
            0.38160556275613144,
            0.38187486965159456,
            0.38231552399606916,
            0.3844944492759551,
            0.49470177708327806,
            0.5408108647228262,
            0.5531558378961855,
            0.574268975086513,
            0.5920794362973467,
            0.6262192610061056,
            0.6405638931488402,
            0.6509456059534169,
            0.6588158054048561,
            0.6724601774193549
        ],
        "runtimes": [
            2.499460220336914,
            5.374000787734985,
            8.289925575256348,
            11.51274585723877,
            14.3965904712677,
            17.331177234649658,
            20.229085683822632,
            23.134912490844727,
            26.16557216644287,
            29.139377117156982,
            32.06786346435547,
            35.28999972343445,
            38.32335448265076,
            41.32675337791443,
            44.42012667655945,
            47.38357758522034,
            50.46053695678711,
            53.54858064651489,
            56.58503341674805,
            59.69354557991028,
            62.67839765548706,
            65.9688491821289,
            69.07162380218506,
            72.04849123954773,
            75.21461987495422,
            78.24882960319519,
            81.30515718460083,
            84.23980736732483,
            87.28725123405457,
            90.39583706855774,
            93.30769515037537,
            96.35834956169128,
            99.33209609985352,
            102.31013107299805,
            105.30914068222046,
            108.3018250465393,
            111.65995192527771,
            114.80799770355225,
            117.73847889900208,
            120.74013161659241,
            123.82685494422913,
            126.85638308525085,
            130.04372644424438,
            133.1452877521515,
            136.15127778053284,
            139.239093542099,
            142.63575339317322,
            145.98731637001038,
            149.4348804950714,
            152.7835235595703,
            156.02679872512817,
            159.55088925361633,
            163.140230178833,
            166.63738417625427,
            170.2083158493042,
            173.5099630355835,
            176.8294997215271,
            180.45739912986755,
            183.5329749584198,
            186.78376507759094,
            189.89686107635498,
            192.98042607307434,
            196.1570110321045,
            199.3650918006897,
            202.6759009361267,
            205.90271973609924,
            209.09007000923157,
            212.16835498809814,
            215.397545337677,
            218.7445034980774,
            221.83548283576965,
            225.1351969242096,
            228.37250185012817,
            231.5114347934723,
            234.94064211845398,
            238.12063908576965,
            241.34007215499878,
            244.86730074882507,
            248.28772735595703,
            251.54880571365356,
            254.84732222557068,
            258.1096408367157,
            261.50907945632935,
            264.89912724494934,
            268.31332421302795,
            271.5313847064972,
            274.79988718032837,
            278.06755447387695,
            281.2727680206299,
            284.43203353881836,
            287.53806471824646,
            290.6627130508423,
            293.78930735588074,
            296.87325143814087,
            299.93845295906067
        ],