{
    "dataset": "32_shuttle",
    "model": "RRCF",
    "auc": 0.9807657172574544,
    "total_runtime": 6.100203275680542,
    "total_memory_usage": 4.7265625,
    "Instances": 49097,
    "window_metric": {
        "window_size": 1000,
        "auc_scores": [
            0.9671800050492301,
            0.977363625118542,
            0.9813261914690083,
            0.9816070255440849,
            0.9840064190033877,
            0.9857839303681529,
            0.9865887904071619,
            0.9855774913233929,
            0.985655198321876,
            0.980679582934123,
            0.9821488867939626,
            0.981975011235955,
            0.982104214927642,
            0.9828215972632887,
            0.9823428016464625,
            0.9827133842347886,
            0.9833786024234485,
            0.9840071738578058,
            0.9845224592953609,
            0.9826683688767344,
            0.9834367328034865,
            0.9838741801906793,
            0.9844522681078856,
            0.9846231827583526,
            0.9844423382111557,
            0.9848730039525893,
            0.9851065815670159,
            0.9835304059213484,
            0.9836072681663726,
            0.9837760570850872,
            0.9841611358739457,
            0.9845150343692387,
            0.9847898603651988,
            0.9850623674971407,
            0.9854486402415874,
            0.9857856711228427,
            0.9860224333698774,
            0.9855139285379346,
            0.9856463158633295,
            0.9858752698732915,
            0.9859981353994342,
            0.9862590976077527,
            0.9863869255723202,
            0.9862626013575911,
            0.9863949036219267,
            0.9816479216687275,
            0.9804210356181686,
            0.9806457084778256,
            0.9807413447155372
        ],
        "runtimes": [
            0.17593073844909668,
            0.320237398147583,
            0.4250357151031494,
            0.5288646221160889,
            0.6333370208740234,
            0.7412996292114258,
            0.8481950759887695,
            0.9530503749847412,
            1.060899019241333,
            1.1699013710021973,
            1.2762417793273926,
            1.3825178146362305,
            1.4907519817352295,
            1.600996971130371,
            1.710456371307373,
            1.8180344104766846,
            1.9273285865783691,
            2.038827896118164,
            2.1616950035095215,
            2.3322176933288574,
            2.445913076400757,
            2.6144323348999023,
            2.7258589267730713,
            2.8405675888061523,
            2.9898338317871094,
            3.136883020401001,
            3.2974729537963867,
            3.4301071166992188,
            3.549112558364868,
            3.6689867973327637,
            3.7885987758636475,
            3.909127712249756,
            4.032639741897583,
            4.171283006668091,
            4.332591772079468,
            4.454390048980713,
            4.575317144393921,
            4.696172475814819,
            4.819472789764404,
            4.941224098205566,
            5.060827970504761,
            5.180476665496826,
            5.304072380065918,
            5.434671640396118,
            5.560269117355347,
            5.688526630401611,
            5.815510034561157,
            5.9401843547821045,
            6.063270092010498
        ],
        "memory_usages": [
            1.0,
            1.0,
            1.0,
            1.0,
            1.0,
            1.0,
            2.0,
            2.0,
            2.0,
            2.0,
            2.0,
            2.0,
            3.0,
            3.0,
            3.0,
            3.0,
            3.0,
            4.0,
            4.0,
            4.0,
            4.0,
            4.0,
            4.0,
            4.0,
            3.3984375,
            4.3984375,
            3.625,
            4.15234375,
            3.921875,
            4.48046875,
            4.109375,
            3.6796875,
            4.52734375,
            3.83203125,
            4.79296875,
            4.01953125,
            4.09765625,
            4.171875,
            4.28515625,
            4.36328125,
            4.44140625,
            4.51953125,
            4.59375,
            4.76953125,
            4.94140625,
            5.109375,
            5.27734375,
            5.44921875,
            5.62109375
        ]
    },
    "run_count": 10,
    "seed": 95
}