{
    "dataset": "1_ALOI",
    "model": "RRCF",
    "auc": 0.7240823411191616,
    "total_runtime": 14.050228118896484,
    "total_memory_usage": 6.7265625,
    "Instances": 49534,
    "window_metric": {
        "window_size": 1000,
        "auc_scores": [
            NaN,
            0.832958637941817,
            0.6309086125116448,
            0.6249627455071082,
            0.6333121025397954,
            0.625453355331376,
            0.672136925472498,
            0.6447276059823066,
            0.6852160430011286,
            0.7047173279641566,
            0.6946976708572681,
            0.6904146875578312,
            0.707003534231171,
            0.7138067036643506,
            0.6874427404077158,
            0.6886583268112436,
            0.7015848344075594,
            0.7121261590701318,
            0.6872654858211802,
            0.68523018198134,
            0.6911463303179268,
            0.6933507984742445,
            0.7048702595401608,
            0.7099860970313758,
            0.7148440340433065,
            0.703651893478128,
            0.6841060762392405,
            0.684296240174202,
            0.6805797567925234,
            0.684470227763687,
            0.6916762213265765,
            0.6973340574437753,
            0.6996302964063797,
            0.7019988760342883,
            0.6969552846223859,
            0.7047460703608356,
            0.7104582876075336,
            0.7043114315088429,
            0.7079990504074999,
            0.7124795093320573,
            0.7122730897249177,
            0.7139959499482624,
            0.7122030778487611,
            0.7130085151306997,
            0.7186954227503897,
            0.7193842823589901,
            0.7219955425164678,
            0.7243786387139194,
            0.7218994833919816
        ],
        "runtimes": [
            0.24918293952941895,
            0.504920482635498,
            0.7654867172241211,
            1.0281963348388672,
            1.2878248691558838,
            1.5458984375,
            1.8042347431182861,
            2.064117431640625,
            2.3244471549987793,
            2.5826663970947266,
            2.8419625759124756,
            3.1026666164398193,
            3.3644163608551025,
            3.702838182449341,
            4.0137035846710205,
            4.277666807174683,
            4.53793740272522,
            4.798778057098389,
            5.071561336517334,
            5.33529806137085,
            5.598405838012695,
            5.893430948257446,
            6.19930624961853,
            6.475244998931885,
            6.741508722305298,
            7.008595943450928,
            7.281925201416016,
            7.551243543624878,
            7.827178478240967,
            8.11191439628601,
            8.399610042572021,
            8.675726652145386,
            9.083272457122803,
            9.491870641708374,
            9.800300359725952,
            10.073296546936035,
            10.350204944610596,
            10.625960350036621,
            10.89826512336731,
            11.174136638641357,
            11.451293230056763,
            11.72225546836853,
            12.000900030136108,
            12.277676105499268,
            12.552239894866943,
            12.827109813690186,
            13.17879319190979,
            13.522513151168823,
            13.830698013305664
        ],
        "memory_usages": [
            2.0,
            3.0,
            3.0,
            3.0,
            3.0,
            3.0,
            3.0,
            4.0,
            4.0,
            4.0,
            4.0,
            4.0,
            4.0,
            4.0,
            4.0,
            4.0,
            4.0,
            4.0,
            4.0,
            5.0,
            5.0,
            3.87109375,
            4.87109375,
            4.87109375,
            4.265625,
            5.265625,
            4.40234375,
            4.5,
            4.5703125,
            4.640625,
            4.734375,
            4.875,
            5.06640625,
            5.48046875,
            5.70703125,
            5.8671875,
            6.0234375,
            6.46875,
            5.6796875,
            5.75390625,
            5.82421875,
            5.8984375,
            5.97265625,
            6.08203125,
            6.15625,
            6.23046875,
            6.3046875,
            6.375,
            6.44921875
        ]
    },
    "run_count": 8,
    "seed": 92
}