{
    "dataset": "32_shuttle",
    "model": "RRCF",
    "auc": 0.9807657172574544,
    "total_runtime": 5.741056680679321,
    "total_memory_usage": 8.1875,
    "Instances": 49097,
    "window_metric": {
        "window_size": 1000,
        "auc_scores": [
            0.9671800050492301,
            0.977363625118542,
            0.9813261914690083,
            0.9816070255440849,
            0.9840064190033877,
            0.9857839303681529,
            0.9865887904071619,
            0.9855774913233929,
            0.985655198321876,
            0.980679582934123,
            0.9821488867939626,
            0.981975011235955,
            0.982104214927642,
            0.9828215972632887,
            0.9823428016464625,
            0.9827133842347886,
            0.9833786024234485,
            0.9840071738578058,
            0.9845224592953609,
            0.9826683688767344,
            0.9834367328034865,
            0.9838741801906793,
            0.9844522681078856,
            0.9846231827583526,
            0.9844423382111557,
            0.9848730039525893,
            0.9851065815670159,
            0.9835304059213484,
            0.9836072681663726,
            0.9837760570850872,
            0.9841611358739457,
            0.9845150343692387,
            0.9847898603651988,
            0.9850623674971407,
            0.9854486402415874,
            0.9857856711228427,
            0.9860224333698774,
            0.9855139285379346,
            0.9856463158633295,
            0.9858752698732915,
            0.9859981353994342,
            0.9862590976077527,
            0.9863869255723202,
            0.9862626013575911,
            0.9863949036219267,
            0.9816479216687275,
            0.9804210356181686,
            0.9806457084778256,
            0.9807413447155372
        ],
        "runtimes": [
            0.09130120277404785,
            0.19182515144348145,
            0.29581284523010254,
            0.46365904808044434,
            0.5666384696960449,
            0.7045228481292725,
            0.8004205226898193,
            0.9060163497924805,
            1.011390209197998,
            1.1177372932434082,
            1.2230074405670166,
            1.3299486637115479,
            1.440467119216919,
            1.5473246574401855,
            1.654813528060913,
            1.7657573223114014,
            1.8745298385620117,
            1.985569953918457,
            2.095311164855957,
            2.204085350036621,
            2.3145592212677,
            2.429941415786743,
            2.5440897941589355,
            2.657270908355713,
            2.7742598056793213,
            2.8894383907318115,
            3.0051231384277344,
            3.1184868812561035,
            3.2363510131835938,
            3.3555359840393066,
            3.4762184619903564,
            3.59198260307312,
            3.709819793701172,
            3.829160690307617,
            3.950047016143799,
            4.069889783859253,
            4.188225030899048,
            4.3084399700164795,
            4.432147026062012,
            4.554793119430542,
            4.678707838058472,
            4.804589033126831,
            4.9287495613098145,
            5.055349111557007,
            5.18003249168396,
            5.307291269302368,
            5.43379020690918,
            5.558766603469849,
            5.687475204467773
        ],
        "memory_usages": [
            3.0,
            3.0,
            3.0,
            4.0,
            4.0,
            4.0,
            4.0,
            4.0,
            4.0,
            5.0,
            5.0,
            5.0,
            5.0,
            5.0,
            5.0,
            6.0,
            6.0,
            6.0,
            6.0,
            6.0,
            7.0,
            5.578125,
            6.578125,
            6.578125,
            6.16796875,
            7.16796875,
            7.16796875,
            6.42578125,
            7.42578125,
            6.59765625,
            6.9375,
            7.09765625,
            6.83984375,
            7.296875,
            7.52734375,
            7.1015625,
            7.84765625,
            7.2578125,
            8.2421875,
            7.4453125,
            7.5234375,
            7.6015625,
            7.67578125,
            7.8359375,
            7.90625,
            7.97265625,
            8.04296875,
            8.11328125,
            8.1796875
        ]
    },
    "run_count": 6,
    "seed": 34
}