{
    "dataset": "49_kddcup99_prob",
    "model": "RRCF",
    "auc": 0.5620453465282979,
    "total_runtime": 7.943750619888306,
    "total_memory_usage": 11.984375,
    "Instances": 64759,
    "window_metric": {
        "window_size": 1000,
        "auc_scores": [
            0.6784599375650364,
            0.33441617417330843,
            0.3254780339994464,
            0.35916955046510085,
            0.4181578100579882,
            0.430417388277086,
            0.429523378068447,
            0.44201608967671613,
            0.451518898602036,
            0.4647541778082876,
            0.468499230868607,
            0.33820836112460995,
            0.36042587896117856,
            0.4465936309948372,
            0.5191629676964344,
            0.5211205932713827,
            0.5256030397916205,
            0.5330307150291319,
            0.53998527496063,
            0.5360601216992221,
            0.5433287010152495,
            0.541910279664869,
            0.5476751315523662,
            0.5529628419645116,
            0.5573761725474387,
            0.5617303373526732,
            0.5769657112303895,
            0.5744013450743957,
            0.5769700774666855,
            0.5762481308568556,
            0.5764448291513511,
            0.5764696030559723,
            0.5745536607261761,
            0.5743612032215097,
            0.5746105487782158,
            0.573860289257098,
            0.5732068151433782,
            0.5711517488467178,
            0.5683200266475785,
            0.5741894849239533,
            0.5734983954871038,
            0.5733325114979944,
            0.5739138984916928,
            0.5755916036144004,
            0.5759394327971629,
            0.5741020003898314,
            0.573815299477116,
            0.5732396288616323,
            0.5742465680333604,
            0.57458470641122,
            0.5728557888208341,
            0.5700100991002653,
            0.5689719463750917,
            0.5692674666095539,
            0.5695338178044009,
            0.5692545224291573,
            0.5691805215872191,
            0.5677494682003201,
            0.5656958160685074,
            0.5640297009974582,
            0.5636766512968993,
            0.5631585979578912,
            0.5633671812754343,
            0.5623805073377037
        ],
        "runtimes": [
            0.07757449150085449,
            0.1643681526184082,
            0.24769330024719238,
            0.33319664001464844,
            0.4484288692474365,
            0.5736134052276611,
            0.6579489707946777,
            0.7797377109527588,
            0.8941888809204102,
            1.0636847019195557,
            1.2706730365753174,
            1.414849042892456,
            1.6622869968414307,
            1.804405927658081,
            1.9066519737243652,
            2.024611473083496,
            2.100346326828003,
            2.1754047870635986,
            2.2588798999786377,
            2.455314874649048,
            2.6501975059509277,
            2.7730531692504883,
            3.046457290649414,
            3.1408145427703857,
            3.2204012870788574,
            3.3039767742156982,
            3.3886632919311523,
            3.5058934688568115,
            3.6904687881469727,
            3.78600811958313,
            4.014572381973267,
            4.120263338088989,
            4.2701990604400635,
            4.3603761196136475,
            4.452341556549072,
            4.5409722328186035,
            4.656983852386475,
            4.907469034194946,
            5.023966550827026,
            5.123013257980347,
            5.2145094871521,
            5.30687403678894,
            5.396681070327759,
            5.494882106781006,
            5.596801519393921,
            5.74535059928894,
            5.940786361694336,
            6.1089186668396,
            6.25128960609436,
            6.345511198043823,
            6.438112020492554,
            6.5420081615448,
            6.642633676528931,
            6.747939586639404,
            6.844520330429077,
            6.94153904914856,
            7.068270683288574,
            7.22526741027832,
            7.331682920455933,
            7.437061548233032,
            7.542958736419678,
            7.648394584655762,
            7.7530601024627686,
            7.857429027557373
        ],
        "memory_usages": [
            4.0,
            4.0,
            4.0,
            4.0,
            4.0,
            4.0,
            4.0,
            5.0,
            5.0,
            5.0,
            5.0,
            5.0,
            5.0,
            6.0,
            6.0,
            6.0,
            6.0,
            6.0,
            6.0,
            6.0,
            6.0,
            6.0,
            7.0,
            7.0,
            7.0,
            7.0,
            7.0,
            7.0,
            8.0,
            8.0,
            8.0,
            6.75,
            7.06640625,
            8.06640625,
            7.234375,
            7.3046875,
            7.375,
            7.4453125,
            7.63671875,
            7.7734375,
            7.90625,
            8.03515625,
            8.3515625,
            8.55859375,
            8.6953125,
            8.83203125,
            8.96875,
            9.109375,
            9.2421875,
            8.3984375,
            8.46875,
            8.54296875,
            8.609375,
            8.6796875,
            8.75,
            8.8671875,
            8.9375,
            9.0078125,
            9.07421875,
            9.14453125,
            10.546875,
            10.640625,
            10.90625,
            10.984375
        ]
    },
    "run_count": 7,
    "seed": 30
}