{
    "dataset": "34_smtp",
    "model": "RRCF",
    "auc": 0.8099026554254358,
    "total_runtime": 9.083812952041626,
    "total_memory_usage": 12.5390625,
    "Instances": 95156,
    "window_metric": {
        "window_size": 1000,
        "auc_scores": [
            NaN,
            NaN,
            NaN,
            NaN,
            NaN,
            NaN,
            NaN,
            NaN,
            NaN,
            NaN,
            NaN,
            NaN,
            NaN,
            NaN,
            1.0,
            1.0,
            1.0,
            1.0,
            1.0,
            1.0,
            1.0,
            1.0,
            1.0,
            1.0,
            0.9998513453248105,
            0.9998570658926236,
            0.9998623624948386,
            0.999867280579065,
            0.9998718593212487,
            0.9998761326714372,
            0.9998801301970475,
            0.9998838777679521,
            0.99988739811695,
            0.9998907113012921,
            0.9998938350850545,
            0.9998967852577589,
            0.9998995759013063,
            0.9999022196147453,
            0.9999047277044507,
            0.9999071103457638,
            0.9999093767209709,
            0.9999115351375628,
            0.9999135931299892,
            0.9999155575475314,
            0.9999174346304565,
            0.9999192300762344,
            0.9999179086779648,
            0.9999166423540199,
            0.9999183440166579,
            0.9997474191741357,
            0.9997474697944453,
            0.9997487207602339,
            0.9997534633096784,
            0.9997522414048607,
            0.9997567474174305,
            0.8423038856632424,
            0.8427633172444055,
            0.8431606727037516,
            0.8435771089444679,
            0.8443231346394331,
            0.8446117261172612,
            0.7977249351718879,
            0.7978392856197629,
            0.7977995346416398,
            0.7972200418293409,
            0.7972616182489918,
            0.7970542026056935,
            0.8103882030825519,
            0.8115594810212587,
            0.8121226577118894,
            0.8123002158725346,
            0.8131517531726141,
            0.8132848240609518,
            0.8125845217067826,
            0.8125164718863708,
            0.8126240548230972,
            0.8127826019562227,
            0.8129379667683697,
            0.8121187218878689,
            0.8117964313787885,
            0.8119207430161246,
            0.8111182297860599,
            0.8105590694546786,
            0.8107753949536767,
            0.8102423585491033,
            0.8093591303242191,
            0.8094382630119671,
            0.8097115859889565,
            0.8122685549436139,
            0.8117546589603941,
            0.8118548239346306,
            0.8114395998695226,
            0.8108855903337996,
            0.8101408250860203,
            0.8099371731423958
        ],
        "runtimes": [
            0.05736112594604492,
            0.11881804466247559,
            0.1806931495666504,
            0.2430553436279297,
            0.3054955005645752,
            0.3689873218536377,
            0.4327414035797119,
            0.49683356285095215,
            0.5624933242797852,
            0.627753496170044,
            0.6918683052062988,
            0.7563638687133789,
            0.8213274478912354,
            0.885594367980957,
            0.9553477764129639,
            1.0248923301696777,
            1.0960242748260498,
            1.1671948432922363,
            1.2388958930969238,
            1.3118948936462402,
            1.4335203170776367,
            1.545114278793335,
            1.6202664375305176,
            1.7270214557647705,
            1.8311865329742432,
            1.9063174724578857,
            1.9834234714508057,
            2.0619630813598633,
            2.13864803314209,
            2.2157838344573975,
            2.2950499057769775,
            2.375197410583496,
            2.455798864364624,
            2.5345098972320557,
            2.6167795658111572,
            2.7014997005462646,
            2.7821013927459717,
            2.8632724285125732,
            2.9465553760528564,
            3.029513120651245,
            3.1129748821258545,
            3.1969046592712402,
            3.2838239669799805,
            3.3695666790008545,
            3.455343723297119,
            3.5411133766174316,
            3.630828619003296,
            3.721494674682617,
            3.8088996410369873,
            3.8992056846618652,
            3.9884982109069824,
            4.11522650718689,
            4.2343573570251465,
            4.325993299484253,
            4.465096950531006,
            4.569129705429077,
            4.662861108779907,
            4.756786108016968,
            4.849913597106934,
            4.942921876907349,
            5.036718130111694,
            5.158730745315552,
            5.297833442687988,
            5.396939277648926,
            5.547109127044678,
            5.652027130126953,
            5.75256872177124,
            5.850142240524292,
            5.952956676483154,
            6.055953741073608,
            6.224350690841675,
            6.325913429260254,
            6.460102796554565,
            6.588872194290161,
            6.693981647491455,
            6.798734664916992,
            6.905466794967651,
            7.011938810348511,
            7.117478370666504,
            7.228535413742065,
            7.333853244781494,
            7.439767837524414,
            7.550200939178467,
            7.724298000335693,
            7.834529876708984,
            8.001653671264648,
            8.111862897872925,
            8.222740173339844,
            8.335177421569824,
            8.448863506317139,
            8.561296939849854,
            8.675570726394653,
            8.789726495742798,
            8.90684962272644,
            9.02025318145752
        ],