{
    "dataset": "48_chess",
    "model": "RRCF",
    "auc": 0.9436773817593683,
    "total_runtime": 3.5222089290618896,
    "total_memory_usage": 4.66015625,
    "Instances": 28056,
    "window_metric": {
        "window_size": 1000,
        "auc_scores": [
            1.0,
            0.9529293940911366,
            0.9533978422867313,
            0.9526311400216829,
            0.9574659727782225,
            0.9565543695797198,
            0.9565975696926375,
            0.962972229171879,
            0.9611778222518715,
            0.9586138868636617,
            0.9580642226871646,
            0.9435873915943962,
            0.9436768780788177,
            0.9421753455637221,
            0.9336039952574282,
            0.9343168247277837,
            0.9352365813863517,
            0.939086275600037,
            0.9368970998819377,
            0.9430255255255255,
            0.9433436606291706,
            0.9461217309163076,
            0.9466287911757492,
            0.9466973513599588,
            0.9404861167926666,
            0.9430637151106833,
            0.9435282408701258,
            0.9437393995003118
        ],
        "runtimes": [
            0.0782783031463623,
            0.16158103942871094,
            0.2465190887451172,
            0.3309903144836426,
            0.4284486770629883,
            0.6381199359893799,
            0.7233221530914307,
            0.8979532718658447,
            1.0410263538360596,
            1.152433156967163,
            1.2850141525268555,
            1.4374985694885254,
            1.511902093887329,
            1.7440581321716309,
            1.8275518417358398,
            2.012842893600464,
            2.2814579010009766,
            2.364858865737915,
            2.451023817062378,
            2.5340778827667236,
            2.6282155513763428,
            2.7116634845733643,
            2.797764539718628,
            3.0033628940582275,
            3.0927603244781494,
            3.194265604019165,
            3.376380205154419,
            3.502772331237793
        ],
        "memory_usages": [
            2.0,
            2.0,
            2.0,
            2.0,
            2.0,
            3.0,
            3.0,
            3.0,
            3.0,
            3.0,
            3.0,
            3.0,
            3.0,
            3.0,
            3.0,
            3.0,
            3.0,
            3.0,
            3.0,
            3.0,
            3.0,
            3.0,
            4.0,
            2.71484375,
            3.71484375,
            4.703125,
            5.703125,
            4.875
        ]
    },
    "run_count": 4,
    "seed": 51
}