{
    "dataset": "50_bank",
    "model": "RRCF",
    "auc": 0.6324758501337872,
    "total_runtime": 6.479113578796387,
    "total_memory_usage": 7.5078125,
    "Instances": 41188,
    "window_metric": {
        "window_size": 1000,
        "auc_scores": [
            0.4537797092118676,
            0.4903205408823386,
            0.510792992849552,
            0.5131637165579054,
            0.5181220924038495,
            0.5181470672070589,
            0.515217596337145,
            0.5141703225806452,
            0.5118445076510334,
            0.5164766680171624,
            0.5024067764705882,
            0.4954780409573155,
            0.4897707382566713,
            0.48568735464154145,
            0.4845438939451062,
            0.4850180092115576,
            0.48475452252507545,
            0.4871899531911704,
            0.4821418199643121,
            0.4918438389315114,
            0.49413167153796833,
            0.4935318506835512,
            0.4922254716883726,
            0.4910842925279022,
            0.5144141370768978,
            0.5124676975902168,
            0.50795350022592,
            0.5300399496398636,
            0.5361250014916589,
            0.534886411848652,
            0.5457572922714835,
            0.5446738897048109,
            0.5434252719308624,
            0.5403420126181129,
            0.5370754517271117,
            0.5344738254081085,
            0.5508190820334719,
            0.567393842436838,
            0.5825905120574143,
            0.6152853987998282,
            0.6315381367506112
        ],
        "runtimes": [
            0.09302449226379395,
            0.2205963134765625,
            0.3649461269378662,
            0.4750697612762451,
            0.5854229927062988,
            0.6929926872253418,
            0.8036084175109863,
            0.9781923294067383,
            1.1295585632324219,
            1.2380571365356445,
            1.4827511310577393,
            1.7395374774932861,
            1.8423042297363281,
            1.9533910751342773,
            2.2057504653930664,
            2.3466246128082275,
            2.4942073822021484,
            2.616644859313965,
            2.724863290786743,
            2.8301446437835693,
            2.962435007095337,
            3.1358892917633057,
            3.2569634914398193,
            3.4898006916046143,
            3.6110427379608154,
            3.7596423625946045,
            3.913480758666992,
            4.08119797706604,
            4.304045915603638,
            4.634195327758789,
            4.781363248825073,
            4.931602478027344,
            5.125162363052368,
            5.247945070266724,
            5.370729207992554,
            5.484097957611084,
            5.671374082565308,
            5.797212839126587,
            5.988812208175659,
            6.123852729797363,
            6.426717042922974
        ],
        "memory_usages": [
            3.0,
            4.0,
            4.0,
            4.0,
            4.0,
            4.0,
            4.0,
            5.0,
            5.0,
            5.0,
            5.0,
            5.0,
            5.0,
            6.0,
            6.0,
            6.0,
            6.0,
            6.0,
            6.0,
            7.0,
            7.0,
            7.0,
            7.0,
            7.0,
            7.0,
            7.0,
            6.2734375,
            6.57421875,
            6.640625,
            6.7109375,
            6.80859375,
            6.875,
            6.9453125,
            7.015625,
            7.12109375,
            7.1875,
            7.34375,
            7.4375,
            7.8046875,
            7.95703125,
            8.109375
        ]
    },
    "run_count": 3,
    "seed": 76
}