{
    "dataset": "49_kddcup99_prob",
    "model": "RRCF",
    "auc": 0.5620453465282979,
    "total_runtime": 5.566576957702637,
    "total_memory_usage": 11.3984375,
    "Instances": 64759,
    "window_metric": {
        "window_size": 1000,
        "auc_scores": [
            0.6784599375650364,
            0.33441617417330843,
            0.3254780339994464,
            0.35916955046510085,
            0.4181578100579882,
            0.430417388277086,
            0.429523378068447,
            0.44201608967671613,
            0.451518898602036,
            0.4647541778082876,
            0.468499230868607,
            0.33820836112460995,
            0.36042587896117856,
            0.4465936309948372,
            0.5191629676964344,
            0.5211205932713827,
            0.5256030397916205,
            0.5330307150291319,
            0.53998527496063,
            0.5360601216992221,
            0.5433287010152495,
            0.541910279664869,
            0.5476751315523662,
            0.5529628419645116,
            0.5573761725474387,
            0.5617303373526732,
            0.5769657112303895,
            0.5744013450743957,
            0.5769700774666855,
            0.5762481308568556,
            0.5764448291513511,
            0.5764696030559723,
            0.5745536607261761,
            0.5743612032215097,
            0.5746105487782158,
            0.573860289257098,
            0.5732068151433782,
            0.5711517488467178,
            0.5683200266475785,
            0.5741894849239533,
            0.5734983954871038,
            0.5733325114979944,
            0.5739138984916928,
            0.5755916036144004,
            0.5759394327971629,
            0.5741020003898314,
            0.573815299477116,
            0.5732396288616323,
            0.5742465680333604,
            0.57458470641122,
            0.5728557888208341,
            0.5700100991002653,
            0.5689719463750917,
            0.5692674666095539,
            0.5695338178044009,
            0.5692545224291573,
            0.5691805215872191,
            0.5677494682003201,
            0.5656958160685074,
            0.5640297009974582,
            0.5636766512968993,
            0.5631585979578912,
            0.5633671812754343,
            0.5623805073377037
        ],
        "runtimes": [
            0.16800141334533691,
            0.34525442123413086,
            0.4334290027618408,
            0.5227549076080322,
            0.6555075645446777,
            0.739464521408081,
            0.8236119747161865,
            0.9040265083312988,
            0.984307050704956,
            1.0643608570098877,
            1.143416166305542,
            1.2229633331298828,
            1.303168773651123,
            1.3834991455078125,
            1.4627163410186768,
            1.5430734157562256,
            1.6240456104278564,
            1.7038886547088623,
            1.7828147411346436,
            1.8610930442810059,
            1.9388644695281982,
            2.017601490020752,
            2.096437931060791,
            2.174778461456299,
            2.254207134246826,
            2.333109140396118,
            2.4124460220336914,
            2.4919216632843018,
            2.5721347332000732,
            2.65309476852417,
            2.734806776046753,
            2.8172597885131836,
            2.9003210067749023,
            2.9831409454345703,
            3.0669631958007812,
            3.1497509479522705,
            3.231795310974121,
            3.3138437271118164,
            3.396314859390259,
            3.4783594608306885,
            3.561335563659668,
            3.643770933151245,
            3.7282462120056152,
            3.812208890914917,
            3.8971495628356934,
            3.9834399223327637,
            4.071127653121948,
            4.15178918838501,
            4.232406377792358,
            4.3133625984191895,
            4.395581007003784,
            4.4780449867248535,
            4.560516357421875,
            4.643759727478027,
            4.726847171783447,
            4.809842109680176,
            4.893930673599243,
            4.978845596313477,
            5.064894914627075,
            5.150010585784912,
            5.23631477355957,
            5.320834398269653,
            5.40909743309021,
            5.495657444000244
        ],
        "memory_usages": [
            3.0,
            3.0,
            3.0,
            3.0,
            3.0,
            3.0,
            3.0,
            4.0,
            4.0,
            4.0,
            4.0,
            4.0,
            4.0,
            4.0,
            4.0,
            4.0,
            4.0,
            4.0,
            4.0,
            5.0,
            5.0,
            5.0,
            5.0,
            5.0,
            5.0,
            5.0,
            6.0,
            6.0,
            6.0,
            6.0,
            6.0,
            6.0,
            5.4375,
            6.4375,
            7.4375,
            6.62109375,
            6.69140625,
            6.76171875,
            6.8671875,
            6.9375,
            7.0078125,
            7.0703125,
            7.140625,
            7.25390625,
            7.32421875,
            7.390625,
            7.41796875,
            7.52734375,
            7.66015625,
            7.89453125,
            8.03515625,
            8.17578125,
            8.3125,
            8.44921875,
            8.58984375,
            8.828125,
            8.96875,
            9.16015625,
            9.296875,
            8.41796875,
            9.8203125,
            9.9140625,
            10.28515625,
            10.3984375
        ]
    },
    "run_count": 10,
    "seed": 21
}