{
    "dataset": "34_smtp",
    "model": "RRCF",
    "auc": 0.8099026554254358,
    "total_runtime": 8.450570821762085,
    "total_memory_usage": 11.98828125,
    "Instances": 95156,
    "window_metric": {
        "window_size": 1000,
        "auc_scores": [
            NaN,
            NaN,
            NaN,
            NaN,
            NaN,
            NaN,
            NaN,
            NaN,
            NaN,
            NaN,
            NaN,
            NaN,
            NaN,
            NaN,
            1.0,
            1.0,
            1.0,
            1.0,
            1.0,
            1.0,
            1.0,
            1.0,
            1.0,
            1.0,
            0.9998513453248105,
            0.9998570658926236,
            0.9998623624948386,
            0.999867280579065,
            0.9998718593212487,
            0.9998761326714372,
            0.9998801301970475,
            0.9998838777679521,
            0.99988739811695,
            0.9998907113012921,
            0.9998938350850545,
            0.9998967852577589,
            0.9998995759013063,
            0.9999022196147453,
            0.9999047277044507,
            0.9999071103457638,
            0.9999093767209709,
            0.9999115351375628,
            0.9999135931299892,
            0.9999155575475314,
            0.9999174346304565,
            0.9999192300762344,
            0.9999179086779648,
            0.9999166423540199,
            0.9999183440166579,
            0.9997474191741357,
            0.9997474697944453,
            0.9997487207602339,
            0.9997534633096784,
            0.9997522414048607,
            0.9997567474174305,
            0.8423038856632424,
            0.8427633172444055,
            0.8431606727037516,
            0.8435771089444679,
            0.8443231346394331,
            0.8446117261172612,
            0.7977249351718879,
            0.7978392856197629,
            0.7977995346416398,
            0.7972200418293409,
            0.7972616182489918,
            0.7970542026056935,
            0.8103882030825519,
            0.8115594810212587,
            0.8121226577118894,
            0.8123002158725346,
            0.8131517531726141,
            0.8132848240609518,
            0.8125845217067826,
            0.8125164718863708,
            0.8126240548230972,
            0.8127826019562227,
            0.8129379667683697,
            0.8121187218878689,
            0.8117964313787885,
            0.8119207430161246,
            0.8111182297860599,
            0.8105590694546786,
            0.8107753949536767,
            0.8102423585491033,
            0.8093591303242191,
            0.8094382630119671,
            0.8097115859889565,
            0.8122685549436139,
            0.8117546589603941,
            0.8118548239346306,
            0.8114395998695226,
            0.8108855903337996,
            0.8101408250860203,
            0.8099371731423958
        ],
        "runtimes": [
            0.057439565658569336,
            0.1194920539855957,
            0.18040847778320312,
            0.24265122413635254,
            0.3064107894897461,
            0.3695557117462158,
            0.43398356437683105,
            0.4979567527770996,
            0.5620951652526855,
            0.626657247543335,
            0.6903486251831055,
            0.7546963691711426,
            0.8189964294433594,
            0.883342981338501,
            0.9526000022888184,
            1.0235731601715088,
            1.0940589904785156,
            1.1650481224060059,
            1.2403554916381836,
            1.312175989151001,
            1.384209394454956,
            1.456165075302124,
            1.529604434967041,
            1.602890968322754,
            1.6790683269500732,
            1.7554142475128174,
            1.8309669494628906,
            1.906893253326416,
            1.9833753108978271,
            2.063133478164673,
            2.1413021087646484,
            2.2181737422943115,
            2.2976889610290527,
            2.376756429672241,
            2.4559273719787598,
            2.537017583847046,
            2.6225271224975586,
            2.703042507171631,
            2.784605026245117,
            2.866152048110962,
            2.949246883392334,
            3.071836233139038,
            3.177795648574829,
            3.261552333831787,
            3.346816062927246,
            3.4323983192443848,
            3.5209338665008545,
            3.6083691120147705,
            3.6985013484954834,
            3.7888917922973633,
            3.878603458404541,
            3.969521999359131,
            4.0593178272247314,
            4.151801586151123,
            4.24310302734375,
            4.333862543106079,
            4.4271416664123535,
            4.520866394042969,
            4.61421275138855,
            4.706345558166504,
            4.800612688064575,
            4.89644193649292,
            4.995781421661377,
            5.093074798583984,
            5.192551374435425,
            5.290809154510498,
            5.388467788696289,
            5.486458778381348,
            5.5851521492004395,
            5.684330940246582,
            5.784380674362183,
            5.885788440704346,
            5.98752760887146,
            6.089895486831665,
            6.195546865463257,
            6.299549579620361,
            6.402324676513672,
            6.507631301879883,
            6.613192796707153,
            6.718016147613525,
            6.82793116569519,
            6.934926986694336,
            7.041526556015015,
            7.1505348682403564,
            7.2624359130859375,
            7.371695280075073,
            7.4822094440460205,
            7.59276008605957,
            7.70653223991394,
            7.818143367767334,
            7.92913293838501,
            8.041456937789917,
            8.154401779174805,
            8.272844076156616,
            8.387197494506836
        ],