{
    "dataset": "51_kddcup99_u2r",
    "model": "RRCF",
    "auc": 0.9163617851752316,
    "total_runtime": 5.6231794357299805,
    "total_memory_usage": 11.20703125,
    "Instances": 60821,
    "window_metric": {
        "window_size": 1000,
        "auc_scores": [
            NaN,
            0.9884942471235617,
            0.991997332444148,
            0.9937484371092774,
            0.99499899979996,
            0.9949991665277547,
            0.8303082273355247,
            0.8732491245622811,
            0.6839061283505727,
            0.7313713713713714,
            0.7581962127416673,
            0.8055290696288527,
            0.8250974951830443,
            0.8272258545410567,
            0.8447716678986034,
            0.8503390641949423,
            0.8443565331354751,
            0.8346912647608444,
            0.8378931425625161,
            0.8439477898977974,
            0.8997253625436503,
            0.9116644841961099,
            0.910859729546525,
            0.9057088440723358,
            0.9166469817219909,
            0.91547659482821,
            0.9205776475640248,
            0.921282615333574,
            0.9213873440461908,
            0.9214178504989008,
            0.9216343747593747,
            0.9217567247904839,
            0.9221921714296044,
            0.9218933628454407,
            0.9213147525953265,
            0.918122817120391,
            0.9186365205680569,
            0.9190098088732722,
            0.9196869342057653,
            0.9207039821561864,
            0.9216322618039147,
            0.9218844817900352,
            0.9205582360936707,
            0.920745467183584,
            0.9214239452257587,
            0.9219149850826384,
            0.9218875230120553,
            0.92035564858422,
            0.9200936158137352,
            0.9202299704398395,
            0.920322783837174,
            0.9201910891823586,
            0.9200720131965759,
            0.919279126620626,
            0.9176010464012825,
            0.9166407000181904,
            0.9169698955872737,
            0.9168984459174663,
            0.9173298002032236,
            0.9174440358743341
        ],
        "runtimes": [
            0.14142894744873047,
            0.234266996383667,
            0.3461122512817383,
            0.4722588062286377,
            0.5502707958221436,
            0.6321172714233398,
            0.7149429321289062,
            0.8019304275512695,
            0.9400947093963623,
            1.020831823348999,
            1.1666479110717773,
            1.2534918785095215,
            1.362314224243164,
            1.481736421585083,
            1.596567153930664,
            1.7221453189849854,
            1.8081536293029785,
            1.8942861557006836,
            1.980271577835083,
            2.065868854522705,
            2.1523048877716064,
            2.239398241043091,
            2.3242170810699463,
            2.41041898727417,
            2.495211124420166,
            2.5807716846466064,
            2.6657421588897705,
            2.7539620399475098,
            2.842164993286133,
            2.929856538772583,
            3.0162436962127686,
            3.102562189102173,
            3.1894986629486084,
            3.2780814170837402,
            3.363748073577881,
            3.448495388031006,
            3.5337891578674316,
            3.6195321083068848,
            3.705885171890259,
            3.79180645942688,
            3.881322145462036,
            3.966104745864868,
            4.051907539367676,
            4.137445449829102,
            4.226146697998047,
            4.312187910079956,
            4.40160059928894,
            4.4871132373809814,
            4.573912620544434,
            4.660585641860962,
            4.74732780456543,
            4.83413290977478,
            4.920813083648682,
            5.007158041000366,
            5.0943121910095215,
            5.183259725570679,
            5.272348165512085,
            5.360398530960083,
            5.44913911819458,
            5.545006513595581
        ],
        "memory_usages": [
            3.0,
            3.0,
            3.0,
            3.0,
            3.0,
            3.0,
            3.0,
            3.0,
            4.0,
            4.0,
            4.0,
            4.0,
            4.0,
            4.0,
            4.0,
            5.0,
            5.0,
            5.0,
            5.0,
            5.0,
            5.0,
            5.0,
            6.0,
            6.0,
            4.6875,
            5.6875,
            5.6875,
            6.6875,
            7.6875,
            8.6875,
            8.6875,
            8.1015625,
            9.1015625,
            9.1015625,
            9.1015625,
            10.1015625,
            10.1015625,
            8.78125,
            9.33984375,
            8.9453125,
            9.546875,
            9.03515625,
            9.78125,
            9.19921875,
            10.10546875,
            10.046875,
            10.8515625,
            10.13671875,
            11.08203125,
            10.68359375,
            10.75390625,
            10.828125,
            10.89453125,
            10.96484375,
            11.03515625,
            11.15625,
            11.29296875,
            11.42578125,
            11.5625,
            11.6875
        ]
    },
    "run_count": 9,
    "seed": 85
}