{
    "dataset": "32_shuttle",
    "model": "RRCF",
    "auc": 0.9807657172574544,
    "total_runtime": 5.750805377960205,
    "total_memory_usage": 9.0546875,
    "Instances": 49097,
    "window_metric": {
        "window_size": 1000,
        "auc_scores": [
            0.9671800050492301,
            0.977363625118542,
            0.9813261914690083,
            0.9816070255440849,
            0.9840064190033877,
            0.9857839303681529,
            0.9865887904071619,
            0.9855774913233929,
            0.985655198321876,
            0.980679582934123,
            0.9821488867939626,
            0.981975011235955,
            0.982104214927642,
            0.9828215972632887,
            0.9823428016464625,
            0.9827133842347886,
            0.9833786024234485,
            0.9840071738578058,
            0.9845224592953609,
            0.9826683688767344,
            0.9834367328034865,
            0.9838741801906793,
            0.9844522681078856,
            0.9846231827583526,
            0.9844423382111557,
            0.9848730039525893,
            0.9851065815670159,
            0.9835304059213484,
            0.9836072681663726,
            0.9837760570850872,
            0.9841611358739457,
            0.9845150343692387,
            0.9847898603651988,
            0.9850623674971407,
            0.9854486402415874,
            0.9857856711228427,
            0.9860224333698774,
            0.9855139285379346,
            0.9856463158633295,
            0.9858752698732915,
            0.9859981353994342,
            0.9862590976077527,
            0.9863869255723202,
            0.9862626013575911,
            0.9863949036219267,
            0.9816479216687275,
            0.9804210356181686,
            0.9806457084778256,
            0.9807413447155372
        ],
        "runtimes": [
            0.0921640396118164,
            0.19564151763916016,
            0.29923415184020996,
            0.40450596809387207,
            0.5086870193481445,
            0.615025520324707,
            0.7219281196594238,
            0.8299376964569092,
            0.9374804496765137,
            1.0459504127502441,
            1.155014991760254,
            1.2654972076416016,
            1.375985860824585,
            1.4874978065490723,
            1.5975096225738525,
            1.7085785865783691,
            1.8193132877349854,
            1.9306049346923828,
            2.0432965755462646,
            2.1569113731384277,
            2.2693185806274414,
            2.3834922313690186,
            2.5007476806640625,
            2.61753249168396,
            2.733485698699951,
            2.850175380706787,
            2.967106580734253,
            3.084419012069702,
            3.205554723739624,
            3.3270444869995117,
            3.4487264156341553,
            3.5690786838531494,
            3.688977003097534,
            3.8098349571228027,
            3.9315128326416016,
            4.053920269012451,
            4.1761391162872314,
            4.303062200546265,
            4.427692413330078,
            4.555490255355835,
            4.681837320327759,
            4.811567306518555,
            4.938588857650757,
            5.065928220748901,
            5.193258762359619,
            5.321587562561035,
            5.449974775314331,
            5.579564809799194,
            5.710446119308472
        ],
        "memory_usages": [
            3.0,
            3.0,
            3.0,
            4.0,
            4.0,
            4.0,
            4.0,
            4.0,
            4.0,
            5.0,
            5.0,
            5.0,
            5.0,
            5.0,
            5.0,
            6.0,
            6.0,
            6.0,
            6.0,
            6.0,
            7.0,
            5.55078125,
            6.55078125,
            6.55078125,
            6.140625,
            7.140625,
            7.140625,
            6.3984375,
            7.3984375,
            6.55078125,
            6.65625,
            6.73046875,
            6.80859375,
            6.88671875,
            6.99609375,
            7.0703125,
            7.1484375,
            7.30078125,
            7.53515625,
            7.6953125,
            7.85546875,
            8.01953125,
            8.17578125,
            8.50390625,
            8.6484375,
            8.79296875,
            8.9375,
            8.08203125,
            8.52734375
        ]
    },
    "run_count": 8,
    "seed": 27
}