{
    "dataset": "8_celeba",
    "model": "RRCF",
    "auc": 0.7367426659570084,
    "total_runtime": 100.81008315086365,
    "total_memory_usage": 28.9296875,
    "Instances": 202599,
    "window_metric": {
        "window_size": 1000,
        "auc_scores": [
            0.7154700222057735,
            0.7141959848936593,
            0.7401443938194048,
            0.7189528697649347,
            0.7341183990908767,
            0.7426319396847155,
            0.7409168662873086,
            0.7453119205251989,
            0.7349039059565375,
            0.7284182889344263,
            0.7285269628626857,
            0.724670574121931,
            0.7310753452378727,
            0.7357470960483757,
            0.7317778362114081,
            0.7353913186408375,
            0.7360262007026979,
            0.7368818930803812,
            0.7332113636152567,
            0.7336582187919656,
            0.7369077025005676,
            0.7391886712023371,
            0.7405541964953766,
            0.7387993751909299,
            0.7368824238226518,
            0.7409926194106119,
            0.7414777139164465,
            0.741396202690085,
            0.7423315607305386,
            0.7411156844790595,
            0.7392175812735448,
            0.7379197009513586,
            0.7392504317957036,
            0.7369198556567668,
            0.7348635952115663,
            0.7366625970481232,
            0.7360663000356416,
            0.733490125090045,
            0.7329727450401845,
            0.7312892163270496,
            0.7311719900681806,
            0.7331966452829797,
            0.7339086906975498,
            0.7331885010125954,
            0.7330101910664855,
            0.7347316833668697,
            0.7356885313904108,
            0.7363965850762074,
            0.7361665846530143,
            0.735652852798166,
            0.7337743920183288,
            0.7338176173186498,
            0.7346567764311254,
            0.7344504014770599,
            0.7356533364530741,
            0.7341624709598711,
            0.7349694481685908,
            0.7337506553632979,
            0.7356693121282246,
            0.7353749483428966,
            0.7362627232601673,
            0.736453043700005,
            0.7348502385883395,
            0.7342290359039085,
            0.7347709681653486,
            0.7342644697627667,
            0.7334719042683531,
            0.7343541829880242,
            0.7348078445121178,
            0.7347177635448031,
            0.734079313451056,
            0.7334119749603629,
            0.733784285982303,
            0.7337848245580295,
            0.7334134602772757,
            0.7347616103238065,
            0.7352893020232695,
            0.7340793679462223,
            0.733019496163219,
            0.7339012865045748,
            0.733679685227575,
            0.7338690817701058,
            0.7332498872578938,
            0.7332182170087634,
            0.7336281852721984,
            0.7337672039555662,
            0.7342356169805506,
            0.7345962582179462,
            0.7343954110562495,
            0.7350737613636363,
            0.7350034808005242,
            0.733810170396185,
            0.7336076853440179,
            0.7334150801477965,
            0.7346192887117975,
            0.734916379856528,
            0.735373703016677,
            0.7357911319770474,
            0.7350437718300049,
            0.734016631177925,
            0.7336426915103273,
            0.7327712614913067,
            0.7324154405059914,
            0.731870261330828,
            0.7320603593334628,
            0.7312329136615102,
            0.7317180783819431,
            0.7319786024797967,
            0.7319303847436395,
            0.7323948478862521,
            0.7319645273563673,
            0.7321390144877571,
            0.7322933692290405,
            0.732340064903795,
            0.7329600379033147,
            0.7329734210633956,
            0.7328436039216569,
            0.7323030382327516,
            0.7327697006913027,
            0.7329634742081758,
            0.7329921693545716,
            0.7323261788319191,
            0.7323486403222649,
            0.7324981717501087,
            0.7330226242781352,
            0.7330461875778946,
            0.7316894090356709,
            0.731890699084537,
            0.7305738068407027,
            0.7305200833001635,
            0.7311072170615986,
            0.7318949586456684,
            0.7319717946936514,
            0.7327108989646562,
            0.733028495792933,
            0.733465181926733,
            0.7338869955638191,
            0.7334753309200686,
            0.732799460061005,
            0.7319098348500862,
            0.7320687864634012,
            0.7319909539183135,
            0.7316220522657747,
            0.7314210313612094,
            0.7314813747979545,
            0.7316124334448799,
            0.7318611988182109,
            0.7314163324798552,
            0.7315240246699112,
            0.7314658652192834,
            0.7315884748212782,
            0.731671237534597,
            0.7320624975269241,
            0.7321023678282952,
            0.731787781353029,
            0.7324500501965479,
            0.7324259027679059,
            0.732520176910703,
            0.7331042022066293,
            0.7332097439996457,
            0.7331128506707486,
            0.7326144217152643,
            0.7326790684134279,
            0.7325515038957479,
            0.7328077681751781,
            0.7332234969800902,
            0.7334691898821215,
            0.7338215032307958,
            0.7331605323302418,
            0.7333627167462594,
            0.7337256923381662,
            0.7334463563696656,
            0.733796135646124,
            0.732889446881037,
            0.7326433147581187,
            0.73278807370491,
            0.7332713373930666,
            0.7333401498726344,
            0.7336577733306145,
            0.7339556228752797,
            0.7340795567029708,
            0.734454783106189,
            0.7346772818940099,
            0.7351476910346862,
            0.735597951048498,
            0.7359900965702745,
            0.7361028124105985,
            0.7356939752064233,
            0.7360455660593405,
            0.7358523574198939,
            0.7353225489708772,
            0.735463915269794,
            0.7360068743506164,
            0.7362933825467968,
            0.7360300297341519,
            0.7364158081076909,
            0.7364715453333566,
            0.7365524282545527,
            0.7365070268494716,
            0.7366627839479535,
            0.7365821735473691,
            0.736582191773018
        ],