{
    "dataset": "1_ALOI",
    "model": "RRCF",
    "auc": 0.7240823411191616,
    "total_runtime": 14.333181142807007,
    "total_memory_usage": 8.95703125,
    "Instances": 49534,
    "window_metric": {
        "window_size": 1000,
        "auc_scores": [
            NaN,
            0.832958637941817,
            0.6309086125116448,
            0.6249627455071082,
            0.6333121025397954,
            0.625453355331376,
            0.672136925472498,
            0.6447276059823066,
            0.6852160430011286,
            0.7047173279641566,
            0.6946976708572681,
            0.6904146875578312,
            0.707003534231171,
            0.7138067036643506,
            0.6874427404077158,
            0.6886583268112436,
            0.7015848344075594,
            0.7121261590701318,
            0.6872654858211802,
            0.68523018198134,
            0.6911463303179268,
            0.6933507984742445,
            0.7048702595401608,
            0.7099860970313758,
            0.7148440340433065,
            0.703651893478128,
            0.6841060762392405,
            0.684296240174202,
            0.6805797567925234,
            0.684470227763687,
            0.6916762213265765,
            0.6973340574437753,
            0.6996302964063797,
            0.7019988760342883,
            0.6969552846223859,
            0.7047460703608356,
            0.7104582876075336,
            0.7043114315088429,
            0.7079990504074999,
            0.7124795093320573,
            0.7122730897249177,
            0.7139959499482624,
            0.7122030778487611,
            0.7130085151306997,
            0.7186954227503897,
            0.7193842823589901,
            0.7219955425164678,
            0.7243786387139194,
            0.7218994833919816
        ],
        "runtimes": [
            0.21232175827026367,
            0.45453977584838867,
            0.7305114269256592,
            1.1850063800811768,
            1.4738836288452148,
            1.866454839706421,
            2.2920196056365967,
            2.602653741836548,
            2.8495566844940186,
            3.0980770587921143,
            3.344348669052124,
            3.5944042205810547,
            3.918888807296753,
            4.234571695327759,
            4.573176860809326,
            4.8506011962890625,
            5.105462551116943,
            5.3589928150177,
            5.612303018569946,
            5.867266416549683,
            6.129985332489014,
            6.387224435806274,
            6.645677089691162,
            6.9038519859313965,
            7.163453817367554,
            7.492585897445679,
            7.751762628555298,
            8.082509517669678,
            8.412011623382568,
            8.673659324645996,
            8.93735146522522,
            9.200902462005615,
            9.46469521522522,
            9.729561805725098,
            9.996313095092773,
            10.26256799697876,
            10.528545379638672,
            10.795244693756104,
            11.137441635131836,
            11.463656663894653,
            11.735100984573364,
            12.003994941711426,
            12.272412061691284,
            12.589992761611938,
            13.016773223876953,
            13.313615560531616,
            13.586346864700317,
            13.898481845855713,
            14.172596216201782
        ],
        "memory_usages": [
            3.0,
            3.0,
            4.0,
            4.0,
            4.0,
            4.0,
            4.0,
            5.0,
            5.0,
            5.0,
            5.0,
            5.0,
            5.0,
            5.0,
            6.0,
            6.0,
            6.0,
            6.0,
            7.0,
            7.0,
            7.0,
            5.9296875,
            6.9296875,
            6.9296875,
            6.32421875,
            7.32421875,
            6.46484375,
            6.671875,
            6.82421875,
            6.98046875,
            7.1875,
            6.86328125,
            7.49609375,
            7.77734375,
            8.0,
            7.17578125,
            7.38671875,
            7.45703125,
            7.56640625,
            7.640625,
            7.7109375,
            7.78515625,
            7.859375,
            7.96875,
            8.06640625,
            8.234375,
            8.3984375,
            8.5625,
            8.7265625
        ]
    },
    "run_count": 2,
    "seed": 75
}