{
    "dataset": "1_ALOI",
    "model": "RRCF",
    "auc": 0.7240823411191616,
    "total_runtime": 13.312741041183472,
    "total_memory_usage": 9.3046875,
    "Instances": 49534,
    "window_metric": {
        "window_size": 1000,
        "auc_scores": [
            NaN,
            0.832958637941817,
            0.6309086125116448,
            0.6249627455071082,
            0.6333121025397954,
            0.625453355331376,
            0.672136925472498,
            0.6447276059823066,
            0.6852160430011286,
            0.7047173279641566,
            0.6946976708572681,
            0.6904146875578312,
            0.707003534231171,
            0.7138067036643506,
            0.6874427404077158,
            0.6886583268112436,
            0.7015848344075594,
            0.7121261590701318,
            0.6872654858211802,
            0.68523018198134,
            0.6911463303179268,
            0.6933507984742445,
            0.7048702595401608,
            0.7099860970313758,
            0.7148440340433065,
            0.703651893478128,
            0.6841060762392405,
            0.684296240174202,
            0.6805797567925234,
            0.684470227763687,
            0.6916762213265765,
            0.6973340574437753,
            0.6996302964063797,
            0.7019988760342883,
            0.6969552846223859,
            0.7047460703608356,
            0.7104582876075336,
            0.7043114315088429,
            0.7079990504074999,
            0.7124795093320573,
            0.7122730897249177,
            0.7139959499482624,
            0.7122030778487611,
            0.7130085151306997,
            0.7186954227503897,
            0.7193842823589901,
            0.7219955425164678,
            0.7243786387139194,
            0.7218994833919816
        ],
        "runtimes": [
            0.22661924362182617,
            0.485809326171875,
            0.7434377670288086,
            1.0028064250946045,
            1.2623157501220703,
            1.5239100456237793,
            1.7812755107879639,
            2.0404856204986572,
            2.3021774291992188,
            2.567239761352539,
            2.8289246559143066,
            3.0916550159454346,
            3.35402512550354,
            3.6238772869110107,
            3.88676381111145,
            4.151963710784912,
            4.4176013469696045,
            4.6832380294799805,
            4.956856727600098,
            5.222852468490601,
            5.4900617599487305,
            5.759215831756592,
            6.027286767959595,
            6.299883127212524,
            6.570282220840454,
            6.841032266616821,
            7.111883640289307,
            7.382826566696167,
            7.653963088989258,
            7.928678750991821,
            8.20091986656189,
            8.472604513168335,
            8.744023323059082,
            9.014289379119873,
            9.282679557800293,
            9.55088996887207,
            9.824695110321045,
            10.098348379135132,
            10.373473644256592,
            10.649709463119507,
            10.927273273468018,
            11.20490026473999,
            11.4888277053833,
            11.767759561538696,
            12.048177480697632,
            12.324875354766846,
            12.600568056106567,
            12.877733945846558,
            13.151837348937988
        ],
        "memory_usages": [
            4.0,
            4.0,
            4.0,
            4.0,
            5.0,
            5.0,
            5.0,
            5.0,
            5.0,
            5.0,
            6.0,
            6.0,
            6.0,
            6.0,
            6.0,
            6.0,
            7.0,
            7.0,
            7.0,
            7.0,
            7.0,
            6.41015625,
            7.41015625,
            7.41015625,
            6.80859375,
            7.80859375,
            6.9453125,
            7.04296875,
            7.17578125,
            7.33203125,
            7.5390625,
            7.69140625,
            7.84765625,
            8.125,
            8.34765625,
            8.5078125,
            7.8671875,
            7.9375,
            8.05078125,
            8.125,
            8.1953125,
            8.26953125,
            8.34375,
            8.453125,
            8.52734375,
            8.6015625,
            8.75,
            8.91015625,
            9.078125
        ]
    },
    "run_count": 10,
    "seed": 49
}