{
    "dataset": "48_chess",
    "model": "RRCF",
    "auc": 0.9436773817593683,
    "total_runtime": 2.431417942047119,
    "total_memory_usage": 4.79296875,
    "Instances": 28056,
    "window_metric": {
        "window_size": 1000,
        "auc_scores": [
            1.0,
            0.9529293940911366,
            0.9533978422867313,
            0.9526311400216829,
            0.9574659727782225,
            0.9565543695797198,
            0.9565975696926375,
            0.962972229171879,
            0.9611778222518715,
            0.9586138868636617,
            0.9580642226871646,
            0.9435873915943962,
            0.9436768780788177,
            0.9421753455637221,
            0.9336039952574282,
            0.9343168247277837,
            0.9352365813863517,
            0.939086275600037,
            0.9368970998819377,
            0.9430255255255255,
            0.9433436606291706,
            0.9461217309163076,
            0.9466287911757492,
            0.9466973513599588,
            0.9404861167926666,
            0.9430637151106833,
            0.9435282408701258,
            0.9437393995003118
        ],
        "runtimes": [
            0.0588374137878418,
            0.12452483177185059,
            0.19314837455749512,
            0.2713174819946289,
            0.33972740173339844,
            0.40824389457702637,
            0.4769930839538574,
            0.546588659286499,
            0.6151316165924072,
            0.6865901947021484,
            0.7588863372802734,
            0.8303995132446289,
            0.9033522605895996,
            0.978870153427124,
            1.0554261207580566,
            1.1333131790161133,
            1.2113604545593262,
            1.285369634628296,
            1.3600647449493408,
            1.4351787567138672,
            1.509467363357544,
            1.5878605842590332,
            1.807438611984253,
            1.89780592918396,
            2.0945591926574707,
            2.214700937271118,
            2.3100874423980713,
            2.408781051635742
        ],
        "memory_usages": [
            2.0,
            2.0,
            3.0,
            3.0,
            3.0,
            3.0,
            3.0,
            4.0,
            4.0,
            4.0,
            4.0,
            4.0,
            4.0,
            4.0,
            5.0,
            5.0,
            5.0,
            5.0,
            5.0,
            5.0,
            6.0,
            6.0,
            6.0,
            4.48828125,
            5.48828125,
            4.8359375,
            5.8359375,
            5.0078125
        ]
    },
    "run_count": 2,
    "seed": 24
}