{
    "dataset": "51_kddcup99_u2r",
    "model": "RRCF",
    "auc": 0.9163617851752316,
    "total_runtime": 8.271794319152832,
    "total_memory_usage": 8.46875,
    "Instances": 60821,
    "window_metric": {
        "window_size": 1000,
        "auc_scores": [
            NaN,
            0.9884942471235617,
            0.991997332444148,
            0.9937484371092774,
            0.99499899979996,
            0.9949991665277547,
            0.8303082273355247,
            0.8732491245622811,
            0.6839061283505727,
            0.7313713713713714,
            0.7581962127416673,
            0.8055290696288527,
            0.8250974951830443,
            0.8272258545410567,
            0.8447716678986034,
            0.8503390641949423,
            0.8443565331354751,
            0.8346912647608444,
            0.8378931425625161,
            0.8439477898977974,
            0.8997253625436503,
            0.9116644841961099,
            0.910859729546525,
            0.9057088440723358,
            0.9166469817219909,
            0.91547659482821,
            0.9205776475640248,
            0.921282615333574,
            0.9213873440461908,
            0.9214178504989008,
            0.9216343747593747,
            0.9217567247904839,
            0.9221921714296044,
            0.9218933628454407,
            0.9213147525953265,
            0.918122817120391,
            0.9186365205680569,
            0.9190098088732722,
            0.9196869342057653,
            0.9207039821561864,
            0.9216322618039147,
            0.9218844817900352,
            0.9205582360936707,
            0.920745467183584,
            0.9214239452257587,
            0.9219149850826384,
            0.9218875230120553,
            0.92035564858422,
            0.9200936158137352,
            0.9202299704398395,
            0.920322783837174,
            0.9201910891823586,
            0.9200720131965759,
            0.919279126620626,
            0.9176010464012825,
            0.9166407000181904,
            0.9169698955872737,
            0.9168984459174663,
            0.9173298002032236,
            0.9174440358743341
        ],
        "runtimes": [
            0.22646069526672363,
            0.300922155380249,
            0.38660597801208496,
            0.6415040493011475,
            0.723120927810669,
            0.9231531620025635,
            1.1468987464904785,
            1.2304730415344238,
            1.3114526271820068,
            1.3922078609466553,
            1.4715855121612549,
            1.5478992462158203,
            1.62388277053833,
            1.7461650371551514,
            1.9965085983276367,
            2.204212188720703,
            2.3299272060394287,
            2.596392869949341,
            2.7905917167663574,
            3.0333244800567627,
            3.2213778495788574,
            3.4422712326049805,
            3.712756633758545,
            3.9799211025238037,
            4.154468774795532,
            4.3788816928863525,
            4.464543342590332,
            4.556311368942261,
            4.645493984222412,
            4.785779714584351,
            4.88534140586853,
            5.024214029312134,
            5.276114463806152,
            5.40524959564209,
            5.4983906745910645,
            5.593756675720215,
            5.690918684005737,
            5.779292821884155,
            5.875949382781982,
            5.971975088119507,
            6.07108473777771,
            6.1705100536346436,
            6.341441631317139,
            6.58327317237854,
            6.685734748840332,
            6.773581504821777,
            6.865524768829346,
            6.966187238693237,
            7.067817211151123,
            7.171178340911865,
            7.272245407104492,
            7.376855850219727,
            7.477658987045288,
            7.580368280410767,
            7.681945085525513,
            7.781683683395386,
            7.884220123291016,
            7.986342430114746,
            8.08719539642334,
            8.18588662147522
        ],
        "memory_usages": [
            4.0,
            4.0,
            4.0,
            4.0,
            4.0,
            4.0,
            5.0,
            5.0,
            5.0,
            5.0,
            5.0,
            5.0,
            5.0,
            6.0,
            6.0,
            6.0,
            6.0,
            6.0,
            6.0,
            6.0,
            6.0,
            6.0,
            6.0,
            6.0,
            6.0,
            4.82421875,
            5.82421875,
            5.82421875,
            5.25390625,
            6.25390625,
            5.453125,
            6.453125,
            6.5,
            6.55078125,
            6.91796875,
            6.984375,
            7.0546875,
            7.125,
            6.30078125,
            6.36328125,
            6.66015625,
            6.78125,
            6.90234375,
            7.4140625,
            7.5390625,
            7.66015625,
            7.828125,
            7.953125,
            8.0703125,
            8.33984375,
            7.43359375,
            7.88671875,
            7.953125,
            8.0234375,
            8.09375,
            8.21484375,
            8.28515625,
            8.35546875,
            8.42578125,
            8.4921875
        ]
    },
    "run_count": 3,
    "seed": 72
}