{
    "dataset": "5_campaign",
    "model": "RRCF",
    "auc": 0.6658477526483831,
    "total_runtime": 45.71350646018982,
    "total_memory_usage": 7.31640625,
    "Instances": 41188,
    "window_metric": {
        "window_size": 1000,
        "auc_scores": [
            0.6193935041979673,
            0.6462633075829202,
            0.6661876501981319,
            0.6639694053319427,
            0.6648454078375338,
            0.6613218339501892,
            0.6652058233296883,
            0.666026870522114,
            0.6643048186495221,
            0.6687466843501326,
            0.6690964356276895,
            0.6678151531295841,
            0.6687359981171275,
            0.6703473877233876,
            0.6693439381326678,
            0.6679611973438558,
            0.6664080320704628,
            0.6678620534888446,
            0.6676366393579132,
            0.6665000056326296,
            0.6643102531447878,
            0.6664853196040874,
            0.6642525718543963,
            0.6646606355067965,
            0.6670815969182475,
            0.6683715971321245,
            0.6676122504194741,
            0.6677995552157409,
            0.667307967573976,
            0.6674861712294214,
            0.6673620949506249,
            0.6654895748668866,
            0.6652102085382811,
            0.6645362441378749,
            0.664058445330111,
            0.6639023908745153,
            0.6644101811263647,
            0.6649684805907891,
            0.6640649093556885,
            0.6641246943690009,
            0.6654921388146715
        ],
        "runtimes": [
            0.5040597915649414,
            1.1198785305023193,
            1.7540841102600098,
            2.4823176860809326,
            3.155717134475708,
            3.7982804775238037,
            4.488840818405151,
            5.120739221572876,
            5.741581678390503,
            6.373684406280518,
            7.000842571258545,
            7.6261327266693115,
            8.24382472038269,
            8.863508701324463,
            9.517151355743408,
            10.164618015289307,
            10.84647250175476,
            11.621714353561401,
            12.256319761276245,
            13.7655611038208,
            15.303396463394165,
            16.851543188095093,
            18.37431240081787,
            19.743999004364014,
            21.264058113098145,
            22.6916286945343,
            24.175867557525635,
            25.741485357284546,
            27.238091945648193,
            28.64910387992859,
            30.22550630569458,
            31.809971809387207,
            33.38594150543213,
            34.974090814590454,
            36.55814790725708,
            38.10720872879028,
            39.68917202949524,
            41.24221348762512,
            42.853538513183594,
            44.43049716949463,
            45.56254029273987
        ],
        "memory_usages": [
            4.0,
            4.0,
            4.0,
            4.0,
            4.0,
            4.0,
            4.0,
            4.0,
            4.0,
            4.0,
            5.0,
            5.0,
            5.0,
            5.0,
            5.0,
            5.0,
            6.0,
            6.0,
            6.0,
            6.0,
            6.0,
            7.0,
            7.0,
            5.78125,
            6.78125,
            6.28515625,
            6.1953125,
            6.734375,
            6.36328125,
            7.02734375,
            6.52734375,
            7.390625,
            6.9140625,
            6.9921875,
            7.10546875,
            7.18359375,
            7.25390625,
            7.33203125,
            7.44921875,
            7.5234375,
            7.6015625
        ]
    },
    "run_count": 8,
    "seed": 34
}