{
    "dataset": "32_shuttle",
    "model": "RRCF",
    "auc": 0.9807657172574544,
    "total_runtime": 5.859867334365845,
    "total_memory_usage": 7.56640625,
    "Instances": 49097,
    "window_metric": {
        "window_size": 1000,
        "auc_scores": [
            0.9671800050492301,
            0.977363625118542,
            0.9813261914690083,
            0.9816070255440849,
            0.9840064190033877,
            0.9857839303681529,
            0.9865887904071619,
            0.9855774913233929,
            0.985655198321876,
            0.980679582934123,
            0.9821488867939626,
            0.981975011235955,
            0.982104214927642,
            0.9828215972632887,
            0.9823428016464625,
            0.9827133842347886,
            0.9833786024234485,
            0.9840071738578058,
            0.9845224592953609,
            0.9826683688767344,
            0.9834367328034865,
            0.9838741801906793,
            0.9844522681078856,
            0.9846231827583526,
            0.9844423382111557,
            0.9848730039525893,
            0.9851065815670159,
            0.9835304059213484,
            0.9836072681663726,
            0.9837760570850872,
            0.9841611358739457,
            0.9845150343692387,
            0.9847898603651988,
            0.9850623674971407,
            0.9854486402415874,
            0.9857856711228427,
            0.9860224333698774,
            0.9855139285379346,
            0.9856463158633295,
            0.9858752698732915,
            0.9859981353994342,
            0.9862590976077527,
            0.9863869255723202,
            0.9862626013575911,
            0.9863949036219267,
            0.9816479216687275,
            0.9804210356181686,
            0.9806457084778256,
            0.9807413447155372
        ],
        "runtimes": [
            0.09210610389709473,
            0.1958014965057373,
            0.2993502616882324,
            0.4041612148284912,
            0.5089001655578613,
            0.6137058734893799,
            0.7193975448608398,
            0.825897216796875,
            0.9329032897949219,
            1.0399212837219238,
            1.14681077003479,
            1.254995584487915,
            1.363300085067749,
            1.4732930660247803,
            1.5825779438018799,
            1.6938905715942383,
            1.8043725490570068,
            1.9156272411346436,
            2.02767014503479,
            2.140258312225342,
            2.2524561882019043,
            2.365757942199707,
            2.4819886684417725,
            2.5970633029937744,
            2.712827444076538,
            2.8289854526519775,
            2.9459469318389893,
            3.063066005706787,
            3.1812541484832764,
            3.2997381687164307,
            3.4191880226135254,
            3.5401341915130615,
            3.660348415374756,
            3.78281569480896,
            3.9053783416748047,
            4.027825355529785,
            4.149933576583862,
            4.272765398025513,
            4.396286725997925,
            4.520310401916504,
            4.644366025924683,
            4.7758948802948,
            4.90356707572937,
            5.0856451988220215,
            5.246251106262207,
            5.432140588760376,
            5.561136960983276,
            5.689814329147339,
            5.820102214813232
        ],
        "memory_usages": [
            2.0,
            2.0,
            3.0,
            3.0,
            3.0,
            3.0,
            3.0,
            3.0,
            4.0,
            4.0,
            4.0,
            4.0,
            4.0,
            4.0,
            5.0,
            5.0,
            5.0,
            5.0,
            5.0,
            6.0,
            6.0,
            4.71875,
            5.71875,
            5.71875,
            5.1171875,
            6.1171875,
            5.4609375,
            5.56640625,
            5.640625,
            5.71875,
            5.82421875,
            5.8984375,
            5.9765625,
            6.11328125,
            6.2109375,
            6.3671875,
            6.53125,
            6.69140625,
            6.921875,
            7.08203125,
            7.24609375,
            7.40625,
            7.56640625,
            6.93359375,
            7.97265625,
            7.078125,
            7.15625,
            7.234375,
            7.3125
        ]
    },
    "run_count": 7,
    "seed": 23
}