{
    "dataset": "3_backdoor",
    "model": "RRCF",
    "auc": 0.6540862523488322,
    "total_runtime": 246.30484557151794,
    "total_memory_usage": 22.76953125,
    "Instances": 95329,
    "window_metric": {
        "window_size": 1000,
        "auc_scores": [
            0.8836026524174339,
            0.9051977531145724,
            0.9065484546919411,
            0.9123859110842514,
            0.9107786924101089,
            0.9064022853301967,
            0.9104401363480221,
            0.9111342688251254,
            0.9087982416740575,
            0.9123275478415667,
            0.9138593251198753,
            0.9147983517731417,
            0.9154442411664689,
            0.9169908089391587,
            0.9180479361833689,
            0.9184773777857955,
            0.9189271838757329,
            0.9114607906557419,
            0.908732402253287,
            0.9021787051746166,
            0.38071119639376216,
            0.3703526262100345,
            0.37744051603816053,
            0.3842384522071348,
            0.3883371896432701,
            0.4004849201089127,
            0.41455710565296233,
            0.4133799496262257,
            0.41747918511561855,
            0.4198077785035911,
            0.4189641061853163,
            0.42768298357659007,
            0.432545266282631,
            0.4315968120703141,
            0.439443469811854,
            0.43671316954853645,
            0.43772598617189656,
            0.4390893582598897,
            0.44558492387701254,
            0.4489435668957386,
            0.4510724411560086,
            0.4508196371664157,
            0.4493068513461726,
            0.4458803139730227,
            0.44186808081262907,
            0.4389760659285702,
            0.4369244115661031,
            0.4350066457192275,
            0.43272671439879196,
            0.4300264237093707,
            0.4258939450131699,
            0.42318665019621793,
            0.4214657618803112,
            0.41860543750550505,
            0.41554754528676036,
            0.4131721907232521,
            0.4106597676192817,
            0.4070146926381405,
            0.4051169519340616,
            0.4029458508374872,
            0.4011752397452911,
            0.3991907973474137,
            0.39782436564608575,
            0.3963047985006861,
            0.39430310830395365,
            0.3927694793273846,
            0.39114931387170165,
            0.38974920460610346,
            0.3884673673157226,
            0.38698596601328816,
            0.3857822127049032,
            0.3841561955678329,
            0.3827936831734804,
            0.3803421284524962,
            0.3778407297379048,
            0.3761436100814065,
            0.3740260484188599,
            0.3727488949544171,
            0.3730458820987179,
            0.37654315774750513,
            0.37803250727111515,
            0.38160556275613144,
            0.38187486965159456,
            0.38231552399606916,
            0.3844944492759551,
            0.49470177708327806,
            0.5408108647228262,
            0.5531558378961855,
            0.574268975086513,
            0.5920794362973467,
            0.6262192610061056,
            0.6405638931488402,
            0.6509456059534169,
            0.6588158054048561,
            0.6724601774193549
        ],
        "runtimes": [
            2.3912057876586914,
            5.415945768356323,
            8.349368572235107,
            11.16404128074646,
            14.130902290344238,
            17.070853233337402,
            19.9437313079834,
            22.795706033706665,
            26.10262656211853,
            29.0909423828125,
            32.023921728134155,
            34.98438882827759,
            37.95913028717041,
            40.9939067363739,
            43.958048820495605,
            47.03734827041626,
            49.95111632347107,
            52.855671405792236,
            55.77412748336792,
            58.66413354873657,
            61.54078483581543,
            64.38656210899353,
            67.16904902458191,
            69.96894454956055,
            72.77964568138123,
            75.56047105789185,
            78.32158970832825,
            81.0442442893982,
            83.63032078742981,
            86.22843027114868,
            88.81770944595337,
            91.41726350784302,
            94.01613974571228,
            96.6163260936737,
            99.20114970207214,
            101.72484016418457,
            104.24977731704712,
            106.79312658309937,
            109.33672404289246,
            111.88060069084167,
            114.4139175415039,
            116.94261622428894,
            119.47121477127075,
            122.00887680053711,
            124.53383350372314,
            127.05634331703186,
            129.58442211151123,
            132.1095907688141,
            134.63303065299988,
            137.16405940055847,
            139.69467449188232,
            142.21407222747803,
            144.6997208595276,
            147.18740797042847,
            149.67695140838623,
            152.1561734676361,
            154.64307141304016,
            157.111319065094,
            159.57454442977905,
            162.01961588859558,
            164.46913361549377,
            166.90632128715515,
            169.33621191978455,
            171.76208972930908,
            174.1980698108673,
            176.61515760421753,
            179.0278799533844,
            181.4307038784027,
            183.82280111312866,
            186.17835903167725,
            188.53875279426575,
            190.90224838256836,
            193.26337146759033,
            195.61167335510254,
            197.96931314468384,
            200.32880115509033,
            202.69498562812805,
            205.0588047504425,
            207.43081188201904,
            209.80009818077087,
            212.18149971961975,
            214.56048917770386,
            216.94000697135925,
            219.3102376461029,
            221.6873800754547,
            224.0719096660614,
            226.4420759677887,
            228.82162976264954,
            231.19045424461365,
            233.57254338264465,
            235.94929432868958,
            238.3365969657898,
            240.7188515663147,
            243.10155510902405,
            245.47894501686096
        ],