{
    "dataset": "34_smtp",
    "model": "RRCF",
    "auc": 0.8099026554254358,
    "total_runtime": 8.841668844223022,
    "total_memory_usage": 13.23828125,
    "Instances": 95156,
    "window_metric": {
        "window_size": 1000,
        "auc_scores": [
            NaN,
            NaN,
            NaN,
            NaN,
            NaN,
            NaN,
            NaN,
            NaN,
            NaN,
            NaN,
            NaN,
            NaN,
            NaN,
            NaN,
            1.0,
            1.0,
            1.0,
            1.0,
            1.0,
            1.0,
            1.0,
            1.0,
            1.0,
            1.0,
            0.9998513453248105,
            0.9998570658926236,
            0.9998623624948386,
            0.999867280579065,
            0.9998718593212487,
            0.9998761326714372,
            0.9998801301970475,
            0.9998838777679521,
            0.99988739811695,
            0.9998907113012921,
            0.9998938350850545,
            0.9998967852577589,
            0.9998995759013063,
            0.9999022196147453,
            0.9999047277044507,
            0.9999071103457638,
            0.9999093767209709,
            0.9999115351375628,
            0.9999135931299892,
            0.9999155575475314,
            0.9999174346304565,
            0.9999192300762344,
            0.9999179086779648,
            0.9999166423540199,
            0.9999183440166579,
            0.9997474191741357,
            0.9997474697944453,
            0.9997487207602339,
            0.9997534633096784,
            0.9997522414048607,
            0.9997567474174305,
            0.8423038856632424,
            0.8427633172444055,
            0.8431606727037516,
            0.8435771089444679,
            0.8443231346394331,
            0.8446117261172612,
            0.7977249351718879,
            0.7978392856197629,
            0.7977995346416398,
            0.7972200418293409,
            0.7972616182489918,
            0.7970542026056935,
            0.8103882030825519,
            0.8115594810212587,
            0.8121226577118894,
            0.8123002158725346,
            0.8131517531726141,
            0.8132848240609518,
            0.8125845217067826,
            0.8125164718863708,
            0.8126240548230972,
            0.8127826019562227,
            0.8129379667683697,
            0.8121187218878689,
            0.8117964313787885,
            0.8119207430161246,
            0.8111182297860599,
            0.8105590694546786,
            0.8107753949536767,
            0.8102423585491033,
            0.8093591303242191,
            0.8094382630119671,
            0.8097115859889565,
            0.8122685549436139,
            0.8117546589603941,
            0.8118548239346306,
            0.8114395998695226,
            0.8108855903337996,
            0.8101408250860203,
            0.8099371731423958
        ],
        "runtimes": [
            0.05727362632751465,
            0.11954998970031738,
            0.181746244430542,
            0.24475932121276855,
            0.3085761070251465,
            0.3714330196380615,
            0.4352126121520996,
            0.5004591941833496,
            0.5651290416717529,
            0.6299128532409668,
            0.6944265365600586,
            0.7598414421081543,
            0.8264093399047852,
            0.9161510467529297,
            0.987861156463623,
            1.0562827587127686,
            1.127232313156128,
            1.1976521015167236,
            1.2760276794433594,
            1.4014050960540771,
            1.474165678024292,
            1.5426266193389893,
            1.6103847026824951,
            1.684108018875122,
            1.7588021755218506,
            1.8238790035247803,
            1.8885180950164795,
            1.9637107849121094,
            2.041826009750366,
            2.120213747024536,
            2.2002148628234863,
            2.2797255516052246,
            2.358628511428833,
            2.439685583114624,
            2.521714925765991,
            2.6040825843811035,
            2.6874208450317383,
            2.7706947326660156,
            2.8535044193267822,
            2.9384849071502686,
            3.022833824157715,
            3.107055187225342,
            3.191484212875366,
            3.275996208190918,
            3.3617961406707764,
            3.447939395904541,
            3.536149501800537,
            3.6249046325683594,
            3.714495897293091,
            3.803194999694824,
            3.892134666442871,
            3.9822351932525635,
            4.071391820907593,
            4.161395311355591,
            4.252171754837036,
            4.3466246128082275,
            4.4388110637664795,
            4.531086444854736,
            4.626063346862793,
            4.76868200302124,
            4.921435832977295,
            5.019457817077637,
            5.165637016296387,
            5.265862703323364,
            5.365360975265503,
            5.464358329772949,
            5.565094709396362,
            5.667095899581909,
            5.7703752517700195,
            5.873976230621338,
            5.9767515659332275,
            6.079179525375366,
            6.1840715408325195,
            6.318364858627319,
            6.476708889007568,
            6.602152347564697,
            6.756045579910278,
            6.863068580627441,
            6.970874786376953,
            7.080767869949341,
            7.189964771270752,
            7.298508405685425,
            7.406440734863281,
            7.514463186264038,
            7.625988006591797,
            7.736776113510132,
            7.849534749984741,
            7.963289499282837,
            8.077616453170776,
            8.192656517028809,
            8.30754804611206,
            8.425591468811035,
            8.541526794433594,
            8.658737182617188,
            8.776647806167603
        ],