{
    "dataset": "3_backdoor",
    "model": "RRCF",
    "auc": 0.6540862523488322,
    "total_runtime": 277.1481223106384,
    "total_memory_usage": 24.9375,
    "Instances": 95329,
    "window_metric": {
        "window_size": 1000,
        "auc_scores": [
            0.8836026524174339,
            0.9051977531145724,
            0.9065484546919411,
            0.9123859110842514,
            0.9107786924101089,
            0.9064022853301967,
            0.9104401363480221,
            0.9111342688251254,
            0.9087982416740575,
            0.9123275478415667,
            0.9138593251198753,
            0.9147983517731417,
            0.9154442411664689,
            0.9169908089391587,
            0.9180479361833689,
            0.9184773777857955,
            0.9189271838757329,
            0.9114607906557419,
            0.908732402253287,
            0.9021787051746166,
            0.38071119639376216,
            0.3703526262100345,
            0.37744051603816053,
            0.3842384522071348,
            0.3883371896432701,
            0.4004849201089127,
            0.41455710565296233,
            0.4133799496262257,
            0.41747918511561855,
            0.4198077785035911,
            0.4189641061853163,
            0.42768298357659007,
            0.432545266282631,
            0.4315968120703141,
            0.439443469811854,
            0.43671316954853645,
            0.43772598617189656,
            0.4390893582598897,
            0.44558492387701254,
            0.4489435668957386,
            0.4510724411560086,
            0.4508196371664157,
            0.4493068513461726,
            0.4458803139730227,
            0.44186808081262907,
            0.4389760659285702,
            0.4369244115661031,
            0.4350066457192275,
            0.43272671439879196,
            0.4300264237093707,
            0.4258939450131699,
            0.42318665019621793,
            0.4214657618803112,
            0.41860543750550505,
            0.41554754528676036,
            0.4131721907232521,
            0.4106597676192817,
            0.4070146926381405,
            0.4051169519340616,
            0.4029458508374872,
            0.4011752397452911,
            0.3991907973474137,
            0.39782436564608575,
            0.3963047985006861,
            0.39430310830395365,
            0.3927694793273846,
            0.39114931387170165,
            0.38974920460610346,
            0.3884673673157226,
            0.38698596601328816,
            0.3857822127049032,
            0.3841561955678329,
            0.3827936831734804,
            0.3803421284524962,
            0.3778407297379048,
            0.3761436100814065,
            0.3740260484188599,
            0.3727488949544171,
            0.3730458820987179,
            0.37654315774750513,
            0.37803250727111515,
            0.38160556275613144,
            0.38187486965159456,
            0.38231552399606916,
            0.3844944492759551,
            0.49470177708327806,
            0.5408108647228262,
            0.5531558378961855,
            0.574268975086513,
            0.5920794362973467,
            0.6262192610061056,
            0.6405638931488402,
            0.6509456059534169,
            0.6588158054048561,
            0.6724601774193549
        ],
        "runtimes": [
            3.31630277633667,
            6.592812538146973,
            9.506285190582275,
            12.469768285751343,
            15.58205533027649,
            18.559136629104614,
            21.367865562438965,
            24.303036212921143,
            27.185123920440674,
            30.264010667800903,
            33.23469591140747,
            36.30267786979675,
            39.18582797050476,
            42.119866609573364,
            44.93733310699463,
            48.15405297279358,
            50.960617780685425,
            53.73012042045593,
            56.569440841674805,
            59.74815845489502,
            62.88446593284607,
            65.95110416412354,
            68.78276181221008,
            71.62576103210449,
            74.45753622055054,
            77.42201232910156,
            80.27848386764526,
            83.15455365180969,
            86.29449915885925,
            89.0959255695343,
            92.0125823020935,
            94.82606935501099,
            97.64490914344788,
            100.6814637184143,
            103.83368873596191,
            106.65585947036743,
            109.67178082466125,
            112.97961854934692,
            115.88945007324219,
            119.06261897087097,
            122.15345478057861,
            125.21629285812378,
            128.37117671966553,
            131.33673548698425,
            134.2309889793396,
            137.01388835906982,
            140.02836418151855,
            142.88377737998962,
            145.59427571296692,
            148.2782895565033,
            150.9789798259735,
            153.6880965232849,
            156.52707171440125,
            159.55188870429993,
            162.5358624458313,
            165.39857697486877,
            168.21002554893494,
            171.13665676116943,
            173.88230061531067,
            176.58265709877014,
            179.27585077285767,
            182.10963892936707,
            184.8299458026886,
            187.67535185813904,
            190.3929147720337,
            193.1218786239624,
            195.9437816143036,
            198.6869535446167,
            201.32543087005615,
            203.83632016181946,
            206.46929144859314,
            209.1093807220459,
            211.9026837348938,
            215.33660769462585,
            218.3433644771576,
            221.59210681915283,
            224.64763379096985,
            227.5645236968994,
            230.48074746131897,
            233.42887473106384,
            236.56099128723145,
            239.41731643676758,
            242.4811201095581,
            245.69431948661804,
            248.50843834877014,
            251.02949833869934,
            253.77536296844482,
            256.4319951534271,
            259.2865869998932,
            262.1479139328003,
            264.95958828926086,
            267.9973385334015,
            270.7586135864258,
            273.56815361976624,
            276.25186681747437
        ],