{
    "dataset": "1_ALOI",
    "model": "RRCF",
    "auc": 0.7240823411191616,
    "total_runtime": 14.845869064331055,
    "total_memory_usage": 8.828125,
    "Instances": 49534,
    "window_metric": {
        "window_size": 1000,
        "auc_scores": [
            NaN,
            0.832958637941817,
            0.6309086125116448,
            0.6249627455071082,
            0.6333121025397954,
            0.625453355331376,
            0.672136925472498,
            0.6447276059823066,
            0.6852160430011286,
            0.7047173279641566,
            0.6946976708572681,
            0.6904146875578312,
            0.707003534231171,
            0.7138067036643506,
            0.6874427404077158,
            0.6886583268112436,
            0.7015848344075594,
            0.7121261590701318,
            0.6872654858211802,
            0.68523018198134,
            0.6911463303179268,
            0.6933507984742445,
            0.7048702595401608,
            0.7099860970313758,
            0.7148440340433065,
            0.703651893478128,
            0.6841060762392405,
            0.684296240174202,
            0.6805797567925234,
            0.684470227763687,
            0.6916762213265765,
            0.6973340574437753,
            0.6996302964063797,
            0.7019988760342883,
            0.6969552846223859,
            0.7047460703608356,
            0.7104582876075336,
            0.7043114315088429,
            0.7079990504074999,
            0.7124795093320573,
            0.7122730897249177,
            0.7139959499482624,
            0.7122030778487611,
            0.7130085151306997,
            0.7186954227503897,
            0.7193842823589901,
            0.7219955425164678,
            0.7243786387139194,
            0.7218994833919816
        ],
        "runtimes": [
            0.20523977279663086,
            0.4393012523651123,
            1.023594856262207,
            1.371694803237915,
            1.6400361061096191,
            2.1162829399108887,
            2.5747194290161133,
            2.8206915855407715,
            3.068708658218384,
            3.3157854080200195,
            3.571864128112793,
            3.90358567237854,
            4.327287197113037,
            4.601459264755249,
            5.0400495529174805,
            5.349767684936523,
            5.641247749328613,
            5.892881393432617,
            6.144456148147583,
            6.395975351333618,
            6.70037055015564,
            7.029026746749878,
            7.388111352920532,
            7.737529277801514,
            7.994851589202881,
            8.250957727432251,
            8.506459951400757,
            8.768826723098755,
            9.026382684707642,
            9.289169073104858,
            9.547931671142578,
            9.807603597640991,
            10.069080829620361,
            10.394816875457764,
            10.656197786331177,
            10.973098516464233,
            11.316920042037964,
            11.577572345733643,
            11.841493129730225,
            12.10660195350647,
            12.374715089797974,
            12.640196800231934,
            12.907686948776245,
            13.1767737865448,
            13.444645643234253,
            13.71189260482788,
            14.047192811965942,
            14.35174822807312,
            14.619107246398926
        ],
        "memory_usages": [
            3.0,
            3.0,
            3.0,
            3.0,
            3.0,
            3.0,
            3.0,
            3.0,
            3.0,
            4.0,
            4.0,
            4.0,
            4.0,
            4.0,
            5.0,
            5.0,
            5.0,
            5.0,
            5.0,
            6.0,
            6.0,
            4.53125,
            5.53125,
            5.96875,
            6.24609375,
            7.24609375,
            6.3828125,
            6.4765625,
            6.6015625,
            6.75390625,
            6.96484375,
            7.12109375,
            7.2734375,
            7.5546875,
            7.77734375,
            7.93359375,
            7.3046875,
            7.375,
            7.484375,
            7.55859375,
            7.62890625,
            7.703125,
            7.77734375,
            7.890625,
            7.96484375,
            8.0390625,
            8.17578125,
            8.3671875,
            8.53125
        ]
    },
    "run_count": 1,
    "seed": 52
}