{
    "dataset": "34_smtp",
    "model": "RRCF",
    "auc": 0.8099026554254358,
    "total_runtime": 9.512048244476318,
    "total_memory_usage": 12.5078125,
    "Instances": 95156,
    "window_metric": {
        "window_size": 1000,
        "auc_scores": [
            NaN,
            NaN,
            NaN,
            NaN,
            NaN,
            NaN,
            NaN,
            NaN,
            NaN,
            NaN,
            NaN,
            NaN,
            NaN,
            NaN,
            1.0,
            1.0,
            1.0,
            1.0,
            1.0,
            1.0,
            1.0,
            1.0,
            1.0,
            1.0,
            0.9998513453248105,
            0.9998570658926236,
            0.9998623624948386,
            0.999867280579065,
            0.9998718593212487,
            0.9998761326714372,
            0.9998801301970475,
            0.9998838777679521,
            0.99988739811695,
            0.9998907113012921,
            0.9998938350850545,
            0.9998967852577589,
            0.9998995759013063,
            0.9999022196147453,
            0.9999047277044507,
            0.9999071103457638,
            0.9999093767209709,
            0.9999115351375628,
            0.9999135931299892,
            0.9999155575475314,
            0.9999174346304565,
            0.9999192300762344,
            0.9999179086779648,
            0.9999166423540199,
            0.9999183440166579,
            0.9997474191741357,
            0.9997474697944453,
            0.9997487207602339,
            0.9997534633096784,
            0.9997522414048607,
            0.9997567474174305,
            0.8423038856632424,
            0.8427633172444055,
            0.8431606727037516,
            0.8435771089444679,
            0.8443231346394331,
            0.8446117261172612,
            0.7977249351718879,
            0.7978392856197629,
            0.7977995346416398,
            0.7972200418293409,
            0.7972616182489918,
            0.7970542026056935,
            0.8103882030825519,
            0.8115594810212587,
            0.8121226577118894,
            0.8123002158725346,
            0.8131517531726141,
            0.8132848240609518,
            0.8125845217067826,
            0.8125164718863708,
            0.8126240548230972,
            0.8127826019562227,
            0.8129379667683697,
            0.8121187218878689,
            0.8117964313787885,
            0.8119207430161246,
            0.8111182297860599,
            0.8105590694546786,
            0.8107753949536767,
            0.8102423585491033,
            0.8093591303242191,
            0.8094382630119671,
            0.8097115859889565,
            0.8122685549436139,
            0.8117546589603941,
            0.8118548239346306,
            0.8114395998695226,
            0.8108855903337996,
            0.8101408250860203,
            0.8099371731423958
        ],
        "runtimes": [
            0.05480694770812988,
            0.11425375938415527,
            0.17248749732971191,
            0.23135590553283691,
            0.2887861728668213,
            0.34662413597106934,
            0.40639519691467285,
            0.46744656562805176,
            0.5743105411529541,
            0.7242677211761475,
            0.8021824359893799,
            1.0123100280761719,
            1.1756632328033447,
            1.3645455837249756,
            1.431579828262329,
            1.498732328414917,
            1.6160759925842285,
            1.6923909187316895,
            1.7613794803619385,
            1.8725543022155762,
            1.9698081016540527,
            2.0393128395080566,
            2.147834300994873,
            2.287090539932251,
            2.3916640281677246,
            2.5103538036346436,
            2.6233983039855957,
            2.6964919567108154,
            2.7693674564361572,
            2.8445918560028076,
            2.9201488494873047,
            2.9966437816619873,
            3.073338508605957,
            3.150771379470825,
            3.228159189224243,
            3.3051793575286865,
            3.3853542804718018,
            3.463949680328369,
            3.5431790351867676,
            3.623429775238037,
            3.704954147338867,
            3.786137342453003,
            3.8687379360198975,
            3.951101541519165,
            4.034183502197266,
            4.244514226913452,
            4.335303544998169,
            4.481761455535889,
            4.6579060554504395,
            4.744701385498047,
            4.829151391983032,
            4.916602611541748,
            5.0394206047058105,
            5.18305516242981,
            5.270065069198608,
            5.354958772659302,
            5.442261457443237,
            5.530931234359741,
            5.64219331741333,
            5.769456624984741,
            5.860704660415649,
            5.95282769203186,
            6.044940710067749,
            6.138436555862427,
            6.231971025466919,
            6.3257317543029785,
            6.42050576210022,
            6.515430212020874,
            6.610736131668091,
            6.707376956939697,
            6.803391456604004,
            6.900585889816284,
            7.003353595733643,
            7.1017444133758545,
            7.2009360790252686,
            7.325387716293335,
            7.424375057220459,
            7.5635411739349365,
            7.693872451782227,
            7.783081293106079,
            7.880634069442749,
            8.043178081512451,
            8.147598505020142,
            8.254039764404297,
            8.360525608062744,
            8.467359781265259,
            8.573706150054932,
            8.682056188583374,
            8.790838718414307,
            8.900331735610962,
            9.00997281074524,
            9.12020754814148,
            9.230605363845825,
            9.341471195220947,
            9.452467441558838
        ],