{
    "dataset": "5_campaign",
    "model": "RRCF",
    "auc": 0.6658477526483831,
    "total_runtime": 26.824329137802124,
    "total_memory_usage": 7.10546875,
    "Instances": 41188,
    "window_metric": {
        "window_size": 1000,
        "auc_scores": [
            0.6193935041979673,
            0.6462633075829202,
            0.6661876501981319,
            0.6639694053319427,
            0.6648454078375338,
            0.6613218339501892,
            0.6652058233296883,
            0.666026870522114,
            0.6643048186495221,
            0.6687466843501326,
            0.6690964356276895,
            0.6678151531295841,
            0.6687359981171275,
            0.6703473877233876,
            0.6693439381326678,
            0.6679611973438558,
            0.6664080320704628,
            0.6678620534888446,
            0.6676366393579132,
            0.6665000056326296,
            0.6643102531447878,
            0.6664853196040874,
            0.6642525718543963,
            0.6646606355067965,
            0.6670815969182475,
            0.6683715971321245,
            0.6676122504194741,
            0.6677995552157409,
            0.667307967573976,
            0.6674861712294214,
            0.6673620949506249,
            0.6654895748668866,
            0.6652102085382811,
            0.6645362441378749,
            0.664058445330111,
            0.6639023908745153,
            0.6644101811263647,
            0.6649684805907891,
            0.6640649093556885,
            0.6641246943690009,
            0.6654921388146715
        ],
        "runtimes": [
            0.5641152858734131,
            1.7605066299438477,
            2.655289888381958,
            3.1917879581451416,
            3.8512964248657227,
            4.594997882843018,
            5.487924098968506,
            6.054142951965332,
            6.614424467086792,
            7.387823820114136,
            8.045044660568237,
            8.60467791557312,
            9.17163610458374,
            9.735429763793945,
            10.36408257484436,
            10.994686126708984,
            11.636387825012207,
            12.205824613571167,
            12.779804468154907,
            13.350591659545898,
            13.990402936935425,
            14.621735572814941,
            15.19346570968628,
            15.980820178985596,
            16.57109785079956,
            17.145723581314087,
            17.725714206695557,
            18.48150634765625,
            19.153746128082275,
            19.734636783599854,
            20.31582546234131,
            20.900410652160645,
            21.484238862991333,
            22.131641387939453,
            22.77746868133545,
            23.365537405014038,
            23.98256826400757,
            24.670655250549316,
            25.257317066192627,
            25.916706323623657,
            26.691049337387085
        ],
        "memory_usages": [
            4.0,
            4.0,
            4.0,
            4.0,
            4.0,
            4.0,
            4.0,
            4.0,
            4.0,
            4.0,
            4.0,
            5.0,
            5.0,
            5.0,
            5.0,
            5.0,
            5.0,
            5.0,
            5.0,
            5.0,
            5.0,
            6.0,
            6.0,
            4.8203125,
            5.8203125,
            5.16796875,
            6.16796875,
            5.328125,
            5.3984375,
            5.46484375,
            5.60546875,
            5.75390625,
            6.27734375,
            6.03125,
            6.66796875,
            6.21875,
            6.984375,
            6.37109375,
            6.484375,
            6.55859375,
            6.63671875
        ]
    },
    "run_count": 1,
    "seed": 86
}