{
    "dataset": "51_kddcup99_u2r",
    "model": "RRCF",
    "auc": 0.9163617851752316,
    "total_runtime": 4.971656560897827,
    "total_memory_usage": 9.11328125,
    "Instances": 60821,
    "window_metric": {
        "window_size": 1000,
        "auc_scores": [
            NaN,
            0.9884942471235617,
            0.991997332444148,
            0.9937484371092774,
            0.99499899979996,
            0.9949991665277547,
            0.8303082273355247,
            0.8732491245622811,
            0.6839061283505727,
            0.7313713713713714,
            0.7581962127416673,
            0.8055290696288527,
            0.8250974951830443,
            0.8272258545410567,
            0.8447716678986034,
            0.8503390641949423,
            0.8443565331354751,
            0.8346912647608444,
            0.8378931425625161,
            0.8439477898977974,
            0.8997253625436503,
            0.9116644841961099,
            0.910859729546525,
            0.9057088440723358,
            0.9166469817219909,
            0.91547659482821,
            0.9205776475640248,
            0.921282615333574,
            0.9213873440461908,
            0.9214178504989008,
            0.9216343747593747,
            0.9217567247904839,
            0.9221921714296044,
            0.9218933628454407,
            0.9213147525953265,
            0.918122817120391,
            0.9186365205680569,
            0.9190098088732722,
            0.9196869342057653,
            0.9207039821561864,
            0.9216322618039147,
            0.9218844817900352,
            0.9205582360936707,
            0.920745467183584,
            0.9214239452257587,
            0.9219149850826384,
            0.9218875230120553,
            0.92035564858422,
            0.9200936158137352,
            0.9202299704398395,
            0.920322783837174,
            0.9201910891823586,
            0.9200720131965759,
            0.919279126620626,
            0.9176010464012825,
            0.9166407000181904,
            0.9169698955872737,
            0.9168984459174663,
            0.9173298002032236,
            0.9174440358743341
        ],
        "runtimes": [
            0.0695335865020752,
            0.1476457118988037,
            0.22553777694702148,
            0.3037123680114746,
            0.38044166564941406,
            0.4569110870361328,
            0.5337526798248291,
            0.6110103130340576,
            0.6909172534942627,
            0.7691819667816162,
            0.8449063301086426,
            0.920630693435669,
            0.9969840049743652,
            1.073331356048584,
            1.1510179042816162,
            1.2278592586517334,
            1.3043286800384521,
            1.3812367916107178,
            1.4588160514831543,
            1.5368843078613281,
            1.6155455112457275,
            1.6945207118988037,
            1.774409294128418,
            1.8530569076538086,
            1.9324731826782227,
            2.0121710300445557,
            2.0927345752716064,
            2.1735899448394775,
            2.2546892166137695,
            2.335583209991455,
            2.417407751083374,
            2.498563051223755,
            2.579864025115967,
            2.6609861850738525,
            2.743378162384033,
            2.823209524154663,
            2.9034440517425537,
            2.9862492084503174,
            3.0703229904174805,
            3.153310775756836,
            3.2367451190948486,
            3.319816827774048,
            3.403756618499756,
            3.4880902767181396,
            3.5724236965179443,
            3.6563880443573,
            3.7468926906585693,
            3.8348026275634766,
            3.9224472045898438,
            4.010223865509033,
            4.09792423248291,
            4.184789180755615,
            4.273001432418823,
            4.361801385879517,
            4.4504125118255615,
            4.53916072845459,
            4.626973867416382,
            4.715712785720825,
            4.804814100265503,
            4.894055366516113
        ],
        "memory_usages": [
            3.0,
            3.0,
            3.0,
            3.0,
            4.0,
            4.0,
            4.0,
            4.0,
            4.0,
            4.0,
            4.0,
            4.0,
            4.0,
            4.0,
            4.0,
            4.0,
            5.0,
            5.0,
            5.0,
            5.0,
            5.0,
            5.0,
            6.0,
            6.0,
            4.8671875,
            5.8671875,
            5.8671875,
            5.29296875,
            6.29296875,
            6.29296875,
            5.76953125,
            6.76953125,
            6.76953125,
            6.76953125,
            7.76953125,
            7.76953125,
            7.76953125,
            6.515625,
            6.6171875,
            6.6796875,
            6.7421875,
            6.82421875,
            6.94140625,
            7.14453125,
            7.265625,
            7.20703125,
            7.40234375,
            7.51953125,
            7.6328125,
            8.41015625,
            7.9140625,
            8.66796875,
            8.0546875,
            8.125,
            8.1953125,
            8.31640625,
            8.38671875,
            8.45703125,
            8.5234375,
            8.58984375
        ]
    },
    "run_count": 10,
    "seed": 58
}