{
    "dataset": "51_kddcup99_u2r",
    "model": "RRCF",
    "auc": 0.9163617851752316,
    "total_runtime": 7.167363405227661,
    "total_memory_usage": 9.46484375,
    "Instances": 60821,
    "window_metric": {
        "window_size": 1000,
        "auc_scores": [
            NaN,
            0.9884942471235617,
            0.991997332444148,
            0.9937484371092774,
            0.99499899979996,
            0.9949991665277547,
            0.8303082273355247,
            0.8732491245622811,
            0.6839061283505727,
            0.7313713713713714,
            0.7581962127416673,
            0.8055290696288527,
            0.8250974951830443,
            0.8272258545410567,
            0.8447716678986034,
            0.8503390641949423,
            0.8443565331354751,
            0.8346912647608444,
            0.8378931425625161,
            0.8439477898977974,
            0.8997253625436503,
            0.9116644841961099,
            0.910859729546525,
            0.9057088440723358,
            0.9166469817219909,
            0.91547659482821,
            0.9205776475640248,
            0.921282615333574,
            0.9213873440461908,
            0.9214178504989008,
            0.9216343747593747,
            0.9217567247904839,
            0.9221921714296044,
            0.9218933628454407,
            0.9213147525953265,
            0.918122817120391,
            0.9186365205680569,
            0.9190098088732722,
            0.9196869342057653,
            0.9207039821561864,
            0.9216322618039147,
            0.9218844817900352,
            0.9205582360936707,
            0.920745467183584,
            0.9214239452257587,
            0.9219149850826384,
            0.9218875230120553,
            0.92035564858422,
            0.9200936158137352,
            0.9202299704398395,
            0.920322783837174,
            0.9201910891823586,
            0.9200720131965759,
            0.919279126620626,
            0.9176010464012825,
            0.9166407000181904,
            0.9169698955872737,
            0.9168984459174663,
            0.9173298002032236,
            0.9174440358743341
        ],
        "runtimes": [
            0.06202411651611328,
            0.13724613189697266,
            0.24576044082641602,
            0.3878614902496338,
            0.492844820022583,
            0.686734676361084,
            0.7808821201324463,
            0.9518749713897705,
            1.1171932220458984,
            1.3373162746429443,
            1.5213780403137207,
            1.6961677074432373,
            1.782780408859253,
            1.8656203746795654,
            1.9385766983032227,
            2.0156195163726807,
            2.1007959842681885,
            2.213961362838745,
            2.4027504920959473,
            2.60979962348938,
            2.7300117015838623,
            2.818648338317871,
            3.1024444103240967,
            3.257091522216797,
            3.420231580734253,
            3.531282901763916,
            3.625267505645752,
            3.7184109687805176,
            3.8085224628448486,
            3.9062037467956543,
            4.073549270629883,
            4.194073677062988,
            4.27923846244812,
            4.463677883148193,
            4.561123847961426,
            4.653732538223267,
            4.751456022262573,
            4.884679555892944,
            4.993560791015625,
            5.12514591217041,
            5.252297401428223,
            5.3512537479400635,
            5.449936628341675,
            5.548595666885376,
            5.652449369430542,
            5.752642869949341,
            5.8501036167144775,
            5.9455952644348145,
            6.041947841644287,
            6.139809846878052,
            6.237006902694702,
            6.333988189697266,
            6.428424596786499,
            6.521217107772827,
            6.61487078666687,
            6.707988739013672,
            6.80196738243103,
            6.895200967788696,
            6.987403869628906,
            7.084298849105835
        ],
        "memory_usages": [
            3.0,
            4.0,
            4.0,
            4.0,
            4.0,
            4.0,
            4.0,
            4.0,
            4.0,
            4.0,
            4.0,
            5.0,
            5.0,
            5.0,
            5.0,
            5.0,
            5.0,
            5.0,
            6.0,
            6.0,
            6.0,
            6.0,
            6.0,
            6.0,
            6.0,
            6.0,
            5.38671875,
            6.38671875,
            5.75390625,
            6.75390625,
            5.953125,
            6.30859375,
            6.37890625,
            6.453125,
            6.8203125,
            6.88671875,
            6.95703125,
            7.02734375,
            7.125,
            7.1875,
            7.5,
            7.62109375,
            7.7421875,
            7.94921875,
            8.54296875,
            8.6640625,
            8.83203125,
            8.95703125,
            9.07421875,
            9.34375,
            8.421875,
            8.88671875,
            8.94921875,
            9.01953125,
            9.08984375,
            9.2109375,
            9.28125,
            9.3515625,
            9.421875,
            9.48828125
        ]
    },
    "run_count": 7,
    "seed": 73
}