{
    "dataset": "5_campaign",
    "model": "RRCF",
    "auc": 0.6658477526483831,
    "total_runtime": 26.747848510742188,
    "total_memory_usage": 10.03125,
    "Instances": 41188,
    "window_metric": {
        "window_size": 1000,
        "auc_scores": [
            0.6193935041979673,
            0.6462633075829202,
            0.6661876501981319,
            0.6639694053319427,
            0.6648454078375338,
            0.6613218339501892,
            0.6652058233296883,
            0.666026870522114,
            0.6643048186495221,
            0.6687466843501326,
            0.6690964356276895,
            0.6678151531295841,
            0.6687359981171275,
            0.6703473877233876,
            0.6693439381326678,
            0.6679611973438558,
            0.6664080320704628,
            0.6678620534888446,
            0.6676366393579132,
            0.6665000056326296,
            0.6643102531447878,
            0.6664853196040874,
            0.6642525718543963,
            0.6646606355067965,
            0.6670815969182475,
            0.6683715971321245,
            0.6676122504194741,
            0.6677995552157409,
            0.667307967573976,
            0.6674861712294214,
            0.6673620949506249,
            0.6654895748668866,
            0.6652102085382811,
            0.6645362441378749,
            0.664058445330111,
            0.6639023908745153,
            0.6644101811263647,
            0.6649684805907891,
            0.6640649093556885,
            0.6641246943690009,
            0.6654921388146715
        ],
        "runtimes": [
            0.5397853851318359,
            1.1580255031585693,
            1.7790606021881104,
            2.4018704891204834,
            3.026648759841919,
            3.7327589988708496,
            4.357421875,
            4.997979402542114,
            5.629022121429443,
            6.397122383117676,
            7.042008638381958,
            7.676544666290283,
            8.322497844696045,
            8.955054759979248,
            9.5879225730896,
            10.224694967269897,
            10.857303380966187,
            11.497514963150024,
            12.131229400634766,
            12.762281894683838,
            13.391395568847656,
            14.026973724365234,
            14.663128852844238,
            15.296013832092285,
            15.937921524047852,
            16.570738554000854,
            17.205013036727905,
            17.843252182006836,
            18.48265266418457,
            19.274834394454956,
            19.932738542556763,
            20.71273636817932,
            21.35620355606079,
            22.0035297870636,
            22.64781093597412,
            23.28699016571045,
            23.92754292488098,
            24.56822943687439,
            25.28327250480652,
            25.932672023773193,
            26.598013401031494
        ],
        "memory_usages": [
            6.0,
            6.0,
            6.0,
            6.0,
            6.0,
            6.0,
            6.0,
            6.0,
            6.0,
            6.0,
            7.0,
            7.0,
            7.0,
            7.0,
            7.0,
            7.0,
            7.0,
            8.0,
            8.0,
            8.0,
            8.0,
            9.0,
            9.0,
            7.87890625,
            8.87890625,
            8.87890625,
            8.6484375,
            8.15234375,
            9.00390625,
            8.28515625,
            8.38671875,
            9.328125,
            9.64453125,
            9.72265625,
            9.8359375,
            9.9140625,
            9.984375,
            10.0625,
            10.1796875,
            10.25390625,
            10.33203125
        ]
    },
    "run_count": 10,
    "seed": 74
}