{
    "dataset": "1_ALOI",
    "model": "RRCF",
    "auc": 0.7240823411191616,
    "total_runtime": 14.359104633331299,
    "total_memory_usage": 7.578125,
    "Instances": 49534,
    "window_metric": {
        "window_size": 1000,
        "auc_scores": [
            NaN,
            0.832958637941817,
            0.6309086125116448,
            0.6249627455071082,
            0.6333121025397954,
            0.625453355331376,
            0.672136925472498,
            0.6447276059823066,
            0.6852160430011286,
            0.7047173279641566,
            0.6946976708572681,
            0.6904146875578312,
            0.707003534231171,
            0.7138067036643506,
            0.6874427404077158,
            0.6886583268112436,
            0.7015848344075594,
            0.7121261590701318,
            0.6872654858211802,
            0.68523018198134,
            0.6911463303179268,
            0.6933507984742445,
            0.7048702595401608,
            0.7099860970313758,
            0.7148440340433065,
            0.703651893478128,
            0.6841060762392405,
            0.684296240174202,
            0.6805797567925234,
            0.684470227763687,
            0.6916762213265765,
            0.6973340574437753,
            0.6996302964063797,
            0.7019988760342883,
            0.6969552846223859,
            0.7047460703608356,
            0.7104582876075336,
            0.7043114315088429,
            0.7079990504074999,
            0.7124795093320573,
            0.7122730897249177,
            0.7139959499482624,
            0.7122030778487611,
            0.7130085151306997,
            0.7186954227503897,
            0.7193842823589901,
            0.7219955425164678,
            0.7243786387139194,
            0.7218994833919816
        ],
        "runtimes": [
            0.22214007377624512,
            0.47481322288513184,
            0.7284672260284424,
            1.0473783016204834,
            1.364377737045288,
            1.6178319454193115,
            1.8755638599395752,
            2.1365139484405518,
            2.3934240341186523,
            2.654602289199829,
            2.9151008129119873,
            3.243036985397339,
            3.5635247230529785,
            3.823312997817993,
            4.078884840011597,
            4.385984182357788,
            4.667165756225586,
            4.931488752365112,
            5.218632936477661,
            5.578110694885254,
            5.96420431137085,
            6.333514928817749,
            6.69709849357605,
            6.957138299942017,
            7.228326320648193,
            7.495375633239746,
            7.832539081573486,
            8.17681097984314,
            8.441415309906006,
            8.780359268188477,
            9.11543321609497,
            9.385557651519775,
            9.655532836914062,
            9.930031538009644,
            10.20203161239624,
            10.472744941711426,
            10.745684623718262,
            11.022167682647705,
            11.296652555465698,
            11.638636350631714,
            11.971925020217896,
            12.250617504119873,
            12.526320457458496,
            12.805965185165405,
            13.081314086914062,
            13.36501431465149,
            13.641625881195068,
            13.917941331863403,
            14.19521951675415
        ],
        "memory_usages": [
            2.0,
            3.0,
            3.0,
            3.0,
            3.0,
            3.0,
            3.0,
            4.0,
            4.0,
            4.0,
            4.0,
            4.0,
            4.0,
            5.0,
            5.0,
            5.0,
            5.0,
            5.0,
            6.0,
            6.0,
            6.0,
            4.8984375,
            5.8984375,
            5.8984375,
            5.29296875,
            6.29296875,
            5.4296875,
            5.5234375,
            5.59375,
            5.6640625,
            5.76171875,
            5.83203125,
            5.90234375,
            5.96484375,
            6.171875,
            6.328125,
            6.76953125,
            6.9296875,
            7.16796875,
            7.3359375,
            7.49609375,
            7.6640625,
            6.82421875,
            6.9375,
            7.01171875,
            7.0859375,
            7.16015625,
            7.2265625,
            7.30078125
        ]
    },
    "run_count": 6,
    "seed": 82
}