{
    "dataset": "48_chess",
    "model": "RRCF",
    "auc": 0.9436773817593683,
    "total_runtime": 3.423074722290039,
    "total_memory_usage": 2.9765625,
    "Instances": 28056,
    "window_metric": {
        "window_size": 1000,
        "auc_scores": [
            1.0,
            0.9529293940911366,
            0.9533978422867313,
            0.9526311400216829,
            0.9574659727782225,
            0.9565543695797198,
            0.9565975696926375,
            0.962972229171879,
            0.9611778222518715,
            0.9586138868636617,
            0.9580642226871646,
            0.9435873915943962,
            0.9436768780788177,
            0.9421753455637221,
            0.9336039952574282,
            0.9343168247277837,
            0.9352365813863517,
            0.939086275600037,
            0.9368970998819377,
            0.9430255255255255,
            0.9433436606291706,
            0.9461217309163076,
            0.9466287911757492,
            0.9466973513599588,
            0.9404861167926666,
            0.9430637151106833,
            0.9435282408701258,
            0.9437393995003118
        ],
        "runtimes": [
            0.20325660705566406,
            0.4156169891357422,
            0.6365430355072021,
            0.745734691619873,
            0.8295209407806396,
            0.9753053188323975,
            1.0597858428955078,
            1.1443493366241455,
            1.3067288398742676,
            1.390791893005371,
            1.56500244140625,
            1.6454355716705322,
            1.7307512760162354,
            1.84004545211792,
            1.9256279468536377,
            2.0105392932891846,
            2.1162962913513184,
            2.2267374992370605,
            2.308683395385742,
            2.388618230819702,
            2.582871437072754,
            2.6664302349090576,
            2.7519850730895996,
            2.938746213912964,
            3.0324249267578125,
            3.121467113494873,
            3.2857532501220703,
            3.4032790660858154
        ],
        "memory_usages": [
            2.0,
            2.0,
            2.0,
            2.0,
            2.0,
            2.0,
            3.0,
            3.0,
            3.0,
            3.0,
            3.0,
            3.0,
            3.0,
            3.0,
            3.0,
            4.0,
            4.0,
            4.0,
            4.0,
            4.0,
            4.0,
            4.0,
            4.0,
            2.62890625,
            3.62890625,
            2.97265625,
            3.97265625,
            3.40234375
        ]
    },
    "run_count": 8,
    "seed": 45
}