{
    "dataset": "32_shuttle",
    "model": "RRCF",
    "auc": 0.9807657172574544,
    "total_runtime": 5.761714935302734,
    "total_memory_usage": 6.8671875,
    "Instances": 49097,
    "window_metric": {
        "window_size": 1000,
        "auc_scores": [
            0.9671800050492301,
            0.977363625118542,
            0.9813261914690083,
            0.9816070255440849,
            0.9840064190033877,
            0.9857839303681529,
            0.9865887904071619,
            0.9855774913233929,
            0.985655198321876,
            0.980679582934123,
            0.9821488867939626,
            0.981975011235955,
            0.982104214927642,
            0.9828215972632887,
            0.9823428016464625,
            0.9827133842347886,
            0.9833786024234485,
            0.9840071738578058,
            0.9845224592953609,
            0.9826683688767344,
            0.9834367328034865,
            0.9838741801906793,
            0.9844522681078856,
            0.9846231827583526,
            0.9844423382111557,
            0.9848730039525893,
            0.9851065815670159,
            0.9835304059213484,
            0.9836072681663726,
            0.9837760570850872,
            0.9841611358739457,
            0.9845150343692387,
            0.9847898603651988,
            0.9850623674971407,
            0.9854486402415874,
            0.9857856711228427,
            0.9860224333698774,
            0.9855139285379346,
            0.9856463158633295,
            0.9858752698732915,
            0.9859981353994342,
            0.9862590976077527,
            0.9863869255723202,
            0.9862626013575911,
            0.9863949036219267,
            0.9816479216687275,
            0.9804210356181686,
            0.9806457084778256,
            0.9807413447155372
        ],
        "runtimes": [
            0.09140849113464355,
            0.1928083896636963,
            0.294048547744751,
            0.39754152297973633,
            0.4994316101074219,
            0.60190749168396,
            0.7066338062286377,
            0.81146240234375,
            0.9161896705627441,
            1.0226631164550781,
            1.129004716873169,
            1.2360179424285889,
            1.3433051109313965,
            1.4511041641235352,
            1.5596082210540771,
            1.6682591438293457,
            1.7779710292816162,
            1.888350486755371,
            1.998706340789795,
            2.109250068664551,
            2.2210581302642822,
            2.33097505569458,
            2.4452292919158936,
            2.558964967727661,
            2.6720058917999268,
            2.7890214920043945,
            2.9036946296691895,
            3.0180678367614746,
            3.1348416805267334,
            3.2514054775238037,
            3.3688459396362305,
            3.4874930381774902,
            3.6057915687561035,
            3.725325345993042,
            3.845341920852661,
            4.014554262161255,
            4.168667793273926,
            4.334437131881714,
            4.472680568695068,
            4.594372510910034,
            4.718126058578491,
            4.842974662780762,
            4.967060565948486,
            5.09332013130188,
            5.222517251968384,
            5.348169326782227,
            5.476084470748901,
            5.602614402770996,
            5.72507119178772
        ],
        "memory_usages": [
            3.0,
            3.0,
            3.0,
            3.0,
            3.0,
            4.0,
            4.0,
            4.0,
            4.0,
            4.0,
            4.0,
            4.0,
            5.0,
            5.0,
            5.0,
            5.0,
            5.0,
            6.0,
            6.0,
            6.0,
            6.0,
            6.0,
            6.0,
            6.0,
            5.45703125,
            6.45703125,
            5.7421875,
            6.26953125,
            5.98046875,
            6.59765625,
            6.16796875,
            6.984375,
            6.31640625,
            7.3125,
            6.5078125,
            6.16015625,
            6.23828125,
            6.3125,
            6.42578125,
            6.50390625,
            6.58203125,
            6.66015625,
            6.734375,
            6.96875,
            7.140625,
            7.30859375,
            7.4765625,
            7.6484375,
            7.8203125
        ]
    },
    "run_count": 4,
    "seed": 75
}