{
    "dataset": "34_smtp",
    "model": "RRCF",
    "auc": 0.8099026554254358,
    "total_runtime": 9.623610973358154,
    "total_memory_usage": 12.7890625,
    "Instances": 95156,
    "window_metric": {
        "window_size": 1000,
        "auc_scores": [
            NaN,
            NaN,
            NaN,
            NaN,
            NaN,
            NaN,
            NaN,
            NaN,
            NaN,
            NaN,
            NaN,
            NaN,
            NaN,
            NaN,
            1.0,
            1.0,
            1.0,
            1.0,
            1.0,
            1.0,
            1.0,
            1.0,
            1.0,
            1.0,
            0.9998513453248105,
            0.9998570658926236,
            0.9998623624948386,
            0.999867280579065,
            0.9998718593212487,
            0.9998761326714372,
            0.9998801301970475,
            0.9998838777679521,
            0.99988739811695,
            0.9998907113012921,
            0.9998938350850545,
            0.9998967852577589,
            0.9998995759013063,
            0.9999022196147453,
            0.9999047277044507,
            0.9999071103457638,
            0.9999093767209709,
            0.9999115351375628,
            0.9999135931299892,
            0.9999155575475314,
            0.9999174346304565,
            0.9999192300762344,
            0.9999179086779648,
            0.9999166423540199,
            0.9999183440166579,
            0.9997474191741357,
            0.9997474697944453,
            0.9997487207602339,
            0.9997534633096784,
            0.9997522414048607,
            0.9997567474174305,
            0.8423038856632424,
            0.8427633172444055,
            0.8431606727037516,
            0.8435771089444679,
            0.8443231346394331,
            0.8446117261172612,
            0.7977249351718879,
            0.7978392856197629,
            0.7977995346416398,
            0.7972200418293409,
            0.7972616182489918,
            0.7970542026056935,
            0.8103882030825519,
            0.8115594810212587,
            0.8121226577118894,
            0.8123002158725346,
            0.8131517531726141,
            0.8132848240609518,
            0.8125845217067826,
            0.8125164718863708,
            0.8126240548230972,
            0.8127826019562227,
            0.8129379667683697,
            0.8121187218878689,
            0.8117964313787885,
            0.8119207430161246,
            0.8111182297860599,
            0.8105590694546786,
            0.8107753949536767,
            0.8102423585491033,
            0.8093591303242191,
            0.8094382630119671,
            0.8097115859889565,
            0.8122685549436139,
            0.8117546589603941,
            0.8118548239346306,
            0.8114395998695226,
            0.8108855903337996,
            0.8101408250860203,
            0.8099371731423958
        ],
        "runtimes": [
            0.058121681213378906,
            0.12121915817260742,
            0.18444323539733887,
            0.24711322784423828,
            0.31079721450805664,
            0.37543702125549316,
            0.4393301010131836,
            0.5035970211029053,
            0.5682094097137451,
            0.6337690353393555,
            0.6991138458251953,
            0.7658567428588867,
            0.8325257301330566,
            0.8986735343933105,
            0.9699342250823975,
            1.0426886081695557,
            1.1121203899383545,
            1.182666301727295,
            1.2811338901519775,
            1.414811611175537,
            1.4864342212677002,
            1.596163272857666,
            1.6883957386016846,
            1.7621769905090332,
            1.836559772491455,
            1.9813990592956543,
            2.084083318710327,
            2.163322687149048,
            2.242892265319824,
            2.323223114013672,
            2.4032628536224365,
            2.547579050064087,
            2.62975811958313,
            2.7162036895751953,
            2.855733871459961,
            2.9468185901641846,
            3.065540313720703,
            3.150351047515869,
            3.28225040435791,
            3.3823306560516357,
            3.4732017517089844,
            3.5596985816955566,
            3.6458933353424072,
            3.7338318824768066,
            3.8216259479522705,
            3.911228656768799,
            4.003774166107178,
            4.159631252288818,
            4.250105857849121,
            4.352628946304321,
            4.49332070350647,
            4.585744619369507,
            4.678367853164673,
            4.786324739456177,
            4.9343461990356445,
            5.024213552474976,
            5.148406982421875,
            5.32069993019104,
            5.453004598617554,
            5.54894757270813,
            5.650401592254639,
            5.749520301818848,
            5.849707365036011,
            6.011200666427612,
            6.113402843475342,
            6.215649843215942,
            6.316351890563965,
            6.419813871383667,
            6.523161888122559,
            6.628599166870117,
            6.732537031173706,
            6.837998390197754,
            6.94421648979187,
            7.050489187240601,
            7.157763957977295,
            7.265008211135864,
            7.373158931732178,
            7.485777139663696,
            7.596714735031128,
            7.707057237625122,
            7.817849636077881,
            7.927001237869263,
            8.03928828239441,
            8.151947736740112,
            8.26578974723816,
            8.439604759216309,
            8.556655645370483,
            8.689227819442749,
            8.844640970230103,
            8.962186574935913,
            9.079709529876709,
            9.197310447692871,
            9.317453622817993,
            9.43595576286316,
            9.5563325881958
        ],