{
    "dataset": "50_bank",
    "model": "RRCF",
    "auc": 0.6324758501337872,
    "total_runtime": 7.645747423171997,
    "total_memory_usage": 5.90625,
    "Instances": 41188,
    "window_metric": {
        "window_size": 1000,
        "auc_scores": [
            0.4537797092118676,
            0.4903205408823386,
            0.510792992849552,
            0.5131637165579054,
            0.5181220924038495,
            0.5181470672070589,
            0.515217596337145,
            0.5141703225806452,
            0.5118445076510334,
            0.5164766680171624,
            0.5024067764705882,
            0.4954780409573155,
            0.4897707382566713,
            0.48568735464154145,
            0.4845438939451062,
            0.4850180092115576,
            0.48475452252507545,
            0.4871899531911704,
            0.4821418199643121,
            0.4918438389315114,
            0.49413167153796833,
            0.4935318506835512,
            0.4922254716883726,
            0.4910842925279022,
            0.5144141370768978,
            0.5124676975902168,
            0.50795350022592,
            0.5300399496398636,
            0.5361250014916589,
            0.534886411848652,
            0.5457572922714835,
            0.5446738897048109,
            0.5434252719308624,
            0.5403420126181129,
            0.5370754517271117,
            0.5344738254081085,
            0.5508190820334719,
            0.567393842436838,
            0.5825905120574143,
            0.6152853987998282,
            0.6315381367506112
        ],
        "runtimes": [
            0.3261377811431885,
            0.6264705657958984,
            0.7609977722167969,
            1.00701904296875,
            1.1173155307769775,
            1.218980312347412,
            1.3257670402526855,
            1.432161569595337,
            1.6944787502288818,
            1.930997371673584,
            2.2086052894592285,
            2.4775326251983643,
            2.625962018966675,
            2.8201897144317627,
            3.035703182220459,
            3.1802337169647217,
            3.4007320404052734,
            3.62158203125,
            3.7349765300750732,
            3.8649849891662598,
            3.9732861518859863,
            4.104401350021362,
            4.375572443008423,
            4.593066215515137,
            4.925853729248047,
            5.144591331481934,
            5.288283348083496,
            5.502509832382202,
            5.63507604598999,
            5.801227807998657,
            6.012020587921143,
            6.133270978927612,
            6.326287031173706,
            6.605936050415039,
            6.754226922988892,
            6.976557970046997,
            7.107917308807373,
            7.231393575668335,
            7.354286193847656,
            7.476616859436035,
            7.6035051345825195
        ],
        "memory_usages": [
            3.0,
            3.0,
            3.0,
            3.0,
            3.0,
            3.0,
            3.0,
            3.0,
            3.0,
            4.0,
            4.0,
            4.0,
            4.0,
            4.0,
            4.0,
            4.0,
            4.0,
            4.0,
            4.0,
            5.0,
            3.49609375,
            4.49609375,
            4.49609375,
            3.47265625,
            4.47265625,
            4.47265625,
            4.33203125,
            3.80859375,
            4.73828125,
            5.3515625,
            5.453125,
            5.51953125,
            5.58984375,
            5.65625,
            5.7578125,
            5.82421875,
            5.89453125,
            5.96484375,
            6.0703125,
            6.13671875,
            6.23046875
        ]
    },
    "run_count": 6,
    "seed": 55
}