{
    "dataset": "32_shuttle",
    "model": "RRCF",
    "auc": 0.9807657172574544,
    "total_runtime": 6.240038633346558,
    "total_memory_usage": 6.97265625,
    "Instances": 49097,
    "window_metric": {
        "window_size": 1000,
        "auc_scores": [
            0.9671800050492301,
            0.977363625118542,
            0.9813261914690083,
            0.9816070255440849,
            0.9840064190033877,
            0.9857839303681529,
            0.9865887904071619,
            0.9855774913233929,
            0.985655198321876,
            0.980679582934123,
            0.9821488867939626,
            0.981975011235955,
            0.982104214927642,
            0.9828215972632887,
            0.9823428016464625,
            0.9827133842347886,
            0.9833786024234485,
            0.9840071738578058,
            0.9845224592953609,
            0.9826683688767344,
            0.9834367328034865,
            0.9838741801906793,
            0.9844522681078856,
            0.9846231827583526,
            0.9844423382111557,
            0.9848730039525893,
            0.9851065815670159,
            0.9835304059213484,
            0.9836072681663726,
            0.9837760570850872,
            0.9841611358739457,
            0.9845150343692387,
            0.9847898603651988,
            0.9850623674971407,
            0.9854486402415874,
            0.9857856711228427,
            0.9860224333698774,
            0.9855139285379346,
            0.9856463158633295,
            0.9858752698732915,
            0.9859981353994342,
            0.9862590976077527,
            0.9863869255723202,
            0.9862626013575911,
            0.9863949036219267,
            0.9816479216687275,
            0.9804210356181686,
            0.9806457084778256,
            0.9807413447155372
        ],
        "runtimes": [
            0.09410905838012695,
            0.19594669342041016,
            0.3687920570373535,
            0.47131991386413574,
            0.5738852024078369,
            0.6800734996795654,
            0.7840547561645508,
            0.8921630382537842,
            0.9969451427459717,
            1.1022980213165283,
            1.207190990447998,
            1.3141319751739502,
            1.4204230308532715,
            1.5275838375091553,
            1.6557731628417969,
            1.7663795948028564,
            1.9397315979003906,
            2.047755002975464,
            2.247433662414551,
            2.358781337738037,
            2.5261600017547607,
            2.6379499435424805,
            2.756709098815918,
            2.869364023208618,
            2.982750177383423,
            3.098191022872925,
            3.2122421264648438,
            3.3279247283935547,
            3.443376064300537,
            3.560926914215088,
            3.678344964981079,
            3.8757169246673584,
            3.9985978603363037,
            4.210977077484131,
            4.382194995880127,
            4.550792694091797,
            4.669122934341431,
            4.787669658660889,
            4.905629634857178,
            5.02642560005188,
            5.1467812061309814,
            5.265995264053345,
            5.392496824264526,
            5.514153718948364,
            5.635858535766602,
            5.759602785110474,
            5.884006023406982,
            6.007675647735596,
            6.170738935470581
        ],
        "memory_usages": [
            2.0,
            2.0,
            2.0,
            2.0,
            2.0,
            3.0,
            3.0,
            3.0,
            3.0,
            3.0,
            3.0,
            3.0,
            4.0,
            4.0,
            4.0,
            4.0,
            4.0,
            5.0,
            5.0,
            5.0,
            5.0,
            5.0,
            5.0,
            4.4453125,
            5.4453125,
            4.8046875,
            5.8046875,
            5.8046875,
            5.05859375,
            5.13671875,
            5.2421875,
            5.296875,
            5.3515625,
            5.5,
            5.73046875,
            6.15625,
            6.3203125,
            6.48046875,
            6.71484375,
            6.87890625,
            7.03515625,
            7.19921875,
            7.35546875,
            6.62109375,
            6.69140625,
            6.7578125,
            6.828125,
            6.8984375,
            7.34765625
        ]
    },
    "run_count": 3,
    "seed": 51
}