{
    "dataset": "34_smtp",
    "model": "RRCF",
    "auc": 0.8099026554254358,
    "total_runtime": 8.193283081054688,
    "total_memory_usage": 11.55859375,
    "Instances": 95156,
    "window_metric": {
        "window_size": 1000,
        "auc_scores": [
            NaN,
            NaN,
            NaN,
            NaN,
            NaN,
            NaN,
            NaN,
            NaN,
            NaN,
            NaN,
            NaN,
            NaN,
            NaN,
            NaN,
            1.0,
            1.0,
            1.0,
            1.0,
            1.0,
            1.0,
            1.0,
            1.0,
            1.0,
            1.0,
            0.9998513453248105,
            0.9998570658926236,
            0.9998623624948386,
            0.999867280579065,
            0.9998718593212487,
            0.9998761326714372,
            0.9998801301970475,
            0.9998838777679521,
            0.99988739811695,
            0.9998907113012921,
            0.9998938350850545,
            0.9998967852577589,
            0.9998995759013063,
            0.9999022196147453,
            0.9999047277044507,
            0.9999071103457638,
            0.9999093767209709,
            0.9999115351375628,
            0.9999135931299892,
            0.9999155575475314,
            0.9999174346304565,
            0.9999192300762344,
            0.9999179086779648,
            0.9999166423540199,
            0.9999183440166579,
            0.9997474191741357,
            0.9997474697944453,
            0.9997487207602339,
            0.9997534633096784,
            0.9997522414048607,
            0.9997567474174305,
            0.8423038856632424,
            0.8427633172444055,
            0.8431606727037516,
            0.8435771089444679,
            0.8443231346394331,
            0.8446117261172612,
            0.7977249351718879,
            0.7978392856197629,
            0.7977995346416398,
            0.7972200418293409,
            0.7972616182489918,
            0.7970542026056935,
            0.8103882030825519,
            0.8115594810212587,
            0.8121226577118894,
            0.8123002158725346,
            0.8131517531726141,
            0.8132848240609518,
            0.8125845217067826,
            0.8125164718863708,
            0.8126240548230972,
            0.8127826019562227,
            0.8129379667683697,
            0.8121187218878689,
            0.8117964313787885,
            0.8119207430161246,
            0.8111182297860599,
            0.8105590694546786,
            0.8107753949536767,
            0.8102423585491033,
            0.8093591303242191,
            0.8094382630119671,
            0.8097115859889565,
            0.8122685549436139,
            0.8117546589603941,
            0.8118548239346306,
            0.8114395998695226,
            0.8108855903337996,
            0.8101408250860203,
            0.8099371731423958
        ],
        "runtimes": [
            0.056221723556518555,
            0.1171872615814209,
            0.1800987720489502,
            0.24270129203796387,
            0.30314016342163086,
            0.3650834560394287,
            0.4275827407836914,
            0.49007415771484375,
            0.5516650676727295,
            0.6139340400695801,
            0.6775498390197754,
            0.7412841320037842,
            0.8035256862640381,
            0.8678791522979736,
            0.9380443096160889,
            1.0071706771850586,
            1.0764317512512207,
            1.1469082832336426,
            1.2166738510131836,
            1.2871370315551758,
            1.3562676906585693,
            1.4262828826904297,
            1.4967594146728516,
            1.5677578449249268,
            1.6398701667785645,
            1.7126233577728271,
            1.786604404449463,
            1.8614692687988281,
            1.9375951290130615,
            2.0134339332580566,
            2.090400218963623,
            2.1671910285949707,
            2.2446060180664062,
            2.32089900970459,
            2.3973467350006104,
            2.474243402481079,
            2.552316188812256,
            2.6308541297912598,
            2.7129266262054443,
            2.7940456867218018,
            2.8777589797973633,
            2.961790084838867,
            3.047912120819092,
            3.132202625274658,
            3.2146339416503906,
            3.296712875366211,
            3.380103588104248,
            3.463885545730591,
            3.5506398677825928,
            3.636049747467041,
            3.725088119506836,
            3.8148016929626465,
            3.90617036819458,
            3.9952211380004883,
            4.0837562084198,
            4.1713011264801025,
            4.259510517120361,
            4.34880518913269,
            4.438851594924927,
            4.52856707572937,
            4.621773958206177,
            4.7171244621276855,
            4.814371585845947,
            4.909839868545532,
            5.012241363525391,
            5.106896877288818,
            5.20192551612854,
            5.296327114105225,
            5.39237117767334,
            5.4887001514434814,
            5.5883307456970215,
            5.689289808273315,
            5.791661739349365,
            5.893213987350464,
            5.99257493019104,
            6.092886924743652,
            6.193475723266602,
            6.294598817825317,
            6.396068334579468,
            6.500648736953735,
            6.6080543994903564,
            6.715226411819458,
            6.823639869689941,
            6.9285430908203125,
            7.033876657485962,
            7.140399694442749,
            7.247393369674683,
            7.3552703857421875,
            7.4659388065338135,
            7.577194690704346,
            7.689059019088745,
            7.8000054359436035,
            7.909186124801636,
            8.019496440887451,
            8.131226539611816
        ],