{
    "dataset": "32_shuttle",
    "model": "RRCF",
    "auc": 0.9807657172574544,
    "total_runtime": 6.787766456604004,
    "total_memory_usage": 6.7265625,
    "Instances": 49097,
    "window_metric": {
        "window_size": 1000,
        "auc_scores": [
            0.9671800050492301,
            0.977363625118542,
            0.9813261914690083,
            0.9816070255440849,
            0.9840064190033877,
            0.9857839303681529,
            0.9865887904071619,
            0.9855774913233929,
            0.985655198321876,
            0.980679582934123,
            0.9821488867939626,
            0.981975011235955,
            0.982104214927642,
            0.9828215972632887,
            0.9823428016464625,
            0.9827133842347886,
            0.9833786024234485,
            0.9840071738578058,
            0.9845224592953609,
            0.9826683688767344,
            0.9834367328034865,
            0.9838741801906793,
            0.9844522681078856,
            0.9846231827583526,
            0.9844423382111557,
            0.9848730039525893,
            0.9851065815670159,
            0.9835304059213484,
            0.9836072681663726,
            0.9837760570850872,
            0.9841611358739457,
            0.9845150343692387,
            0.9847898603651988,
            0.9850623674971407,
            0.9854486402415874,
            0.9857856711228427,
            0.9860224333698774,
            0.9855139285379346,
            0.9856463158633295,
            0.9858752698732915,
            0.9859981353994342,
            0.9862590976077527,
            0.9863869255723202,
            0.9862626013575911,
            0.9863949036219267,
            0.9816479216687275,
            0.9804210356181686,
            0.9806457084778256,
            0.9807413447155372
        ],
        "runtimes": [
            0.08475828170776367,
            0.17994308471679688,
            0.27463865280151367,
            0.36968064308166504,
            0.4650874137878418,
            0.654393196105957,
            0.836214542388916,
            1.1287870407104492,
            1.3638389110565186,
            1.4619905948638916,
            1.6126322746276855,
            1.7332899570465088,
            1.8386034965515137,
            1.9369611740112305,
            2.0388412475585938,
            2.1396639347076416,
            2.377535581588745,
            2.531510591506958,
            2.744523286819458,
            2.881767511367798,
            2.9884438514709473,
            3.096163511276245,
            3.2044496536254883,
            3.3139376640319824,
            3.4232535362243652,
            3.5318634510040283,
            3.642134189605713,
            3.751990556716919,
            3.863875150680542,
            3.977396011352539,
            4.116799592971802,
            4.311328172683716,
            4.482630252838135,
            4.695358514785767,
            4.879940748214722,
            4.994373083114624,
            5.184910774230957,
            5.301590919494629,
            5.493131875991821,
            5.611371040344238,
            5.785726308822632,
            5.904709339141846,
            6.024243116378784,
            6.14410138130188,
            6.264344930648804,
            6.3854451179504395,
            6.506712436676025,
            6.628550291061401,
            6.750806093215942
        ],
        "memory_usages": [
            2.0,
            3.0,
            3.0,
            3.0,
            3.0,
            3.0,
            3.0,
            3.0,
            3.0,
            3.0,
            4.0,
            4.0,
            4.0,
            4.0,
            4.0,
            4.0,
            4.0,
            5.0,
            5.0,
            5.0,
            3.6640625,
            4.6640625,
            4.6640625,
            3.8671875,
            4.33203125,
            5.33203125,
            5.33203125,
            4.74609375,
            4.6640625,
            5.06640625,
            4.87890625,
            5.484375,
            5.015625,
            5.77734375,
            5.72265625,
            5.796875,
            6.109375,
            6.1875,
            6.359375,
            6.4296875,
            6.5,
            6.5703125,
            6.8125,
            7.046875,
            7.19921875,
            7.34375,
            7.49609375,
            7.64453125,
            7.796875
        ]
    },
    "run_count": 1,
    "seed": 63
}