{
    "dataset": "50_bank",
    "model": "RRCF",
    "auc": 0.6324758501337872,
    "total_runtime": 5.32034707069397,
    "total_memory_usage": 6.44140625,
    "Instances": 41188,
    "window_metric": {
        "window_size": 1000,
        "auc_scores": [
            0.4537797092118676,
            0.4903205408823386,
            0.510792992849552,
            0.5131637165579054,
            0.5181220924038495,
            0.5181470672070589,
            0.515217596337145,
            0.5141703225806452,
            0.5118445076510334,
            0.5164766680171624,
            0.5024067764705882,
            0.4954780409573155,
            0.4897707382566713,
            0.48568735464154145,
            0.4845438939451062,
            0.4850180092115576,
            0.48475452252507545,
            0.4871899531911704,
            0.4821418199643121,
            0.4918438389315114,
            0.49413167153796833,
            0.4935318506835512,
            0.4922254716883726,
            0.4910842925279022,
            0.5144141370768978,
            0.5124676975902168,
            0.50795350022592,
            0.5300399496398636,
            0.5361250014916589,
            0.534886411848652,
            0.5457572922714835,
            0.5446738897048109,
            0.5434252719308624,
            0.5403420126181129,
            0.5370754517271117,
            0.5344738254081085,
            0.5508190820334719,
            0.567393842436838,
            0.5825905120574143,
            0.6152853987998282,
            0.6315381367506112
        ],
        "runtimes": [
            0.11750602722167969,
            0.30408310890197754,
            0.4959731101989746,
            0.593271017074585,
            0.8058950901031494,
            1.0227010250091553,
            1.1420891284942627,
            1.2901349067687988,
            1.495936393737793,
            1.605544090270996,
            1.7107956409454346,
            1.8172180652618408,
            1.915968894958496,
            2.11179518699646,
            2.220210313796997,
            2.326089859008789,
            2.4244837760925293,
            2.540402889251709,
            2.71954607963562,
            2.907656192779541,
            3.06178879737854,
            3.1722376346588135,
            3.2836248874664307,
            3.394097089767456,
            3.5052318572998047,
            3.6152894496917725,
            3.727311611175537,
            3.8376071453094482,
            3.9443774223327637,
            4.052684307098389,
            4.161958694458008,
            4.275299310684204,
            4.388598680496216,
            4.500890731811523,
            4.613387107849121,
            4.726184129714966,
            4.842243909835815,
            4.952956914901733,
            5.062726736068726,
            5.1721625328063965,
            5.281827926635742
        ],
        "memory_usages": [
            2.0,
            3.0,
            3.0,
            3.0,
            3.0,
            3.0,
            3.0,
            4.0,
            4.0,
            4.0,
            4.0,
            4.0,
            4.0,
            5.0,
            5.0,
            5.0,
            5.0,
            5.0,
            5.0,
            6.0,
            6.0,
            6.0,
            6.0,
            6.0,
            6.0,
            5.875,
            5.49609375,
            6.49609375,
            6.421875,
            5.703125,
            5.796875,
            5.8046875,
            6.1171875,
            6.1875,
            6.29296875,
            6.359375,
            6.4296875,
            6.5,
            6.6015625,
            6.671875,
            6.80859375
        ]
    },
    "run_count": 8,
    "seed": 56
}