{
    "dataset": "3_backdoor",
    "model": "RRCF",
    "auc": 0.6540862523488322,
    "total_runtime": 272.64849853515625,
    "total_memory_usage": 21.3046875,
    "Instances": 95329,
    "window_metric": {
        "window_size": 1000,
        "auc_scores": [
            0.8836026524174339,
            0.9051977531145724,
            0.9065484546919411,
            0.9123859110842514,
            0.9107786924101089,
            0.9064022853301967,
            0.9104401363480221,
            0.9111342688251254,
            0.9087982416740575,
            0.9123275478415667,
            0.9138593251198753,
            0.9147983517731417,
            0.9154442411664689,
            0.9169908089391587,
            0.9180479361833689,
            0.9184773777857955,
            0.9189271838757329,
            0.9114607906557419,
            0.908732402253287,
            0.9021787051746166,
            0.38071119639376216,
            0.3703526262100345,
            0.37744051603816053,
            0.3842384522071348,
            0.3883371896432701,
            0.4004849201089127,
            0.41455710565296233,
            0.4133799496262257,
            0.41747918511561855,
            0.4198077785035911,
            0.4189641061853163,
            0.42768298357659007,
            0.432545266282631,
            0.4315968120703141,
            0.439443469811854,
            0.43671316954853645,
            0.43772598617189656,
            0.4390893582598897,
            0.44558492387701254,
            0.4489435668957386,
            0.4510724411560086,
            0.4508196371664157,
            0.4493068513461726,
            0.4458803139730227,
            0.44186808081262907,
            0.4389760659285702,
            0.4369244115661031,
            0.4350066457192275,
            0.43272671439879196,
            0.4300264237093707,
            0.4258939450131699,
            0.42318665019621793,
            0.4214657618803112,
            0.41860543750550505,
            0.41554754528676036,
            0.4131721907232521,
            0.4106597676192817,
            0.4070146926381405,
            0.4051169519340616,
            0.4029458508374872,
            0.4011752397452911,
            0.3991907973474137,
            0.39782436564608575,
            0.3963047985006861,
            0.39430310830395365,
            0.3927694793273846,
            0.39114931387170165,
            0.38974920460610346,
            0.3884673673157226,
            0.38698596601328816,
            0.3857822127049032,
            0.3841561955678329,
            0.3827936831734804,
            0.3803421284524962,
            0.3778407297379048,
            0.3761436100814065,
            0.3740260484188599,
            0.3727488949544171,
            0.3730458820987179,
            0.37654315774750513,
            0.37803250727111515,
            0.38160556275613144,
            0.38187486965159456,
            0.38231552399606916,
            0.3844944492759551,
            0.49470177708327806,
            0.5408108647228262,
            0.5531558378961855,
            0.574268975086513,
            0.5920794362973467,
            0.6262192610061056,
            0.6405638931488402,
            0.6509456059534169,
            0.6588158054048561,
            0.6724601774193549
        ],
        "runtimes": [
            2.5832526683807373,
            5.743256330490112,
            8.703654289245605,
            11.566136360168457,
            14.378262996673584,
            17.203121423721313,
            20.010891675949097,
            22.930504083633423,
            25.57843041419983,
            28.27758026123047,
            30.900803804397583,
            33.596673011779785,
            36.185664892196655,
            39.08545160293579,
            41.62144732475281,
            44.168744802474976,
            46.94578146934509,
            49.61841940879822,
            52.31173014640808,
            54.94914722442627,
            57.64097595214844,
            60.39940071105957,
            63.24847602844238,
            65.77732133865356,
            68.35565638542175,
            71.16609382629395,
            74.04766345024109,
            76.87649250030518,
            79.50486612319946,
            82.38340377807617,
            85.01988482475281,
            87.73705959320068,
            90.50304841995239,
            93.26270389556885,
            95.92913341522217,
            98.66270804405212,
            101.3918092250824,
            104.356121301651,
            107.0860424041748,
            109.82221031188965,
            112.55895113945007,
            115.5257294178009,
            118.39602255821228,
            121.2707736492157,
            124.03110980987549,
            126.79746961593628,
            129.70178246498108,
            132.47191047668457,
            135.31933188438416,
            138.3123984336853,
            141.2670087814331,
            144.11164474487305,
            146.9477400779724,
            149.7624855041504,
            152.47105073928833,
            155.30625748634338,
            158.17111086845398,
            160.97724223136902,
            164.1023542881012,
            166.92015981674194,
            169.9770064353943,
            172.93309545516968,
            175.85592532157898,
            178.82340264320374,
            181.81781816482544,
            184.71093034744263,
            187.69871926307678,
            190.5593888759613,
            193.77571320533752,
            196.71441411972046,
            199.70933079719543,
            202.59150218963623,
            205.56470441818237,
            208.28351402282715,
            211.2193956375122,
            213.94999146461487,
            216.9222252368927,
            219.89892101287842,
            222.66922330856323,
            225.55665636062622,
            228.5048291683197,
            231.3261308670044,
            234.4369113445282,
            237.2480273246765,
            240.3481674194336,
            243.40927910804749,
            246.52662634849548,
            249.38581323623657,
            252.35954689979553,
            255.3895902633667,
            258.45933270454407,
            261.4040877819061,
            264.6924834251404,
            268.155996799469,
            271.4776084423065
        ],