{
    "dataset": "1_ALOI",
    "model": "RRCF",
    "auc": 0.7240823411191616,
    "total_runtime": 13.693219423294067,
    "total_memory_usage": 7.31640625,
    "Instances": 49534,
    "window_metric": {
        "window_size": 1000,
        "auc_scores": [
            NaN,
            0.832958637941817,
            0.6309086125116448,
            0.6249627455071082,
            0.6333121025397954,
            0.625453355331376,
            0.672136925472498,
            0.6447276059823066,
            0.6852160430011286,
            0.7047173279641566,
            0.6946976708572681,
            0.6904146875578312,
            0.707003534231171,
            0.7138067036643506,
            0.6874427404077158,
            0.6886583268112436,
            0.7015848344075594,
            0.7121261590701318,
            0.6872654858211802,
            0.68523018198134,
            0.6911463303179268,
            0.6933507984742445,
            0.7048702595401608,
            0.7099860970313758,
            0.7148440340433065,
            0.703651893478128,
            0.6841060762392405,
            0.684296240174202,
            0.6805797567925234,
            0.684470227763687,
            0.6916762213265765,
            0.6973340574437753,
            0.6996302964063797,
            0.7019988760342883,
            0.6969552846223859,
            0.7047460703608356,
            0.7104582876075336,
            0.7043114315088429,
            0.7079990504074999,
            0.7124795093320573,
            0.7122730897249177,
            0.7139959499482624,
            0.7122030778487611,
            0.7130085151306997,
            0.7186954227503897,
            0.7193842823589901,
            0.7219955425164678,
            0.7243786387139194,
            0.7218994833919816
        ],
        "runtimes": [
            0.2217254638671875,
            0.48044538497924805,
            0.7377564907073975,
            0.9960510730743408,
            1.255704402923584,
            1.509932518005371,
            1.7679414749145508,
            2.028038740158081,
            2.3361268043518066,
            2.610167980194092,
            2.925999641418457,
            3.258591651916504,
            3.5875701904296875,
            3.8456525802612305,
            4.116684198379517,
            4.374318599700928,
            4.6331846714019775,
            4.891660928726196,
            5.219580173492432,
            5.546711206436157,
            5.886298656463623,
            6.157849550247192,
            6.425175428390503,
            6.686969757080078,
            6.952394247055054,
            7.214265823364258,
            7.470251798629761,
            7.810333251953125,
            8.136351108551025,
            8.401689291000366,
            8.670588970184326,
            8.936017036437988,
            9.205331802368164,
            9.474740743637085,
            9.742954730987549,
            10.011608600616455,
            10.280559062957764,
            10.548459529876709,
            10.819959163665771,
            11.087530374526978,
            11.359464883804321,
            11.630056858062744,
            11.899638414382935,
            12.168243646621704,
            12.441875457763672,
            12.707975625991821,
            12.98074746131897,
            13.25649881362915,
            13.531947135925293
        ],
        "memory_usages": [
            3.0,
            3.0,
            3.0,
            3.0,
            3.0,
            3.0,
            4.0,
            4.0,
            4.0,
            4.0,
            4.0,
            4.0,
            4.0,
            4.0,
            4.0,
            5.0,
            5.0,
            5.0,
            5.0,
            5.0,
            6.0,
            4.52734375,
            5.52734375,
            5.52734375,
            4.92578125,
            5.92578125,
            5.0625,
            5.15625,
            5.2265625,
            5.33984375,
            5.55078125,
            5.70703125,
            5.859375,
            6.140625,
            6.36328125,
            6.51953125,
            6.9609375,
            6.0546875,
            6.16796875,
            6.23828125,
            6.30859375,
            6.3828125,
            6.45703125,
            6.5703125,
            6.64453125,
            6.71875,
            6.79296875,
            6.92578125,
            7.09375
        ]
    },
    "run_count": 4,
    "seed": 89
}