{
    "dataset": "32_shuttle",
    "model": "RRCF",
    "auc": 0.9807657172574544,
    "total_runtime": 6.796571254730225,
    "total_memory_usage": 7.9921875,
    "Instances": 49097,
    "window_metric": {
        "window_size": 1000,
        "auc_scores": [
            0.9671800050492301,
            0.977363625118542,
            0.9813261914690083,
            0.9816070255440849,
            0.9840064190033877,
            0.9857839303681529,
            0.9865887904071619,
            0.9855774913233929,
            0.985655198321876,
            0.980679582934123,
            0.9821488867939626,
            0.981975011235955,
            0.982104214927642,
            0.9828215972632887,
            0.9823428016464625,
            0.9827133842347886,
            0.9833786024234485,
            0.9840071738578058,
            0.9845224592953609,
            0.9826683688767344,
            0.9834367328034865,
            0.9838741801906793,
            0.9844522681078856,
            0.9846231827583526,
            0.9844423382111557,
            0.9848730039525893,
            0.9851065815670159,
            0.9835304059213484,
            0.9836072681663726,
            0.9837760570850872,
            0.9841611358739457,
            0.9845150343692387,
            0.9847898603651988,
            0.9850623674971407,
            0.9854486402415874,
            0.9857856711228427,
            0.9860224333698774,
            0.9855139285379346,
            0.9856463158633295,
            0.9858752698732915,
            0.9859981353994342,
            0.9862590976077527,
            0.9863869255723202,
            0.9862626013575911,
            0.9863949036219267,
            0.9816479216687275,
            0.9804210356181686,
            0.9806457084778256,
            0.9807413447155372
        ],
        "runtimes": [
            0.08583760261535645,
            0.18015217781066895,
            0.27481818199157715,
            0.3711097240447998,
            0.4942896366119385,
            0.7364451885223389,
            0.843576192855835,
            1.106088638305664,
            1.2970778942108154,
            1.406794786453247,
            1.5699291229248047,
            1.682934045791626,
            1.8142621517181396,
            2.0114388465881348,
            2.2455894947052,
            2.4340312480926514,
            2.5680642127990723,
            2.6694319248199463,
            2.7761714458465576,
            2.885063409805298,
            2.9939658641815186,
            3.1032941341400146,
            3.2125329971313477,
            3.3263137340545654,
            3.4379727840423584,
            3.5484142303466797,
            3.6601991653442383,
            3.77295184135437,
            3.8864641189575195,
            4.006313323974609,
            4.225027084350586,
            4.38909912109375,
            4.622807025909424,
            4.739968776702881,
            4.857252836227417,
            5.007749795913696,
            5.160375356674194,
            5.297272205352783,
            5.464258432388306,
            5.614731550216675,
            5.770137548446655,
            5.892933368682861,
            6.015131950378418,
            6.137500286102295,
            6.259396314620972,
            6.382713079452515,
            6.506920337677002,
            6.631114959716797,
            6.759098768234253
        ],
        "memory_usages": [
            3.0,
            3.0,
            3.0,
            3.0,
            4.0,
            4.0,
            4.0,
            4.0,
            4.0,
            4.0,
            4.0,
            4.0,
            5.0,
            5.0,
            5.0,
            5.0,
            5.0,
            5.0,
            5.0,
            6.0,
            6.0,
            6.0,
            6.0,
            6.0,
            5.9765625,
            5.55859375,
            6.55859375,
            5.7265625,
            6.72265625,
            5.86328125,
            5.9609375,
            6.02734375,
            6.41796875,
            6.49609375,
            6.60546875,
            6.6796875,
            6.7578125,
            6.8359375,
            6.9453125,
            7.0859375,
            7.734375,
            7.89453125,
            8.21875,
            8.296875,
            8.45703125,
            8.6171875,
            8.77734375,
            8.94140625,
            9.1015625
        ]
    },
    "run_count": 2,
    "seed": 70
}