{
    "dataset": "50_bank",
    "model": "RRCF",
    "auc": 0.6324758501337872,
    "total_runtime": 7.410895586013794,
    "total_memory_usage": 6.8984375,
    "Instances": 41188,
    "window_metric": {
        "window_size": 1000,
        "auc_scores": [
            0.4537797092118676,
            0.4903205408823386,
            0.510792992849552,
            0.5131637165579054,
            0.5181220924038495,
            0.5181470672070589,
            0.515217596337145,
            0.5141703225806452,
            0.5118445076510334,
            0.5164766680171624,
            0.5024067764705882,
            0.4954780409573155,
            0.4897707382566713,
            0.48568735464154145,
            0.4845438939451062,
            0.4850180092115576,
            0.48475452252507545,
            0.4871899531911704,
            0.4821418199643121,
            0.4918438389315114,
            0.49413167153796833,
            0.4935318506835512,
            0.4922254716883726,
            0.4910842925279022,
            0.5144141370768978,
            0.5124676975902168,
            0.50795350022592,
            0.5300399496398636,
            0.5361250014916589,
            0.534886411848652,
            0.5457572922714835,
            0.5446738897048109,
            0.5434252719308624,
            0.5403420126181129,
            0.5370754517271117,
            0.5344738254081085,
            0.5508190820334719,
            0.567393842436838,
            0.5825905120574143,
            0.6152853987998282,
            0.6315381367506112
        ],
        "runtimes": [
            0.09324240684509277,
            0.2017836570739746,
            0.3133995532989502,
            0.4248180389404297,
            0.5361278057098389,
            0.644089937210083,
            0.7553262710571289,
            0.9664735794067383,
            1.1527228355407715,
            1.2840242385864258,
            1.3847010135650635,
            1.530794382095337,
            1.6673872470855713,
            1.769716739654541,
            1.880082368850708,
            2.1204700469970703,
            2.37750244140625,
            2.635754346847534,
            2.8353216648101807,
            3.1035971641540527,
            3.3298940658569336,
            3.5856058597564697,
            3.7842721939086914,
            3.908602237701416,
            4.161534309387207,
            4.416686773300171,
            4.7637224197387695,
            5.001570224761963,
            5.208262205123901,
            5.384107351303101,
            5.578719615936279,
            5.701967000961304,
            5.880483150482178,
            6.072760105133057,
            6.383078098297119,
            6.509094953536987,
            6.707688808441162,
            6.897654056549072,
            7.024687051773071,
            7.149690866470337,
            7.367847919464111
        ],
        "memory_usages": [
            3.0,
            3.0,
            4.0,
            4.0,
            4.0,
            4.0,
            4.0,
            5.0,
            5.0,
            5.0,
            5.0,
            5.0,
            5.0,
            5.0,
            6.0,
            6.0,
            6.0,
            6.0,
            6.0,
            6.0,
            7.0,
            7.0,
            7.0,
            5.78125,
            6.78125,
            7.78125,
            7.71484375,
            7.11328125,
            6.26953125,
            6.33984375,
            6.44140625,
            6.5078125,
            6.578125,
            6.6484375,
            6.75,
            6.81640625,
            6.88671875,
            6.95703125,
            7.05859375,
            7.1796875,
            7.3359375
        ]
    },
    "run_count": 4,
    "seed": 24
}