{
    "dataset": "48_chess",
    "model": "RRCF",
    "auc": 0.9436773817593683,
    "total_runtime": 3.000478982925415,
    "total_memory_usage": 4.01171875,
    "Instances": 28056,
    "window_metric": {
        "window_size": 1000,
        "auc_scores": [
            1.0,
            0.9529293940911366,
            0.9533978422867313,
            0.9526311400216829,
            0.9574659727782225,
            0.9565543695797198,
            0.9565975696926375,
            0.962972229171879,
            0.9611778222518715,
            0.9586138868636617,
            0.9580642226871646,
            0.9435873915943962,
            0.9436768780788177,
            0.9421753455637221,
            0.9336039952574282,
            0.9343168247277837,
            0.9352365813863517,
            0.939086275600037,
            0.9368970998819377,
            0.9430255255255255,
            0.9433436606291706,
            0.9461217309163076,
            0.9466287911757492,
            0.9466973513599588,
            0.9404861167926666,
            0.9430637151106833,
            0.9435282408701258,
            0.9437393995003118
        ],
        "runtimes": [
            0.07178950309753418,
            0.14662384986877441,
            0.2159252166748047,
            0.2840912342071533,
            0.3551807403564453,
            0.42719340324401855,
            0.4997415542602539,
            0.5826764106750488,
            0.6634995937347412,
            0.8144960403442383,
            0.9670703411102295,
            1.0505497455596924,
            1.135009527206421,
            1.2194480895996094,
            1.3048367500305176,
            1.3903553485870361,
            1.474388599395752,
            1.5563955307006836,
            1.6410562992095947,
            1.804121494293213,
            2.040461301803589,
            2.236353635787964,
            2.3965046405792236,
            2.5273959636688232,
            2.7172303199768066,
            2.800903797149658,
            2.8876304626464844,
            2.980546236038208
        ],
        "memory_usages": [
            2.0,
            2.0,
            2.0,
            2.0,
            2.0,
            2.0,
            3.0,
            3.0,
            3.0,
            3.0,
            3.0,
            3.0,
            4.0,
            4.0,
            4.0,
            4.0,
            4.0,
            4.0,
            4.0,
            5.0,
            5.0,
            5.0,
            5.0,
            3.71875,
            4.71875,
            4.0546875,
            5.0546875,
            4.2265625
        ]
    },
    "run_count": 3,
    "seed": 17
}