{
    "dataset": "5_campaign",
    "model": "RRCF",
    "auc": 0.6658477526483831,
    "total_runtime": 29.40900683403015,
    "total_memory_usage": 9.3828125,
    "Instances": 41188,
    "window_metric": {
        "window_size": 1000,
        "auc_scores": [
            0.6193935041979673,
            0.6462633075829202,
            0.6661876501981319,
            0.6639694053319427,
            0.6648454078375338,
            0.6613218339501892,
            0.6652058233296883,
            0.666026870522114,
            0.6643048186495221,
            0.6687466843501326,
            0.6690964356276895,
            0.6678151531295841,
            0.6687359981171275,
            0.6703473877233876,
            0.6693439381326678,
            0.6679611973438558,
            0.6664080320704628,
            0.6678620534888446,
            0.6676366393579132,
            0.6665000056326296,
            0.6643102531447878,
            0.6664853196040874,
            0.6642525718543963,
            0.6646606355067965,
            0.6670815969182475,
            0.6683715971321245,
            0.6676122504194741,
            0.6677995552157409,
            0.667307967573976,
            0.6674861712294214,
            0.6673620949506249,
            0.6654895748668866,
            0.6652102085382811,
            0.6645362441378749,
            0.664058445330111,
            0.6639023908745153,
            0.6644101811263647,
            0.6649684805907891,
            0.6640649093556885,
            0.6641246943690009,
            0.6654921388146715
        ],
        "runtimes": [
            0.5329549312591553,
            1.1355066299438477,
            1.7407777309417725,
            2.3482625484466553,
            3.010190010070801,
            3.6923458576202393,
            4.301168441772461,
            5.0484020709991455,
            5.673407793045044,
            6.334026098251343,
            7.023920059204102,
            7.638984203338623,
            8.24561595916748,
            8.855483770370483,
            9.465734481811523,
            10.078699111938477,
            10.824418306350708,
            11.433021068572998,
            12.050227642059326,
            12.674132108688354,
            13.291946649551392,
            13.918423175811768,
            14.603410005569458,
            15.2259521484375,
            15.850895166397095,
            16.482526302337646,
            17.244261264801025,
            18.002874612808228,
            18.626073598861694,
            19.36244034767151,
            19.99635410308838,
            20.628657341003418,
            21.27557873725891,
            21.89895272254944,
            22.58354616165161,
            23.461103677749634,
            24.622393131256104,
            25.748347997665405,
            26.936497449874878,
            28.0746111869812,
            29.154159784317017
        ],
        "memory_usages": [
            5.0,
            5.0,
            5.0,
            6.0,
            6.0,
            6.0,
            6.0,
            6.0,
            6.0,
            7.0,
            7.0,
            7.0,
            7.0,
            7.0,
            7.0,
            8.0,
            8.0,
            8.0,
            8.0,
            8.0,
            8.0,
            9.0,
            9.0,
            7.875,
            8.875,
            8.77734375,
            8.28515625,
            9.2265625,
            8.453125,
            8.51953125,
            8.6171875,
            8.6875,
            9.0078125,
            9.0859375,
            9.1953125,
            9.2734375,
            9.32421875,
            9.41796875,
            9.53125,
            9.6640625,
            9.828125
        ]
    },
    "run_count": 7,
    "seed": 53
}