{
    "dataset": "5_campaign",
    "model": "RRCF",
    "auc": 0.6658477526483831,
    "total_runtime": 25.818163633346558,
    "total_memory_usage": 10.453125,
    "Instances": 41188,
    "window_metric": {
        "window_size": 1000,
        "auc_scores": [
            0.6193935041979673,
            0.6462633075829202,
            0.6661876501981319,
            0.6639694053319427,
            0.6648454078375338,
            0.6613218339501892,
            0.6652058233296883,
            0.666026870522114,
            0.6643048186495221,
            0.6687466843501326,
            0.6690964356276895,
            0.6678151531295841,
            0.6687359981171275,
            0.6703473877233876,
            0.6693439381326678,
            0.6679611973438558,
            0.6664080320704628,
            0.6678620534888446,
            0.6676366393579132,
            0.6665000056326296,
            0.6643102531447878,
            0.6664853196040874,
            0.6642525718543963,
            0.6646606355067965,
            0.6670815969182475,
            0.6683715971321245,
            0.6676122504194741,
            0.6677995552157409,
            0.667307967573976,
            0.6674861712294214,
            0.6673620949506249,
            0.6654895748668866,
            0.6652102085382811,
            0.6645362441378749,
            0.664058445330111,
            0.6639023908745153,
            0.6644101811263647,
            0.6649684805907891,
            0.6640649093556885,
            0.6641246943690009,
            0.6654921388146715
        ],
        "runtimes": [
            0.512500524520874,
            1.0969810485839844,
            1.6800684928894043,
            2.3986988067626953,
            2.990203619003296,
            3.576678514480591,
            4.465688943862915,
            5.217819452285767,
            5.8158323764801025,
            6.4137561321258545,
            7.008029222488403,
            7.738875865936279,
            8.330764770507812,
            8.924711465835571,
            9.51986575126648,
            10.11293888092041,
            10.708807229995728,
            11.308272123336792,
            11.905267000198364,
            12.510303020477295,
            13.11311674118042,
            13.715141296386719,
            14.318860292434692,
            14.92100739479065,
            15.524111986160278,
            16.12812614440918,
            16.87279725074768,
            17.4789936542511,
            18.08199191093445,
            18.68644428253174,
            19.440866947174072,
            20.113242626190186,
            20.769209623336792,
            21.37029767036438,
            21.97233772277832,
            22.578471183776855,
            23.181294918060303,
            23.781354904174805,
            24.387137413024902,
            25.0562481880188,
            25.67180871963501
        ],
        "memory_usages": [
            6.0,
            6.0,
            7.0,
            7.0,
            7.0,
            7.0,
            7.0,
            7.0,
            7.0,
            7.0,
            7.0,
            7.0,
            8.0,
            8.0,
            8.0,
            8.0,
            8.0,
            8.0,
            9.0,
            7.6796875,
            8.6796875,
            8.6796875,
            8.453125,
            7.9453125,
            8.4140625,
            9.4140625,
            9.4140625,
            8.66796875,
            9.66796875,
            8.8203125,
            9.19140625,
            9.26171875,
            9.578125,
            9.73046875,
            9.953125,
            10.1015625,
            10.2421875,
            10.390625,
            10.7578125,
            10.90234375,
            11.0546875
        ]
    },
    "run_count": 6,
    "seed": 87
}