{
    "dataset": "50_bank",
    "model": "RRCF",
    "auc": 0.6324758501337872,
    "total_runtime": 6.300934076309204,
    "total_memory_usage": 5.87890625,
    "Instances": 41188,
    "window_metric": {
        "window_size": 1000,
        "auc_scores": [
            0.4537797092118676,
            0.4903205408823386,
            0.510792992849552,
            0.5131637165579054,
            0.5181220924038495,
            0.5181470672070589,
            0.515217596337145,
            0.5141703225806452,
            0.5118445076510334,
            0.5164766680171624,
            0.5024067764705882,
            0.4954780409573155,
            0.4897707382566713,
            0.48568735464154145,
            0.4845438939451062,
            0.4850180092115576,
            0.48475452252507545,
            0.4871899531911704,
            0.4821418199643121,
            0.4918438389315114,
            0.49413167153796833,
            0.4935318506835512,
            0.4922254716883726,
            0.4910842925279022,
            0.5144141370768978,
            0.5124676975902168,
            0.50795350022592,
            0.5300399496398636,
            0.5361250014916589,
            0.534886411848652,
            0.5457572922714835,
            0.5446738897048109,
            0.5434252719308624,
            0.5403420126181129,
            0.5370754517271117,
            0.5344738254081085,
            0.5508190820334719,
            0.567393842436838,
            0.5825905120574143,
            0.6152853987998282,
            0.6315381367506112
        ],
        "runtimes": [
            0.09579801559448242,
            0.20154285430908203,
            0.3162496089935303,
            0.4209940433502197,
            0.5331547260284424,
            0.6429834365844727,
            0.7523558139801025,
            0.8646755218505859,
            0.9712874889373779,
            1.084001064300537,
            1.1862037181854248,
            1.2870988845825195,
            1.4383859634399414,
            1.5408613681793213,
            1.6386020183563232,
            1.7540674209594727,
            1.8725051879882812,
            1.9807963371276855,
            2.1138672828674316,
            2.280616044998169,
            2.6681718826293945,
            2.8790323734283447,
            3.012186288833618,
            3.195828914642334,
            3.3012635707855225,
            3.543926477432251,
            3.8649849891662598,
            3.9983692169189453,
            4.185606002807617,
            4.375513792037964,
            4.524795055389404,
            4.732856750488281,
            5.057255506515503,
            5.1744842529296875,
            5.425010442733765,
            5.550203323364258,
            5.662122011184692,
            5.885740518569946,
            6.009785413742065,
            6.132998466491699,
            6.256833553314209
        ],
        "memory_usages": [
            2.0,
            2.0,
            3.0,
            3.0,
            3.0,
            3.0,
            3.0,
            3.0,
            4.0,
            4.0,
            4.0,
            4.0,
            4.0,
            4.0,
            5.0,
            5.0,
            5.0,
            5.0,
            5.0,
            5.0,
            5.0,
            3.5078125,
            4.5078125,
            3.81640625,
            4.81640625,
            3.9765625,
            4.046875,
            4.140625,
            4.20703125,
            4.27734375,
            4.6171875,
            4.68359375,
            5.0078125,
            5.0859375,
            5.1875,
            5.28125,
            5.4140625,
            5.6875,
            5.8984375,
            6.03125,
            6.16796875
        ]
    },
    "run_count": 7,
    "seed": 31
}