{
    "dataset": "34_smtp",
    "model": "RRCF",
    "auc": 0.8099026554254358,
    "total_runtime": 9.264543056488037,
    "total_memory_usage": 13.00390625,
    "Instances": 95156,
    "window_metric": {
        "window_size": 1000,
        "auc_scores": [
            NaN,
            NaN,
            NaN,
            NaN,
            NaN,
            NaN,
            NaN,
            NaN,
            NaN,
            NaN,
            NaN,
            NaN,
            NaN,
            NaN,
            1.0,
            1.0,
            1.0,
            1.0,
            1.0,
            1.0,
            1.0,
            1.0,
            1.0,
            1.0,
            0.9998513453248105,
            0.9998570658926236,
            0.9998623624948386,
            0.999867280579065,
            0.9998718593212487,
            0.9998761326714372,
            0.9998801301970475,
            0.9998838777679521,
            0.99988739811695,
            0.9998907113012921,
            0.9998938350850545,
            0.9998967852577589,
            0.9998995759013063,
            0.9999022196147453,
            0.9999047277044507,
            0.9999071103457638,
            0.9999093767209709,
            0.9999115351375628,
            0.9999135931299892,
            0.9999155575475314,
            0.9999174346304565,
            0.9999192300762344,
            0.9999179086779648,
            0.9999166423540199,
            0.9999183440166579,
            0.9997474191741357,
            0.9997474697944453,
            0.9997487207602339,
            0.9997534633096784,
            0.9997522414048607,
            0.9997567474174305,
            0.8423038856632424,
            0.8427633172444055,
            0.8431606727037516,
            0.8435771089444679,
            0.8443231346394331,
            0.8446117261172612,
            0.7977249351718879,
            0.7978392856197629,
            0.7977995346416398,
            0.7972200418293409,
            0.7972616182489918,
            0.7970542026056935,
            0.8103882030825519,
            0.8115594810212587,
            0.8121226577118894,
            0.8123002158725346,
            0.8131517531726141,
            0.8132848240609518,
            0.8125845217067826,
            0.8125164718863708,
            0.8126240548230972,
            0.8127826019562227,
            0.8129379667683697,
            0.8121187218878689,
            0.8117964313787885,
            0.8119207430161246,
            0.8111182297860599,
            0.8105590694546786,
            0.8107753949536767,
            0.8102423585491033,
            0.8093591303242191,
            0.8094382630119671,
            0.8097115859889565,
            0.8122685549436139,
            0.8117546589603941,
            0.8118548239346306,
            0.8114395998695226,
            0.8108855903337996,
            0.8101408250860203,
            0.8099371731423958
        ],
        "runtimes": [
            0.05477023124694824,
            0.11444091796875,
            0.17373156547546387,
            0.23382019996643066,
            0.2939033508300781,
            0.35422182083129883,
            0.414919376373291,
            0.47577357292175293,
            0.5365209579467773,
            0.5977673530578613,
            0.6594557762145996,
            0.7213842868804932,
            0.7838389873504639,
            0.8470287322998047,
            0.9139654636383057,
            0.9811334609985352,
            1.0487630367279053,
            1.119377851486206,
            1.1888947486877441,
            1.258063554763794,
            1.327134609222412,
            1.3981797695159912,
            1.469266414642334,
            1.6091043949127197,
            1.6845142841339111,
            1.8208212852478027,
            1.9116766452789307,
            2.0232295989990234,
            2.1022849082946777,
            2.233287811279297,
            2.3088645935058594,
            2.3858470916748047,
            2.463045835494995,
            2.5403084754943848,
            2.618597984313965,
            2.6976542472839355,
            2.776989459991455,
            2.856722593307495,
            2.936959981918335,
            3.019205331802368,
            3.100787878036499,
            3.1828062534332275,
            3.2651729583740234,
            3.3485262393951416,
            3.432610034942627,
            3.516282558441162,
            3.6005170345306396,
            3.6847829818725586,
            3.7691750526428223,
            3.856069326400757,
            4.0309693813323975,
            4.139711380004883,
            4.306126117706299,
            4.465121269226074,
            4.563542127609253,
            4.705909967422485,
            4.852451324462891,
            4.974060297012329,
            5.065131664276123,
            5.156421661376953,
            5.249795436859131,
            5.379085302352905,
            5.503166198730469,
            5.598861455917358,
            5.773446559906006,
            5.869891166687012,
            5.96972131729126,
            6.067593097686768,
            6.165626525878906,
            6.264787912368774,
            6.364166021347046,
            6.464029550552368,
            6.565007209777832,
            6.666822671890259,
            6.769019603729248,
            6.935282230377197,
            7.0382771492004395,
            7.1639404296875,
            7.306957006454468,
            7.411965847015381,
            7.5179443359375,
            7.624643325805664,
            7.73085355758667,
            7.8406267166137695,
            7.94864296913147,
            8.05686068534851,
            8.165355205535889,
            8.275234460830688,
            8.384609460830688,
            8.493692398071289,
            8.603832006454468,
            8.714486837387085,
            8.829569816589355,
            9.033493757247925,
            9.18574857711792
        ],