{
    "dataset": "51_kddcup99_u2r",
    "model": "RRCF",
    "auc": 0.9163617851752316,
    "total_runtime": 8.13460111618042,
    "total_memory_usage": 7.38671875,
    "Instances": 60821,
    "window_metric": {
        "window_size": 1000,
        "auc_scores": [
            NaN,
            0.9884942471235617,
            0.991997332444148,
            0.9937484371092774,
            0.99499899979996,
            0.9949991665277547,
            0.8303082273355247,
            0.8732491245622811,
            0.6839061283505727,
            0.7313713713713714,
            0.7581962127416673,
            0.8055290696288527,
            0.8250974951830443,
            0.8272258545410567,
            0.8447716678986034,
            0.8503390641949423,
            0.8443565331354751,
            0.8346912647608444,
            0.8378931425625161,
            0.8439477898977974,
            0.8997253625436503,
            0.9116644841961099,
            0.910859729546525,
            0.9057088440723358,
            0.9166469817219909,
            0.91547659482821,
            0.9205776475640248,
            0.921282615333574,
            0.9213873440461908,
            0.9214178504989008,
            0.9216343747593747,
            0.9217567247904839,
            0.9221921714296044,
            0.9218933628454407,
            0.9213147525953265,
            0.918122817120391,
            0.9186365205680569,
            0.9190098088732722,
            0.9196869342057653,
            0.9207039821561864,
            0.9216322618039147,
            0.9218844817900352,
            0.9205582360936707,
            0.920745467183584,
            0.9214239452257587,
            0.9219149850826384,
            0.9218875230120553,
            0.92035564858422,
            0.9200936158137352,
            0.9202299704398395,
            0.920322783837174,
            0.9201910891823586,
            0.9200720131965759,
            0.919279126620626,
            0.9176010464012825,
            0.9166407000181904,
            0.9169698955872737,
            0.9168984459174663,
            0.9173298002032236,
            0.9174440358743341
        ],
        "runtimes": [
            0.14487266540527344,
            0.32428455352783203,
            0.4013519287109375,
            0.4815022945404053,
            0.64455246925354,
            0.7260453701019287,
            0.8076844215393066,
            0.8817698955535889,
            1.0518624782562256,
            1.19378662109375,
            1.2841458320617676,
            1.3817925453186035,
            1.4673597812652588,
            1.5524020195007324,
            1.6313953399658203,
            1.7829508781433105,
            1.9978158473968506,
            2.1429529190063477,
            2.32576060295105,
            2.487342119216919,
            2.746455669403076,
            2.940711498260498,
            3.294398546218872,
            3.4782371520996094,
            3.671856164932251,
            3.7645556926727295,
            3.8559436798095703,
            3.941175699234009,
            4.028234958648682,
            4.123984098434448,
            4.210411787033081,
            4.316011667251587,
            4.476325035095215,
            4.622550964355469,
            4.71747350692749,
            4.863681793212891,
            5.064132452011108,
            5.220303058624268,
            5.439299583435059,
            5.6409993171691895,
            5.739461898803711,
            5.836153745651245,
            6.032660245895386,
            6.139275550842285,
            6.2394349575042725,
            6.458813190460205,
            6.658013582229614,
            6.761345624923706,
            6.933333873748779,
            7.034600496292114,
            7.138209104537964,
            7.240292549133301,
            7.341495513916016,
            7.4421608448028564,
            7.542659282684326,
            7.6442766189575195,
            7.747725486755371,
            7.847560405731201,
            7.946629524230957,
            8.04713225364685
        ],
        "memory_usages": [
            3.0,
            4.0,
            4.0,
            4.0,
            4.0,
            4.0,
            4.0,
            4.0,
            4.0,
            4.0,
            5.0,
            5.0,
            5.0,
            5.0,
            5.0,
            5.0,
            5.0,
            5.0,
            5.0,
            5.0,
            5.0,
            5.0,
            5.0,
            6.0,
            4.59765625,
            5.59765625,
            5.59765625,
            4.8125,
            5.8125,
            5.1640625,
            6.1640625,
            5.328125,
            6.328125,
            5.4453125,
            5.81640625,
            5.00390625,
            5.15625,
            6.15625,
            5.625,
            5.578125,
            6.578125,
            6.578125,
            6.515625,
            5.8515625,
            6.83984375,
            5.97265625,
            6.03515625,
            6.09765625,
            6.15625,
            6.265625,
            6.328125,
            6.39453125,
            6.453125,
            6.515625,
            6.578125,
            7.1171875,
            7.1875,
            7.2578125,
            7.60546875,
            7.73828125
        ]
    },
    "run_count": 5,
    "seed": 21
}