{
    "dataset": "51_kddcup99_u2r",
    "model": "RRCF",
    "auc": 0.9163617851752316,
    "total_runtime": 8.27845025062561,
    "total_memory_usage": 9.23828125,
    "Instances": 60821,
    "window_metric": {
        "window_size": 1000,
        "auc_scores": [
            NaN,
            0.9884942471235617,
            0.991997332444148,
            0.9937484371092774,
            0.99499899979996,
            0.9949991665277547,
            0.8303082273355247,
            0.8732491245622811,
            0.6839061283505727,
            0.7313713713713714,
            0.7581962127416673,
            0.8055290696288527,
            0.8250974951830443,
            0.8272258545410567,
            0.8447716678986034,
            0.8503390641949423,
            0.8443565331354751,
            0.8346912647608444,
            0.8378931425625161,
            0.8439477898977974,
            0.8997253625436503,
            0.9116644841961099,
            0.910859729546525,
            0.9057088440723358,
            0.9166469817219909,
            0.91547659482821,
            0.9205776475640248,
            0.921282615333574,
            0.9213873440461908,
            0.9214178504989008,
            0.9216343747593747,
            0.9217567247904839,
            0.9221921714296044,
            0.9218933628454407,
            0.9213147525953265,
            0.918122817120391,
            0.9186365205680569,
            0.9190098088732722,
            0.9196869342057653,
            0.9207039821561864,
            0.9216322618039147,
            0.9218844817900352,
            0.9205582360936707,
            0.920745467183584,
            0.9214239452257587,
            0.9219149850826384,
            0.9218875230120553,
            0.92035564858422,
            0.9200936158137352,
            0.9202299704398395,
            0.920322783837174,
            0.9201910891823586,
            0.9200720131965759,
            0.919279126620626,
            0.9176010464012825,
            0.9166407000181904,
            0.9169698955872737,
            0.9168984459174663,
            0.9173298002032236,
            0.9174440358743341
        ],
        "runtimes": [
            0.06902480125427246,
            0.14199328422546387,
            0.21261858940124512,
            0.3460569381713867,
            0.49266695976257324,
            0.7254655361175537,
            0.8286294937133789,
            0.9597988128662109,
            1.054175853729248,
            1.1280930042266846,
            1.202948808670044,
            1.2792367935180664,
            1.4520337581634521,
            1.5343976020812988,
            1.626114845275879,
            1.7545251846313477,
            1.838573932647705,
            1.9214820861816406,
            2.064427375793457,
            2.2832534313201904,
            2.5349714756011963,
            2.8549211025238037,
            3.184330701828003,
            3.451157808303833,
            3.570024251937866,
            3.7261266708374023,
            3.8178579807281494,
            3.940871000289917,
            4.062829256057739,
            4.153578519821167,
            4.323764085769653,
            4.5893707275390625,
            4.693886041641235,
            4.955748081207275,
            5.058531045913696,
            5.210071563720703,
            5.402740716934204,
            5.542438507080078,
            5.702704191207886,
            5.800756216049194,
            5.979280233383179,
            6.074357271194458,
            6.174030065536499,
            6.273363828659058,
            6.482168674468994,
            6.678684711456299,
            6.789952516555786,
            6.947363615036011,
            7.055585622787476,
            7.161705732345581,
            7.268463373184204,
            7.377748250961304,
            7.479576110839844,
            7.579991340637207,
            7.682572364807129,
            7.783960580825806,
            7.883803367614746,
            7.9845130443573,
            8.089534997940063,
            8.19118046760559
        ],
        "memory_usages": [
            2.0,
            3.0,
            3.0,
            3.0,
            3.0,
            3.0,
            3.0,
            4.0,
            4.0,
            4.0,
            4.0,
            4.0,
            4.0,
            4.0,
            5.0,
            5.0,
            5.0,
            5.0,
            5.0,
            5.0,
            5.0,
            5.0,
            5.0,
            5.0,
            5.0,
            5.0,
            5.0,
            4.4921875,
            5.4921875,
            5.4921875,
            4.96875,
            5.96875,
            5.96875,
            5.96875,
            6.96875,
            6.96875,
            6.96875,
            5.7109375,
            5.8125,
            5.875,
            5.9375,
            6.0,
            6.05859375,
            6.17578125,
            6.3125,
            7.30078125,
            7.36328125,
            7.48046875,
            7.58984375,
            8.375,
            8.5,
            8.6328125,
            9.16015625,
            8.25,
            8.3203125,
            8.4375,
            8.5078125,
            8.578125,
            8.6484375,
            8.71484375
        ]
    },
    "run_count": 2,
    "seed": 56
}