{
    "dataset": "34_smtp",
    "model": "RRCF",
    "auc": 0.8099026554254358,
    "total_runtime": 8.543079137802124,
    "total_memory_usage": 11.05078125,
    "Instances": 95156,
    "window_metric": {
        "window_size": 1000,
        "auc_scores": [
            NaN,
            NaN,
            NaN,
            NaN,
            NaN,
            NaN,
            NaN,
            NaN,
            NaN,
            NaN,
            NaN,
            NaN,
            NaN,
            NaN,
            1.0,
            1.0,
            1.0,
            1.0,
            1.0,
            1.0,
            1.0,
            1.0,
            1.0,
            1.0,
            0.9998513453248105,
            0.9998570658926236,
            0.9998623624948386,
            0.999867280579065,
            0.9998718593212487,
            0.9998761326714372,
            0.9998801301970475,
            0.9998838777679521,
            0.99988739811695,
            0.9998907113012921,
            0.9998938350850545,
            0.9998967852577589,
            0.9998995759013063,
            0.9999022196147453,
            0.9999047277044507,
            0.9999071103457638,
            0.9999093767209709,
            0.9999115351375628,
            0.9999135931299892,
            0.9999155575475314,
            0.9999174346304565,
            0.9999192300762344,
            0.9999179086779648,
            0.9999166423540199,
            0.9999183440166579,
            0.9997474191741357,
            0.9997474697944453,
            0.9997487207602339,
            0.9997534633096784,
            0.9997522414048607,
            0.9997567474174305,
            0.8423038856632424,
            0.8427633172444055,
            0.8431606727037516,
            0.8435771089444679,
            0.8443231346394331,
            0.8446117261172612,
            0.7977249351718879,
            0.7978392856197629,
            0.7977995346416398,
            0.7972200418293409,
            0.7972616182489918,
            0.7970542026056935,
            0.8103882030825519,
            0.8115594810212587,
            0.8121226577118894,
            0.8123002158725346,
            0.8131517531726141,
            0.8132848240609518,
            0.8125845217067826,
            0.8125164718863708,
            0.8126240548230972,
            0.8127826019562227,
            0.8129379667683697,
            0.8121187218878689,
            0.8117964313787885,
            0.8119207430161246,
            0.8111182297860599,
            0.8105590694546786,
            0.8107753949536767,
            0.8102423585491033,
            0.8093591303242191,
            0.8094382630119671,
            0.8097115859889565,
            0.8122685549436139,
            0.8117546589603941,
            0.8118548239346306,
            0.8114395998695226,
            0.8108855903337996,
            0.8101408250860203,
            0.8099371731423958
        ],
        "runtimes": [
            0.0572056770324707,
            0.11966085433959961,
            0.18099570274353027,
            0.24274992942810059,
            0.3064262866973877,
            0.369579553604126,
            0.43175578117370605,
            0.4942939281463623,
            0.5572261810302734,
            0.6202161312103271,
            0.684462308883667,
            0.7484521865844727,
            0.8129444122314453,
            0.8782060146331787,
            0.9494013786315918,
            1.018580436706543,
            1.0878574848175049,
            1.160313606262207,
            1.2724792957305908,
            1.3662090301513672,
            1.4375596046447754,
            1.5108866691589355,
            1.6357769966125488,
            1.7154455184936523,
            1.7899889945983887,
            1.8649802207946777,
            1.9412903785705566,
            2.0196871757507324,
            2.096874237060547,
            2.1756410598754883,
            2.2533395290374756,
            2.331204891204834,
            2.410083293914795,
            2.490035057067871,
            2.572221279144287,
            2.653715133666992,
            2.7356042861938477,
            2.816272020339966,
            2.897925853729248,
            2.9810867309570312,
            3.0679771900177,
            3.152289390563965,
            3.236694812774658,
            3.3216552734375,
            3.4074127674102783,
            3.493844509124756,
            3.583064556121826,
            3.672572374343872,
            3.760190486907959,
            3.8480074405670166,
            3.936622142791748,
            4.026366472244263,
            4.1186134815216064,
            4.210081338882446,
            4.300650119781494,
            4.392132997512817,
            4.485173463821411,
            4.577695369720459,
            4.670917987823486,
            4.7644453048706055,
            4.862548828125,
            4.958886384963989,
            5.0557496547698975,
            5.1535913944244385,
            5.251102685928345,
            5.349071502685547,
            5.447767734527588,
            5.549989700317383,
            5.649926424026489,
            5.750609636306763,
            5.85207200050354,
            5.953902244567871,
            6.057290077209473,
            6.160731077194214,
            6.26459264755249,
            6.37052845954895,
            6.4776880741119385,
            6.583089828491211,
            6.693260669708252,
            6.800141334533691,
            6.90680718421936,
            7.014742612838745,
            7.124463081359863,
            7.235660791397095,
            7.345154523849487,
            7.455651760101318,
            7.566953182220459,
            7.678462028503418,
            7.790278673171997,
            7.9022839069366455,
            8.015281915664673,
            8.130259990692139,
            8.248082399368286,
            8.362878561019897,
            8.47843074798584
        ],