{
    "dataset": "3_backdoor",
    "model": "RRCF",
    "auc": 0.6540862523488322,
    "total_runtime": 270.78133821487427,
    "total_memory_usage": 23.96484375,
    "Instances": 95329,
    "window_metric": {
        "window_size": 1000,
        "auc_scores": [
            0.8836026524174339,
            0.9051977531145724,
            0.9065484546919411,
            0.9123859110842514,
            0.9107786924101089,
            0.9064022853301967,
            0.9104401363480221,
            0.9111342688251254,
            0.9087982416740575,
            0.9123275478415667,
            0.9138593251198753,
            0.9147983517731417,
            0.9154442411664689,
            0.9169908089391587,
            0.9180479361833689,
            0.9184773777857955,
            0.9189271838757329,
            0.9114607906557419,
            0.908732402253287,
            0.9021787051746166,
            0.38071119639376216,
            0.3703526262100345,
            0.37744051603816053,
            0.3842384522071348,
            0.3883371896432701,
            0.4004849201089127,
            0.41455710565296233,
            0.4133799496262257,
            0.41747918511561855,
            0.4198077785035911,
            0.4189641061853163,
            0.42768298357659007,
            0.432545266282631,
            0.4315968120703141,
            0.439443469811854,
            0.43671316954853645,
            0.43772598617189656,
            0.4390893582598897,
            0.44558492387701254,
            0.4489435668957386,
            0.4510724411560086,
            0.4508196371664157,
            0.4493068513461726,
            0.4458803139730227,
            0.44186808081262907,
            0.4389760659285702,
            0.4369244115661031,
            0.4350066457192275,
            0.43272671439879196,
            0.4300264237093707,
            0.4258939450131699,
            0.42318665019621793,
            0.4214657618803112,
            0.41860543750550505,
            0.41554754528676036,
            0.4131721907232521,
            0.4106597676192817,
            0.4070146926381405,
            0.4051169519340616,
            0.4029458508374872,
            0.4011752397452911,
            0.3991907973474137,
            0.39782436564608575,
            0.3963047985006861,
            0.39430310830395365,
            0.3927694793273846,
            0.39114931387170165,
            0.38974920460610346,
            0.3884673673157226,
            0.38698596601328816,
            0.3857822127049032,
            0.3841561955678329,
            0.3827936831734804,
            0.3803421284524962,
            0.3778407297379048,
            0.3761436100814065,
            0.3740260484188599,
            0.3727488949544171,
            0.3730458820987179,
            0.37654315774750513,
            0.37803250727111515,
            0.38160556275613144,
            0.38187486965159456,
            0.38231552399606916,
            0.3844944492759551,
            0.49470177708327806,
            0.5408108647228262,
            0.5531558378961855,
            0.574268975086513,
            0.5920794362973467,
            0.6262192610061056,
            0.6405638931488402,
            0.6509456059534169,
            0.6588158054048561,
            0.6724601774193549
        ],
        "runtimes": [
            2.386996269226074,
            5.704453229904175,
            8.81912899017334,
            12.690164566040039,
            15.946046113967896,
            19.332352876663208,
            22.31835174560547,
            25.377859830856323,
            28.37306809425354,
            31.767484426498413,
            34.78880476951599,
            38.30793285369873,
            41.58004951477051,
            44.2271842956543,
            46.752166986465454,
            49.22534465789795,
            51.78370261192322,
            54.49036908149719,
            57.452568769454956,
            60.22869324684143,
            62.90053105354309,
            65.54015231132507,
            68.40228199958801,
            71.44014239311218,
            74.16594696044922,
            76.90646171569824,
            79.65654253959656,
            82.31076216697693,
            85.01320457458496,
            87.59931349754333,
            90.41296720504761,
            93.26478338241577,
            95.98907017707825,
            98.76193571090698,
            101.4990119934082,
            104.10742044448853,
            106.61584448814392,
            109.12972211837769,
            111.64026951789856,
            114.13002729415894,
            116.74039816856384,
            119.24262356758118,
            121.82545948028564,
            124.44979214668274,
            127.06424045562744,
            129.61182117462158,
            132.4282033443451,
            134.90696334838867,
            137.50275802612305,
            140.20930981636047,
            142.79240775108337,
            145.41775250434875,
            147.9848117828369,
            150.63124108314514,
            153.24806380271912,
            156.0465362071991,
            158.5653817653656,
            161.10891461372375,
            163.67768955230713,
            166.6352231502533,
            169.25787496566772,
            171.82787823677063,
            174.4702343940735,
            177.1403820514679,
            179.66678833961487,
            182.392245054245,
            185.23441433906555,
            188.17599081993103,
            191.23131489753723,
            194.14847087860107,
            197.28006505966187,
            200.17524981498718,
            203.07309865951538,
            205.9471950531006,
            209.10163402557373,
            211.9884181022644,
            215.00443840026855,
            217.90183448791504,
            220.80372071266174,
            223.83205556869507,
            226.80970764160156,
            229.74326157569885,
            232.89955830574036,
            235.95619106292725,
            239.0089807510376,
            242.07337617874146,
            244.99974870681763,
            248.55904722213745,
            251.6056034564972,
            254.61973690986633,
            257.7145733833313,
            260.66893672943115,
            263.8974554538727,
            266.8491246700287,
            269.77534079551697
        ],