{
    "dataset": "5_campaign",
    "model": "RRCF",
    "auc": 0.6658477526483831,
    "total_runtime": 26.94767665863037,
    "total_memory_usage": 10.25390625,
    "Instances": 41188,
    "window_metric": {
        "window_size": 1000,
        "auc_scores": [
            0.6193935041979673,
            0.6462633075829202,
            0.6661876501981319,
            0.6639694053319427,
            0.6648454078375338,
            0.6613218339501892,
            0.6652058233296883,
            0.666026870522114,
            0.6643048186495221,
            0.6687466843501326,
            0.6690964356276895,
            0.6678151531295841,
            0.6687359981171275,
            0.6703473877233876,
            0.6693439381326678,
            0.6679611973438558,
            0.6664080320704628,
            0.6678620534888446,
            0.6676366393579132,
            0.6665000056326296,
            0.6643102531447878,
            0.6664853196040874,
            0.6642525718543963,
            0.6646606355067965,
            0.6670815969182475,
            0.6683715971321245,
            0.6676122504194741,
            0.6677995552157409,
            0.667307967573976,
            0.6674861712294214,
            0.6673620949506249,
            0.6654895748668866,
            0.6652102085382811,
            0.6645362441378749,
            0.664058445330111,
            0.6639023908745153,
            0.6644101811263647,
            0.6649684805907891,
            0.6640649093556885,
            0.6641246943690009,
            0.6654921388146715
        ],
        "runtimes": [
            0.5200550556182861,
            1.1967434883117676,
            1.8263025283813477,
            2.457545280456543,
            3.1881661415100098,
            3.8099355697631836,
            4.432607889175415,
            5.143198251724243,
            5.850367307662964,
            6.568291425704956,
            7.188655853271484,
            7.80156135559082,
            8.418938636779785,
            9.037048578262329,
            9.66184139251709,
            10.347329139709473,
            10.954331159591675,
            11.573382377624512,
            12.187331438064575,
            12.942689895629883,
            13.561493158340454,
            14.185168027877808,
            14.804508924484253,
            15.423761367797852,
            16.197442293167114,
            16.96778917312622,
            17.609099626541138,
            18.247920274734497,
            18.887999296188354,
            19.520756483078003,
            20.322564840316772,
            20.959269285202026,
            21.603874444961548,
            22.251564979553223,
            22.888657331466675,
            23.52049231529236,
            24.15324330329895,
            24.78813123703003,
            25.421964645385742,
            26.060062646865845,
            26.79123067855835
        ],
        "memory_usages": [
            6.0,
            6.0,
            6.0,
            6.0,
            6.0,
            6.0,
            6.0,
            6.0,
            6.0,
            6.0,
            7.0,
            7.0,
            7.0,
            7.0,
            7.0,
            7.0,
            8.0,
            8.0,
            6.90625,
            7.90625,
            7.90625,
            8.90625,
            7.52734375,
            8.52734375,
            9.52734375,
            9.52734375,
            9.52734375,
            8.80859375,
            9.80859375,
            8.9453125,
            9.046875,
            9.1171875,
            9.1796875,
            9.26953125,
            9.79296875,
            9.95703125,
            10.12109375,
            10.28515625,
            10.5234375,
            10.6875,
            10.8515625
        ]
    },
    "run_count": 9,
    "seed": 60
}