{
    "dataset": "5_campaign",
    "model": "RRCF",
    "auc": 0.6658477526483831,
    "total_runtime": 26.6671884059906,
    "total_memory_usage": 9.57421875,
    "Instances": 41188,
    "window_metric": {
        "window_size": 1000,
        "auc_scores": [
            0.6193935041979673,
            0.6462633075829202,
            0.6661876501981319,
            0.6639694053319427,
            0.6648454078375338,
            0.6613218339501892,
            0.6652058233296883,
            0.666026870522114,
            0.6643048186495221,
            0.6687466843501326,
            0.6690964356276895,
            0.6678151531295841,
            0.6687359981171275,
            0.6703473877233876,
            0.6693439381326678,
            0.6679611973438558,
            0.6664080320704628,
            0.6678620534888446,
            0.6676366393579132,
            0.6665000056326296,
            0.6643102531447878,
            0.6664853196040874,
            0.6642525718543963,
            0.6646606355067965,
            0.6670815969182475,
            0.6683715971321245,
            0.6676122504194741,
            0.6677995552157409,
            0.667307967573976,
            0.6674861712294214,
            0.6673620949506249,
            0.6654895748668866,
            0.6652102085382811,
            0.6645362441378749,
            0.664058445330111,
            0.6639023908745153,
            0.6644101811263647,
            0.6649684805907891,
            0.6640649093556885,
            0.6641246943690009,
            0.6654921388146715
        ],
        "runtimes": [
            0.5003085136413574,
            1.1631979942321777,
            1.7773263454437256,
            2.3511359691619873,
            3.02816104888916,
            3.7586023807525635,
            4.540345907211304,
            5.246780633926392,
            6.261557579040527,
            6.964676380157471,
            7.537051439285278,
            8.117730379104614,
            8.831781148910522,
            9.419100999832153,
            10.007428884506226,
            10.660318851470947,
            11.479624509811401,
            12.06760549545288,
            12.65071988105774,
            13.22988486289978,
            13.91940689086914,
            14.50672435760498,
            15.093159914016724,
            15.679030179977417,
            16.43781089782715,
            17.09103512763977,
            17.68113136291504,
            18.335395336151123,
            18.990151166915894,
            19.58948278427124,
            20.178131580352783,
            20.926681995391846,
            21.70761799812317,
            22.31252431869507,
            22.91952419281006,
            23.522053956985474,
            24.116554498672485,
            24.766851902008057,
            25.355130910873413,
            25.94644546508789,
            26.53629469871521
        ],
        "memory_usages": [
            5.0,
            5.0,
            5.0,
            6.0,
            6.0,
            6.0,
            6.0,
            6.0,
            6.0,
            6.0,
            6.0,
            7.0,
            7.0,
            7.0,
            7.0,
            7.0,
            7.0,
            7.0,
            7.0,
            7.0,
            7.0,
            8.0,
            8.0,
            6.83984375,
            7.83984375,
            7.1875,
            8.1875,
            7.34765625,
            7.91015625,
            7.9765625,
            8.078125,
            8.17578125,
            8.7421875,
            8.90625,
            9.1328125,
            8.7734375,
            9.453125,
            8.92578125,
            9.84765625,
            9.11328125,
            9.19140625
        ]
    },
    "run_count": 3,
    "seed": 88
}