{
    "dataset": "51_kddcup99_u2r",
    "model": "RRCF",
    "auc": 0.9163617851752316,
    "total_runtime": 8.9499032497406,
    "total_memory_usage": 9.0546875,
    "Instances": 60821,
    "window_metric": {
        "window_size": 1000,
        "auc_scores": [
            NaN,
            0.9884942471235617,
            0.991997332444148,
            0.9937484371092774,
            0.99499899979996,
            0.9949991665277547,
            0.8303082273355247,
            0.8732491245622811,
            0.6839061283505727,
            0.7313713713713714,
            0.7581962127416673,
            0.8055290696288527,
            0.8250974951830443,
            0.8272258545410567,
            0.8447716678986034,
            0.8503390641949423,
            0.8443565331354751,
            0.8346912647608444,
            0.8378931425625161,
            0.8439477898977974,
            0.8997253625436503,
            0.9116644841961099,
            0.910859729546525,
            0.9057088440723358,
            0.9166469817219909,
            0.91547659482821,
            0.9205776475640248,
            0.921282615333574,
            0.9213873440461908,
            0.9214178504989008,
            0.9216343747593747,
            0.9217567247904839,
            0.9221921714296044,
            0.9218933628454407,
            0.9213147525953265,
            0.918122817120391,
            0.9186365205680569,
            0.9190098088732722,
            0.9196869342057653,
            0.9207039821561864,
            0.9216322618039147,
            0.9218844817900352,
            0.9205582360936707,
            0.920745467183584,
            0.9214239452257587,
            0.9219149850826384,
            0.9218875230120553,
            0.92035564858422,
            0.9200936158137352,
            0.9202299704398395,
            0.920322783837174,
            0.9201910891823586,
            0.9200720131965759,
            0.919279126620626,
            0.9176010464012825,
            0.9166407000181904,
            0.9169698955872737,
            0.9168984459174663,
            0.9173298002032236,
            0.9174440358743341
        ],
        "runtimes": [
            0.06182575225830078,
            0.12940621376037598,
            0.1985628604888916,
            0.2953610420227051,
            0.4508640766143799,
            0.5319769382476807,
            0.644284725189209,
            0.8268759250640869,
            0.9116196632385254,
            0.9968414306640625,
            1.0823853015899658,
            1.1682240962982178,
            1.255044937133789,
            1.4113152027130127,
            1.5153074264526367,
            1.6863679885864258,
            1.9712965488433838,
            2.2028002738952637,
            2.3191328048706055,
            2.478003740310669,
            2.6682615280151367,
            2.7505412101745605,
            2.83949875831604,
            2.9288747310638428,
            3.0173959732055664,
            3.185476064682007,
            3.3830583095550537,
            3.590904474258423,
            3.8483333587646484,
            4.084296941757202,
            4.224669694900513,
            4.528871774673462,
            4.712599277496338,
            4.926815748214722,
            5.020490884780884,
            5.115048170089722,
            5.208388805389404,
            5.305451154708862,
            5.465168476104736,
            5.580841541290283,
            5.749079704284668,
            5.917783498764038,
            6.136605262756348,
            6.274330139160156,
            6.502134323120117,
            6.701319932937622,
            6.9295313358306885,
            7.096405982971191,
            7.228968381881714,
            7.371028184890747,
            7.5650951862335205,
            7.669315814971924,
            7.7731335163116455,
            8.001544713973999,
            8.213975191116333,
            8.376806497573853,
            8.534765720367432,
            8.64194107055664,
            8.75196361541748,
            8.858163356781006
        ],
        "memory_usages": [
            2.0,
            2.0,
            3.0,
            3.0,
            3.0,
            3.0,
            3.0,
            3.0,
            3.0,
            3.0,
            3.0,
            3.0,
            3.0,
            4.0,
            4.0,
            4.0,
            4.0,
            4.0,
            4.0,
            4.0,
            5.0,
            5.0,
            5.0,
            5.0,
            5.0,
            5.49609375,
            6.49609375,
            6.49609375,
            5.90234375,
            6.90234375,
            6.40234375,
            6.37890625,
            7.37890625,
            7.37890625,
            7.37890625,
            8.37890625,
            8.37890625,
            7.03515625,
            8.015625,
            7.1953125,
            6.9765625,
            6.84765625,
            5.859375,
            5.96484375,
            6.02734375,
            6.0859375,
            6.1484375,
            6.2109375,
            6.29296875,
            6.78515625,
            6.7890625,
            6.86328125,
            7.10546875,
            8.015625,
            8.44140625,
            8.6796875,
            8.8125,
            8.94921875,
            9.08203125,
            9.21484375
        ]
    },
    "run_count": 4,
    "seed": 94
}