{
    "dataset": "50_bank",
    "model": "RRCF",
    "auc": 0.6324758501337872,
    "total_runtime": 7.48645281791687,
    "total_memory_usage": 7.0546875,
    "Instances": 41188,
    "window_metric": {
        "window_size": 1000,
        "auc_scores": [
            0.4537797092118676,
            0.4903205408823386,
            0.510792992849552,
            0.5131637165579054,
            0.5181220924038495,
            0.5181470672070589,
            0.515217596337145,
            0.5141703225806452,
            0.5118445076510334,
            0.5164766680171624,
            0.5024067764705882,
            0.4954780409573155,
            0.4897707382566713,
            0.48568735464154145,
            0.4845438939451062,
            0.4850180092115576,
            0.48475452252507545,
            0.4871899531911704,
            0.4821418199643121,
            0.4918438389315114,
            0.49413167153796833,
            0.4935318506835512,
            0.4922254716883726,
            0.4910842925279022,
            0.5144141370768978,
            0.5124676975902168,
            0.50795350022592,
            0.5300399496398636,
            0.5361250014916589,
            0.534886411848652,
            0.5457572922714835,
            0.5446738897048109,
            0.5434252719308624,
            0.5403420126181129,
            0.5370754517271117,
            0.5344738254081085,
            0.5508190820334719,
            0.567393842436838,
            0.5825905120574143,
            0.6152853987998282,
            0.6315381367506112
        ],
        "runtimes": [
            0.09713983535766602,
            0.21169710159301758,
            0.3220398426055908,
            0.43367552757263184,
            0.5451462268829346,
            0.6547198295593262,
            0.7789814472198486,
            0.9379334449768066,
            1.115035057067871,
            1.3643882274627686,
            1.5275204181671143,
            1.8486607074737549,
            2.2649130821228027,
            2.409982681274414,
            2.746516227722168,
            2.9846861362457275,
            3.1922802925109863,
            3.404641628265381,
            3.5125603675842285,
            3.7644999027252197,
            3.9156265258789062,
            4.139340400695801,
            4.301307439804077,
            4.463710784912109,
            4.740106821060181,
            5.052312612533569,
            5.178413152694702,
            5.294560670852661,
            5.4082348346710205,
            5.5203187465667725,
            5.643326282501221,
            5.84562087059021,
            5.983680963516235,
            6.254438161849976,
            6.455610275268555,
            6.601459980010986,
            6.842242479324341,
            7.074048757553101,
            7.1937806606292725,
            7.314702272415161,
            7.442494630813599
        ],
        "memory_usages": [
            3.0,
            3.0,
            3.0,
            4.0,
            4.0,
            4.0,
            4.0,
            4.0,
            4.0,
            4.0,
            4.0,
            4.0,
            4.0,
            4.0,
            5.0,
            5.0,
            5.0,
            5.0,
            5.0,
            5.0,
            6.0,
            6.0,
            6.0,
            6.0,
            5.14453125,
            6.14453125,
            6.14453125,
            5.35546875,
            5.4140625,
            5.4765625,
            5.87109375,
            6.01171875,
            6.1640625,
            6.3125,
            6.53125,
            6.6796875,
            6.828125,
            6.98046875,
            7.19921875,
            7.34765625,
            7.5
        ]
    },
    "run_count": 1,
    "seed": 36
}