{
    "dataset": "51_kddcup99_u2r",
    "model": "RRCF",
    "auc": 0.9163617851752316,
    "total_runtime": 8.06048583984375,
    "total_memory_usage": 6.49609375,
    "Instances": 60821,
    "window_metric": {
        "window_size": 1000,
        "auc_scores": [
            NaN,
            0.9884942471235617,
            0.991997332444148,
            0.9937484371092774,
            0.99499899979996,
            0.9949991665277547,
            0.8303082273355247,
            0.8732491245622811,
            0.6839061283505727,
            0.7313713713713714,
            0.7581962127416673,
            0.8055290696288527,
            0.8250974951830443,
            0.8272258545410567,
            0.8447716678986034,
            0.8503390641949423,
            0.8443565331354751,
            0.8346912647608444,
            0.8378931425625161,
            0.8439477898977974,
            0.8997253625436503,
            0.9116644841961099,
            0.910859729546525,
            0.9057088440723358,
            0.9166469817219909,
            0.91547659482821,
            0.9205776475640248,
            0.921282615333574,
            0.9213873440461908,
            0.9214178504989008,
            0.9216343747593747,
            0.9217567247904839,
            0.9221921714296044,
            0.9218933628454407,
            0.9213147525953265,
            0.918122817120391,
            0.9186365205680569,
            0.9190098088732722,
            0.9196869342057653,
            0.9207039821561864,
            0.9216322618039147,
            0.9218844817900352,
            0.9205582360936707,
            0.920745467183584,
            0.9214239452257587,
            0.9219149850826384,
            0.9218875230120553,
            0.92035564858422,
            0.9200936158137352,
            0.9202299704398395,
            0.920322783837174,
            0.9201910891823586,
            0.9200720131965759,
            0.919279126620626,
            0.9176010464012825,
            0.9166407000181904,
            0.9169698955872737,
            0.9168984459174663,
            0.9173298002032236,
            0.9174440358743341
        ],
        "runtimes": [
            0.07208967208862305,
            0.15122675895690918,
            0.23078417778015137,
            0.33200526237487793,
            0.4584333896636963,
            0.5436148643493652,
            0.6289680004119873,
            0.7146022319793701,
            0.8290038108825684,
            0.9276533126831055,
            1.1154687404632568,
            1.2377426624298096,
            1.323183298110962,
            1.462289571762085,
            1.61887788772583,
            1.717287302017212,
            1.946183443069458,
            2.0357935428619385,
            2.2522077560424805,
            2.5077457427978516,
            2.6294772624969482,
            2.7126054763793945,
            2.7951607704162598,
            3.0004119873046875,
            3.1145565509796143,
            3.3164193630218506,
            3.496029853820801,
            3.6432838439941406,
            3.8067615032196045,
            4.0062456130981445,
            4.102207660675049,
            4.329407215118408,
            4.449880838394165,
            4.710800886154175,
            4.834486484527588,
            4.965063810348511,
            5.056821584701538,
            5.141237020492554,
            5.2264487743377686,
            5.315981388092041,
            5.415412425994873,
            5.620163917541504,
            5.778230667114258,
            5.877655982971191,
            5.983654260635376,
            6.169937610626221,
            6.2845234870910645,
            6.498179197311401,
            6.589494228363037,
            6.776676416397095,
            6.876877784729004,
            6.976496934890747,
            7.098102569580078,
            7.298441648483276,
            7.431802034378052,
            7.5644001960754395,
            7.66634464263916,
            7.770862102508545,
            7.871856689453125,
            7.97161340713501
        ],
        "memory_usages": [
            3.0,
            3.0,
            3.0,
            3.0,
            3.0,
            3.0,
            3.0,
            3.0,
            3.0,
            3.0,
            3.0,
            3.0,
            3.0,
            3.0,
            3.0,
            4.0,
            4.0,
            4.0,
            4.0,
            4.0,
            4.0,
            4.0,
            4.0,
            4.0,
            4.0,
            2.5078125,
            3.5078125,
            3.5078125,
            2.90234375,
            3.90234375,
            3.1015625,
            4.1015625,
            3.23828125,
            3.375,
            3.91015625,
            3.7421875,
            4.17578125,
            3.8828125,
            4.37109375,
            4.05078125,
            4.9140625,
            4.17578125,
            5.16015625,
            4.33984375,
            4.40234375,
            4.4609375,
            4.5234375,
            4.578125,
            4.63671875,
            4.74609375,
            4.80859375,
            5.26953125,
            5.3359375,
            5.40625,
            5.4765625,
            5.671875,
            5.80078125,
            5.9375,
            5.84765625,
            5.9765625
        ]
    },
    "run_count": 1,
    "seed": 81
}