{
    "dataset": "5_campaign",
    "model": "RRCF",
    "auc": 0.6658477526483831,
    "total_runtime": 25.820809602737427,
    "total_memory_usage": 9.62109375,
    "Instances": 41188,
    "window_metric": {
        "window_size": 1000,
        "auc_scores": [
            0.6193935041979673,
            0.6462633075829202,
            0.6661876501981319,
            0.6639694053319427,
            0.6648454078375338,
            0.6613218339501892,
            0.6652058233296883,
            0.666026870522114,
            0.6643048186495221,
            0.6687466843501326,
            0.6690964356276895,
            0.6678151531295841,
            0.6687359981171275,
            0.6703473877233876,
            0.6693439381326678,
            0.6679611973438558,
            0.6664080320704628,
            0.6678620534888446,
            0.6676366393579132,
            0.6665000056326296,
            0.6643102531447878,
            0.6664853196040874,
            0.6642525718543963,
            0.6646606355067965,
            0.6670815969182475,
            0.6683715971321245,
            0.6676122504194741,
            0.6677995552157409,
            0.667307967573976,
            0.6674861712294214,
            0.6673620949506249,
            0.6654895748668866,
            0.6652102085382811,
            0.6645362441378749,
            0.664058445330111,
            0.6639023908745153,
            0.6644101811263647,
            0.6649684805907891,
            0.6640649093556885,
            0.6641246943690009,
            0.6654921388146715
        ],
        "runtimes": [
            0.5128941535949707,
            1.0991675853729248,
            1.7521083354949951,
            2.395598888397217,
            3.1077492237091064,
            3.813687562942505,
            4.397139310836792,
            4.986400365829468,
            5.573895215988159,
            6.2208356857299805,
            6.868643045425415,
            7.472508430480957,
            8.164658784866333,
            8.754245042800903,
            9.345816612243652,
            9.937736749649048,
            10.535653591156006,
            11.133857727050781,
            11.716081380844116,
            12.306437015533447,
            12.897058010101318,
            13.492809057235718,
            14.089375019073486,
            14.692296504974365,
            15.29111385345459,
            15.883938074111938,
            16.47629690170288,
            17.075867414474487,
            17.68326997756958,
            18.289392232894897,
            18.903363943099976,
            19.506750106811523,
            20.10895586013794,
            20.766005277633667,
            21.36997103691101,
            22.043875455856323,
            22.821136951446533,
            23.462064027786255,
            24.13902235031128,
            25.01292634010315,
            25.670894384384155
        ],
        "memory_usages": [
            5.0,
            5.0,
            5.0,
            5.0,
            6.0,
            6.0,
            6.0,
            6.0,
            6.0,
            6.0,
            7.0,
            7.0,
            7.0,
            7.0,
            7.0,
            7.0,
            8.0,
            8.0,
            8.0,
            8.0,
            8.0,
            8.0,
            9.0,
            7.85546875,
            8.85546875,
            8.19921875,
            9.19921875,
            9.19921875,
            8.4453125,
            8.51171875,
            8.609375,
            8.6796875,
            8.74609375,
            8.81640625,
            8.921875,
            8.98828125,
            9.50390625,
            9.66796875,
            9.90234375,
            10.05859375,
            10.22265625
        ]
    },
    "run_count": 5,
    "seed": 6
}