{
    "dataset": "49_kddcup99_prob",
    "model": "RRCF",
    "auc": 0.5620453465282979,
    "total_runtime": 8.517212867736816,
    "total_memory_usage": 13.56640625,
    "Instances": 64759,
    "window_metric": {
        "window_size": 1000,
        "auc_scores": [
            0.6784599375650364,
            0.33441617417330843,
            0.3254780339994464,
            0.35916955046510085,
            0.4181578100579882,
            0.430417388277086,
            0.429523378068447,
            0.44201608967671613,
            0.451518898602036,
            0.4647541778082876,
            0.468499230868607,
            0.33820836112460995,
            0.36042587896117856,
            0.4465936309948372,
            0.5191629676964344,
            0.5211205932713827,
            0.5256030397916205,
            0.5330307150291319,
            0.53998527496063,
            0.5360601216992221,
            0.5433287010152495,
            0.541910279664869,
            0.5476751315523662,
            0.5529628419645116,
            0.5573761725474387,
            0.5617303373526732,
            0.5769657112303895,
            0.5744013450743957,
            0.5769700774666855,
            0.5762481308568556,
            0.5764448291513511,
            0.5764696030559723,
            0.5745536607261761,
            0.5743612032215097,
            0.5746105487782158,
            0.573860289257098,
            0.5732068151433782,
            0.5711517488467178,
            0.5683200266475785,
            0.5741894849239533,
            0.5734983954871038,
            0.5733325114979944,
            0.5739138984916928,
            0.5755916036144004,
            0.5759394327971629,
            0.5741020003898314,
            0.573815299477116,
            0.5732396288616323,
            0.5742465680333604,
            0.57458470641122,
            0.5728557888208341,
            0.5700100991002653,
            0.5689719463750917,
            0.5692674666095539,
            0.5695338178044009,
            0.5692545224291573,
            0.5691805215872191,
            0.5677494682003201,
            0.5656958160685074,
            0.5640297009974582,
            0.5636766512968993,
            0.5631585979578912,
            0.5633671812754343,
            0.5623805073377037
        ],
        "runtimes": [
            0.1325547695159912,
            0.3161497116088867,
            0.39628100395202637,
            0.4768044948577881,
            0.5569729804992676,
            0.6382656097412109,
            0.721367359161377,
            0.8461968898773193,
            0.9782583713531494,
            1.0625042915344238,
            1.1381280422210693,
            1.2122938632965088,
            1.289487600326538,
            1.4608526229858398,
            1.57468581199646,
            1.6848795413970947,
            1.7639472484588623,
            1.8802237510681152,
            2.062016487121582,
            2.1978087425231934,
            2.2927305698394775,
            2.377500534057617,
            2.5740981101989746,
            2.713172435760498,
            2.799711227416992,
            2.941124677658081,
            3.1089489459991455,
            3.1891915798187256,
            3.3011634349823,
            3.4883475303649902,
            3.7353432178497314,
            3.819425344467163,
            4.073140859603882,
            4.336782932281494,
            4.514096021652222,
            4.6061928272247314,
            4.697960376739502,
            4.791368007659912,
            4.885800361633301,
            4.972570896148682,
            5.063958406448364,
            5.237277269363403,
            5.4870030879974365,
            5.665043354034424,
            5.762497186660767,
            5.928332328796387,
            6.133911371231079,
            6.332225561141968,
            6.422457933425903,
            6.5908732414245605,
            6.712341547012329,
            6.898993730545044,
            7.006266117095947,
            7.109463214874268,
            7.213768482208252,
            7.312453508377075,
            7.45281982421875,
            7.64193868637085,
            7.7495386600494385,
            7.9824769496917725,
            8.099417448043823,
            8.213651418685913,
            8.322225332260132,
            8.4286208152771
        ],
        "memory_usages": [
            3.0,
            3.0,
            3.0,
            4.0,
            4.0,
            4.0,
            4.0,
            4.0,
            4.0,
            4.0,
            4.0,
            4.0,
            4.0,
            4.0,
            5.0,
            5.0,
            5.0,
            5.0,
            5.0,
            5.0,
            5.0,
            6.0,
            6.0,
            6.0,
            6.0,
            6.0,
            6.0,
            7.0,
            7.0,
            7.0,
            7.0,
            5.88671875,
            6.19921875,
            7.19921875,
            8.19921875,
            7.55859375,
            7.4140625,
            7.828125,
            7.58984375,
            8.171875,
            7.73046875,
            8.4375,
            9.3359375,
            9.390625,
            9.4609375,
            9.52734375,
            9.59765625,
            9.66796875,
            9.734375,
            9.8515625,
            9.921875,
            9.99609375,
            10.0625,
            10.1328125,
            10.203125,
            10.3203125,
            10.390625,
            10.55859375,
            10.69140625,
            10.95703125,
            12.125,
            12.21875,
            12.48828125,
            12.56640625
        ]
    },
    "run_count": 4,
    "seed": 86
}