{
    "dataset": "48_chess",
    "model": "RRCF",
    "auc": 0.9436773817593683,
    "total_runtime": 2.2419209480285645,
    "total_memory_usage": 5.078125,
    "Instances": 28056,
    "window_metric": {
        "window_size": 1000,
        "auc_scores": [
            1.0,
            0.9529293940911366,
            0.9533978422867313,
            0.9526311400216829,
            0.9574659727782225,
            0.9565543695797198,
            0.9565975696926375,
            0.962972229171879,
            0.9611778222518715,
            0.9586138868636617,
            0.9580642226871646,
            0.9435873915943962,
            0.9436768780788177,
            0.9421753455637221,
            0.9336039952574282,
            0.9343168247277837,
            0.9352365813863517,
            0.939086275600037,
            0.9368970998819377,
            0.9430255255255255,
            0.9433436606291706,
            0.9461217309163076,
            0.9466287911757492,
            0.9466973513599588,
            0.9404861167926666,
            0.9430637151106833,
            0.9435282408701258,
            0.9437393995003118
        ],
        "runtimes": [
            0.06304311752319336,
            0.13545584678649902,
            0.20414352416992188,
            0.2716708183288574,
            0.34296321868896484,
            0.4117004871368408,
            0.48067259788513184,
            0.5498464107513428,
            0.6174767017364502,
            0.6871473789215088,
            0.7613704204559326,
            0.8362863063812256,
            0.9060888290405273,
            0.9761316776275635,
            1.0482184886932373,
            1.1246168613433838,
            1.2021031379699707,
            1.280275821685791,
            1.3668928146362305,
            1.4593455791473389,
            1.5521814823150635,
            1.6440863609313965,
            1.7366716861724854,
            1.8287501335144043,
            1.9245142936706543,
            2.025010347366333,
            2.1216351985931396,
            2.221728563308716
        ],
        "memory_usages": [
            3.0,
            3.0,
            3.0,
            3.0,
            3.0,
            3.0,
            3.0,
            3.0,
            4.0,
            4.0,
            4.0,
            4.0,
            4.0,
            4.0,
            5.0,
            5.0,
            5.0,
            5.0,
            5.0,
            5.0,
            6.0,
            6.0,
            6.0,
            4.7734375,
            5.7734375,
            5.12109375,
            6.12109375,
            5.33984375
        ]
    },
    "run_count": 5,
    "seed": 91
}