{
    "dataset": "32_shuttle",
    "model": "RRCF",
    "auc": 0.9807657172574544,
    "total_runtime": 6.061702013015747,
    "total_memory_usage": 6.55859375,
    "Instances": 49097,
    "window_metric": {
        "window_size": 1000,
        "auc_scores": [
            0.9671800050492301,
            0.977363625118542,
            0.9813261914690083,
            0.9816070255440849,
            0.9840064190033877,
            0.9857839303681529,
            0.9865887904071619,
            0.9855774913233929,
            0.985655198321876,
            0.980679582934123,
            0.9821488867939626,
            0.981975011235955,
            0.982104214927642,
            0.9828215972632887,
            0.9823428016464625,
            0.9827133842347886,
            0.9833786024234485,
            0.9840071738578058,
            0.9845224592953609,
            0.9826683688767344,
            0.9834367328034865,
            0.9838741801906793,
            0.9844522681078856,
            0.9846231827583526,
            0.9844423382111557,
            0.9848730039525893,
            0.9851065815670159,
            0.9835304059213484,
            0.9836072681663726,
            0.9837760570850872,
            0.9841611358739457,
            0.9845150343692387,
            0.9847898603651988,
            0.9850623674971407,
            0.9854486402415874,
            0.9857856711228427,
            0.9860224333698774,
            0.9855139285379346,
            0.9856463158633295,
            0.9858752698732915,
            0.9859981353994342,
            0.9862590976077527,
            0.9863869255723202,
            0.9862626013575911,
            0.9863949036219267,
            0.9816479216687275,
            0.9804210356181686,
            0.9806457084778256,
            0.9807413447155372
        ],
        "runtimes": [
            0.09192848205566406,
            0.19438481330871582,
            0.29756903648376465,
            0.40042829513549805,
            0.5054035186767578,
            0.6129188537597656,
            0.716968297958374,
            0.8220827579498291,
            0.9284090995788574,
            1.0370330810546875,
            1.1431608200073242,
            1.2501637935638428,
            1.357398271560669,
            1.4689977169036865,
            1.57936692237854,
            1.690096378326416,
            1.7990491390228271,
            1.9093143939971924,
            2.0203826427459717,
            2.133796215057373,
            2.2460591793060303,
            2.4265549182891846,
            2.5425596237182617,
            2.7110321521759033,
            2.8321781158447266,
            2.9466633796691895,
            3.062901020050049,
            3.2154057025909424,
            3.3609225749969482,
            3.482027053833008,
            3.6552770137786865,
            3.7745742797851562,
            3.894768238067627,
            4.013650894165039,
            4.133402109146118,
            4.254063367843628,
            4.376692771911621,
            4.567288160324097,
            4.690753936767578,
            4.815849781036377,
            4.9404137134552,
            5.068020343780518,
            5.19633412361145,
            5.322659492492676,
            5.447434663772583,
            5.573254823684692,
            5.701426029205322,
            5.880169630050659,
            6.023372411727905
        ],
        "memory_usages": [
            2.0,
            2.0,
            2.0,
            2.0,
            2.0,
            3.0,
            3.0,
            3.0,
            3.0,
            3.0,
            3.0,
            4.0,
            4.0,
            4.0,
            4.0,
            4.0,
            5.0,
            5.0,
            5.0,
            5.0,
            5.0,
            5.0,
            4.39453125,
            5.39453125,
            4.80859375,
            5.80859375,
            5.80859375,
            5.7421875,
            5.25390625,
            6.06640625,
            5.4375,
            5.51171875,
            5.58984375,
            5.66796875,
            5.77734375,
            5.8515625,
            5.9296875,
            6.0078125,
            6.1171875,
            6.1953125,
            6.2734375,
            6.3515625,
            6.42578125,
            6.54296875,
            6.64453125,
            6.8046875,
            6.96484375,
            7.12890625,
            7.2890625
        ]
    },
    "run_count": 9,
    "seed": 43
}