{
    "dataset": "3_backdoor",
    "model": "RRCF",
    "auc": 0.6540862523488322,
    "total_runtime": 263.66882967948914,
    "total_memory_usage": 25.234375,
    "Instances": 95329,
    "window_metric": {
        "window_size": 1000,
        "auc_scores": [
            0.8836026524174339,
            0.9051977531145724,
            0.9065484546919411,
            0.9123859110842514,
            0.9107786924101089,
            0.9064022853301967,
            0.9104401363480221,
            0.9111342688251254,
            0.9087982416740575,
            0.9123275478415667,
            0.9138593251198753,
            0.9147983517731417,
            0.9154442411664689,
            0.9169908089391587,
            0.9180479361833689,
            0.9184773777857955,
            0.9189271838757329,
            0.9114607906557419,
            0.908732402253287,
            0.9021787051746166,
            0.38071119639376216,
            0.3703526262100345,
            0.37744051603816053,
            0.3842384522071348,
            0.3883371896432701,
            0.4004849201089127,
            0.41455710565296233,
            0.4133799496262257,
            0.41747918511561855,
            0.4198077785035911,
            0.4189641061853163,
            0.42768298357659007,
            0.432545266282631,
            0.4315968120703141,
            0.439443469811854,
            0.43671316954853645,
            0.43772598617189656,
            0.4390893582598897,
            0.44558492387701254,
            0.4489435668957386,
            0.4510724411560086,
            0.4508196371664157,
            0.4493068513461726,
            0.4458803139730227,
            0.44186808081262907,
            0.4389760659285702,
            0.4369244115661031,
            0.4350066457192275,
            0.43272671439879196,
            0.4300264237093707,
            0.4258939450131699,
            0.42318665019621793,
            0.4214657618803112,
            0.41860543750550505,
            0.41554754528676036,
            0.4131721907232521,
            0.4106597676192817,
            0.4070146926381405,
            0.4051169519340616,
            0.4029458508374872,
            0.4011752397452911,
            0.3991907973474137,
            0.39782436564608575,
            0.3963047985006861,
            0.39430310830395365,
            0.3927694793273846,
            0.39114931387170165,
            0.38974920460610346,
            0.3884673673157226,
            0.38698596601328816,
            0.3857822127049032,
            0.3841561955678329,
            0.3827936831734804,
            0.3803421284524962,
            0.3778407297379048,
            0.3761436100814065,
            0.3740260484188599,
            0.3727488949544171,
            0.3730458820987179,
            0.37654315774750513,
            0.37803250727111515,
            0.38160556275613144,
            0.38187486965159456,
            0.38231552399606916,
            0.3844944492759551,
            0.49470177708327806,
            0.5408108647228262,
            0.5531558378961855,
            0.574268975086513,
            0.5920794362973467,
            0.6262192610061056,
            0.6405638931488402,
            0.6509456059534169,
            0.6588158054048561,
            0.6724601774193549
        ],
        "runtimes": [
            2.381154775619507,
            5.089118480682373,
            7.778735399246216,
            10.453712224960327,
            13.087510108947754,
            15.672889709472656,
            18.255390405654907,
            20.983670234680176,
            23.745603322982788,
            26.351158618927002,
            28.945127248764038,
            31.863674640655518,
            34.44248151779175,
            37.02451968193054,
            39.65754699707031,
            42.273449182510376,
            45.00822329521179,
            47.81091094017029,
            50.54103708267212,
            53.26999068260193,
            55.95282602310181,
            58.62717866897583,
            61.41189622879028,
            64.07263040542603,
            66.74684572219849,
            69.48605465888977,
            72.15203022956848,
            74.88748908042908,
            77.56729292869568,
            80.38009595870972,
            83.26214003562927,
            86.02155232429504,
            88.7883415222168,
            91.61721611022949,
            94.33665895462036,
            97.05744981765747,
            99.76972579956055,
            102.49100995063782,
            105.41252064704895,
            108.09516835212708,
            110.83843803405762,
            113.67857098579407,
            116.50321507453918,
            119.45748138427734,
            122.11306643486023,
            124.80672979354858,
            127.50052428245544,
            130.35667824745178,
            133.1584005355835,
            136.0844690799713,
            138.84309554100037,
            141.75081944465637,
            144.61195611953735,
            147.70035457611084,
            150.5564272403717,
            153.54157710075378,
            156.78922963142395,
            159.60257744789124,
            162.49300479888916,
            165.3761866092682,
            168.25911808013916,
            171.13509798049927,
            173.9950590133667,
            176.83861589431763,
            179.68402934074402,
            182.52559733390808,
            185.37565565109253,
            188.23308324813843,
            191.07825136184692,
            193.89674067497253,
            196.7084093093872,
            199.52034902572632,
            202.32138442993164,
            205.13448905944824,
            207.93097043037415,
            210.7209677696228,
            213.50184750556946,
            216.2883050441742,
            219.06900691986084,
            221.84497046470642,
            224.6316955089569,
            227.41189527511597,
            230.19487643241882,
            232.9632716178894,
            235.74089002609253,
            238.52090716362,
            241.25205397605896,
            243.98545670509338,
            246.69899368286133,
            249.39609813690186,
            252.05723071098328,
            254.72948479652405,
            257.40757632255554,
            260.07403898239136,
            262.74787187576294
        ],