{
    "dataset": "34_smtp",
    "model": "RRCF",
    "auc": 0.8099026554254358,
    "total_runtime": 8.993181705474854,
    "total_memory_usage": 12.83203125,
    "Instances": 95156,
    "window_metric": {
        "window_size": 1000,
        "auc_scores": [
            NaN,
            NaN,
            NaN,
            NaN,
            NaN,
            NaN,
            NaN,
            NaN,
            NaN,
            NaN,
            NaN,
            NaN,
            NaN,
            NaN,
            1.0,
            1.0,
            1.0,
            1.0,
            1.0,
            1.0,
            1.0,
            1.0,
            1.0,
            1.0,
            0.9998513453248105,
            0.9998570658926236,
            0.9998623624948386,
            0.999867280579065,
            0.9998718593212487,
            0.9998761326714372,
            0.9998801301970475,
            0.9998838777679521,
            0.99988739811695,
            0.9998907113012921,
            0.9998938350850545,
            0.9998967852577589,
            0.9998995759013063,
            0.9999022196147453,
            0.9999047277044507,
            0.9999071103457638,
            0.9999093767209709,
            0.9999115351375628,
            0.9999135931299892,
            0.9999155575475314,
            0.9999174346304565,
            0.9999192300762344,
            0.9999179086779648,
            0.9999166423540199,
            0.9999183440166579,
            0.9997474191741357,
            0.9997474697944453,
            0.9997487207602339,
            0.9997534633096784,
            0.9997522414048607,
            0.9997567474174305,
            0.8423038856632424,
            0.8427633172444055,
            0.8431606727037516,
            0.8435771089444679,
            0.8443231346394331,
            0.8446117261172612,
            0.7977249351718879,
            0.7978392856197629,
            0.7977995346416398,
            0.7972200418293409,
            0.7972616182489918,
            0.7970542026056935,
            0.8103882030825519,
            0.8115594810212587,
            0.8121226577118894,
            0.8123002158725346,
            0.8131517531726141,
            0.8132848240609518,
            0.8125845217067826,
            0.8125164718863708,
            0.8126240548230972,
            0.8127826019562227,
            0.8129379667683697,
            0.8121187218878689,
            0.8117964313787885,
            0.8119207430161246,
            0.8111182297860599,
            0.8105590694546786,
            0.8107753949536767,
            0.8102423585491033,
            0.8093591303242191,
            0.8094382630119671,
            0.8097115859889565,
            0.8122685549436139,
            0.8117546589603941,
            0.8118548239346306,
            0.8114395998695226,
            0.8108855903337996,
            0.8101408250860203,
            0.8099371731423958
        ],
        "runtimes": [
            0.05662059783935547,
            0.11754393577575684,
            0.1793510913848877,
            0.24081778526306152,
            0.302386999130249,
            0.3652915954589844,
            0.4277961254119873,
            0.4906313419342041,
            0.5531883239746094,
            0.6170248985290527,
            0.6806421279907227,
            0.7443609237670898,
            0.8088226318359375,
            0.8733305931091309,
            0.9422099590301514,
            1.011627197265625,
            1.0808320045471191,
            1.1501617431640625,
            1.2207722663879395,
            1.2934796810150146,
            1.3646626472473145,
            1.4357471466064453,
            1.5086371898651123,
            1.58211088180542,
            1.65614652633667,
            1.7293014526367188,
            1.8052005767822266,
            1.8807899951934814,
            1.9564802646636963,
            2.033473014831543,
            2.1112101078033447,
            2.18857741355896,
            2.2671096324920654,
            2.346466541290283,
            2.42533016204834,
            2.506948709487915,
            2.5886781215667725,
            2.6695845127105713,
            2.751575469970703,
            2.833739995956421,
            2.916168451309204,
            2.9997034072875977,
            3.081664562225342,
            3.1655848026275635,
            3.2501866817474365,
            3.334470510482788,
            3.420476198196411,
            3.520805835723877,
            3.724184513092041,
            3.828444480895996,
            4.015212535858154,
            4.103021144866943,
            4.24261999130249,
            4.345131158828735,
            4.439201354980469,
            4.5808000564575195,
            4.670981407165527,
            4.7621989250183105,
            4.854730129241943,
            4.946764707565308,
            5.039593935012817,
            5.135458469390869,
            5.233461141586304,
            5.328834056854248,
            5.425060987472534,
            5.5185627937316895,
            5.611073970794678,
            5.709473133087158,
            5.833754301071167,
            5.96149468421936,
            6.126851558685303,
            6.224942445755005,
            6.347484111785889,
            6.484496355056763,
            6.587231874465942,
            6.711023569107056,
            6.858339548110962,
            6.960847854614258,
            7.117699146270752,
            7.22892165184021,
            7.335711479187012,
            7.441112041473389,
            7.548141002655029,
            7.6537017822265625,
            7.759313344955444,
            7.866736650466919,
            7.975596189498901,
            8.083486080169678,
            8.19224739074707,
            8.30286192893982,
            8.415406942367554,
            8.527024984359741,
            8.638869047164917,
            8.789078712463379,
            8.929279327392578
        ],