{
    "dataset": "5_campaign",
    "model": "RRCF",
    "auc": 0.6658477526483831,
    "total_runtime": 27.042462587356567,
    "total_memory_usage": 11.7421875,
    "Instances": 41188,
    "window_metric": {
        "window_size": 1000,
        "auc_scores": [
            0.6193935041979673,
            0.6462633075829202,
            0.6661876501981319,
            0.6639694053319427,
            0.6648454078375338,
            0.6613218339501892,
            0.6652058233296883,
            0.666026870522114,
            0.6643048186495221,
            0.6687466843501326,
            0.6690964356276895,
            0.6678151531295841,
            0.6687359981171275,
            0.6703473877233876,
            0.6693439381326678,
            0.6679611973438558,
            0.6664080320704628,
            0.6678620534888446,
            0.6676366393579132,
            0.6665000056326296,
            0.6643102531447878,
            0.6664853196040874,
            0.6642525718543963,
            0.6646606355067965,
            0.6670815969182475,
            0.6683715971321245,
            0.6676122504194741,
            0.6677995552157409,
            0.667307967573976,
            0.6674861712294214,
            0.6673620949506249,
            0.6654895748668866,
            0.6652102085382811,
            0.6645362441378749,
            0.664058445330111,
            0.6639023908745153,
            0.6644101811263647,
            0.6649684805907891,
            0.6640649093556885,
            0.6641246943690009,
            0.6654921388146715
        ],
        "runtimes": [
            0.47399258613586426,
            1.58640718460083,
            2.3603224754333496,
            3.001971483230591,
            3.5535542964935303,
            4.212191820144653,
            4.907867908477783,
            5.611018419265747,
            6.209133148193359,
            6.767398834228516,
            7.38936448097229,
            8.131884574890137,
            8.695349931716919,
            9.261091947555542,
            9.93702244758606,
            10.759408235549927,
            11.401610374450684,
            12.020797967910767,
            12.607506513595581,
            13.281303644180298,
            13.854581117630005,
            14.424465656280518,
            15.205179691314697,
            15.839385986328125,
            16.60595440864563,
            17.317649602890015,
            18.087362051010132,
            18.852179765701294,
            19.43254852294922,
            20.012568950653076,
            20.659735679626465,
            21.24195384979248,
            21.82232093811035,
            22.478345155715942,
            23.25413751602173,
            23.838083505630493,
            24.42086172103882,
            25.000833988189697,
            25.732489347457886,
            26.319602251052856,
            26.909399032592773
        ],
        "memory_usages": [
            5.0,
            6.0,
            6.0,
            6.0,
            7.0,
            7.0,
            7.0,
            7.0,
            7.0,
            7.0,
            8.0,
            8.0,
            8.0,
            8.0,
            8.0,
            8.0,
            9.0,
            9.0,
            9.0,
            9.0,
            9.0,
            9.0,
            9.0,
            7.6953125,
            8.6953125,
            9.66015625,
            10.66015625,
            11.66015625,
            11.10546875,
            10.87109375,
            11.5703125,
            11.0390625,
            11.8671875,
            11.17578125,
            11.28125,
            11.3515625,
            11.69921875,
            11.77734375,
            11.890625,
            11.96484375,
            12.04296875
        ]
    },
    "run_count": 2,
    "seed": 75
}